{
    "_runs_": {
        "run_1449082444_377f6128-eb97-49a3-8ed2-dfd67fca33ff": {
            "downloading": {
                "gnos-download_time": 1427, 
                "start": 1449121482, 
                "stop": 1449122909, 
                "time": 1427
            }, 
            "uploading": {
                "copy_meta_time": 2, 
                "start": 1449122923, 
                "stop": 1449123162, 
                "time": 239, 
                "upload_time": 237
            }
        }, 
        "run_1449256221_15605ad1-8eea-4587-8164-de277ca95282": {
            "downloading": {
                "3d400522-c623-11e3-bf01-24c6515278c0.dkfz-copyNumberEstimation_1-0-189-hpc-fix.1508271645.somatic.cnv.tar.gz-download_time": 396, 
                "3d400522-c623-11e3-bf01-24c6515278c0.dkfz-copyNumberEstimation_1-0-189-hpc-fix.1508271645.somatic.cnv.tar.gz-md5sum_time": 20, 
                "3d400522-c623-11e3-bf01-24c6515278c0.dkfz-copyNumberEstimation_1-0-189-hpc-fix.1508271645.somatic.cnv.vcf.gz-download_time": 15, 
                "3d400522-c623-11e3-bf01-24c6515278c0.dkfz-copyNumberEstimation_1-0-189-hpc-fix.1508271645.somatic.cnv.vcf.gz-md5sum_time": 0, 
                "3d400522-c623-11e3-bf01-24c6515278c0.dkfz-copyNumberEstimation_1-0-189-hpc-fix.1508271645.somatic.cnv.vcf.gz.tbi-download_time": 14, 
                "3d400522-c623-11e3-bf01-24c6515278c0.dkfz-copyNumberEstimation_1-0-189-hpc-fix.1508271645.somatic.cnv.vcf.gz.tbi-md5sum_time": 0, 
                "3d400522-c623-11e3-bf01-24c6515278c0.dkfz-indelCalling_1-0-132-1.20150630.germline.indel.vcf.gz-download_time": 18, 
                "3d400522-c623-11e3-bf01-24c6515278c0.dkfz-indelCalling_1-0-132-1.20150630.germline.indel.vcf.gz-md5sum_time": 1, 
                "3d400522-c623-11e3-bf01-24c6515278c0.dkfz-indelCalling_1-0-132-1.20150630.germline.indel.vcf.gz.tbi-download_time": 15, 
                "3d400522-c623-11e3-bf01-24c6515278c0.dkfz-indelCalling_1-0-132-1.20150630.germline.indel.vcf.gz.tbi-md5sum_time": 0, 
                "3d400522-c623-11e3-bf01-24c6515278c0.dkfz-indelCalling_1-0-132-1.20150630.somatic.indel.tar.gz-download_time": 54, 
                "3d400522-c623-11e3-bf01-24c6515278c0.dkfz-indelCalling_1-0-132-1.20150630.somatic.indel.tar.gz-md5sum_time": 3, 
                "3d400522-c623-11e3-bf01-24c6515278c0.dkfz-indelCalling_1-0-132-1.20150630.somatic.indel.vcf.gz-download_time": 15, 
                "3d400522-c623-11e3-bf01-24c6515278c0.dkfz-indelCalling_1-0-132-1.20150630.somatic.indel.vcf.gz-md5sum_time": 0, 
                "3d400522-c623-11e3-bf01-24c6515278c0.dkfz-indelCalling_1-0-132-1.20150630.somatic.indel.vcf.gz.tbi-download_time": 14, 
                "3d400522-c623-11e3-bf01-24c6515278c0.dkfz-indelCalling_1-0-132-1.20150630.somatic.indel.vcf.gz.tbi-md5sum_time": 0, 
                "3d400522-c623-11e3-bf01-24c6515278c0.dkfz-snvCalling_1-0-132-1.20150630.germline.snv_mnv.vcf.gz-download_time": 21, 
                "3d400522-c623-11e3-bf01-24c6515278c0.dkfz-snvCalling_1-0-132-1.20150630.germline.snv_mnv.vcf.gz-md5sum_time": 0, 
                "3d400522-c623-11e3-bf01-24c6515278c0.dkfz-snvCalling_1-0-132-1.20150630.germline.snv_mnv.vcf.gz.tbi-download_time": 13, 
                "3d400522-c623-11e3-bf01-24c6515278c0.dkfz-snvCalling_1-0-132-1.20150630.germline.snv_mnv.vcf.gz.tbi-md5sum_time": 0, 
                "3d400522-c623-11e3-bf01-24c6515278c0.dkfz-snvCalling_1-0-132-1.20150630.somatic.snv_mnv.tar.gz-download_time": 73, 
                "3d400522-c623-11e3-bf01-24c6515278c0.dkfz-snvCalling_1-0-132-1.20150630.somatic.snv_mnv.tar.gz-md5sum_time": 4, 
                "3d400522-c623-11e3-bf01-24c6515278c0.dkfz-snvCalling_1-0-132-1.20150630.somatic.snv_mnv.vcf.gz-download_time": 14, 
                "3d400522-c623-11e3-bf01-24c6515278c0.dkfz-snvCalling_1-0-132-1.20150630.somatic.snv_mnv.vcf.gz-md5sum_time": 0, 
                "3d400522-c623-11e3-bf01-24c6515278c0.dkfz-snvCalling_1-0-132-1.20150630.somatic.snv_mnv.vcf.gz.tbi-download_time": 14, 
                "3d400522-c623-11e3-bf01-24c6515278c0.dkfz-snvCalling_1-0-132-1.20150630.somatic.snv_mnv.vcf.gz.tbi-md5sum_time": 0, 
                "3d400522-c623-11e3-bf01-24c6515278c0.embl-delly_1-0-0-preFilter.20150630.germline.sv.bedpe.txt.tar.gz-download_time": 13, 
                "3d400522-c623-11e3-bf01-24c6515278c0.embl-delly_1-0-0-preFilter.20150630.germline.sv.bedpe.txt.tar.gz-md5sum_time": 0, 
                "3d400522-c623-11e3-bf01-24c6515278c0.embl-delly_1-0-0-preFilter.20150630.germline.sv.readname.txt.tar.gz-download_time": 14, 
                "3d400522-c623-11e3-bf01-24c6515278c0.embl-delly_1-0-0-preFilter.20150630.germline.sv.readname.txt.tar.gz-md5sum_time": 0, 
                "3d400522-c623-11e3-bf01-24c6515278c0.embl-delly_1-0-0-preFilter.20150630.germline.sv.vcf.gz-download_time": 14, 
                "3d400522-c623-11e3-bf01-24c6515278c0.embl-delly_1-0-0-preFilter.20150630.germline.sv.vcf.gz-md5sum_time": 0, 
                "3d400522-c623-11e3-bf01-24c6515278c0.embl-delly_1-0-0-preFilter.20150630.germline.sv.vcf.gz.tbi-download_time": 13, 
                "3d400522-c623-11e3-bf01-24c6515278c0.embl-delly_1-0-0-preFilter.20150630.germline.sv.vcf.gz.tbi-md5sum_time": 0, 
                "3d400522-c623-11e3-bf01-24c6515278c0.embl-delly_1-0-0-preFilter.20150630.somatic.sv.bedpe.txt.tar.gz-download_time": 13, 
                "3d400522-c623-11e3-bf01-24c6515278c0.embl-delly_1-0-0-preFilter.20150630.somatic.sv.bedpe.txt.tar.gz-md5sum_time": 0, 
                "3d400522-c623-11e3-bf01-24c6515278c0.embl-delly_1-0-0-preFilter.20150630.somatic.sv.readname.txt.tar.gz-download_time": 15, 
                "3d400522-c623-11e3-bf01-24c6515278c0.embl-delly_1-0-0-preFilter.20150630.somatic.sv.readname.txt.tar.gz-md5sum_time": 0, 
                "3d400522-c623-11e3-bf01-24c6515278c0.embl-delly_1-0-0-preFilter.20150630.somatic.sv.vcf.gz-download_time": 14, 
                "3d400522-c623-11e3-bf01-24c6515278c0.embl-delly_1-0-0-preFilter.20150630.somatic.sv.vcf.gz-md5sum_time": 0, 
                "3d400522-c623-11e3-bf01-24c6515278c0.embl-delly_1-0-0-preFilter.20150630.somatic.sv.vcf.gz.tbi-download_time": 14, 
                "3d400522-c623-11e3-bf01-24c6515278c0.embl-delly_1-0-0-preFilter.20150630.somatic.sv.vcf.gz.tbi-md5sum_time": 0, 
                "3d400522-c623-11e3-bf01-24c6515278c0.embl-delly_1-0-0-preFilter.20150630.sv.cov.plots.tar.gz-download_time": 16, 
                "3d400522-c623-11e3-bf01-24c6515278c0.embl-delly_1-0-0-preFilter.20150630.sv.cov.plots.tar.gz-md5sum_time": 0, 
                "3d400522-c623-11e3-bf01-24c6515278c0.embl-delly_1-0-0-preFilter.20150630.sv.cov.tar.gz-download_time": 17, 
                "3d400522-c623-11e3-bf01-24c6515278c0.embl-delly_1-0-0-preFilter.20150630.sv.cov.tar.gz-md5sum_time": 1, 
                "3d400522-c623-11e3-bf01-24c6515278c0.embl-delly_1-0-0-preFilter.20150630.sv.vcf.gz-download_time": 14, 
                "3d400522-c623-11e3-bf01-24c6515278c0.embl-delly_1-0-0-preFilter.20150630.sv.vcf.gz-md5sum_time": 0, 
                "3d400522-c623-11e3-bf01-24c6515278c0.embl-delly_1-0-0-preFilter.20150630.sv.vcf.gz.tbi-download_time": 14, 
                "3d400522-c623-11e3-bf01-24c6515278c0.embl-delly_1-0-0-preFilter.20150630.sv.vcf.gz.tbi-md5sum_time": 0, 
                "50384793-606f-4424-a550-c0f4220be754.xml-download_time": 14, 
                "50384793-606f-4424-a550-c0f4220be754.xml-md5sum_time": 0, 
                "start": 1449322461, 
                "stop": 1449323352, 
                "time": 891
            }
        }
    }, 
    "aliquot_id": null, 
    "available_repos": [
        {
            "https://gtrepo-dkfz.annailabs.com/": {
                "file_md5sum": "dd41d8470e07ff2ee151c3fa2f8275a1", 
                "file_size": 58941
            }
        }
    ], 
    "data_type": "Dkfz_embl-VCF", 
    "files": [
        {
            "file_md5sum": "2a28f7c5e52414999bf313f6039a5338",