{
    "_runs_": {
        "run_1449256569_76e81a59-4210-47e5-9370-3d9c27baa182": {
            "downloading": {
                "6529bbe7-db69-4d30-b6aa-3ec739607f2e.xml-download_time": 13, 
                "6529bbe7-db69-4d30-b6aa-3ec739607f2e.xml-md5sum_time": 0, 
                "f91d1645-9b68-edbb-e040-11ac0c4854d8.svcp_1-0-3.20141231.somatic.binnedReadCounts.tar.gz-download_time": 21, 
                "f91d1645-9b68-edbb-e040-11ac0c4854d8.svcp_1-0-3.20141231.somatic.binnedReadCounts.tar.gz-md5sum_time": 1, 
                "f91d1645-9b68-edbb-e040-11ac0c4854d8.svcp_1-0-3.20141231.somatic.cnv.tar.gz-download_time": 16, 
                "f91d1645-9b68-edbb-e040-11ac0c4854d8.svcp_1-0-3.20141231.somatic.cnv.tar.gz-md5sum_time": 0, 
                "f91d1645-9b68-edbb-e040-11ac0c4854d8.svcp_1-0-3.20141231.somatic.cnv.vcf.gz-download_time": 14, 
                "f91d1645-9b68-edbb-e040-11ac0c4854d8.svcp_1-0-3.20141231.somatic.cnv.vcf.gz-md5sum_time": 0, 
                "f91d1645-9b68-edbb-e040-11ac0c4854d8.svcp_1-0-3.20141231.somatic.cnv.vcf.gz.tbi-download_time": 13, 
                "f91d1645-9b68-edbb-e040-11ac0c4854d8.svcp_1-0-3.20141231.somatic.cnv.vcf.gz.tbi-md5sum_time": 0, 
                "f91d1645-9b68-edbb-e040-11ac0c4854d8.svcp_1-0-3.20141231.somatic.genotype.tar.gz-download_time": 13, 
                "f91d1645-9b68-edbb-e040-11ac0c4854d8.svcp_1-0-3.20141231.somatic.genotype.tar.gz-md5sum_time": 0, 
                "f91d1645-9b68-edbb-e040-11ac0c4854d8.svcp_1-0-3.20141231.somatic.imputeCounts.tar.gz-download_time": 40, 
                "f91d1645-9b68-edbb-e040-11ac0c4854d8.svcp_1-0-3.20141231.somatic.imputeCounts.tar.gz-md5sum_time": 1, 
                "f91d1645-9b68-edbb-e040-11ac0c4854d8.svcp_1-0-3.20141231.somatic.indel.tar.gz-download_time": 63, 
                "f91d1645-9b68-edbb-e040-11ac0c4854d8.svcp_1-0-3.20141231.somatic.indel.tar.gz-md5sum_time": 3, 
                "f91d1645-9b68-edbb-e040-11ac0c4854d8.svcp_1-0-3.20141231.somatic.indel.vcf.gz-download_time": 17, 
                "f91d1645-9b68-edbb-e040-11ac0c4854d8.svcp_1-0-3.20141231.somatic.indel.vcf.gz-md5sum_time": 1, 
                "f91d1645-9b68-edbb-e040-11ac0c4854d8.svcp_1-0-3.20141231.somatic.indel.vcf.gz.tbi-download_time": 13, 
                "f91d1645-9b68-edbb-e040-11ac0c4854d8.svcp_1-0-3.20141231.somatic.indel.vcf.gz.tbi-md5sum_time": 0, 
                "f91d1645-9b68-edbb-e040-11ac0c4854d8.svcp_1-0-3.20141231.somatic.snv_mnv.tar.gz-download_time": 25, 
                "f91d1645-9b68-edbb-e040-11ac0c4854d8.svcp_1-0-3.20141231.somatic.snv_mnv.tar.gz-md5sum_time": 0, 
                "f91d1645-9b68-edbb-e040-11ac0c4854d8.svcp_1-0-3.20141231.somatic.snv_mnv.vcf.gz-download_time": 14, 
                "f91d1645-9b68-edbb-e040-11ac0c4854d8.svcp_1-0-3.20141231.somatic.snv_mnv.vcf.gz-md5sum_time": 0, 
                "f91d1645-9b68-edbb-e040-11ac0c4854d8.svcp_1-0-3.20141231.somatic.snv_mnv.vcf.gz.tbi-download_time": 13, 
                "f91d1645-9b68-edbb-e040-11ac0c4854d8.svcp_1-0-3.20141231.somatic.snv_mnv.vcf.gz.tbi-md5sum_time": 0, 
                "f91d1645-9b68-edbb-e040-11ac0c4854d8.svcp_1-0-3.20141231.somatic.sv.tar.gz-download_time": 431, 
                "f91d1645-9b68-edbb-e040-11ac0c4854d8.svcp_1-0-3.20141231.somatic.sv.tar.gz-md5sum_time": 37, 
                "f91d1645-9b68-edbb-e040-11ac0c4854d8.svcp_1-0-3.20141231.somatic.sv.vcf.gz-download_time": 15, 
                "f91d1645-9b68-edbb-e040-11ac0c4854d8.svcp_1-0-3.20141231.somatic.sv.vcf.gz-md5sum_time": 0, 
                "f91d1645-9b68-edbb-e040-11ac0c4854d8.svcp_1-0-3.20141231.somatic.sv.vcf.gz.tbi-download_time": 14, 
                "f91d1645-9b68-edbb-e040-11ac0c4854d8.svcp_1-0-3.20141231.somatic.sv.vcf.gz.tbi-md5sum_time": 0, 
                "f91d1645-9b68-edbb-e040-11ac0c4854d8.svcp_1-0-3.20141231.somatic.verifyBamId.tar.gz-download_time": 13, 
                "f91d1645-9b68-edbb-e040-11ac0c4854d8.svcp_1-0-3.20141231.somatic.verifyBamId.tar.gz-md5sum_time": 0, 
                "f926087f-0bec-1316-e040-11ac0c480a58.svcp_1-0-3.20141231.somatic.binnedReadCounts.tar.gz-download_time": 22, 
                "f926087f-0bec-1316-e040-11ac0c480a58.svcp_1-0-3.20141231.somatic.binnedReadCounts.tar.gz-md5sum_time": 0, 
                "f926087f-0bec-1316-e040-11ac0c480a58.svcp_1-0-3.20141231.somatic.cnv.tar.gz-download_time": 17, 
                "f926087f-0bec-1316-e040-11ac0c480a58.svcp_1-0-3.20141231.somatic.cnv.tar.gz-md5sum_time": 0, 
                "f926087f-0bec-1316-e040-11ac0c480a58.svcp_1-0-3.20141231.somatic.cnv.vcf.gz-download_time": 13, 
                "f926087f-0bec-1316-e040-11ac0c480a58.svcp_1-0-3.20141231.somatic.cnv.vcf.gz-md5sum_time": 0, 
                "f926087f-0bec-1316-e040-11ac0c480a58.svcp_1-0-3.20141231.somatic.cnv.vcf.gz.tbi-download_time": 14, 
                "f926087f-0bec-1316-e040-11ac0c480a58.svcp_1-0-3.20141231.somatic.cnv.vcf.gz.tbi-md5sum_time": 0, 
                "f926087f-0bec-1316-e040-11ac0c480a58.svcp_1-0-3.20141231.somatic.genotype.tar.gz-download_time": 13, 
                "f926087f-0bec-1316-e040-11ac0c480a58.svcp_1-0-3.20141231.somatic.genotype.tar.gz-md5sum_time": 0, 
                "f926087f-0bec-1316-e040-11ac0c480a58.svcp_1-0-3.20141231.somatic.imputeCounts.tar.gz-download_time": 45, 
                "f926087f-0bec-1316-e040-11ac0c480a58.svcp_1-0-3.20141231.somatic.imputeCounts.tar.gz-md5sum_time": 1, 
                "f926087f-0bec-1316-e040-11ac0c480a58.svcp_1-0-3.20141231.somatic.indel.tar.gz-download_time": 63, 
                "f926087f-0bec-1316-e040-11ac0c480a58.svcp_1-0-3.20141231.somatic.indel.tar.gz-md5sum_time": 3, 
                "f926087f-0bec-1316-e040-11ac0c480a58.svcp_1-0-3.20141231.somatic.indel.vcf.gz-download_time": 17, 
                "f926087f-0bec-1316-e040-11ac0c480a58.svcp_1-0-3.20141231.somatic.indel.vcf.gz-md5sum_time": 0, 
                "f926087f-0bec-1316-e040-11ac0c480a58.svcp_1-0-3.20141231.somatic.indel.vcf.gz.tbi-download_time": 14, 
                "f926087f-0bec-1316-e040-11ac0c480a58.svcp_1-0-3.20141231.somatic.indel.vcf.gz.tbi-md5sum_time": 0, 
                "f926087f-0bec-1316-e040-11ac0c480a58.svcp_1-0-3.20141231.somatic.snv_mnv.tar.gz-download_time": 23, 
                "f926087f-0bec-1316-e040-11ac0c480a58.svcp_1-0-3.20141231.somatic.snv_mnv.tar.gz-md5sum_time": 1, 
                "f926087f-0bec-1316-e040-11ac0c480a58.svcp_1-0-3.20141231.somatic.snv_mnv.vcf.gz-download_time": 14, 
                "f926087f-0bec-1316-e040-11ac0c480a58.svcp_1-0-3.20141231.somatic.snv_mnv.vcf.gz-md5sum_time": 0, 
                "f926087f-0bec-1316-e040-11ac0c480a58.svcp_1-0-3.20141231.somatic.snv_mnv.vcf.gz.tbi-download_time": 15, 
                "f926087f-0bec-1316-e040-11ac0c480a58.svcp_1-0-3.20141231.somatic.snv_mnv.vcf.gz.tbi-md5sum_time": 0, 
                "f926087f-0bec-1316-e040-11ac0c480a58.svcp_1-0-3.20141231.somatic.sv.tar.gz-download_time": 364, 
                "f926087f-0bec-1316-e040-11ac0c480a58.svcp_1-0-3.20141231.somatic.sv.tar.gz-md5sum_time": 33, 
                "f926087f-0bec-1316-e040-11ac0c480a58.svcp_1-0-3.20141231.somatic.sv.vcf.gz-download_time": 14, 
                "f926087f-0bec-1316-e040-11ac0c480a58.svcp_1-0-3.20141231.somatic.sv.vcf.gz-md5sum_time": 0, 
                "f926087f-0bec-1316-e040-11ac0c480a58.svcp_1-0-3.20141231.somatic.sv.vcf.gz.tbi-download_time": 13, 
                "f926087f-0bec-1316-e040-11ac0c480a58.svcp_1-0-3.20141231.somatic.sv.vcf.gz.tbi-md5sum_time": 0, 
                "f926087f-0bec-1316-e040-11ac0c480a58.svcp_1-0-3.20141231.somatic.verifyBamId.tar.gz-download_time": 14, 
                "f926087f-0bec-1316-e040-11ac0c480a58.svcp_1-0-3.20141231.somatic.verifyBamId.tar.gz-md5sum_time": 1, 
                "start": 1449344684, 
                "stop": 1449346190, 
                "time": 1506
            }
        }
    }, 
    "aliquot_id": null,