{
    "_runs_": {
        "run_1449082625_9f6fe3a3-6da0-4e4e-b231-6e2316e868c8": {
            "downloading": {
                "gnos-download_time": 406, 
                "start": 1449164983, 
                "stop": 1449165391, 
                "time": 408
            }, 
            "uploading": {
                "copy_meta_time": 1, 
                "start": 1449165412, 
                "stop": 1449165654, 
                "time": 242, 
                "upload_time": 241
            }
        }, 
        "run_1449256362_f285340f-6a1e-4280-8af8-91051b7f471f": {
            "downloading": {
                "c15a51cc-4fdc-4343-a410-13ddc238dac8.dkfz-copyNumberEstimation_1-0-189.20150814.somatic.cnv.tar.gz-download_time": 241, 
                "c15a51cc-4fdc-4343-a410-13ddc238dac8.dkfz-copyNumberEstimation_1-0-189.20150814.somatic.cnv.tar.gz-md5sum_time": 23, 
                "c15a51cc-4fdc-4343-a410-13ddc238dac8.dkfz-copyNumberEstimation_1-0-189.20150814.somatic.cnv.vcf.gz-download_time": 14, 
                "c15a51cc-4fdc-4343-a410-13ddc238dac8.dkfz-copyNumberEstimation_1-0-189.20150814.somatic.cnv.vcf.gz-md5sum_time": 0, 
                "c15a51cc-4fdc-4343-a410-13ddc238dac8.dkfz-copyNumberEstimation_1-0-189.20150814.somatic.cnv.vcf.gz.tbi-download_time": 13, 
                "c15a51cc-4fdc-4343-a410-13ddc238dac8.dkfz-copyNumberEstimation_1-0-189.20150814.somatic.cnv.vcf.gz.tbi-md5sum_time": 0, 
                "c15a51cc-4fdc-4343-a410-13ddc238dac8.dkfz-indelCalling_1-0-132-1.20150814.germline.indel.vcf.gz-download_time": 18, 
                "c15a51cc-4fdc-4343-a410-13ddc238dac8.dkfz-indelCalling_1-0-132-1.20150814.germline.indel.vcf.gz-md5sum_time": 0, 
                "c15a51cc-4fdc-4343-a410-13ddc238dac8.dkfz-indelCalling_1-0-132-1.20150814.germline.indel.vcf.gz.tbi-download_time": 14, 
                "c15a51cc-4fdc-4343-a410-13ddc238dac8.dkfz-indelCalling_1-0-132-1.20150814.germline.indel.vcf.gz.tbi-md5sum_time": 0, 
                "c15a51cc-4fdc-4343-a410-13ddc238dac8.dkfz-indelCalling_1-0-132-1.20150814.somatic.indel.tar.gz-download_time": 50, 
                "c15a51cc-4fdc-4343-a410-13ddc238dac8.dkfz-indelCalling_1-0-132-1.20150814.somatic.indel.tar.gz-md5sum_time": 2, 
                "c15a51cc-4fdc-4343-a410-13ddc238dac8.dkfz-indelCalling_1-0-132-1.20150814.somatic.indel.vcf.gz-download_time": 14, 
                "c15a51cc-4fdc-4343-a410-13ddc238dac8.dkfz-indelCalling_1-0-132-1.20150814.somatic.indel.vcf.gz-md5sum_time": 0, 
                "c15a51cc-4fdc-4343-a410-13ddc238dac8.dkfz-indelCalling_1-0-132-1.20150814.somatic.indel.vcf.gz.tbi-download_time": 13, 
                "c15a51cc-4fdc-4343-a410-13ddc238dac8.dkfz-indelCalling_1-0-132-1.20150814.somatic.indel.vcf.gz.tbi-md5sum_time": 0, 
                "c15a51cc-4fdc-4343-a410-13ddc238dac8.dkfz-snvCalling_1-0-132-1.20150814.germline.snv_mnv.vcf.gz-download_time": 22, 
                "c15a51cc-4fdc-4343-a410-13ddc238dac8.dkfz-snvCalling_1-0-132-1.20150814.germline.snv_mnv.vcf.gz-md5sum_time": 0, 
                "c15a51cc-4fdc-4343-a410-13ddc238dac8.dkfz-snvCalling_1-0-132-1.20150814.germline.snv_mnv.vcf.gz.tbi-download_time": 13, 
                "c15a51cc-4fdc-4343-a410-13ddc238dac8.dkfz-snvCalling_1-0-132-1.20150814.germline.snv_mnv.vcf.gz.tbi-md5sum_time": 0, 
                "c15a51cc-4fdc-4343-a410-13ddc238dac8.dkfz-snvCalling_1-0-132-1.20150814.somatic.snv_mnv.tar.gz-download_time": 79, 
                "c15a51cc-4fdc-4343-a410-13ddc238dac8.dkfz-snvCalling_1-0-132-1.20150814.somatic.snv_mnv.tar.gz-md5sum_time": 4, 
                "c15a51cc-4fdc-4343-a410-13ddc238dac8.dkfz-snvCalling_1-0-132-1.20150814.somatic.snv_mnv.vcf.gz-download_time": 14, 
                "c15a51cc-4fdc-4343-a410-13ddc238dac8.dkfz-snvCalling_1-0-132-1.20150814.somatic.snv_mnv.vcf.gz-md5sum_time": 0, 
                "c15a51cc-4fdc-4343-a410-13ddc238dac8.dkfz-snvCalling_1-0-132-1.20150814.somatic.snv_mnv.vcf.gz.tbi-download_time": 13, 
                "c15a51cc-4fdc-4343-a410-13ddc238dac8.dkfz-snvCalling_1-0-132-1.20150814.somatic.snv_mnv.vcf.gz.tbi-md5sum_time": 0, 
                "c15a51cc-4fdc-4343-a410-13ddc238dac8.embl-delly_1-3-0-preFilter.20150814.germline.sv.bedpe.txt.tar.gz-download_time": 12, 
                "c15a51cc-4fdc-4343-a410-13ddc238dac8.embl-delly_1-3-0-preFilter.20150814.germline.sv.bedpe.txt.tar.gz-md5sum_time": 0, 
                "c15a51cc-4fdc-4343-a410-13ddc238dac8.embl-delly_1-3-0-preFilter.20150814.germline.sv.readname.txt.tar.gz-download_time": 14, 
                "c15a51cc-4fdc-4343-a410-13ddc238dac8.embl-delly_1-3-0-preFilter.20150814.germline.sv.readname.txt.tar.gz-md5sum_time": 0, 
                "c15a51cc-4fdc-4343-a410-13ddc238dac8.embl-delly_1-3-0-preFilter.20150814.germline.sv.vcf.gz-download_time": 13, 
                "c15a51cc-4fdc-4343-a410-13ddc238dac8.embl-delly_1-3-0-preFilter.20150814.germline.sv.vcf.gz-md5sum_time": 0, 
                "c15a51cc-4fdc-4343-a410-13ddc238dac8.embl-delly_1-3-0-preFilter.20150814.germline.sv.vcf.gz.tbi-download_time": 14, 
                "c15a51cc-4fdc-4343-a410-13ddc238dac8.embl-delly_1-3-0-preFilter.20150814.germline.sv.vcf.gz.tbi-md5sum_time": 0, 
                "c15a51cc-4fdc-4343-a410-13ddc238dac8.embl-delly_1-3-0-preFilter.20150814.somatic.sv.bedpe.txt.tar.gz-download_time": 13, 
                "c15a51cc-4fdc-4343-a410-13ddc238dac8.embl-delly_1-3-0-preFilter.20150814.somatic.sv.bedpe.txt.tar.gz-md5sum_time": 0, 
                "c15a51cc-4fdc-4343-a410-13ddc238dac8.embl-delly_1-3-0-preFilter.20150814.somatic.sv.readname.txt.tar.gz-download_time": 13, 
                "c15a51cc-4fdc-4343-a410-13ddc238dac8.embl-delly_1-3-0-preFilter.20150814.somatic.sv.readname.txt.tar.gz-md5sum_time": 0, 
                "c15a51cc-4fdc-4343-a410-13ddc238dac8.embl-delly_1-3-0-preFilter.20150814.somatic.sv.vcf.gz-download_time": 13, 
                "c15a51cc-4fdc-4343-a410-13ddc238dac8.embl-delly_1-3-0-preFilter.20150814.somatic.sv.vcf.gz-md5sum_time": 0, 
                "c15a51cc-4fdc-4343-a410-13ddc238dac8.embl-delly_1-3-0-preFilter.20150814.somatic.sv.vcf.gz.tbi-download_time": 13, 
                "c15a51cc-4fdc-4343-a410-13ddc238dac8.embl-delly_1-3-0-preFilter.20150814.somatic.sv.vcf.gz.tbi-md5sum_time": 0, 
                "c15a51cc-4fdc-4343-a410-13ddc238dac8.embl-delly_1-3-0-preFilter.20150814.sv.cov.plots.tar.gz-download_time": 14, 
                "c15a51cc-4fdc-4343-a410-13ddc238dac8.embl-delly_1-3-0-preFilter.20150814.sv.cov.plots.tar.gz-md5sum_time": 0, 
                "c15a51cc-4fdc-4343-a410-13ddc238dac8.embl-delly_1-3-0-preFilter.20150814.sv.cov.tar.gz-download_time": 17, 
                "c15a51cc-4fdc-4343-a410-13ddc238dac8.embl-delly_1-3-0-preFilter.20150814.sv.cov.tar.gz-md5sum_time": 0, 
                "c15a51cc-4fdc-4343-a410-13ddc238dac8.embl-delly_1-3-0-preFilter.20150814.sv.log.tar.gz-download_time": 13, 
                "c15a51cc-4fdc-4343-a410-13ddc238dac8.embl-delly_1-3-0-preFilter.20150814.sv.log.tar.gz-md5sum_time": 0, 
                "c15a51cc-4fdc-4343-a410-13ddc238dac8.embl-delly_1-3-0-preFilter.20150814.sv.vcf.gz-download_time": 15, 
                "c15a51cc-4fdc-4343-a410-13ddc238dac8.embl-delly_1-3-0-preFilter.20150814.sv.vcf.gz-md5sum_time": 0, 
                "c15a51cc-4fdc-4343-a410-13ddc238dac8.embl-delly_1-3-0-preFilter.20150814.sv.vcf.gz.tbi-download_time": 13, 
                "c15a51cc-4fdc-4343-a410-13ddc238dac8.embl-delly_1-3-0-preFilter.20150814.sv.vcf.gz.tbi-md5sum_time": 0, 
                "ea10808b-09bd-427b-976f-03260573e990.xml-download_time": 14, 
                "ea10808b-09bd-427b-976f-03260573e990.xml-md5sum_time": 0, 
                "start": 1449513633, 
                "stop": 1449514372, 
                "time": 739
            }
        }
    }, 
    "aliquot_id": null, 
    "available_repos": [
        {
            "https://gtrepo-etri.annailabs.com/": {
                "file_md5sum": "b4640ef3598acf8b7601174b02149547",