{
    "_runs_": {
        "run_1449196528_706c9815-1e3c-4835-a4d6-40adc0367011": {
            "downloading": {
                "7c43c006-d917-4915-b304-65995b6c0d46.svcp_1-0-7.20150627.somatic.snv_mnv.vcf.gz-download_time": 14, 
                "7c43c006-d917-4915-b304-65995b6c0d46.svcp_1-0-7.20150627.somatic.snv_mnv.vcf.gz-md5sum_time": 0, 
                "7c43c006-d917-4915-b304-65995b6c0d46.svcp_1-0-7.20150627.somatic.snv_mnv.vcf.gz-size-mismatch": 0, 
                "start": 1449196604, 
                "stop": 1449196618, 
                "time": 14
            }
        }, 
        "run_1449256082_1952fd1a-a01c-401b-a592-79b18b22a57e": {
            "downloading": {
                "01cfd3f2-5ac3-4ef3-9981-c6948f351142.xml-download_time": 15, 
                "01cfd3f2-5ac3-4ef3-9981-c6948f351142.xml-md5sum_time": 0, 
                "7c43c006-d917-4915-b304-65995b6c0d46.svcp_1-0-7.20150627.somatic.binnedReadCounts.tar.gz-download_time": 23, 
                "7c43c006-d917-4915-b304-65995b6c0d46.svcp_1-0-7.20150627.somatic.binnedReadCounts.tar.gz-md5sum_time": 1, 
                "7c43c006-d917-4915-b304-65995b6c0d46.svcp_1-0-7.20150627.somatic.cnv.tar.gz-download_time": 16, 
                "7c43c006-d917-4915-b304-65995b6c0d46.svcp_1-0-7.20150627.somatic.cnv.tar.gz-md5sum_time": 0, 
                "7c43c006-d917-4915-b304-65995b6c0d46.svcp_1-0-7.20150627.somatic.cnv.vcf.gz-download_time": 14, 
                "7c43c006-d917-4915-b304-65995b6c0d46.svcp_1-0-7.20150627.somatic.cnv.vcf.gz-md5sum_time": 0, 
                "7c43c006-d917-4915-b304-65995b6c0d46.svcp_1-0-7.20150627.somatic.cnv.vcf.gz.tbi-download_time": 14, 
                "7c43c006-d917-4915-b304-65995b6c0d46.svcp_1-0-7.20150627.somatic.cnv.vcf.gz.tbi-md5sum_time": 0, 
                "7c43c006-d917-4915-b304-65995b6c0d46.svcp_1-0-7.20150627.somatic.genotype.tar.gz-download_time": 13, 
                "7c43c006-d917-4915-b304-65995b6c0d46.svcp_1-0-7.20150627.somatic.genotype.tar.gz-md5sum_time": 0, 
                "7c43c006-d917-4915-b304-65995b6c0d46.svcp_1-0-7.20150627.somatic.imputeCounts.tar.gz-download_time": 43, 
                "7c43c006-d917-4915-b304-65995b6c0d46.svcp_1-0-7.20150627.somatic.imputeCounts.tar.gz-md5sum_time": 2, 
                "7c43c006-d917-4915-b304-65995b6c0d46.svcp_1-0-7.20150627.somatic.indel.tar.gz-download_time": 113, 
                "7c43c006-d917-4915-b304-65995b6c0d46.svcp_1-0-7.20150627.somatic.indel.tar.gz-md5sum_time": 5, 
                "7c43c006-d917-4915-b304-65995b6c0d46.svcp_1-0-7.20150627.somatic.indel.vcf.gz-download_time": 20, 
                "7c43c006-d917-4915-b304-65995b6c0d46.svcp_1-0-7.20150627.somatic.indel.vcf.gz-md5sum_time": 0, 
                "7c43c006-d917-4915-b304-65995b6c0d46.svcp_1-0-7.20150627.somatic.indel.vcf.gz.tbi-download_time": 14, 
                "7c43c006-d917-4915-b304-65995b6c0d46.svcp_1-0-7.20150627.somatic.indel.vcf.gz.tbi-md5sum_time": 0, 
                "7c43c006-d917-4915-b304-65995b6c0d46.svcp_1-0-7.20150627.somatic.snv_mnv.tar.gz-download_time": 24, 
                "7c43c006-d917-4915-b304-65995b6c0d46.svcp_1-0-7.20150627.somatic.snv_mnv.tar.gz-md5sum_time": 1, 
                "7c43c006-d917-4915-b304-65995b6c0d46.svcp_1-0-7.20150627.somatic.snv_mnv.vcf.gz-download_time": 15, 
                "7c43c006-d917-4915-b304-65995b6c0d46.svcp_1-0-7.20150627.somatic.snv_mnv.vcf.gz-md5sum_time": 0, 
                "7c43c006-d917-4915-b304-65995b6c0d46.svcp_1-0-7.20150627.somatic.snv_mnv.vcf.gz.tbi-download_time": 15, 
                "7c43c006-d917-4915-b304-65995b6c0d46.svcp_1-0-7.20150627.somatic.snv_mnv.vcf.gz.tbi-md5sum_time": 0, 
                "7c43c006-d917-4915-b304-65995b6c0d46.svcp_1-0-7.20150627.somatic.sv.tar.gz-download_time": 124, 
                "7c43c006-d917-4915-b304-65995b6c0d46.svcp_1-0-7.20150627.somatic.sv.tar.gz-md5sum_time": 7, 
                "7c43c006-d917-4915-b304-65995b6c0d46.svcp_1-0-7.20150627.somatic.sv.vcf.gz-download_time": 14, 
                "7c43c006-d917-4915-b304-65995b6c0d46.svcp_1-0-7.20150627.somatic.sv.vcf.gz-md5sum_time": 0, 
                "7c43c006-d917-4915-b304-65995b6c0d46.svcp_1-0-7.20150627.somatic.sv.vcf.gz.tbi-download_time": 14, 
                "7c43c006-d917-4915-b304-65995b6c0d46.svcp_1-0-7.20150627.somatic.sv.vcf.gz.tbi-md5sum_time": 0, 
                "7c43c006-d917-4915-b304-65995b6c0d46.svcp_1-0-7.20150627.somatic.verifyBamId.tar.gz-download_time": 14, 
                "7c43c006-d917-4915-b304-65995b6c0d46.svcp_1-0-7.20150627.somatic.verifyBamId.tar.gz-md5sum_time": 0, 
                "start": 1449256111, 
                "stop": 1449256632, 
                "time": 521
            }
        }
    }, 
    "aliquot_id": null, 
    "available_repos": [
        {
            "https://gtrepo-ebi.annailabs.com/": {
                "file_md5sum": "4e52e246fea43252d8239861cedf3099", 
                "file_size": 59684
            }
        }
    ], 
    "data_type": "Sanger-VCF", 
    "files": [
        {
            "file_md5sum": "e3718b2c0c677ffa262c5417bd2fa4c6", 
            "file_name": "7c43c006-d917-4915-b304-65995b6c0d46.svcp_1-0-7.20150627.somatic.snv_mnv.vcf.gz", 
            "file_size": 4761295, 
            "object_id": "1c5258b9-f3fc-5a82-b1b6-345fed008345"
        }, 
        {
            "file_md5sum": "a07afb24eb7e9cd336085491e397741d", 
            "file_name": "7c43c006-d917-4915-b304-65995b6c0d46.svcp_1-0-7.20150627.somatic.snv_mnv.vcf.gz.tbi", 
            "file_size": 600298, 
            "object_id": "f3a0cb17-f5c1-513f-9fa3-1386babf8762"
        }, 
        {
            "file_md5sum": "0f0f831cd9d0faecb0bcf16223f7f7fa", 
            "file_name": "7c43c006-d917-4915-b304-65995b6c0d46.svcp_1-0-7.20150627.somatic.cnv.vcf.gz", 
            "file_size": 2533, 
            "object_id": "8cce4336-4b97-53aa-8497-0a6aebb62b0e"
        }, 
        {
            "file_md5sum": "71c9e2b17a5468653fa487c170813f1e", 
            "file_name": "7c43c006-d917-4915-b304-65995b6c0d46.svcp_1-0-7.20150627.somatic.cnv.vcf.gz.tbi", 
            "file_size": 4619, 
            "object_id": "55287ea5-6450-57ed-a28c-86d111167cf8"
        }, 
        {
            "file_md5sum": "9a23db21a6456c2351b8dab13e2b997e", 
            "file_name": "7c43c006-d917-4915-b304-65995b6c0d46.svcp_1-0-7.20150627.somatic.sv.vcf.gz", 
            "file_size": 13747, 
            "object_id": "d49fbe25-00ae-5bd8-80dd-f79a0b47d5b6"
        }, 
        {
            "file_md5sum": "2c076e5b7ac37f361e7a5da2cc7eb37b", 
            "file_name": "7c43c006-d917-4915-b304-65995b6c0d46.svcp_1-0-7.20150627.somatic.sv.vcf.gz.tbi", 
            "file_size": 3678, 
            "object_id": "57e7881b-7ce9-518e-be5b-e737c1839266"
        }, 
        {
            "file_md5sum": "be7f8fe7c995c902e9f7ad69e998a63c", 
            "file_name": "7c43c006-d917-4915-b304-65995b6c0d46.svcp_1-0-7.20150627.somatic.indel.vcf.gz", 
            "file_size": 76946663, 
            "object_id": "83db03df-db0b-5e4b-a299-b4dc73671d5d"
        }, 
        {
            "file_md5sum": "047a8eb59c3040fc9a2b783fde72c3f4", 
            "file_name": "7c43c006-d917-4915-b304-65995b6c0d46.svcp_1-0-7.20150627.somatic.indel.vcf.gz.tbi", 
            "file_size": 1576962, 
            "object_id": "2476d0d6-8a55-537b-a186-442b801af2d1"
        }, 
        {
            "file_md5sum": "2638ad82c4980a6454af3188781222ae", 
            "file_name": "7c43c006-d917-4915-b304-65995b6c0d46.svcp_1-0-7.20150627.somatic.snv_mnv.tar.gz", 
            "file_size": 181075098, 
            "object_id": "b7dbe748-3a76-5a34-9f54-92571ad62acf"
        }, 
        {
            "file_md5sum": "15f77a2e1e89dbdebc4d1efd143a71f9", 
            "file_name": "7c43c006-d917-4915-b304-65995b6c0d46.svcp_1-0-7.20150627.somatic.cnv.tar.gz", 
            "file_size": 26743352, 
            "object_id": "6e5ae5b7-ba80-50f9-a422-808139325f83"
        }, 
        {
            "file_md5sum": "4255dc97e781874487c67e216c033f2c",