{
    "_runs_": {
        "run_1449256569_76e81a59-4210-47e5-9370-3d9c27baa182": {
            "downloading": {
                "0b3fccd1-337a-4ba7-ae68-2e749e4d7511.xml-download_time": 13, 
                "0b3fccd1-337a-4ba7-ae68-2e749e4d7511.xml-md5sum_time": 0, 
                "3e68233a-c623-11e3-bf01-24c6515278c0.svcp_1-0-6.20150508.somatic.binnedReadCounts.tar.gz-download_time": 21, 
                "3e68233a-c623-11e3-bf01-24c6515278c0.svcp_1-0-6.20150508.somatic.binnedReadCounts.tar.gz-md5sum_time": 0, 
                "3e68233a-c623-11e3-bf01-24c6515278c0.svcp_1-0-6.20150508.somatic.cnv.tar.gz-download_time": 15, 
                "3e68233a-c623-11e3-bf01-24c6515278c0.svcp_1-0-6.20150508.somatic.cnv.tar.gz-md5sum_time": 0, 
                "3e68233a-c623-11e3-bf01-24c6515278c0.svcp_1-0-6.20150508.somatic.cnv.vcf.gz-download_time": 14, 
                "3e68233a-c623-11e3-bf01-24c6515278c0.svcp_1-0-6.20150508.somatic.cnv.vcf.gz-md5sum_time": 0, 
                "3e68233a-c623-11e3-bf01-24c6515278c0.svcp_1-0-6.20150508.somatic.cnv.vcf.gz.tbi-download_time": 13, 
                "3e68233a-c623-11e3-bf01-24c6515278c0.svcp_1-0-6.20150508.somatic.cnv.vcf.gz.tbi-md5sum_time": 0, 
                "3e68233a-c623-11e3-bf01-24c6515278c0.svcp_1-0-6.20150508.somatic.genotype.tar.gz-download_time": 13, 
                "3e68233a-c623-11e3-bf01-24c6515278c0.svcp_1-0-6.20150508.somatic.genotype.tar.gz-md5sum_time": 0, 
                "3e68233a-c623-11e3-bf01-24c6515278c0.svcp_1-0-6.20150508.somatic.imputeCounts.tar.gz-download_time": 39, 
                "3e68233a-c623-11e3-bf01-24c6515278c0.svcp_1-0-6.20150508.somatic.imputeCounts.tar.gz-md5sum_time": 2, 
                "3e68233a-c623-11e3-bf01-24c6515278c0.svcp_1-0-6.20150508.somatic.indel.tar.gz-download_time": 54, 
                "3e68233a-c623-11e3-bf01-24c6515278c0.svcp_1-0-6.20150508.somatic.indel.tar.gz-md5sum_time": 3, 
                "3e68233a-c623-11e3-bf01-24c6515278c0.svcp_1-0-6.20150508.somatic.indel.vcf.gz-download_time": 17, 
                "3e68233a-c623-11e3-bf01-24c6515278c0.svcp_1-0-6.20150508.somatic.indel.vcf.gz-md5sum_time": 1, 
                "3e68233a-c623-11e3-bf01-24c6515278c0.svcp_1-0-6.20150508.somatic.indel.vcf.gz.tbi-download_time": 13, 
                "3e68233a-c623-11e3-bf01-24c6515278c0.svcp_1-0-6.20150508.somatic.indel.vcf.gz.tbi-md5sum_time": 0, 
                "3e68233a-c623-11e3-bf01-24c6515278c0.svcp_1-0-6.20150508.somatic.snv_mnv.tar.gz-download_time": 28, 
                "3e68233a-c623-11e3-bf01-24c6515278c0.svcp_1-0-6.20150508.somatic.snv_mnv.tar.gz-md5sum_time": 1, 
                "3e68233a-c623-11e3-bf01-24c6515278c0.svcp_1-0-6.20150508.somatic.snv_mnv.vcf.gz-download_time": 13, 
                "3e68233a-c623-11e3-bf01-24c6515278c0.svcp_1-0-6.20150508.somatic.snv_mnv.vcf.gz-md5sum_time": 0, 
                "3e68233a-c623-11e3-bf01-24c6515278c0.svcp_1-0-6.20150508.somatic.snv_mnv.vcf.gz.tbi-download_time": 14, 
                "3e68233a-c623-11e3-bf01-24c6515278c0.svcp_1-0-6.20150508.somatic.snv_mnv.vcf.gz.tbi-md5sum_time": 0, 
                "3e68233a-c623-11e3-bf01-24c6515278c0.svcp_1-0-6.20150508.somatic.sv.tar.gz-download_time": 311, 
                "3e68233a-c623-11e3-bf01-24c6515278c0.svcp_1-0-6.20150508.somatic.sv.tar.gz-md5sum_time": 28, 
                "3e68233a-c623-11e3-bf01-24c6515278c0.svcp_1-0-6.20150508.somatic.sv.vcf.gz-download_time": 12, 
                "3e68233a-c623-11e3-bf01-24c6515278c0.svcp_1-0-6.20150508.somatic.sv.vcf.gz-md5sum_time": 0, 
                "3e68233a-c623-11e3-bf01-24c6515278c0.svcp_1-0-6.20150508.somatic.sv.vcf.gz.tbi-download_time": 13, 
                "3e68233a-c623-11e3-bf01-24c6515278c0.svcp_1-0-6.20150508.somatic.sv.vcf.gz.tbi-md5sum_time": 0, 
                "3e68233a-c623-11e3-bf01-24c6515278c0.svcp_1-0-6.20150508.somatic.verifyBamId.tar.gz-download_time": 13, 
                "3e68233a-c623-11e3-bf01-24c6515278c0.svcp_1-0-6.20150508.somatic.verifyBamId.tar.gz-md5sum_time": 0, 
                "start": 1449262674, 
                "stop": 1449263326, 
                "time": 652
            }
        }
    }, 
    "aliquot_id": null, 
    "available_repos": [
        {
            "https://gtrepo-riken.annailabs.com/": {
                "file_md5sum": "acfbd8fe99e99187e346825ac218d34f", 
                "file_size": 59176
            }
        }
    ], 
    "data_type": "Sanger-VCF", 
    "files": [
        {
            "file_md5sum": "12ecf88b4b861e0bdff54959b360609a", 
            "file_name": "3e68233a-c623-11e3-bf01-24c6515278c0.svcp_1-0-6.20150508.somatic.snv_mnv.vcf.gz", 
            "file_size": 1933067, 
            "object_id": "06d92e0f-0491-5516-8edc-1a5d6f0df3cf"
        }, 
        {
            "file_md5sum": "9ed295a819c00762371506622eb3eb22", 
            "file_name": "3e68233a-c623-11e3-bf01-24c6515278c0.svcp_1-0-6.20150508.somatic.snv_mnv.vcf.gz.tbi", 
            "file_size": 320022, 
            "object_id": "32a4d209-4615-51c1-8987-36f9cdf4fced"
        }, 
        {
            "file_md5sum": "a84143906729e77b6d0b7820be52a025", 
            "file_name": "3e68233a-c623-11e3-bf01-24c6515278c0.svcp_1-0-6.20150508.somatic.cnv.vcf.gz", 
            "file_size": 7552, 
            "object_id": "57543076-8584-54d2-b770-0b72cfd33422"
        }, 
        {
            "file_md5sum": "054432d9682ce41a28f0cc100c21f3dd", 
            "file_name": "3e68233a-c623-11e3-bf01-24c6515278c0.svcp_1-0-6.20150508.somatic.cnv.vcf.gz.tbi", 
            "file_size": 8210, 
            "object_id": "44c3e9fd-fe84-5332-8703-aa137f6f4813"
        }, 
        {
            "file_md5sum": "f074dc75691f4972eab96d5bc2812c45", 
            "file_name": "3e68233a-c623-11e3-bf01-24c6515278c0.svcp_1-0-6.20150508.somatic.sv.vcf.gz", 
            "file_size": 11890, 
            "object_id": "d21fc924-fb21-52bf-b9e3-f8ec36335f45"
        }, 
        {
            "file_md5sum": "70f1060ffdc13a14cc841cf14c628a15", 
            "file_name": "3e68233a-c623-11e3-bf01-24c6515278c0.svcp_1-0-6.20150508.somatic.sv.vcf.gz.tbi", 
            "file_size": 3418, 
            "object_id": "d301055a-10c6-5287-81bb-4766371c5113"
        }, 
        {
            "file_md5sum": "54ed041f15c17c7cb7f3fa5725720401", 
            "file_name": "3e68233a-c623-11e3-bf01-24c6515278c0.svcp_1-0-6.20150508.somatic.indel.vcf.gz", 
            "file_size": 48238700, 
            "object_id": "c2234f76-8a6f-5ac0-bf4b-5be2078f8350"
        }, 
        {
            "file_md5sum": "ef16c0b82d19ba1b0f85f0c145258ad9", 
            "file_name": "3e68233a-c623-11e3-bf01-24c6515278c0.svcp_1-0-6.20150508.somatic.indel.vcf.gz.tbi", 
            "file_size": 1482607, 
            "object_id": "99df03b3-418e-5fd9-8ae2-1e650aa48386"
        }, 
        {
            "file_md5sum": "363de2fe958a3f48cdabe05f66b52431", 
            "file_name": "3e68233a-c623-11e3-bf01-24c6515278c0.svcp_1-0-6.20150508.somatic.snv_mnv.tar.gz", 
            "file_size": 159244665, 
            "object_id": "eb59b9b6-d30a-5ce1-a1ff-37b9baf730c1"
        }, 
        {
            "file_md5sum": "387ba81d35799a67ab2c5ce9d021f538", 
            "file_name": "3e68233a-c623-11e3-bf01-24c6515278c0.svcp_1-0-6.20150508.somatic.cnv.tar.gz", 
            "file_size": 27115638, 
            "object_id": "a3339074-0f5d-5a8a-8cc6-b2b895a6b017"
        }, 
        {
            "file_md5sum": "67a90d6dd3b503db1fba7ec8a4ccd98b", 
            "file_name": "3e68233a-c623-11e3-bf01-24c6515278c0.svcp_1-0-6.20150508.somatic.sv.tar.gz", 
            "file_size": 4257230179, 
            "object_id": "3ef0c59b-4701-5b89-95c3-d2747d03d8bf"
        }, 
        {
            "file_md5sum": "0d78f13259591f06c75bc6b663ca816a", 
            "file_name": "3e68233a-c623-11e3-bf01-24c6515278c0.svcp_1-0-6.20150508.somatic.indel.tar.gz", 
            "file_size": 749761672,