{
    "_runs_": {
        "run_1449256221_15605ad1-8eea-4587-8164-de277ca95282": {
            "downloading": {
                "196040c6-f29a-4cea-9afc-64758ed97c9b.xml-download_time": 14, 
                "196040c6-f29a-4cea-9afc-64758ed97c9b.xml-md5sum_time": 0, 
                "88d5a8b2-daba-45ce-90bf-480fac85bf1d.svcp_1-0-4.20150211.somatic.binnedReadCounts.tar.gz-download_time": 22, 
                "88d5a8b2-daba-45ce-90bf-480fac85bf1d.svcp_1-0-4.20150211.somatic.binnedReadCounts.tar.gz-md5sum_time": 1, 
                "88d5a8b2-daba-45ce-90bf-480fac85bf1d.svcp_1-0-4.20150211.somatic.cnv.tar.gz-download_time": 16, 
                "88d5a8b2-daba-45ce-90bf-480fac85bf1d.svcp_1-0-4.20150211.somatic.cnv.tar.gz-md5sum_time": 0, 
                "88d5a8b2-daba-45ce-90bf-480fac85bf1d.svcp_1-0-4.20150211.somatic.cnv.vcf.gz-download_time": 14, 
                "88d5a8b2-daba-45ce-90bf-480fac85bf1d.svcp_1-0-4.20150211.somatic.cnv.vcf.gz-md5sum_time": 1, 
                "88d5a8b2-daba-45ce-90bf-480fac85bf1d.svcp_1-0-4.20150211.somatic.cnv.vcf.gz.tbi-download_time": 13, 
                "88d5a8b2-daba-45ce-90bf-480fac85bf1d.svcp_1-0-4.20150211.somatic.cnv.vcf.gz.tbi-md5sum_time": 0, 
                "88d5a8b2-daba-45ce-90bf-480fac85bf1d.svcp_1-0-4.20150211.somatic.genotype.tar.gz-download_time": 14, 
                "88d5a8b2-daba-45ce-90bf-480fac85bf1d.svcp_1-0-4.20150211.somatic.genotype.tar.gz-md5sum_time": 0, 
                "88d5a8b2-daba-45ce-90bf-480fac85bf1d.svcp_1-0-4.20150211.somatic.imputeCounts.tar.gz-download_time": 46, 
                "88d5a8b2-daba-45ce-90bf-480fac85bf1d.svcp_1-0-4.20150211.somatic.imputeCounts.tar.gz-md5sum_time": 2, 
                "88d5a8b2-daba-45ce-90bf-480fac85bf1d.svcp_1-0-4.20150211.somatic.indel.tar.gz-download_time": 71, 
                "88d5a8b2-daba-45ce-90bf-480fac85bf1d.svcp_1-0-4.20150211.somatic.indel.tar.gz-md5sum_time": 3, 
                "88d5a8b2-daba-45ce-90bf-480fac85bf1d.svcp_1-0-4.20150211.somatic.indel.vcf.gz-download_time": 17, 
                "88d5a8b2-daba-45ce-90bf-480fac85bf1d.svcp_1-0-4.20150211.somatic.indel.vcf.gz-md5sum_time": 1, 
                "88d5a8b2-daba-45ce-90bf-480fac85bf1d.svcp_1-0-4.20150211.somatic.indel.vcf.gz.tbi-download_time": 13, 
                "88d5a8b2-daba-45ce-90bf-480fac85bf1d.svcp_1-0-4.20150211.somatic.indel.vcf.gz.tbi-md5sum_time": 0, 
                "88d5a8b2-daba-45ce-90bf-480fac85bf1d.svcp_1-0-4.20150211.somatic.snv_mnv.tar.gz-download_time": 24, 
                "88d5a8b2-daba-45ce-90bf-480fac85bf1d.svcp_1-0-4.20150211.somatic.snv_mnv.tar.gz-md5sum_time": 1, 
                "88d5a8b2-daba-45ce-90bf-480fac85bf1d.svcp_1-0-4.20150211.somatic.snv_mnv.vcf.gz-download_time": 15, 
                "88d5a8b2-daba-45ce-90bf-480fac85bf1d.svcp_1-0-4.20150211.somatic.snv_mnv.vcf.gz-md5sum_time": 0, 
                "88d5a8b2-daba-45ce-90bf-480fac85bf1d.svcp_1-0-4.20150211.somatic.snv_mnv.vcf.gz.tbi-download_time": 15, 
                "88d5a8b2-daba-45ce-90bf-480fac85bf1d.svcp_1-0-4.20150211.somatic.snv_mnv.vcf.gz.tbi-md5sum_time": 0, 
                "88d5a8b2-daba-45ce-90bf-480fac85bf1d.svcp_1-0-4.20150211.somatic.sv.tar.gz-download_time": 63, 
                "88d5a8b2-daba-45ce-90bf-480fac85bf1d.svcp_1-0-4.20150211.somatic.sv.tar.gz-md5sum_time": 3, 
                "88d5a8b2-daba-45ce-90bf-480fac85bf1d.svcp_1-0-4.20150211.somatic.sv.vcf.gz-download_time": 13, 
                "88d5a8b2-daba-45ce-90bf-480fac85bf1d.svcp_1-0-4.20150211.somatic.sv.vcf.gz-md5sum_time": 0, 
                "88d5a8b2-daba-45ce-90bf-480fac85bf1d.svcp_1-0-4.20150211.somatic.sv.vcf.gz.tbi-download_time": 14, 
                "88d5a8b2-daba-45ce-90bf-480fac85bf1d.svcp_1-0-4.20150211.somatic.sv.vcf.gz.tbi-md5sum_time": 0, 
                "88d5a8b2-daba-45ce-90bf-480fac85bf1d.svcp_1-0-4.20150211.somatic.verifyBamId.tar.gz-download_time": 14, 
                "88d5a8b2-daba-45ce-90bf-480fac85bf1d.svcp_1-0-4.20150211.somatic.verifyBamId.tar.gz-md5sum_time": 0, 
                "start": 1449272388, 
                "stop": 1449272799, 
                "time": 411
            }
        }
    }, 
    "aliquot_id": null, 
    "available_repos": [
        {
            "https://gtrepo-osdc-icgc.annailabs.com/": {
                "file_md5sum": "898d307bf3ed190462f0b4424042b36f", 
                "file_size": 58770
            }
        }
    ], 
    "data_type": "Sanger-VCF", 
    "files": [
        {
            "file_md5sum": "cc714a55d3e3e057e6231e43a33b9687", 
            "file_name": "88d5a8b2-daba-45ce-90bf-480fac85bf1d.svcp_1-0-4.20150211.somatic.snv_mnv.vcf.gz", 
            "file_size": 6665834, 
            "object_id": "7bd850e2-3436-5304-8f1c-53e44cf1698e"
        }, 
        {
            "file_md5sum": "84e00ebcbe51ab11456d67a6c2ba139a", 
            "file_name": "88d5a8b2-daba-45ce-90bf-480fac85bf1d.svcp_1-0-4.20150211.somatic.snv_mnv.vcf.gz.tbi", 
            "file_size": 687245, 
            "object_id": "db9e09ba-fe4b-540e-b291-fcf8b39edd73"
        }, 
        {
            "file_md5sum": "90869d579ba60f57e5b48c74be54e8e8", 
            "file_name": "88d5a8b2-daba-45ce-90bf-480fac85bf1d.svcp_1-0-4.20150211.somatic.cnv.vcf.gz", 
            "file_size": 2724, 
            "object_id": "750a8c8a-f2be-5c36-bb5b-3a1b1ac24711"
        }, 
        {
            "file_md5sum": "ae2abbf0df86c0ff544ac8a24f8b3397", 
            "file_name": "88d5a8b2-daba-45ce-90bf-480fac85bf1d.svcp_1-0-4.20150211.somatic.cnv.vcf.gz.tbi", 
            "file_size": 4672, 
            "object_id": "de8048fe-67da-5c82-b773-ed8492b58592"
        }, 
        {
            "file_md5sum": "74a01f1a125810562a94d3e9a23db4d5", 
            "file_name": "88d5a8b2-daba-45ce-90bf-480fac85bf1d.svcp_1-0-4.20150211.somatic.sv.vcf.gz", 
            "file_size": 11397, 
            "object_id": "dc69c0a6-bdf4-581d-9da3-40a643daaba2"
        }, 
        {
            "file_md5sum": "4e13950dab5cf1d60b7475f5ec094605", 
            "file_name": "88d5a8b2-daba-45ce-90bf-480fac85bf1d.svcp_1-0-4.20150211.somatic.sv.vcf.gz.tbi", 
            "file_size": 3694, 
            "object_id": "e7a04c8e-2943-5b2a-a171-a2fca743c81c"
        }, 
        {
            "file_md5sum": "c09dbbcf9997827995b9400b32a61ef8", 
            "file_name": "88d5a8b2-daba-45ce-90bf-480fac85bf1d.svcp_1-0-4.20150211.somatic.indel.vcf.gz", 
            "file_size": 51413578, 
            "object_id": "b230a434-bdf2-5fcf-99c3-484bda0a59a3"
        }, 
        {
            "file_md5sum": "1f4447d5b9527d0ea9cec80d76b8a58a", 
            "file_name": "88d5a8b2-daba-45ce-90bf-480fac85bf1d.svcp_1-0-4.20150211.somatic.indel.vcf.gz.tbi", 
            "file_size": 1456751, 
            "object_id": "a9ae406a-84fa-5842-b558-3725fe43d69f"
        }, 
        {
            "file_md5sum": "871b1e879ca31df890d7978def6ee2d5", 
            "file_name": "88d5a8b2-daba-45ce-90bf-480fac85bf1d.svcp_1-0-4.20150211.somatic.snv_mnv.tar.gz", 
            "file_size": 169752374, 
            "object_id": "c03b316c-c2d0-51c9-8957-214165f6abb7"
        }, 
        {
            "file_md5sum": "346f15155ced33d1a6f5465ac7c613db", 
            "file_name": "88d5a8b2-daba-45ce-90bf-480fac85bf1d.svcp_1-0-4.20150211.somatic.cnv.tar.gz", 
            "file_size": 26960792, 
            "object_id": "effbc532-d7bf-52d0-830e-274536220831"
        }, 
        {
            "file_md5sum": "7e9fb8bf98dd6c0e962fe938f7e35cdc", 
            "file_name": "88d5a8b2-daba-45ce-90bf-480fac85bf1d.svcp_1-0-4.20150211.somatic.sv.tar.gz", 
            "file_size": 886071942, 
            "object_id": "2f34b121-bfee-59ff-8c8d-b83592bc2f46"
        }, 
        {
            "file_md5sum": "6b1d979e32b804f3aeedc2e2121f7b29", 
            "file_name": "88d5a8b2-daba-45ce-90bf-480fac85bf1d.svcp_1-0-4.20150211.somatic.indel.tar.gz", 
            "file_size": 923639985,