{
    "_runs_": {
        "run_1449256291_854cc1de-1a8d-4120-b9ce-5b1f48d14ccc": {
            "downloading": {
                "206e96f6-0081-4ab3-a554-ae2b5a99d4d1.xml-download_time": 13, 
                "206e96f6-0081-4ab3-a554-ae2b5a99d4d1.xml-md5sum_time": 0, 
                "82aefe8e-c622-11e3-bf01-24c6515278c0.svcp_1-0-5.20150427.somatic.binnedReadCounts.tar.gz-download_time": 20, 
                "82aefe8e-c622-11e3-bf01-24c6515278c0.svcp_1-0-5.20150427.somatic.binnedReadCounts.tar.gz-md5sum_time": 1, 
                "82aefe8e-c622-11e3-bf01-24c6515278c0.svcp_1-0-5.20150427.somatic.cnv.tar.gz-download_time": 15, 
                "82aefe8e-c622-11e3-bf01-24c6515278c0.svcp_1-0-5.20150427.somatic.cnv.tar.gz-md5sum_time": 0, 
                "82aefe8e-c622-11e3-bf01-24c6515278c0.svcp_1-0-5.20150427.somatic.cnv.vcf.gz-download_time": 13, 
                "82aefe8e-c622-11e3-bf01-24c6515278c0.svcp_1-0-5.20150427.somatic.cnv.vcf.gz-md5sum_time": 1, 
                "82aefe8e-c622-11e3-bf01-24c6515278c0.svcp_1-0-5.20150427.somatic.cnv.vcf.gz.tbi-download_time": 12, 
                "82aefe8e-c622-11e3-bf01-24c6515278c0.svcp_1-0-5.20150427.somatic.cnv.vcf.gz.tbi-md5sum_time": 0, 
                "82aefe8e-c622-11e3-bf01-24c6515278c0.svcp_1-0-5.20150427.somatic.genotype.tar.gz-download_time": 13, 
                "82aefe8e-c622-11e3-bf01-24c6515278c0.svcp_1-0-5.20150427.somatic.genotype.tar.gz-md5sum_time": 0, 
                "82aefe8e-c622-11e3-bf01-24c6515278c0.svcp_1-0-5.20150427.somatic.imputeCounts.tar.gz-download_time": 40, 
                "82aefe8e-c622-11e3-bf01-24c6515278c0.svcp_1-0-5.20150427.somatic.imputeCounts.tar.gz-md5sum_time": 2, 
                "82aefe8e-c622-11e3-bf01-24c6515278c0.svcp_1-0-5.20150427.somatic.indel.tar.gz-download_time": 50, 
                "82aefe8e-c622-11e3-bf01-24c6515278c0.svcp_1-0-5.20150427.somatic.indel.tar.gz-md5sum_time": 2, 
                "82aefe8e-c622-11e3-bf01-24c6515278c0.svcp_1-0-5.20150427.somatic.indel.vcf.gz-download_time": 18, 
                "82aefe8e-c622-11e3-bf01-24c6515278c0.svcp_1-0-5.20150427.somatic.indel.vcf.gz-md5sum_time": 1, 
                "82aefe8e-c622-11e3-bf01-24c6515278c0.svcp_1-0-5.20150427.somatic.indel.vcf.gz.tbi-download_time": 14, 
                "82aefe8e-c622-11e3-bf01-24c6515278c0.svcp_1-0-5.20150427.somatic.indel.vcf.gz.tbi-md5sum_time": 0, 
                "82aefe8e-c622-11e3-bf01-24c6515278c0.svcp_1-0-5.20150427.somatic.snv_mnv.tar.gz-download_time": 23, 
                "82aefe8e-c622-11e3-bf01-24c6515278c0.svcp_1-0-5.20150427.somatic.snv_mnv.tar.gz-md5sum_time": 0, 
                "82aefe8e-c622-11e3-bf01-24c6515278c0.svcp_1-0-5.20150427.somatic.snv_mnv.vcf.gz-download_time": 14, 
                "82aefe8e-c622-11e3-bf01-24c6515278c0.svcp_1-0-5.20150427.somatic.snv_mnv.vcf.gz-md5sum_time": 0, 
                "82aefe8e-c622-11e3-bf01-24c6515278c0.svcp_1-0-5.20150427.somatic.snv_mnv.vcf.gz.tbi-download_time": 13, 
                "82aefe8e-c622-11e3-bf01-24c6515278c0.svcp_1-0-5.20150427.somatic.snv_mnv.vcf.gz.tbi-md5sum_time": 0, 
                "82aefe8e-c622-11e3-bf01-24c6515278c0.svcp_1-0-5.20150427.somatic.sv.tar.gz-download_time": 997, 
                "82aefe8e-c622-11e3-bf01-24c6515278c0.svcp_1-0-5.20150427.somatic.sv.tar.gz-md5sum_time": 88, 
                "82aefe8e-c622-11e3-bf01-24c6515278c0.svcp_1-0-5.20150427.somatic.sv.vcf.gz-download_time": 14, 
                "82aefe8e-c622-11e3-bf01-24c6515278c0.svcp_1-0-5.20150427.somatic.sv.vcf.gz-md5sum_time": 0, 
                "82aefe8e-c622-11e3-bf01-24c6515278c0.svcp_1-0-5.20150427.somatic.sv.vcf.gz.tbi-download_time": 12, 
                "82aefe8e-c622-11e3-bf01-24c6515278c0.svcp_1-0-5.20150427.somatic.sv.vcf.gz.tbi-md5sum_time": 0, 
                "82aefe8e-c622-11e3-bf01-24c6515278c0.svcp_1-0-5.20150427.somatic.verifyBamId.tar.gz-download_time": 14, 
                "82aefe8e-c622-11e3-bf01-24c6515278c0.svcp_1-0-5.20150427.somatic.verifyBamId.tar.gz-md5sum_time": 0, 
                "start": 1449277300, 
                "stop": 1449278691, 
                "time": 1391
            }
        }
    }, 
    "aliquot_id": null, 
    "available_repos": [
        {
            "https://gtrepo-riken.annailabs.com/": {
                "file_md5sum": "ae68443fdf2183f4e62534386fc8f30e", 
                "file_size": 59775
            }
        }
    ], 
    "data_type": "Sanger-VCF", 
    "files": [
        {
            "file_md5sum": "5143703d85aec154a61c06d38344eb91", 
            "file_name": "82aefe8e-c622-11e3-bf01-24c6515278c0.svcp_1-0-5.20150427.somatic.snv_mnv.vcf.gz", 
            "file_size": 2381224, 
            "object_id": "084a64ac-aa58-5b07-aa49-e0fa07b3f12f"
        }, 
        {
            "file_md5sum": "39b195579a7f5b92fa95fdb33014d66b", 
            "file_name": "82aefe8e-c622-11e3-bf01-24c6515278c0.svcp_1-0-5.20150427.somatic.snv_mnv.vcf.gz.tbi", 
            "file_size": 357352, 
            "object_id": "f6031512-d292-5f37-a5a8-5088dea5f845"
        }, 
        {
            "file_md5sum": "6024ba4fc0978312505b52065b3f748c", 
            "file_name": "82aefe8e-c622-11e3-bf01-24c6515278c0.svcp_1-0-5.20150427.somatic.cnv.vcf.gz", 
            "file_size": 2372, 
            "object_id": "91a84372-3221-5fc7-aec8-237b5c3b77ad"
        }, 
        {
            "file_md5sum": "af204bc2c97097f8b36474362b8965f7", 
            "file_name": "82aefe8e-c622-11e3-bf01-24c6515278c0.svcp_1-0-5.20150427.somatic.cnv.vcf.gz.tbi", 
            "file_size": 4502, 
            "object_id": "3b105c97-3213-54e7-8931-71ca3e00c958"
        }, 
        {
            "file_md5sum": "28d108d5623a29e3ae019d1c5dbe3468", 
            "file_name": "82aefe8e-c622-11e3-bf01-24c6515278c0.svcp_1-0-5.20150427.somatic.sv.vcf.gz", 
            "file_size": 107722, 
            "object_id": "902984f9-96a3-5b03-a89d-432e67fdd97f"
        }, 
        {
            "file_md5sum": "4b7148ad61c20139e1d67bc17197d29d", 
            "file_name": "82aefe8e-c622-11e3-bf01-24c6515278c0.svcp_1-0-5.20150427.somatic.sv.vcf.gz.tbi", 
            "file_size": 16155, 
            "object_id": "c7f646ba-8c41-5ca6-ac80-ba77822a431e"
        }, 
        {
            "file_md5sum": "b2909b40ef7ddc01bb63fbd612d6d7e7", 
            "file_name": "82aefe8e-c622-11e3-bf01-24c6515278c0.svcp_1-0-5.20150427.somatic.indel.vcf.gz", 
            "file_size": 44270702, 
            "object_id": "2c2c56ed-a384-509a-8efb-c554a46ac1c4"
        }, 
        {
            "file_md5sum": "35d459b9382f31142ee5b0405d25d2b6", 
            "file_name": "82aefe8e-c622-11e3-bf01-24c6515278c0.svcp_1-0-5.20150427.somatic.indel.vcf.gz.tbi", 
            "file_size": 1454679, 
            "object_id": "ffa6ee41-074b-5728-919c-ce1ec40a6757"
        }, 
        {
            "file_md5sum": "b2e7059951d6b5b629d7b21fffcb6fbe", 
            "file_name": "82aefe8e-c622-11e3-bf01-24c6515278c0.svcp_1-0-5.20150427.somatic.snv_mnv.tar.gz", 
            "file_size": 158285820, 
            "object_id": "742ab3e5-9b42-55e1-a316-0e42c6fe8ce1"
        }, 
        {
            "file_md5sum": "f5c159d9aa4932c5dfbbac4762219909", 
            "file_name": "82aefe8e-c622-11e3-bf01-24c6515278c0.svcp_1-0-5.20150427.somatic.cnv.tar.gz", 
            "file_size": 27091521, 
            "object_id": "02121e2e-951a-5e9e-9acf-f1edf22de0f0"
        }, 
        {
            "file_md5sum": "b2598fb8872c8f7b0fea739ac4200234", 
            "file_name": "82aefe8e-c622-11e3-bf01-24c6515278c0.svcp_1-0-5.20150427.somatic.sv.tar.gz", 
            "file_size": 11506131793, 
            "object_id": "a7d9ecbb-2be9-5fcf-8304-9dfc61f0eda4"
        }, 
        {
            "file_md5sum": "b96f496c4eb8ebb78940f0dadba0c6b4", 
            "file_name": "82aefe8e-c622-11e3-bf01-24c6515278c0.svcp_1-0-5.20150427.somatic.indel.tar.gz", 
            "file_size": 633086270,