{
    "_runs_": {
        "run_1449021626_519f2490-ff6f-49ec-8fcd-839b771e4407": {
            "downloading": {
                "gnos-download_time": 2781, 
                "start": 1449088634, 
                "stop": 1449091416, 
                "time": 2782
            }, 
            "uploading": {
                "copy_meta_time": 2, 
                "start": 1449091435, 
                "stop": 1449091661, 
                "time": 226, 
                "upload_time": 224
            }
        }, 
        "run_1449256082_1952fd1a-a01c-401b-a592-79b18b22a57e": {
            "downloading": {
                "4850d369-0508-4b4b-9fc2-ac942026cdc4.xml-download_time": 14, 
                "4850d369-0508-4b4b-9fc2-ac942026cdc4.xml-md5sum_time": 0, 
                "870e7aa5-a9c2-4c4e-afa8-36bb3bdc4eee.dkfz-copyNumberEstimation_1-0-189-hpc-fix.1508272051.somatic.cnv.tar.gz-download_time": 255, 
                "870e7aa5-a9c2-4c4e-afa8-36bb3bdc4eee.dkfz-copyNumberEstimation_1-0-189-hpc-fix.1508272051.somatic.cnv.tar.gz-md5sum_time": 20, 
                "870e7aa5-a9c2-4c4e-afa8-36bb3bdc4eee.dkfz-copyNumberEstimation_1-0-189-hpc-fix.1508272051.somatic.cnv.vcf.gz-download_time": 14, 
                "870e7aa5-a9c2-4c4e-afa8-36bb3bdc4eee.dkfz-copyNumberEstimation_1-0-189-hpc-fix.1508272051.somatic.cnv.vcf.gz-md5sum_time": 0, 
                "870e7aa5-a9c2-4c4e-afa8-36bb3bdc4eee.dkfz-copyNumberEstimation_1-0-189-hpc-fix.1508272051.somatic.cnv.vcf.gz.tbi-download_time": 14, 
                "870e7aa5-a9c2-4c4e-afa8-36bb3bdc4eee.dkfz-copyNumberEstimation_1-0-189-hpc-fix.1508272051.somatic.cnv.vcf.gz.tbi-md5sum_time": 0, 
                "870e7aa5-a9c2-4c4e-afa8-36bb3bdc4eee.dkfz-indelCalling_1-0-132-1.20150607.germline.indel.vcf.gz-download_time": 19, 
                "870e7aa5-a9c2-4c4e-afa8-36bb3bdc4eee.dkfz-indelCalling_1-0-132-1.20150607.germline.indel.vcf.gz-md5sum_time": 0, 
                "870e7aa5-a9c2-4c4e-afa8-36bb3bdc4eee.dkfz-indelCalling_1-0-132-1.20150607.germline.indel.vcf.gz.tbi-download_time": 15, 
                "870e7aa5-a9c2-4c4e-afa8-36bb3bdc4eee.dkfz-indelCalling_1-0-132-1.20150607.germline.indel.vcf.gz.tbi-md5sum_time": 0, 
                "870e7aa5-a9c2-4c4e-afa8-36bb3bdc4eee.dkfz-indelCalling_1-0-132-1.20150607.somatic.indel.tar.gz-download_time": 51, 
                "870e7aa5-a9c2-4c4e-afa8-36bb3bdc4eee.dkfz-indelCalling_1-0-132-1.20150607.somatic.indel.tar.gz-md5sum_time": 3, 
                "870e7aa5-a9c2-4c4e-afa8-36bb3bdc4eee.dkfz-indelCalling_1-0-132-1.20150607.somatic.indel.vcf.gz-download_time": 13, 
                "870e7aa5-a9c2-4c4e-afa8-36bb3bdc4eee.dkfz-indelCalling_1-0-132-1.20150607.somatic.indel.vcf.gz-md5sum_time": 0, 
                "870e7aa5-a9c2-4c4e-afa8-36bb3bdc4eee.dkfz-indelCalling_1-0-132-1.20150607.somatic.indel.vcf.gz.tbi-download_time": 14, 
                "870e7aa5-a9c2-4c4e-afa8-36bb3bdc4eee.dkfz-indelCalling_1-0-132-1.20150607.somatic.indel.vcf.gz.tbi-md5sum_time": 0, 
                "870e7aa5-a9c2-4c4e-afa8-36bb3bdc4eee.dkfz-snvCalling_1-0-132-1.20150607.germline.snv_mnv.vcf.gz-download_time": 19, 
                "870e7aa5-a9c2-4c4e-afa8-36bb3bdc4eee.dkfz-snvCalling_1-0-132-1.20150607.germline.snv_mnv.vcf.gz-md5sum_time": 1, 
                "870e7aa5-a9c2-4c4e-afa8-36bb3bdc4eee.dkfz-snvCalling_1-0-132-1.20150607.germline.snv_mnv.vcf.gz.tbi-download_time": 14, 
                "870e7aa5-a9c2-4c4e-afa8-36bb3bdc4eee.dkfz-snvCalling_1-0-132-1.20150607.germline.snv_mnv.vcf.gz.tbi-md5sum_time": 0, 
                "870e7aa5-a9c2-4c4e-afa8-36bb3bdc4eee.dkfz-snvCalling_1-0-132-1.20150607.somatic.snv_mnv.tar.gz-download_time": 73, 
                "870e7aa5-a9c2-4c4e-afa8-36bb3bdc4eee.dkfz-snvCalling_1-0-132-1.20150607.somatic.snv_mnv.tar.gz-md5sum_time": 4, 
                "870e7aa5-a9c2-4c4e-afa8-36bb3bdc4eee.dkfz-snvCalling_1-0-132-1.20150607.somatic.snv_mnv.vcf.gz-download_time": 14, 
                "870e7aa5-a9c2-4c4e-afa8-36bb3bdc4eee.dkfz-snvCalling_1-0-132-1.20150607.somatic.snv_mnv.vcf.gz-md5sum_time": 0, 
                "870e7aa5-a9c2-4c4e-afa8-36bb3bdc4eee.dkfz-snvCalling_1-0-132-1.20150607.somatic.snv_mnv.vcf.gz.tbi-download_time": 13, 
                "870e7aa5-a9c2-4c4e-afa8-36bb3bdc4eee.dkfz-snvCalling_1-0-132-1.20150607.somatic.snv_mnv.vcf.gz.tbi-md5sum_time": 0, 
                "870e7aa5-a9c2-4c4e-afa8-36bb3bdc4eee.embl-delly_1-0-0-preFilter.20150607.germline.sv.bedpe.txt.tar.gz-download_time": 13, 
                "870e7aa5-a9c2-4c4e-afa8-36bb3bdc4eee.embl-delly_1-0-0-preFilter.20150607.germline.sv.bedpe.txt.tar.gz-md5sum_time": 0, 
                "870e7aa5-a9c2-4c4e-afa8-36bb3bdc4eee.embl-delly_1-0-0-preFilter.20150607.germline.sv.readname.txt.tar.gz-download_time": 13, 
                "870e7aa5-a9c2-4c4e-afa8-36bb3bdc4eee.embl-delly_1-0-0-preFilter.20150607.germline.sv.readname.txt.tar.gz-md5sum_time": 0, 
                "870e7aa5-a9c2-4c4e-afa8-36bb3bdc4eee.embl-delly_1-0-0-preFilter.20150607.germline.sv.vcf.gz-download_time": 13, 
                "870e7aa5-a9c2-4c4e-afa8-36bb3bdc4eee.embl-delly_1-0-0-preFilter.20150607.germline.sv.vcf.gz-md5sum_time": 0, 
                "870e7aa5-a9c2-4c4e-afa8-36bb3bdc4eee.embl-delly_1-0-0-preFilter.20150607.germline.sv.vcf.gz.tbi-download_time": 14, 
                "870e7aa5-a9c2-4c4e-afa8-36bb3bdc4eee.embl-delly_1-0-0-preFilter.20150607.germline.sv.vcf.gz.tbi-md5sum_time": 0, 
                "870e7aa5-a9c2-4c4e-afa8-36bb3bdc4eee.embl-delly_1-0-0-preFilter.20150607.somatic.sv.bedpe.txt.tar.gz-download_time": 13, 
                "870e7aa5-a9c2-4c4e-afa8-36bb3bdc4eee.embl-delly_1-0-0-preFilter.20150607.somatic.sv.bedpe.txt.tar.gz-md5sum_time": 0, 
                "870e7aa5-a9c2-4c4e-afa8-36bb3bdc4eee.embl-delly_1-0-0-preFilter.20150607.somatic.sv.readname.txt.tar.gz-download_time": 13, 
                "870e7aa5-a9c2-4c4e-afa8-36bb3bdc4eee.embl-delly_1-0-0-preFilter.20150607.somatic.sv.readname.txt.tar.gz-md5sum_time": 0, 
                "870e7aa5-a9c2-4c4e-afa8-36bb3bdc4eee.embl-delly_1-0-0-preFilter.20150607.somatic.sv.vcf.gz-download_time": 14, 
                "870e7aa5-a9c2-4c4e-afa8-36bb3bdc4eee.embl-delly_1-0-0-preFilter.20150607.somatic.sv.vcf.gz-md5sum_time": 0, 
                "870e7aa5-a9c2-4c4e-afa8-36bb3bdc4eee.embl-delly_1-0-0-preFilter.20150607.somatic.sv.vcf.gz.tbi-download_time": 13, 
                "870e7aa5-a9c2-4c4e-afa8-36bb3bdc4eee.embl-delly_1-0-0-preFilter.20150607.somatic.sv.vcf.gz.tbi-md5sum_time": 0, 
                "870e7aa5-a9c2-4c4e-afa8-36bb3bdc4eee.embl-delly_1-0-0-preFilter.20150607.sv.cov.plots.tar.gz-download_time": 15, 
                "870e7aa5-a9c2-4c4e-afa8-36bb3bdc4eee.embl-delly_1-0-0-preFilter.20150607.sv.cov.plots.tar.gz-md5sum_time": 0, 
                "870e7aa5-a9c2-4c4e-afa8-36bb3bdc4eee.embl-delly_1-0-0-preFilter.20150607.sv.cov.tar.gz-download_time": 17, 
                "870e7aa5-a9c2-4c4e-afa8-36bb3bdc4eee.embl-delly_1-0-0-preFilter.20150607.sv.cov.tar.gz-md5sum_time": 1, 
                "870e7aa5-a9c2-4c4e-afa8-36bb3bdc4eee.embl-delly_1-0-0-preFilter.20150607.sv.vcf.gz-download_time": 12, 
                "870e7aa5-a9c2-4c4e-afa8-36bb3bdc4eee.embl-delly_1-0-0-preFilter.20150607.sv.vcf.gz-md5sum_time": 0, 
                "870e7aa5-a9c2-4c4e-afa8-36bb3bdc4eee.embl-delly_1-0-0-preFilter.20150607.sv.vcf.gz.tbi-download_time": 14, 
                "870e7aa5-a9c2-4c4e-afa8-36bb3bdc4eee.embl-delly_1-0-0-preFilter.20150607.sv.vcf.gz.tbi-md5sum_time": 0, 
                "start": 1449314332, 
                "stop": 1449315067, 
                "time": 735
            }
        }
    }, 
    "aliquot_id": null, 
    "available_repos": [
        {
            "https://gtrepo-dkfz.annailabs.com/": {
                "file_md5sum": "e69dfa32dcd08eaa0ffbd69358968047", 
                "file_size": 60304
            }
        }
    ], 
    "data_type": "Dkfz_embl-VCF", 
    "files": [
        {
            "file_md5sum": "d166fb09de8e0e9d19d0d8f0cad7b392",