{
    "_runs_": {
        "run_1449256362_f285340f-6a1e-4280-8af8-91051b7f471f": {
            "downloading": {
                "49f49b0e-6154-45c8-b74b-c2dfa35750f9.xml-download_time": 13, 
                "49f49b0e-6154-45c8-b74b-c2dfa35750f9.xml-md5sum_time": 0, 
                "fc992ff1-43ad-e8be-e040-11ac0c485cb5.svcp_1-0-4.20150212.somatic.binnedReadCounts.tar.gz-download_time": 21, 
                "fc992ff1-43ad-e8be-e040-11ac0c485cb5.svcp_1-0-4.20150212.somatic.binnedReadCounts.tar.gz-md5sum_time": 1, 
                "fc992ff1-43ad-e8be-e040-11ac0c485cb5.svcp_1-0-4.20150212.somatic.cnv.tar.gz-download_time": 16, 
                "fc992ff1-43ad-e8be-e040-11ac0c485cb5.svcp_1-0-4.20150212.somatic.cnv.tar.gz-md5sum_time": 0, 
                "fc992ff1-43ad-e8be-e040-11ac0c485cb5.svcp_1-0-4.20150212.somatic.cnv.vcf.gz-download_time": 12, 
                "fc992ff1-43ad-e8be-e040-11ac0c485cb5.svcp_1-0-4.20150212.somatic.cnv.vcf.gz-md5sum_time": 0, 
                "fc992ff1-43ad-e8be-e040-11ac0c485cb5.svcp_1-0-4.20150212.somatic.cnv.vcf.gz.tbi-download_time": 14, 
                "fc992ff1-43ad-e8be-e040-11ac0c485cb5.svcp_1-0-4.20150212.somatic.cnv.vcf.gz.tbi-md5sum_time": 0, 
                "fc992ff1-43ad-e8be-e040-11ac0c485cb5.svcp_1-0-4.20150212.somatic.genotype.tar.gz-download_time": 13, 
                "fc992ff1-43ad-e8be-e040-11ac0c485cb5.svcp_1-0-4.20150212.somatic.genotype.tar.gz-md5sum_time": 0, 
                "fc992ff1-43ad-e8be-e040-11ac0c485cb5.svcp_1-0-4.20150212.somatic.imputeCounts.tar.gz-download_time": 39, 
                "fc992ff1-43ad-e8be-e040-11ac0c485cb5.svcp_1-0-4.20150212.somatic.imputeCounts.tar.gz-md5sum_time": 2, 
                "fc992ff1-43ad-e8be-e040-11ac0c485cb5.svcp_1-0-4.20150212.somatic.indel.tar.gz-download_time": 71, 
                "fc992ff1-43ad-e8be-e040-11ac0c485cb5.svcp_1-0-4.20150212.somatic.indel.tar.gz-md5sum_time": 4, 
                "fc992ff1-43ad-e8be-e040-11ac0c485cb5.svcp_1-0-4.20150212.somatic.indel.vcf.gz-download_time": 18, 
                "fc992ff1-43ad-e8be-e040-11ac0c485cb5.svcp_1-0-4.20150212.somatic.indel.vcf.gz-md5sum_time": 0, 
                "fc992ff1-43ad-e8be-e040-11ac0c485cb5.svcp_1-0-4.20150212.somatic.indel.vcf.gz.tbi-download_time": 14, 
                "fc992ff1-43ad-e8be-e040-11ac0c485cb5.svcp_1-0-4.20150212.somatic.indel.vcf.gz.tbi-md5sum_time": 0, 
                "fc992ff1-43ad-e8be-e040-11ac0c485cb5.svcp_1-0-4.20150212.somatic.snv_mnv.tar.gz-download_time": 23, 
                "fc992ff1-43ad-e8be-e040-11ac0c485cb5.svcp_1-0-4.20150212.somatic.snv_mnv.tar.gz-md5sum_time": 1, 
                "fc992ff1-43ad-e8be-e040-11ac0c485cb5.svcp_1-0-4.20150212.somatic.snv_mnv.vcf.gz-download_time": 15, 
                "fc992ff1-43ad-e8be-e040-11ac0c485cb5.svcp_1-0-4.20150212.somatic.snv_mnv.vcf.gz-md5sum_time": 0, 
                "fc992ff1-43ad-e8be-e040-11ac0c485cb5.svcp_1-0-4.20150212.somatic.snv_mnv.vcf.gz.tbi-download_time": 14, 
                "fc992ff1-43ad-e8be-e040-11ac0c485cb5.svcp_1-0-4.20150212.somatic.snv_mnv.vcf.gz.tbi-md5sum_time": 0, 
                "fc992ff1-43ad-e8be-e040-11ac0c485cb5.svcp_1-0-4.20150212.somatic.sv.tar.gz-download_time": 607, 
                "fc992ff1-43ad-e8be-e040-11ac0c485cb5.svcp_1-0-4.20150212.somatic.sv.tar.gz-md5sum_time": 56, 
                "fc992ff1-43ad-e8be-e040-11ac0c485cb5.svcp_1-0-4.20150212.somatic.sv.vcf.gz-download_time": 13, 
                "fc992ff1-43ad-e8be-e040-11ac0c485cb5.svcp_1-0-4.20150212.somatic.sv.vcf.gz-md5sum_time": 0, 
                "fc992ff1-43ad-e8be-e040-11ac0c485cb5.svcp_1-0-4.20150212.somatic.sv.vcf.gz.tbi-download_time": 16, 
                "fc992ff1-43ad-e8be-e040-11ac0c485cb5.svcp_1-0-4.20150212.somatic.sv.vcf.gz.tbi-md5sum_time": 0, 
                "fc992ff1-43ad-e8be-e040-11ac0c485cb5.svcp_1-0-4.20150212.somatic.verifyBamId.tar.gz-download_time": 14, 
                "fc992ff1-43ad-e8be-e040-11ac0c485cb5.svcp_1-0-4.20150212.somatic.verifyBamId.tar.gz-md5sum_time": 0, 
                "start": 1449316727, 
                "stop": 1449317725, 
                "time": 998
            }
        }
    }, 
    "aliquot_id": null, 
    "available_repos": [
        {
            "https://gtrepo-bsc.annailabs.com/": {
                "file_md5sum": "9ecb7a9e8f391aa72d18c6fa9d0323fe", 
                "file_size": 68730
            }
        }
    ], 
    "data_type": "Sanger-VCF", 
    "files": [
        {
            "file_md5sum": "4773aee20bf59381d37b3e489595b5e1", 
            "file_name": "fc992ff1-43ad-e8be-e040-11ac0c485cb5.svcp_1-0-4.20150212.somatic.snv_mnv.vcf.gz", 
            "file_size": 3761560, 
            "object_id": "f78aa1e6-f025-55f0-bc74-452a8c767252"
        }, 
        {
            "file_md5sum": "b69dc593c8bd822cee6f3f69aff3e3b3", 
            "file_name": "fc992ff1-43ad-e8be-e040-11ac0c485cb5.svcp_1-0-4.20150212.somatic.snv_mnv.vcf.gz.tbi", 
            "file_size": 576121, 
            "object_id": "e70ceeb6-a12f-5fa7-9562-ea63373b8c7c"
        }, 
        {
            "file_md5sum": "391b13dd6579ff1a5617f68fc7e64523", 
            "file_name": "fc992ff1-43ad-e8be-e040-11ac0c485cb5.svcp_1-0-4.20150212.somatic.cnv.vcf.gz", 
            "file_size": 2004, 
            "object_id": "fe91bd7d-b260-5683-a03f-a567ea5584ea"
        }, 
        {
            "file_md5sum": "4fb53a9b741d7fffbc3e76bf7b029e4e", 
            "file_name": "fc992ff1-43ad-e8be-e040-11ac0c485cb5.svcp_1-0-4.20150212.somatic.cnv.vcf.gz.tbi", 
            "file_size": 4196, 
            "object_id": "06825ee9-7c49-55b2-a7ef-363641656659"
        }, 
        {
            "file_md5sum": "b7fc8b28fc3880b6481285150db959f1", 
            "file_name": "fc992ff1-43ad-e8be-e040-11ac0c485cb5.svcp_1-0-4.20150212.somatic.sv.vcf.gz", 
            "file_size": 88545, 
            "object_id": "7011d725-d6f3-5075-ac1a-a8ca6a57f952"
        }, 
        {
            "file_md5sum": "aa6a404082aee39c59bff4129dc793b1", 
            "file_name": "fc992ff1-43ad-e8be-e040-11ac0c485cb5.svcp_1-0-4.20150212.somatic.sv.vcf.gz.tbi", 
            "file_size": 4100, 
            "object_id": "3012327a-27a4-50cf-bd0a-93539a352886"
        }, 
        {
            "file_md5sum": "e5291a8a5f96e74b2c71103dd0b6f92e", 
            "file_name": "fc992ff1-43ad-e8be-e040-11ac0c485cb5.svcp_1-0-4.20150212.somatic.indel.vcf.gz", 
            "file_size": 71731521, 
            "object_id": "018aeaa3-861f-5538-abb5-f3c2e5b0bc5b"
        }, 
        {
            "file_md5sum": "0b8ec37fdf56a26e96f53e584045eae2", 
            "file_name": "fc992ff1-43ad-e8be-e040-11ac0c485cb5.svcp_1-0-4.20150212.somatic.indel.vcf.gz.tbi", 
            "file_size": 1567183, 
            "object_id": "9f3bdaf9-fd1a-59fe-bd42-c3dc2de8de78"
        }, 
        {
            "file_md5sum": "7091db580f8e934a23e7561d71e45144", 
            "file_name": "fc992ff1-43ad-e8be-e040-11ac0c485cb5.svcp_1-0-4.20150212.somatic.snv_mnv.tar.gz", 
            "file_size": 181162048, 
            "object_id": "fb45cd0d-7bb7-51f9-a36f-a3bd3248018d"
        }, 
        {
            "file_md5sum": "b87d4d88a12563100a78befe88e2f6d8", 
            "file_name": "fc992ff1-43ad-e8be-e040-11ac0c485cb5.svcp_1-0-4.20150212.somatic.cnv.tar.gz", 
            "file_size": 26628065, 
            "object_id": "9b7aa1ed-5b51-5c10-8c6f-e55eb3e45eb5"
        }, 
        {
            "file_md5sum": "3e2193a31c589a98efb5d2e22c3ed0ad", 
            "file_name": "fc992ff1-43ad-e8be-e040-11ac0c485cb5.svcp_1-0-4.20150212.somatic.sv.tar.gz", 
            "file_size": 8142950166, 
            "object_id": "ad003e76-82c5-53f0-b601-1d1165c65f85"
        }, 
        {
            "file_md5sum": "5937fc5789bc3c8a8ceac3c003179b4e", 
            "file_name": "fc992ff1-43ad-e8be-e040-11ac0c485cb5.svcp_1-0-4.20150212.somatic.indel.tar.gz", 
            "file_size": 1017157562,