{
    "_runs_": {
        "run_1449001000_1cdb0908-2bfb-4a61-9e53-3f924af793f4": {
            "downloading": {
                "gnos-download_time": 306, 
                "start": 1449026579, 
                "stop": 1449026885, 
                "time": 306
            }, 
            "uploading": {
                "copy_meta_time": 1, 
                "start": 1449026902, 
                "stop": 1449027087, 
                "time": 185, 
                "upload_time": 183
            }
        }, 
        "run_1449256221_15605ad1-8eea-4587-8164-de277ca95282": {
            "downloading": {
                "19cd4360-8392-4bc2-ae88-fdc1335d886b.svcp_1-0-4.20150130.somatic.binnedReadCounts.tar.gz-download_time": 21, 
                "19cd4360-8392-4bc2-ae88-fdc1335d886b.svcp_1-0-4.20150130.somatic.binnedReadCounts.tar.gz-md5sum_time": 0, 
                "19cd4360-8392-4bc2-ae88-fdc1335d886b.svcp_1-0-4.20150130.somatic.cnv.tar.gz-download_time": 16, 
                "19cd4360-8392-4bc2-ae88-fdc1335d886b.svcp_1-0-4.20150130.somatic.cnv.tar.gz-md5sum_time": 0, 
                "19cd4360-8392-4bc2-ae88-fdc1335d886b.svcp_1-0-4.20150130.somatic.cnv.vcf.gz-download_time": 14, 
                "19cd4360-8392-4bc2-ae88-fdc1335d886b.svcp_1-0-4.20150130.somatic.cnv.vcf.gz-md5sum_time": 0, 
                "19cd4360-8392-4bc2-ae88-fdc1335d886b.svcp_1-0-4.20150130.somatic.cnv.vcf.gz.tbi-download_time": 14, 
                "19cd4360-8392-4bc2-ae88-fdc1335d886b.svcp_1-0-4.20150130.somatic.cnv.vcf.gz.tbi-md5sum_time": 0, 
                "19cd4360-8392-4bc2-ae88-fdc1335d886b.svcp_1-0-4.20150130.somatic.genotype.tar.gz-download_time": 14, 
                "19cd4360-8392-4bc2-ae88-fdc1335d886b.svcp_1-0-4.20150130.somatic.genotype.tar.gz-md5sum_time": 0, 
                "19cd4360-8392-4bc2-ae88-fdc1335d886b.svcp_1-0-4.20150130.somatic.imputeCounts.tar.gz-download_time": 44, 
                "19cd4360-8392-4bc2-ae88-fdc1335d886b.svcp_1-0-4.20150130.somatic.imputeCounts.tar.gz-md5sum_time": 2, 
                "19cd4360-8392-4bc2-ae88-fdc1335d886b.svcp_1-0-4.20150130.somatic.indel.tar.gz-download_time": 49, 
                "19cd4360-8392-4bc2-ae88-fdc1335d886b.svcp_1-0-4.20150130.somatic.indel.tar.gz-md5sum_time": 2, 
                "19cd4360-8392-4bc2-ae88-fdc1335d886b.svcp_1-0-4.20150130.somatic.indel.vcf.gz-download_time": 17, 
                "19cd4360-8392-4bc2-ae88-fdc1335d886b.svcp_1-0-4.20150130.somatic.indel.vcf.gz-md5sum_time": 0, 
                "19cd4360-8392-4bc2-ae88-fdc1335d886b.svcp_1-0-4.20150130.somatic.indel.vcf.gz.tbi-download_time": 15, 
                "19cd4360-8392-4bc2-ae88-fdc1335d886b.svcp_1-0-4.20150130.somatic.indel.vcf.gz.tbi-md5sum_time": 0, 
                "19cd4360-8392-4bc2-ae88-fdc1335d886b.svcp_1-0-4.20150130.somatic.snv_mnv.tar.gz-download_time": 24, 
                "19cd4360-8392-4bc2-ae88-fdc1335d886b.svcp_1-0-4.20150130.somatic.snv_mnv.tar.gz-md5sum_time": 1, 
                "19cd4360-8392-4bc2-ae88-fdc1335d886b.svcp_1-0-4.20150130.somatic.snv_mnv.vcf.gz-download_time": 14, 
                "19cd4360-8392-4bc2-ae88-fdc1335d886b.svcp_1-0-4.20150130.somatic.snv_mnv.vcf.gz-md5sum_time": 0, 
                "19cd4360-8392-4bc2-ae88-fdc1335d886b.svcp_1-0-4.20150130.somatic.snv_mnv.vcf.gz.tbi-download_time": 15, 
                "19cd4360-8392-4bc2-ae88-fdc1335d886b.svcp_1-0-4.20150130.somatic.snv_mnv.vcf.gz.tbi-md5sum_time": 0, 
                "19cd4360-8392-4bc2-ae88-fdc1335d886b.svcp_1-0-4.20150130.somatic.sv.tar.gz-download_time": 212, 
                "19cd4360-8392-4bc2-ae88-fdc1335d886b.svcp_1-0-4.20150130.somatic.sv.tar.gz-md5sum_time": 16, 
                "19cd4360-8392-4bc2-ae88-fdc1335d886b.svcp_1-0-4.20150130.somatic.sv.vcf.gz-download_time": 15, 
                "19cd4360-8392-4bc2-ae88-fdc1335d886b.svcp_1-0-4.20150130.somatic.sv.vcf.gz-md5sum_time": 0, 
                "19cd4360-8392-4bc2-ae88-fdc1335d886b.svcp_1-0-4.20150130.somatic.sv.vcf.gz.tbi-download_time": 13, 
                "19cd4360-8392-4bc2-ae88-fdc1335d886b.svcp_1-0-4.20150130.somatic.sv.vcf.gz.tbi-md5sum_time": 0, 
                "19cd4360-8392-4bc2-ae88-fdc1335d886b.svcp_1-0-4.20150130.somatic.verifyBamId.tar.gz-download_time": 14, 
                "19cd4360-8392-4bc2-ae88-fdc1335d886b.svcp_1-0-4.20150130.somatic.verifyBamId.tar.gz-md5sum_time": 0, 
                "4b762a41-c9fb-4f6a-83aa-2da8343640bc.xml-download_time": 14, 
                "4b762a41-c9fb-4f6a-83aa-2da8343640bc.xml-md5sum_time": 0, 
                "start": 1449318101, 
                "stop": 1449318647, 
                "time": 546
            }
        }
    }, 
    "aliquot_id": null, 
    "available_repos": [
        {
            "https://gtrepo-bsc.annailabs.com/": {
                "file_md5sum": "059e65e2cb2a736b29389e3bd838f4e1", 
                "file_size": 72570
            }
        }
    ], 
    "data_type": "Sanger-VCF", 
    "files": [
        {
            "file_md5sum": "b35018f882cd2e44c351399ef9e4492a", 
            "file_name": "19cd4360-8392-4bc2-ae88-fdc1335d886b.svcp_1-0-4.20150130.somatic.snv_mnv.vcf.gz", 
            "file_size": 1135754, 
            "object_id": "d06364c6-a9b0-5c39-8ddb-a2a355458a69"
        }, 
        {
            "file_md5sum": "d14f08ae9d5c7589bd92c2bb17c14fb6", 
            "file_name": "19cd4360-8392-4bc2-ae88-fdc1335d886b.svcp_1-0-4.20150130.somatic.snv_mnv.vcf.gz.tbi", 
            "file_size": 243507, 
            "object_id": "45725a8c-cb6e-5a4b-81f4-c9a5e6433460"
        }, 
        {
            "file_md5sum": "beed07777c7dfa6d20079feb752bfe55", 
            "file_name": "19cd4360-8392-4bc2-ae88-fdc1335d886b.svcp_1-0-4.20150130.somatic.cnv.vcf.gz", 
            "file_size": 2097, 
            "object_id": "f7f136ef-9566-58a7-b3ef-e03c59cdbc21"
        }, 
        {
            "file_md5sum": "ce4b8c9dc5a3500c7bee0812f4499d7e", 
            "file_name": "19cd4360-8392-4bc2-ae88-fdc1335d886b.svcp_1-0-4.20150130.somatic.cnv.vcf.gz.tbi", 
            "file_size": 4281, 
            "object_id": "e98a7da1-20fe-5618-8228-d231531fabaa"
        }, 
        {
            "file_md5sum": "6ca2ff862343ed8908c8f411594e84d9", 
            "file_name": "19cd4360-8392-4bc2-ae88-fdc1335d886b.svcp_1-0-4.20150130.somatic.sv.vcf.gz", 
            "file_size": 4964, 
            "object_id": "e627b67e-4cd7-59c2-a547-72e0ab2f15fc"
        }, 
        {
            "file_md5sum": "d4096f6cca94fda65e9faf94f7e7e4ba", 
            "file_name": "19cd4360-8392-4bc2-ae88-fdc1335d886b.svcp_1-0-4.20150130.somatic.sv.vcf.gz.tbi", 
            "file_size": 1279, 
            "object_id": "a606dfec-411e-57c9-9453-fce205477b44"
        }, 
        {
            "file_md5sum": "9b024227681ab1b8e5185575d870d84d", 
            "file_name": "19cd4360-8392-4bc2-ae88-fdc1335d886b.svcp_1-0-4.20150130.somatic.indel.vcf.gz", 
            "file_size": 45011886, 
            "object_id": "91a88b04-d39a-55f5-9416-61a147c290c3"
        }, 
        {
            "file_md5sum": "3f2ab5a163b74de9f3904c3af3e8f10b", 
            "file_name": "19cd4360-8392-4bc2-ae88-fdc1335d886b.svcp_1-0-4.20150130.somatic.indel.vcf.gz.tbi", 
            "file_size": 1453949, 
            "object_id": "c4f0197a-63ca-502c-b961-b5628fbf6806"
        }, 
        {
            "file_md5sum": "4d1452e4a7f1c9a6de21adc662a64df9", 
            "file_name": "19cd4360-8392-4bc2-ae88-fdc1335d886b.svcp_1-0-4.20150130.somatic.snv_mnv.tar.gz", 
            "file_size": 162279777, 
            "object_id": "b69e126d-1285-5d26-b522-e4d6e63ce439"
        }, 
        {
            "file_md5sum": "c0ccfee58f8ce293369cc3e93261dba9", 
            "file_name": "19cd4360-8392-4bc2-ae88-fdc1335d886b.svcp_1-0-4.20150130.somatic.cnv.tar.gz", 
            "file_size": 27144454, 
            "object_id": "139d8c7c-b770-5db4-8970-80b480ca3327"
        }, 
        {
            "file_md5sum": "ec27d8c27ad3d935b9c4468620775442",