{
    "_runs_": {
        "run_1449021626_519f2490-ff6f-49ec-8fcd-839b771e4407": {
            "downloading": {
                "gnos-download_time": 334, 
                "start": 1449121104, 
                "stop": 1449121439, 
                "time": 335
            }, 
            "uploading": {
                "copy_meta_time": 2, 
                "start": 1449121467, 
                "stop": 1449121695, 
                "time": 228, 
                "upload_time": 226
            }
        }, 
        "run_1449256150_30778ae0-aac1-42f3-87c3-490a453045cd": {
            "downloading": {
                "4efbdd01-9d38-4cdc-ac6e-e8d7e5262d26.xml-download_time": 12, 
                "4efbdd01-9d38-4cdc-ac6e-e8d7e5262d26.xml-md5sum_time": 0, 
                "b4e5626b-44fe-4cdb-a7d5-42028e0dbc4d.dkfz-copyNumberEstimation_1-0-189-hpc-fix.1508271716.somatic.cnv.tar.gz-download_time": 264, 
                "b4e5626b-44fe-4cdb-a7d5-42028e0dbc4d.dkfz-copyNumberEstimation_1-0-189-hpc-fix.1508271716.somatic.cnv.tar.gz-md5sum_time": 23, 
                "b4e5626b-44fe-4cdb-a7d5-42028e0dbc4d.dkfz-copyNumberEstimation_1-0-189-hpc-fix.1508271716.somatic.cnv.vcf.gz-download_time": 13, 
                "b4e5626b-44fe-4cdb-a7d5-42028e0dbc4d.dkfz-copyNumberEstimation_1-0-189-hpc-fix.1508271716.somatic.cnv.vcf.gz-md5sum_time": 0, 
                "b4e5626b-44fe-4cdb-a7d5-42028e0dbc4d.dkfz-copyNumberEstimation_1-0-189-hpc-fix.1508271716.somatic.cnv.vcf.gz.tbi-download_time": 12, 
                "b4e5626b-44fe-4cdb-a7d5-42028e0dbc4d.dkfz-copyNumberEstimation_1-0-189-hpc-fix.1508271716.somatic.cnv.vcf.gz.tbi-md5sum_time": 0, 
                "b4e5626b-44fe-4cdb-a7d5-42028e0dbc4d.dkfz-indelCalling_1-0-132-1.20150705.germline.indel.vcf.gz-download_time": 18, 
                "b4e5626b-44fe-4cdb-a7d5-42028e0dbc4d.dkfz-indelCalling_1-0-132-1.20150705.germline.indel.vcf.gz-md5sum_time": 1, 
                "b4e5626b-44fe-4cdb-a7d5-42028e0dbc4d.dkfz-indelCalling_1-0-132-1.20150705.germline.indel.vcf.gz.tbi-download_time": 13, 
                "b4e5626b-44fe-4cdb-a7d5-42028e0dbc4d.dkfz-indelCalling_1-0-132-1.20150705.germline.indel.vcf.gz.tbi-md5sum_time": 0, 
                "b4e5626b-44fe-4cdb-a7d5-42028e0dbc4d.dkfz-indelCalling_1-0-132-1.20150705.somatic.indel.tar.gz-download_time": 48, 
                "b4e5626b-44fe-4cdb-a7d5-42028e0dbc4d.dkfz-indelCalling_1-0-132-1.20150705.somatic.indel.tar.gz-md5sum_time": 2, 
                "b4e5626b-44fe-4cdb-a7d5-42028e0dbc4d.dkfz-indelCalling_1-0-132-1.20150705.somatic.indel.vcf.gz-download_time": 12, 
                "b4e5626b-44fe-4cdb-a7d5-42028e0dbc4d.dkfz-indelCalling_1-0-132-1.20150705.somatic.indel.vcf.gz-md5sum_time": 1, 
                "b4e5626b-44fe-4cdb-a7d5-42028e0dbc4d.dkfz-indelCalling_1-0-132-1.20150705.somatic.indel.vcf.gz.tbi-download_time": 12, 
                "b4e5626b-44fe-4cdb-a7d5-42028e0dbc4d.dkfz-indelCalling_1-0-132-1.20150705.somatic.indel.vcf.gz.tbi-md5sum_time": 0, 
                "b4e5626b-44fe-4cdb-a7d5-42028e0dbc4d.dkfz-snvCalling_1-0-132-1.20150705.germline.snv_mnv.vcf.gz-download_time": 20, 
                "b4e5626b-44fe-4cdb-a7d5-42028e0dbc4d.dkfz-snvCalling_1-0-132-1.20150705.germline.snv_mnv.vcf.gz-md5sum_time": 0, 
                "b4e5626b-44fe-4cdb-a7d5-42028e0dbc4d.dkfz-snvCalling_1-0-132-1.20150705.germline.snv_mnv.vcf.gz.tbi-download_time": 14, 
                "b4e5626b-44fe-4cdb-a7d5-42028e0dbc4d.dkfz-snvCalling_1-0-132-1.20150705.germline.snv_mnv.vcf.gz.tbi-md5sum_time": 0, 
                "b4e5626b-44fe-4cdb-a7d5-42028e0dbc4d.dkfz-snvCalling_1-0-132-1.20150705.somatic.snv_mnv.tar.gz-download_time": 70, 
                "b4e5626b-44fe-4cdb-a7d5-42028e0dbc4d.dkfz-snvCalling_1-0-132-1.20150705.somatic.snv_mnv.tar.gz-md5sum_time": 4, 
                "b4e5626b-44fe-4cdb-a7d5-42028e0dbc4d.dkfz-snvCalling_1-0-132-1.20150705.somatic.snv_mnv.vcf.gz-download_time": 12, 
                "b4e5626b-44fe-4cdb-a7d5-42028e0dbc4d.dkfz-snvCalling_1-0-132-1.20150705.somatic.snv_mnv.vcf.gz-md5sum_time": 0, 
                "b4e5626b-44fe-4cdb-a7d5-42028e0dbc4d.dkfz-snvCalling_1-0-132-1.20150705.somatic.snv_mnv.vcf.gz.tbi-download_time": 13, 
                "b4e5626b-44fe-4cdb-a7d5-42028e0dbc4d.dkfz-snvCalling_1-0-132-1.20150705.somatic.snv_mnv.vcf.gz.tbi-md5sum_time": 0, 
                "b4e5626b-44fe-4cdb-a7d5-42028e0dbc4d.embl-delly_1-0-0-preFilter.20150705.germline.sv.bedpe.txt.tar.gz-download_time": 12, 
                "b4e5626b-44fe-4cdb-a7d5-42028e0dbc4d.embl-delly_1-0-0-preFilter.20150705.germline.sv.bedpe.txt.tar.gz-md5sum_time": 0, 
                "b4e5626b-44fe-4cdb-a7d5-42028e0dbc4d.embl-delly_1-0-0-preFilter.20150705.germline.sv.readname.txt.tar.gz-download_time": 13, 
                "b4e5626b-44fe-4cdb-a7d5-42028e0dbc4d.embl-delly_1-0-0-preFilter.20150705.germline.sv.readname.txt.tar.gz-md5sum_time": 0, 
                "b4e5626b-44fe-4cdb-a7d5-42028e0dbc4d.embl-delly_1-0-0-preFilter.20150705.germline.sv.vcf.gz-download_time": 13, 
                "b4e5626b-44fe-4cdb-a7d5-42028e0dbc4d.embl-delly_1-0-0-preFilter.20150705.germline.sv.vcf.gz-md5sum_time": 0, 
                "b4e5626b-44fe-4cdb-a7d5-42028e0dbc4d.embl-delly_1-0-0-preFilter.20150705.germline.sv.vcf.gz.tbi-download_time": 12, 
                "b4e5626b-44fe-4cdb-a7d5-42028e0dbc4d.embl-delly_1-0-0-preFilter.20150705.germline.sv.vcf.gz.tbi-md5sum_time": 0, 
                "b4e5626b-44fe-4cdb-a7d5-42028e0dbc4d.embl-delly_1-0-0-preFilter.20150705.somatic.sv.bedpe.txt.tar.gz-download_time": 12, 
                "b4e5626b-44fe-4cdb-a7d5-42028e0dbc4d.embl-delly_1-0-0-preFilter.20150705.somatic.sv.bedpe.txt.tar.gz-md5sum_time": 0, 
                "b4e5626b-44fe-4cdb-a7d5-42028e0dbc4d.embl-delly_1-0-0-preFilter.20150705.somatic.sv.readname.txt.tar.gz-download_time": 12, 
                "b4e5626b-44fe-4cdb-a7d5-42028e0dbc4d.embl-delly_1-0-0-preFilter.20150705.somatic.sv.readname.txt.tar.gz-md5sum_time": 0, 
                "b4e5626b-44fe-4cdb-a7d5-42028e0dbc4d.embl-delly_1-0-0-preFilter.20150705.somatic.sv.vcf.gz-download_time": 13, 
                "b4e5626b-44fe-4cdb-a7d5-42028e0dbc4d.embl-delly_1-0-0-preFilter.20150705.somatic.sv.vcf.gz-md5sum_time": 0, 
                "b4e5626b-44fe-4cdb-a7d5-42028e0dbc4d.embl-delly_1-0-0-preFilter.20150705.somatic.sv.vcf.gz.tbi-download_time": 12, 
                "b4e5626b-44fe-4cdb-a7d5-42028e0dbc4d.embl-delly_1-0-0-preFilter.20150705.somatic.sv.vcf.gz.tbi-md5sum_time": 0, 
                "b4e5626b-44fe-4cdb-a7d5-42028e0dbc4d.embl-delly_1-0-0-preFilter.20150705.sv.cov.plots.tar.gz-download_time": 14, 
                "b4e5626b-44fe-4cdb-a7d5-42028e0dbc4d.embl-delly_1-0-0-preFilter.20150705.sv.cov.plots.tar.gz-md5sum_time": 0, 
                "b4e5626b-44fe-4cdb-a7d5-42028e0dbc4d.embl-delly_1-0-0-preFilter.20150705.sv.cov.tar.gz-download_time": 17, 
                "b4e5626b-44fe-4cdb-a7d5-42028e0dbc4d.embl-delly_1-0-0-preFilter.20150705.sv.cov.tar.gz-md5sum_time": 0, 
                "b4e5626b-44fe-4cdb-a7d5-42028e0dbc4d.embl-delly_1-0-0-preFilter.20150705.sv.vcf.gz-download_time": 13, 
                "b4e5626b-44fe-4cdb-a7d5-42028e0dbc4d.embl-delly_1-0-0-preFilter.20150705.sv.vcf.gz-md5sum_time": 0, 
                "b4e5626b-44fe-4cdb-a7d5-42028e0dbc4d.embl-delly_1-0-0-preFilter.20150705.sv.vcf.gz.tbi-download_time": 12, 
                "b4e5626b-44fe-4cdb-a7d5-42028e0dbc4d.embl-delly_1-0-0-preFilter.20150705.sv.vcf.gz.tbi-md5sum_time": 0, 
                "start": 1449321140, 
                "stop": 1449321860, 
                "time": 720
            }
        }
    }, 
    "aliquot_id": null, 
    "available_repos": [
        {
            "https://gtrepo-dkfz.annailabs.com/": {
                "file_md5sum": "39ea7a582738afb7be3b19dc77f4e040", 
                "file_size": 58699
            }
        }
    ], 
    "data_type": "Dkfz_embl-VCF", 
    "files": [
        {
            "file_md5sum": "0a086dfe9e254f932c9a8a928c89bc79",