{
    "_runs_": {
        "run_1449256150_30778ae0-aac1-42f3-87c3-490a453045cd": {
            "downloading": {
                "63b12826-db66-42d8-885f-1720a43fb099.xml-download_time": 13, 
                "63b12826-db66-42d8-885f-1720a43fb099.xml-md5sum_time": 0, 
                "f8e61a02-654c-c226-e040-11ac0d481b60.svcp_1-0-4.20150202.somatic.binnedReadCounts.tar.gz-download_time": 19, 
                "f8e61a02-654c-c226-e040-11ac0d481b60.svcp_1-0-4.20150202.somatic.binnedReadCounts.tar.gz-md5sum_time": 0, 
                "f8e61a02-654c-c226-e040-11ac0d481b60.svcp_1-0-4.20150202.somatic.cnv.tar.gz-download_time": 16, 
                "f8e61a02-654c-c226-e040-11ac0d481b60.svcp_1-0-4.20150202.somatic.cnv.tar.gz-md5sum_time": 0, 
                "f8e61a02-654c-c226-e040-11ac0d481b60.svcp_1-0-4.20150202.somatic.cnv.vcf.gz-download_time": 12, 
                "f8e61a02-654c-c226-e040-11ac0d481b60.svcp_1-0-4.20150202.somatic.cnv.vcf.gz-md5sum_time": 0, 
                "f8e61a02-654c-c226-e040-11ac0d481b60.svcp_1-0-4.20150202.somatic.cnv.vcf.gz.tbi-download_time": 12, 
                "f8e61a02-654c-c226-e040-11ac0d481b60.svcp_1-0-4.20150202.somatic.cnv.vcf.gz.tbi-md5sum_time": 0, 
                "f8e61a02-654c-c226-e040-11ac0d481b60.svcp_1-0-4.20150202.somatic.genotype.tar.gz-download_time": 12, 
                "f8e61a02-654c-c226-e040-11ac0d481b60.svcp_1-0-4.20150202.somatic.genotype.tar.gz-md5sum_time": 0, 
                "f8e61a02-654c-c226-e040-11ac0d481b60.svcp_1-0-4.20150202.somatic.imputeCounts.tar.gz-download_time": 39, 
                "f8e61a02-654c-c226-e040-11ac0d481b60.svcp_1-0-4.20150202.somatic.imputeCounts.tar.gz-md5sum_time": 2, 
                "f8e61a02-654c-c226-e040-11ac0d481b60.svcp_1-0-4.20150202.somatic.indel.tar.gz-download_time": 49, 
                "f8e61a02-654c-c226-e040-11ac0d481b60.svcp_1-0-4.20150202.somatic.indel.tar.gz-md5sum_time": 3, 
                "f8e61a02-654c-c226-e040-11ac0d481b60.svcp_1-0-4.20150202.somatic.indel.vcf.gz-download_time": 15, 
                "f8e61a02-654c-c226-e040-11ac0d481b60.svcp_1-0-4.20150202.somatic.indel.vcf.gz-md5sum_time": 0, 
                "f8e61a02-654c-c226-e040-11ac0d481b60.svcp_1-0-4.20150202.somatic.indel.vcf.gz.tbi-download_time": 12, 
                "f8e61a02-654c-c226-e040-11ac0d481b60.svcp_1-0-4.20150202.somatic.indel.vcf.gz.tbi-md5sum_time": 0, 
                "f8e61a02-654c-c226-e040-11ac0d481b60.svcp_1-0-4.20150202.somatic.snv_mnv.tar.gz-download_time": 23, 
                "f8e61a02-654c-c226-e040-11ac0d481b60.svcp_1-0-4.20150202.somatic.snv_mnv.tar.gz-md5sum_time": 1, 
                "f8e61a02-654c-c226-e040-11ac0d481b60.svcp_1-0-4.20150202.somatic.snv_mnv.vcf.gz-download_time": 13, 
                "f8e61a02-654c-c226-e040-11ac0d481b60.svcp_1-0-4.20150202.somatic.snv_mnv.vcf.gz-md5sum_time": 0, 
                "f8e61a02-654c-c226-e040-11ac0d481b60.svcp_1-0-4.20150202.somatic.snv_mnv.vcf.gz.tbi-download_time": 13, 
                "f8e61a02-654c-c226-e040-11ac0d481b60.svcp_1-0-4.20150202.somatic.snv_mnv.vcf.gz.tbi-md5sum_time": 0, 
                "f8e61a02-654c-c226-e040-11ac0d481b60.svcp_1-0-4.20150202.somatic.sv.tar.gz-download_time": 361, 
                "f8e61a02-654c-c226-e040-11ac0d481b60.svcp_1-0-4.20150202.somatic.sv.tar.gz-md5sum_time": 50, 
                "f8e61a02-654c-c226-e040-11ac0d481b60.svcp_1-0-4.20150202.somatic.sv.vcf.gz-download_time": 12, 
                "f8e61a02-654c-c226-e040-11ac0d481b60.svcp_1-0-4.20150202.somatic.sv.vcf.gz-md5sum_time": 0, 
                "f8e61a02-654c-c226-e040-11ac0d481b60.svcp_1-0-4.20150202.somatic.sv.vcf.gz.tbi-download_time": 11, 
                "f8e61a02-654c-c226-e040-11ac0d481b60.svcp_1-0-4.20150202.somatic.sv.vcf.gz.tbi-md5sum_time": 0, 
                "f8e61a02-654c-c226-e040-11ac0d481b60.svcp_1-0-4.20150202.somatic.verifyBamId.tar.gz-download_time": 13, 
                "f8e61a02-654c-c226-e040-11ac0d481b60.svcp_1-0-4.20150202.somatic.verifyBamId.tar.gz-md5sum_time": 0, 
                "f93abbbf-5e13-9b85-e040-11ac0d485718.svcp_1-0-4.20150202.somatic.binnedReadCounts.tar.gz-download_time": 20, 
                "f93abbbf-5e13-9b85-e040-11ac0d485718.svcp_1-0-4.20150202.somatic.binnedReadCounts.tar.gz-md5sum_time": 0, 
                "f93abbbf-5e13-9b85-e040-11ac0d485718.svcp_1-0-4.20150202.somatic.cnv.tar.gz-download_time": 14, 
                "f93abbbf-5e13-9b85-e040-11ac0d485718.svcp_1-0-4.20150202.somatic.cnv.tar.gz-md5sum_time": 0, 
                "f93abbbf-5e13-9b85-e040-11ac0d485718.svcp_1-0-4.20150202.somatic.cnv.vcf.gz-download_time": 12, 
                "f93abbbf-5e13-9b85-e040-11ac0d485718.svcp_1-0-4.20150202.somatic.cnv.vcf.gz-md5sum_time": 0, 
                "f93abbbf-5e13-9b85-e040-11ac0d485718.svcp_1-0-4.20150202.somatic.cnv.vcf.gz.tbi-download_time": 13, 
                "f93abbbf-5e13-9b85-e040-11ac0d485718.svcp_1-0-4.20150202.somatic.cnv.vcf.gz.tbi-md5sum_time": 0, 
                "f93abbbf-5e13-9b85-e040-11ac0d485718.svcp_1-0-4.20150202.somatic.genotype.tar.gz-download_time": 12, 
                "f93abbbf-5e13-9b85-e040-11ac0d485718.svcp_1-0-4.20150202.somatic.genotype.tar.gz-md5sum_time": 0, 
                "f93abbbf-5e13-9b85-e040-11ac0d485718.svcp_1-0-4.20150202.somatic.imputeCounts.tar.gz-download_time": 39, 
                "f93abbbf-5e13-9b85-e040-11ac0d485718.svcp_1-0-4.20150202.somatic.imputeCounts.tar.gz-md5sum_time": 1, 
                "f93abbbf-5e13-9b85-e040-11ac0d485718.svcp_1-0-4.20150202.somatic.indel.tar.gz-download_time": 55, 
                "f93abbbf-5e13-9b85-e040-11ac0d485718.svcp_1-0-4.20150202.somatic.indel.tar.gz-md5sum_time": 3, 
                "f93abbbf-5e13-9b85-e040-11ac0d485718.svcp_1-0-4.20150202.somatic.indel.vcf.gz-download_time": 17, 
                "f93abbbf-5e13-9b85-e040-11ac0d485718.svcp_1-0-4.20150202.somatic.indel.vcf.gz-md5sum_time": 0, 
                "f93abbbf-5e13-9b85-e040-11ac0d485718.svcp_1-0-4.20150202.somatic.indel.vcf.gz.tbi-download_time": 12, 
                "f93abbbf-5e13-9b85-e040-11ac0d485718.svcp_1-0-4.20150202.somatic.indel.vcf.gz.tbi-md5sum_time": 0, 
                "f93abbbf-5e13-9b85-e040-11ac0d485718.svcp_1-0-4.20150202.somatic.snv_mnv.tar.gz-download_time": 24, 
                "f93abbbf-5e13-9b85-e040-11ac0d485718.svcp_1-0-4.20150202.somatic.snv_mnv.tar.gz-md5sum_time": 0, 
                "f93abbbf-5e13-9b85-e040-11ac0d485718.svcp_1-0-4.20150202.somatic.snv_mnv.vcf.gz-download_time": 12, 
                "f93abbbf-5e13-9b85-e040-11ac0d485718.svcp_1-0-4.20150202.somatic.snv_mnv.vcf.gz-md5sum_time": 1, 
                "f93abbbf-5e13-9b85-e040-11ac0d485718.svcp_1-0-4.20150202.somatic.snv_mnv.vcf.gz.tbi-download_time": 12, 
                "f93abbbf-5e13-9b85-e040-11ac0d485718.svcp_1-0-4.20150202.somatic.snv_mnv.vcf.gz.tbi-md5sum_time": 0, 
                "f93abbbf-5e13-9b85-e040-11ac0d485718.svcp_1-0-4.20150202.somatic.sv.tar.gz-download_time": 314, 
                "f93abbbf-5e13-9b85-e040-11ac0d485718.svcp_1-0-4.20150202.somatic.sv.tar.gz-md5sum_time": 28, 
                "f93abbbf-5e13-9b85-e040-11ac0d485718.svcp_1-0-4.20150202.somatic.sv.vcf.gz-download_time": 12, 
                "f93abbbf-5e13-9b85-e040-11ac0d485718.svcp_1-0-4.20150202.somatic.sv.vcf.gz-md5sum_time": 1, 
                "f93abbbf-5e13-9b85-e040-11ac0d485718.svcp_1-0-4.20150202.somatic.sv.vcf.gz.tbi-download_time": 12, 
                "f93abbbf-5e13-9b85-e040-11ac0d485718.svcp_1-0-4.20150202.somatic.sv.vcf.gz.tbi-md5sum_time": 0, 
                "f93abbbf-5e13-9b85-e040-11ac0d485718.svcp_1-0-4.20150202.somatic.verifyBamId.tar.gz-download_time": 13, 
                "f93abbbf-5e13-9b85-e040-11ac0d485718.svcp_1-0-4.20150202.somatic.verifyBamId.tar.gz-md5sum_time": 0, 
                "start": 1449344017, 
                "stop": 1449345346, 
                "time": 1329
            }
        }
    }, 
    "aliquot_id": null,