{
    "_runs_": {
        "run_1449082444_377f6128-eb97-49a3-8ed2-dfd67fca33ff": {
            "downloading": {
                "gnos-download_time": 2073, 
                "start": 1449093304, 
                "stop": 1449095378, 
                "time": 2074
            }, 
            "uploading": {
                "copy_meta_time": 1, 
                "start": 1449095386, 
                "stop": 1449095621, 
                "time": 235, 
                "upload_time": 233
            }
        }, 
        "run_1449256569_76e81a59-4210-47e5-9370-3d9c27baa182": {
            "downloading": {
                "6760be24-8ecd-4aa7-ad41-b329a1d64d44.xml-download_time": 13, 
                "6760be24-8ecd-4aa7-ad41-b329a1d64d44.xml-md5sum_time": 0, 
                "f9c26646-d2b0-cf30-e040-11ac0d483918.dkfz-copyNumberEstimation_1-0-189-hpc-fix.1508271724.somatic.cnv.tar.gz-download_time": 259, 
                "f9c26646-d2b0-cf30-e040-11ac0d483918.dkfz-copyNumberEstimation_1-0-189-hpc-fix.1508271724.somatic.cnv.tar.gz-md5sum_time": 21, 
                "f9c26646-d2b0-cf30-e040-11ac0d483918.dkfz-copyNumberEstimation_1-0-189-hpc-fix.1508271724.somatic.cnv.vcf.gz-download_time": 13, 
                "f9c26646-d2b0-cf30-e040-11ac0d483918.dkfz-copyNumberEstimation_1-0-189-hpc-fix.1508271724.somatic.cnv.vcf.gz-md5sum_time": 0, 
                "f9c26646-d2b0-cf30-e040-11ac0d483918.dkfz-copyNumberEstimation_1-0-189-hpc-fix.1508271724.somatic.cnv.vcf.gz.tbi-download_time": 13, 
                "f9c26646-d2b0-cf30-e040-11ac0d483918.dkfz-copyNumberEstimation_1-0-189-hpc-fix.1508271724.somatic.cnv.vcf.gz.tbi-md5sum_time": 0, 
                "f9c26646-d2b0-cf30-e040-11ac0d483918.dkfz-indelCalling_1-0-132-1.20150622.germline.indel.vcf.gz-download_time": 18, 
                "f9c26646-d2b0-cf30-e040-11ac0d483918.dkfz-indelCalling_1-0-132-1.20150622.germline.indel.vcf.gz-md5sum_time": 1, 
                "f9c26646-d2b0-cf30-e040-11ac0d483918.dkfz-indelCalling_1-0-132-1.20150622.germline.indel.vcf.gz.tbi-download_time": 16, 
                "f9c26646-d2b0-cf30-e040-11ac0d483918.dkfz-indelCalling_1-0-132-1.20150622.germline.indel.vcf.gz.tbi-md5sum_time": 0, 
                "f9c26646-d2b0-cf30-e040-11ac0d483918.dkfz-indelCalling_1-0-132-1.20150622.somatic.indel.tar.gz-download_time": 50, 
                "f9c26646-d2b0-cf30-e040-11ac0d483918.dkfz-indelCalling_1-0-132-1.20150622.somatic.indel.tar.gz-md5sum_time": 3, 
                "f9c26646-d2b0-cf30-e040-11ac0d483918.dkfz-indelCalling_1-0-132-1.20150622.somatic.indel.vcf.gz-download_time": 13, 
                "f9c26646-d2b0-cf30-e040-11ac0d483918.dkfz-indelCalling_1-0-132-1.20150622.somatic.indel.vcf.gz-md5sum_time": 0, 
                "f9c26646-d2b0-cf30-e040-11ac0d483918.dkfz-indelCalling_1-0-132-1.20150622.somatic.indel.vcf.gz.tbi-download_time": 13, 
                "f9c26646-d2b0-cf30-e040-11ac0d483918.dkfz-indelCalling_1-0-132-1.20150622.somatic.indel.vcf.gz.tbi-md5sum_time": 0, 
                "f9c26646-d2b0-cf30-e040-11ac0d483918.dkfz-snvCalling_1-0-132-1.20150622.germline.snv_mnv.vcf.gz-download_time": 22, 
                "f9c26646-d2b0-cf30-e040-11ac0d483918.dkfz-snvCalling_1-0-132-1.20150622.germline.snv_mnv.vcf.gz-md5sum_time": 0, 
                "f9c26646-d2b0-cf30-e040-11ac0d483918.dkfz-snvCalling_1-0-132-1.20150622.germline.snv_mnv.vcf.gz.tbi-download_time": 13, 
                "f9c26646-d2b0-cf30-e040-11ac0d483918.dkfz-snvCalling_1-0-132-1.20150622.germline.snv_mnv.vcf.gz.tbi-md5sum_time": 0, 
                "f9c26646-d2b0-cf30-e040-11ac0d483918.dkfz-snvCalling_1-0-132-1.20150622.somatic.snv_mnv.tar.gz-download_time": 77, 
                "f9c26646-d2b0-cf30-e040-11ac0d483918.dkfz-snvCalling_1-0-132-1.20150622.somatic.snv_mnv.tar.gz-md5sum_time": 3, 
                "f9c26646-d2b0-cf30-e040-11ac0d483918.dkfz-snvCalling_1-0-132-1.20150622.somatic.snv_mnv.vcf.gz-download_time": 14, 
                "f9c26646-d2b0-cf30-e040-11ac0d483918.dkfz-snvCalling_1-0-132-1.20150622.somatic.snv_mnv.vcf.gz-md5sum_time": 0, 
                "f9c26646-d2b0-cf30-e040-11ac0d483918.dkfz-snvCalling_1-0-132-1.20150622.somatic.snv_mnv.vcf.gz.tbi-download_time": 13, 
                "f9c26646-d2b0-cf30-e040-11ac0d483918.dkfz-snvCalling_1-0-132-1.20150622.somatic.snv_mnv.vcf.gz.tbi-md5sum_time": 0, 
                "f9c26646-d2b0-cf30-e040-11ac0d483918.embl-delly_1-0-0-preFilter.20150622.germline.sv.bedpe.txt.tar.gz-download_time": 14, 
                "f9c26646-d2b0-cf30-e040-11ac0d483918.embl-delly_1-0-0-preFilter.20150622.germline.sv.bedpe.txt.tar.gz-md5sum_time": 0, 
                "f9c26646-d2b0-cf30-e040-11ac0d483918.embl-delly_1-0-0-preFilter.20150622.germline.sv.readname.txt.tar.gz-download_time": 13, 
                "f9c26646-d2b0-cf30-e040-11ac0d483918.embl-delly_1-0-0-preFilter.20150622.germline.sv.readname.txt.tar.gz-md5sum_time": 0, 
                "f9c26646-d2b0-cf30-e040-11ac0d483918.embl-delly_1-0-0-preFilter.20150622.germline.sv.vcf.gz-download_time": 13, 
                "f9c26646-d2b0-cf30-e040-11ac0d483918.embl-delly_1-0-0-preFilter.20150622.germline.sv.vcf.gz-md5sum_time": 0, 
                "f9c26646-d2b0-cf30-e040-11ac0d483918.embl-delly_1-0-0-preFilter.20150622.germline.sv.vcf.gz.tbi-download_time": 13, 
                "f9c26646-d2b0-cf30-e040-11ac0d483918.embl-delly_1-0-0-preFilter.20150622.germline.sv.vcf.gz.tbi-md5sum_time": 0, 
                "f9c26646-d2b0-cf30-e040-11ac0d483918.embl-delly_1-0-0-preFilter.20150622.somatic.sv.bedpe.txt.tar.gz-download_time": 12, 
                "f9c26646-d2b0-cf30-e040-11ac0d483918.embl-delly_1-0-0-preFilter.20150622.somatic.sv.bedpe.txt.tar.gz-md5sum_time": 0, 
                "f9c26646-d2b0-cf30-e040-11ac0d483918.embl-delly_1-0-0-preFilter.20150622.somatic.sv.readname.txt.tar.gz-download_time": 13, 
                "f9c26646-d2b0-cf30-e040-11ac0d483918.embl-delly_1-0-0-preFilter.20150622.somatic.sv.readname.txt.tar.gz-md5sum_time": 0, 
                "f9c26646-d2b0-cf30-e040-11ac0d483918.embl-delly_1-0-0-preFilter.20150622.somatic.sv.vcf.gz-download_time": 14, 
                "f9c26646-d2b0-cf30-e040-11ac0d483918.embl-delly_1-0-0-preFilter.20150622.somatic.sv.vcf.gz-md5sum_time": 0, 
                "f9c26646-d2b0-cf30-e040-11ac0d483918.embl-delly_1-0-0-preFilter.20150622.somatic.sv.vcf.gz.tbi-download_time": 13, 
                "f9c26646-d2b0-cf30-e040-11ac0d483918.embl-delly_1-0-0-preFilter.20150622.somatic.sv.vcf.gz.tbi-md5sum_time": 0, 
                "f9c26646-d2b0-cf30-e040-11ac0d483918.embl-delly_1-0-0-preFilter.20150622.sv.cov.plots.tar.gz-download_time": 15, 
                "f9c26646-d2b0-cf30-e040-11ac0d483918.embl-delly_1-0-0-preFilter.20150622.sv.cov.plots.tar.gz-md5sum_time": 0, 
                "f9c26646-d2b0-cf30-e040-11ac0d483918.embl-delly_1-0-0-preFilter.20150622.sv.cov.tar.gz-download_time": 19, 
                "f9c26646-d2b0-cf30-e040-11ac0d483918.embl-delly_1-0-0-preFilter.20150622.sv.cov.tar.gz-md5sum_time": 0, 
                "f9c26646-d2b0-cf30-e040-11ac0d483918.embl-delly_1-0-0-preFilter.20150622.sv.vcf.gz-download_time": 13, 
                "f9c26646-d2b0-cf30-e040-11ac0d483918.embl-delly_1-0-0-preFilter.20150622.sv.vcf.gz-md5sum_time": 0, 
                "f9c26646-d2b0-cf30-e040-11ac0d483918.embl-delly_1-0-0-preFilter.20150622.sv.vcf.gz.tbi-download_time": 14, 
                "f9c26646-d2b0-cf30-e040-11ac0d483918.embl-delly_1-0-0-preFilter.20150622.sv.vcf.gz.tbi-md5sum_time": 0, 
                "start": 1449346393, 
                "stop": 1449347134, 
                "time": 741
            }
        }
    }, 
    "aliquot_id": null, 
    "available_repos": [
        {
            "https://gtrepo-dkfz.annailabs.com/": {
                "file_md5sum": "0120ec91d128099633fa6aef6aaac965", 
                "file_size": 58282
            }
        }
    ], 
    "data_type": "Dkfz_embl-VCF", 
    "files": [
        {
            "file_md5sum": "be76fa120965cb41ff9ad5b466d2a927",