{
    "_runs_": {
        "run_1449082496_7373db63-4a80-4aa0-946f-1b93f67b2eda": {
            "downloading": {
                "gnos-download_time": 681, 
                "start": 1449096193, 
                "stop": 1449096874, 
                "time": 681
            }, 
            "uploading": {
                "copy_meta_time": 1, 
                "start": 1449096885, 
                "stop": 1449097115, 
                "time": 230, 
                "upload_time": 228
            }
        }, 
        "run_1449252103_152c7654-43a8-4095-9763-2d1564a0e842": {
            "downloading": {
                "7b1bd579-535a-41b2-973f-d1e70134ffb9.xml-download_time": 12, 
                "7b1bd579-535a-41b2-973f-d1e70134ffb9.xml-md5sum_time": 0, 
                "f266899a-1dab-4226-a965-bc1327c64080.dkfz-copyNumberEstimation_1-0-189-hpc-fix.1508272216.somatic.cnv.tar.gz-download_time": 236, 
                "f266899a-1dab-4226-a965-bc1327c64080.dkfz-copyNumberEstimation_1-0-189-hpc-fix.1508272216.somatic.cnv.tar.gz-md5sum_time": 19, 
                "f266899a-1dab-4226-a965-bc1327c64080.dkfz-copyNumberEstimation_1-0-189-hpc-fix.1508272216.somatic.cnv.vcf.gz-download_time": 13, 
                "f266899a-1dab-4226-a965-bc1327c64080.dkfz-copyNumberEstimation_1-0-189-hpc-fix.1508272216.somatic.cnv.vcf.gz-md5sum_time": 0, 
                "f266899a-1dab-4226-a965-bc1327c64080.dkfz-copyNumberEstimation_1-0-189-hpc-fix.1508272216.somatic.cnv.vcf.gz.tbi-download_time": 13, 
                "f266899a-1dab-4226-a965-bc1327c64080.dkfz-copyNumberEstimation_1-0-189-hpc-fix.1508272216.somatic.cnv.vcf.gz.tbi-md5sum_time": 0, 
                "f266899a-1dab-4226-a965-bc1327c64080.dkfz-indelCalling_1-0-132-1.20150605.germline.indel.vcf.gz-download_time": 19, 
                "f266899a-1dab-4226-a965-bc1327c64080.dkfz-indelCalling_1-0-132-1.20150605.germline.indel.vcf.gz-md5sum_time": 0, 
                "f266899a-1dab-4226-a965-bc1327c64080.dkfz-indelCalling_1-0-132-1.20150605.germline.indel.vcf.gz.tbi-download_time": 14, 
                "f266899a-1dab-4226-a965-bc1327c64080.dkfz-indelCalling_1-0-132-1.20150605.germline.indel.vcf.gz.tbi-md5sum_time": 0, 
                "f266899a-1dab-4226-a965-bc1327c64080.dkfz-indelCalling_1-0-132-1.20150605.somatic.indel.tar.gz-download_time": 43, 
                "f266899a-1dab-4226-a965-bc1327c64080.dkfz-indelCalling_1-0-132-1.20150605.somatic.indel.tar.gz-md5sum_time": 2, 
                "f266899a-1dab-4226-a965-bc1327c64080.dkfz-indelCalling_1-0-132-1.20150605.somatic.indel.vcf.gz-download_time": 14, 
                "f266899a-1dab-4226-a965-bc1327c64080.dkfz-indelCalling_1-0-132-1.20150605.somatic.indel.vcf.gz-md5sum_time": 0, 
                "f266899a-1dab-4226-a965-bc1327c64080.dkfz-indelCalling_1-0-132-1.20150605.somatic.indel.vcf.gz.tbi-download_time": 13, 
                "f266899a-1dab-4226-a965-bc1327c64080.dkfz-indelCalling_1-0-132-1.20150605.somatic.indel.vcf.gz.tbi-md5sum_time": 0, 
                "f266899a-1dab-4226-a965-bc1327c64080.dkfz-snvCalling_1-0-132-1.20150605.germline.snv_mnv.vcf.gz-download_time": 22, 
                "f266899a-1dab-4226-a965-bc1327c64080.dkfz-snvCalling_1-0-132-1.20150605.germline.snv_mnv.vcf.gz-md5sum_time": 0, 
                "f266899a-1dab-4226-a965-bc1327c64080.dkfz-snvCalling_1-0-132-1.20150605.germline.snv_mnv.vcf.gz.tbi-download_time": 14, 
                "f266899a-1dab-4226-a965-bc1327c64080.dkfz-snvCalling_1-0-132-1.20150605.germline.snv_mnv.vcf.gz.tbi-md5sum_time": 0, 
                "f266899a-1dab-4226-a965-bc1327c64080.dkfz-snvCalling_1-0-132-1.20150605.somatic.snv_mnv.tar.gz-download_time": 76, 
                "f266899a-1dab-4226-a965-bc1327c64080.dkfz-snvCalling_1-0-132-1.20150605.somatic.snv_mnv.tar.gz-md5sum_time": 4, 
                "f266899a-1dab-4226-a965-bc1327c64080.dkfz-snvCalling_1-0-132-1.20150605.somatic.snv_mnv.vcf.gz-download_time": 13, 
                "f266899a-1dab-4226-a965-bc1327c64080.dkfz-snvCalling_1-0-132-1.20150605.somatic.snv_mnv.vcf.gz-md5sum_time": 0, 
                "f266899a-1dab-4226-a965-bc1327c64080.dkfz-snvCalling_1-0-132-1.20150605.somatic.snv_mnv.vcf.gz.tbi-download_time": 12, 
                "f266899a-1dab-4226-a965-bc1327c64080.dkfz-snvCalling_1-0-132-1.20150605.somatic.snv_mnv.vcf.gz.tbi-md5sum_time": 0, 
                "f266899a-1dab-4226-a965-bc1327c64080.embl-delly_1-0-0-preFilter.20150605.germline.sv.bedpe.txt.tar.gz-download_time": 13, 
                "f266899a-1dab-4226-a965-bc1327c64080.embl-delly_1-0-0-preFilter.20150605.germline.sv.bedpe.txt.tar.gz-md5sum_time": 0, 
                "f266899a-1dab-4226-a965-bc1327c64080.embl-delly_1-0-0-preFilter.20150605.germline.sv.readname.txt.tar.gz-download_time": 14, 
                "f266899a-1dab-4226-a965-bc1327c64080.embl-delly_1-0-0-preFilter.20150605.germline.sv.readname.txt.tar.gz-md5sum_time": 0, 
                "f266899a-1dab-4226-a965-bc1327c64080.embl-delly_1-0-0-preFilter.20150605.germline.sv.vcf.gz-download_time": 12, 
                "f266899a-1dab-4226-a965-bc1327c64080.embl-delly_1-0-0-preFilter.20150605.germline.sv.vcf.gz-md5sum_time": 0, 
                "f266899a-1dab-4226-a965-bc1327c64080.embl-delly_1-0-0-preFilter.20150605.germline.sv.vcf.gz.tbi-download_time": 13, 
                "f266899a-1dab-4226-a965-bc1327c64080.embl-delly_1-0-0-preFilter.20150605.germline.sv.vcf.gz.tbi-md5sum_time": 0, 
                "f266899a-1dab-4226-a965-bc1327c64080.embl-delly_1-0-0-preFilter.20150605.somatic.sv.bedpe.txt.tar.gz-download_time": 13, 
                "f266899a-1dab-4226-a965-bc1327c64080.embl-delly_1-0-0-preFilter.20150605.somatic.sv.bedpe.txt.tar.gz-md5sum_time": 0, 
                "f266899a-1dab-4226-a965-bc1327c64080.embl-delly_1-0-0-preFilter.20150605.somatic.sv.readname.txt.tar.gz-download_time": 12, 
                "f266899a-1dab-4226-a965-bc1327c64080.embl-delly_1-0-0-preFilter.20150605.somatic.sv.readname.txt.tar.gz-md5sum_time": 0, 
                "f266899a-1dab-4226-a965-bc1327c64080.embl-delly_1-0-0-preFilter.20150605.somatic.sv.vcf.gz-download_time": 12, 
                "f266899a-1dab-4226-a965-bc1327c64080.embl-delly_1-0-0-preFilter.20150605.somatic.sv.vcf.gz-md5sum_time": 0, 
                "f266899a-1dab-4226-a965-bc1327c64080.embl-delly_1-0-0-preFilter.20150605.somatic.sv.vcf.gz.tbi-download_time": 12, 
                "f266899a-1dab-4226-a965-bc1327c64080.embl-delly_1-0-0-preFilter.20150605.somatic.sv.vcf.gz.tbi-md5sum_time": 0, 
                "f266899a-1dab-4226-a965-bc1327c64080.embl-delly_1-0-0-preFilter.20150605.sv.cov.plots.tar.gz-download_time": 13, 
                "f266899a-1dab-4226-a965-bc1327c64080.embl-delly_1-0-0-preFilter.20150605.sv.cov.plots.tar.gz-md5sum_time": 0, 
                "f266899a-1dab-4226-a965-bc1327c64080.embl-delly_1-0-0-preFilter.20150605.sv.cov.tar.gz-download_time": 16, 
                "f266899a-1dab-4226-a965-bc1327c64080.embl-delly_1-0-0-preFilter.20150605.sv.cov.tar.gz-md5sum_time": 1, 
                "f266899a-1dab-4226-a965-bc1327c64080.embl-delly_1-0-0-preFilter.20150605.sv.vcf.gz-download_time": 13, 
                "f266899a-1dab-4226-a965-bc1327c64080.embl-delly_1-0-0-preFilter.20150605.sv.vcf.gz-md5sum_time": 0, 
                "f266899a-1dab-4226-a965-bc1327c64080.embl-delly_1-0-0-preFilter.20150605.sv.vcf.gz.tbi-download_time": 13, 
                "f266899a-1dab-4226-a965-bc1327c64080.embl-delly_1-0-0-preFilter.20150605.sv.vcf.gz.tbi-md5sum_time": 0, 
                "start": 1449369387, 
                "stop": 1449370084, 
                "time": 697
            }
        }
    }, 
    "aliquot_id": null, 
    "available_repos": [
        {
            "https://gtrepo-dkfz.annailabs.com/": {
                "file_md5sum": "9050b2a5eb493cdd2cc2e3074ab2aebf", 
                "file_size": 60225
            }
        }
    ], 
    "data_type": "Dkfz_embl-VCF", 
    "files": [
        {
            "file_md5sum": "e0ba532673a7353cfbfea57d42d67553",