{
    "_runs_": {
        "run_1449000763_ae650bf1-f1f8-4c7f-8690-88bb5e487976": {
            "downloading": {
                "gnos-download_time": 290, 
                "start": 1449029629, 
                "stop": 1449029920, 
                "time": 291
            }, 
            "uploading": {
                "copy_meta_time": 2, 
                "start": 1449029930, 
                "stop": 1449030103, 
                "time": 173, 
                "upload_time": 170
            }
        }, 
        "run_1449256221_15605ad1-8eea-4587-8164-de277ca95282": {
            "downloading": {
                "278b2498-1d64-493b-ac43-3489ec86f313.svcp_1-0-4.20150119.somatic.binnedReadCounts.tar.gz-download_time": 22, 
                "278b2498-1d64-493b-ac43-3489ec86f313.svcp_1-0-4.20150119.somatic.binnedReadCounts.tar.gz-md5sum_time": 1, 
                "278b2498-1d64-493b-ac43-3489ec86f313.svcp_1-0-4.20150119.somatic.cnv.tar.gz-download_time": 17, 
                "278b2498-1d64-493b-ac43-3489ec86f313.svcp_1-0-4.20150119.somatic.cnv.tar.gz-md5sum_time": 0, 
                "278b2498-1d64-493b-ac43-3489ec86f313.svcp_1-0-4.20150119.somatic.cnv.vcf.gz-download_time": 15, 
                "278b2498-1d64-493b-ac43-3489ec86f313.svcp_1-0-4.20150119.somatic.cnv.vcf.gz-md5sum_time": 0, 
                "278b2498-1d64-493b-ac43-3489ec86f313.svcp_1-0-4.20150119.somatic.cnv.vcf.gz.tbi-download_time": 13, 
                "278b2498-1d64-493b-ac43-3489ec86f313.svcp_1-0-4.20150119.somatic.cnv.vcf.gz.tbi-md5sum_time": 0, 
                "278b2498-1d64-493b-ac43-3489ec86f313.svcp_1-0-4.20150119.somatic.genotype.tar.gz-download_time": 14, 
                "278b2498-1d64-493b-ac43-3489ec86f313.svcp_1-0-4.20150119.somatic.genotype.tar.gz-md5sum_time": 0, 
                "278b2498-1d64-493b-ac43-3489ec86f313.svcp_1-0-4.20150119.somatic.imputeCounts.tar.gz-download_time": 42, 
                "278b2498-1d64-493b-ac43-3489ec86f313.svcp_1-0-4.20150119.somatic.imputeCounts.tar.gz-md5sum_time": 1, 
                "278b2498-1d64-493b-ac43-3489ec86f313.svcp_1-0-4.20150119.somatic.indel.tar.gz-download_time": 55, 
                "278b2498-1d64-493b-ac43-3489ec86f313.svcp_1-0-4.20150119.somatic.indel.tar.gz-md5sum_time": 3, 
                "278b2498-1d64-493b-ac43-3489ec86f313.svcp_1-0-4.20150119.somatic.indel.vcf.gz-download_time": 17, 
                "278b2498-1d64-493b-ac43-3489ec86f313.svcp_1-0-4.20150119.somatic.indel.vcf.gz-md5sum_time": 0, 
                "278b2498-1d64-493b-ac43-3489ec86f313.svcp_1-0-4.20150119.somatic.indel.vcf.gz.tbi-download_time": 15, 
                "278b2498-1d64-493b-ac43-3489ec86f313.svcp_1-0-4.20150119.somatic.indel.vcf.gz.tbi-md5sum_time": 0, 
                "278b2498-1d64-493b-ac43-3489ec86f313.svcp_1-0-4.20150119.somatic.snv_mnv.tar.gz-download_time": 22, 
                "278b2498-1d64-493b-ac43-3489ec86f313.svcp_1-0-4.20150119.somatic.snv_mnv.tar.gz-md5sum_time": 1, 
                "278b2498-1d64-493b-ac43-3489ec86f313.svcp_1-0-4.20150119.somatic.snv_mnv.vcf.gz-download_time": 15, 
                "278b2498-1d64-493b-ac43-3489ec86f313.svcp_1-0-4.20150119.somatic.snv_mnv.vcf.gz-md5sum_time": 0, 
                "278b2498-1d64-493b-ac43-3489ec86f313.svcp_1-0-4.20150119.somatic.snv_mnv.vcf.gz.tbi-download_time": 15, 
                "278b2498-1d64-493b-ac43-3489ec86f313.svcp_1-0-4.20150119.somatic.snv_mnv.vcf.gz.tbi-md5sum_time": 0, 
                "278b2498-1d64-493b-ac43-3489ec86f313.svcp_1-0-4.20150119.somatic.sv.tar.gz-download_time": 171, 
                "278b2498-1d64-493b-ac43-3489ec86f313.svcp_1-0-4.20150119.somatic.sv.tar.gz-md5sum_time": 12, 
                "278b2498-1d64-493b-ac43-3489ec86f313.svcp_1-0-4.20150119.somatic.sv.vcf.gz-download_time": 13, 
                "278b2498-1d64-493b-ac43-3489ec86f313.svcp_1-0-4.20150119.somatic.sv.vcf.gz-md5sum_time": 0, 
                "278b2498-1d64-493b-ac43-3489ec86f313.svcp_1-0-4.20150119.somatic.sv.vcf.gz.tbi-download_time": 14, 
                "278b2498-1d64-493b-ac43-3489ec86f313.svcp_1-0-4.20150119.somatic.sv.vcf.gz.tbi-md5sum_time": 0, 
                "278b2498-1d64-493b-ac43-3489ec86f313.svcp_1-0-4.20150119.somatic.verifyBamId.tar.gz-download_time": 13, 
                "278b2498-1d64-493b-ac43-3489ec86f313.svcp_1-0-4.20150119.somatic.verifyBamId.tar.gz-md5sum_time": 0, 
                "8bffc0a2-a2f6-11e4-a093-f95a3050cfbc.xml-download_time": 14, 
                "8bffc0a2-a2f6-11e4-a093-f95a3050cfbc.xml-md5sum_time": 0, 
                "start": 1449387148, 
                "stop": 1449387654, 
                "time": 506
            }
        }
    }, 
    "aliquot_id": null, 
    "available_repos": [
        {
            "https://gtrepo-bsc.annailabs.com/": {
                "file_md5sum": "11ce3706c595e24c2c1e9d893a95187a", 
                "file_size": 65648
            }
        }
    ], 
    "data_type": "Sanger-VCF", 
    "files": [
        {
            "file_md5sum": "7e6d45d1d3e2745d09039d60c1264a4d", 
            "file_name": "278b2498-1d64-493b-ac43-3489ec86f313.svcp_1-0-4.20150119.somatic.snv_mnv.vcf.gz", 
            "file_size": 1136042, 
            "object_id": "ab0da44e-3f89-51f8-b710-ea469a7272b3"
        }, 
        {
            "file_md5sum": "d7ab294d5c4660a1b4824f1c77e6fd00", 
            "file_name": "278b2498-1d64-493b-ac43-3489ec86f313.svcp_1-0-4.20150119.somatic.snv_mnv.vcf.gz.tbi", 
            "file_size": 215583, 
            "object_id": "5f61afb6-6f1a-5416-8efe-ebc2398bcae0"
        }, 
        {
            "file_md5sum": "6aacf72c92f931da6f8d8ae81dd2276d", 
            "file_name": "278b2498-1d64-493b-ac43-3489ec86f313.svcp_1-0-4.20150119.somatic.cnv.vcf.gz", 
            "file_size": 2441, 
            "object_id": "8523e161-0e09-53e8-bc03-d69ce9d453ba"
        }, 
        {
            "file_md5sum": "1dd63290dd5857a634a8ee920d525a22", 
            "file_name": "278b2498-1d64-493b-ac43-3489ec86f313.svcp_1-0-4.20150119.somatic.cnv.vcf.gz.tbi", 
            "file_size": 4544, 
            "object_id": "0623e2e5-cf95-535e-ad68-443d108f4732"
        }, 
        {
            "file_md5sum": "927c448d3fc21de1f71c139740964906", 
            "file_name": "278b2498-1d64-493b-ac43-3489ec86f313.svcp_1-0-4.20150119.somatic.sv.vcf.gz", 
            "file_size": 12778, 
            "object_id": "0367842f-184f-564e-8259-d45bd1326c8e"
        }, 
        {
            "file_md5sum": "8fc165698f99956511d095a328d7ecd0", 
            "file_name": "278b2498-1d64-493b-ac43-3489ec86f313.svcp_1-0-4.20150119.somatic.sv.vcf.gz.tbi", 
            "file_size": 2789, 
            "object_id": "4cd10936-d066-582a-a2a2-7d0358459b79"
        }, 
        {
            "file_md5sum": "5c7babfa76ea64743efa83354d1c6527", 
            "file_name": "278b2498-1d64-493b-ac43-3489ec86f313.svcp_1-0-4.20150119.somatic.indel.vcf.gz", 
            "file_size": 44618347, 
            "object_id": "06d65fc0-8669-5828-8179-41a844569a7b"
        }, 
        {
            "file_md5sum": "8072cea5a25f93132271b410f8bf59d9", 
            "file_name": "278b2498-1d64-493b-ac43-3489ec86f313.svcp_1-0-4.20150119.somatic.indel.vcf.gz.tbi", 
            "file_size": 1438647, 
            "object_id": "097677ed-4252-52bd-90b1-a30d7e594986"
        }, 
        {
            "file_md5sum": "5b5427d96c90d9bcbffb59189410ae81", 
            "file_name": "278b2498-1d64-493b-ac43-3489ec86f313.svcp_1-0-4.20150119.somatic.snv_mnv.tar.gz", 
            "file_size": 157670055, 
            "object_id": "50159631-bcd4-5f59-a75c-23d93a51bcbc"
        }, 
        {
            "file_md5sum": "74562f223ef13ac6468ad85ed0c7f7cd", 
            "file_name": "278b2498-1d64-493b-ac43-3489ec86f313.svcp_1-0-4.20150119.somatic.cnv.tar.gz", 
            "file_size": 26734982, 
            "object_id": "a47c254e-7eec-58ef-b5ae-1cd87973a64f"
        }, 
        {
            "file_md5sum": "85515b80dd523a76d48d8a1c9d512eae",