{
    "_runs_": {
        "run_1449021626_519f2490-ff6f-49ec-8fcd-839b771e4407": {
            "downloading": {
                "gnos-download_time": 326, 
                "start": 1449136125, 
                "stop": 1449136453, 
                "time": 328
            }, 
            "uploading": {
                "copy_meta_time": 2, 
                "start": 1449136471, 
                "stop": 1449136750, 
                "time": 279, 
                "upload_time": 277
            }
        }, 
        "run_1449256291_854cc1de-1a8d-4120-b9ce-5b1f48d14ccc": {
            "downloading": {
                "72f82fbd-9838-4082-b605-bc3d80226f16.dkfz-copyNumberEstimation_1-0-189.20150825.somatic.cnv.tar.gz-download_time": 239, 
                "72f82fbd-9838-4082-b605-bc3d80226f16.dkfz-copyNumberEstimation_1-0-189.20150825.somatic.cnv.tar.gz-md5sum_time": 22, 
                "72f82fbd-9838-4082-b605-bc3d80226f16.dkfz-copyNumberEstimation_1-0-189.20150825.somatic.cnv.vcf.gz-download_time": 14, 
                "72f82fbd-9838-4082-b605-bc3d80226f16.dkfz-copyNumberEstimation_1-0-189.20150825.somatic.cnv.vcf.gz-md5sum_time": 0, 
                "72f82fbd-9838-4082-b605-bc3d80226f16.dkfz-copyNumberEstimation_1-0-189.20150825.somatic.cnv.vcf.gz.tbi-download_time": 14, 
                "72f82fbd-9838-4082-b605-bc3d80226f16.dkfz-copyNumberEstimation_1-0-189.20150825.somatic.cnv.vcf.gz.tbi-md5sum_time": 0, 
                "72f82fbd-9838-4082-b605-bc3d80226f16.dkfz-indelCalling_1-0-132-1.20150825.germline.indel.vcf.gz-download_time": 19, 
                "72f82fbd-9838-4082-b605-bc3d80226f16.dkfz-indelCalling_1-0-132-1.20150825.germline.indel.vcf.gz-md5sum_time": 0, 
                "72f82fbd-9838-4082-b605-bc3d80226f16.dkfz-indelCalling_1-0-132-1.20150825.germline.indel.vcf.gz.tbi-download_time": 14, 
                "72f82fbd-9838-4082-b605-bc3d80226f16.dkfz-indelCalling_1-0-132-1.20150825.germline.indel.vcf.gz.tbi-md5sum_time": 0, 
                "72f82fbd-9838-4082-b605-bc3d80226f16.dkfz-indelCalling_1-0-132-1.20150825.somatic.indel.tar.gz-download_time": 53, 
                "72f82fbd-9838-4082-b605-bc3d80226f16.dkfz-indelCalling_1-0-132-1.20150825.somatic.indel.tar.gz-md5sum_time": 2, 
                "72f82fbd-9838-4082-b605-bc3d80226f16.dkfz-indelCalling_1-0-132-1.20150825.somatic.indel.vcf.gz-download_time": 15, 
                "72f82fbd-9838-4082-b605-bc3d80226f16.dkfz-indelCalling_1-0-132-1.20150825.somatic.indel.vcf.gz-md5sum_time": 0, 
                "72f82fbd-9838-4082-b605-bc3d80226f16.dkfz-indelCalling_1-0-132-1.20150825.somatic.indel.vcf.gz.tbi-download_time": 14, 
                "72f82fbd-9838-4082-b605-bc3d80226f16.dkfz-indelCalling_1-0-132-1.20150825.somatic.indel.vcf.gz.tbi-md5sum_time": 0, 
                "72f82fbd-9838-4082-b605-bc3d80226f16.dkfz-snvCalling_1-0-132-1.20150825.germline.snv_mnv.vcf.gz-download_time": 20, 
                "72f82fbd-9838-4082-b605-bc3d80226f16.dkfz-snvCalling_1-0-132-1.20150825.germline.snv_mnv.vcf.gz-md5sum_time": 1, 
                "72f82fbd-9838-4082-b605-bc3d80226f16.dkfz-snvCalling_1-0-132-1.20150825.germline.snv_mnv.vcf.gz.tbi-download_time": 13, 
                "72f82fbd-9838-4082-b605-bc3d80226f16.dkfz-snvCalling_1-0-132-1.20150825.germline.snv_mnv.vcf.gz.tbi-md5sum_time": 0, 
                "72f82fbd-9838-4082-b605-bc3d80226f16.dkfz-snvCalling_1-0-132-1.20150825.somatic.snv_mnv.tar.gz-download_time": 146, 
                "72f82fbd-9838-4082-b605-bc3d80226f16.dkfz-snvCalling_1-0-132-1.20150825.somatic.snv_mnv.tar.gz-md5sum_time": 11, 
                "72f82fbd-9838-4082-b605-bc3d80226f16.dkfz-snvCalling_1-0-132-1.20150825.somatic.snv_mnv.vcf.gz-download_time": 16, 
                "72f82fbd-9838-4082-b605-bc3d80226f16.dkfz-snvCalling_1-0-132-1.20150825.somatic.snv_mnv.vcf.gz-md5sum_time": 0, 
                "72f82fbd-9838-4082-b605-bc3d80226f16.dkfz-snvCalling_1-0-132-1.20150825.somatic.snv_mnv.vcf.gz.tbi-download_time": 14, 
                "72f82fbd-9838-4082-b605-bc3d80226f16.dkfz-snvCalling_1-0-132-1.20150825.somatic.snv_mnv.vcf.gz.tbi-md5sum_time": 0, 
                "72f82fbd-9838-4082-b605-bc3d80226f16.embl-delly_1-3-0-preFilter.20150825.germline.sv.bedpe.txt.tar.gz-download_time": 13, 
                "72f82fbd-9838-4082-b605-bc3d80226f16.embl-delly_1-3-0-preFilter.20150825.germline.sv.bedpe.txt.tar.gz-md5sum_time": 0, 
                "72f82fbd-9838-4082-b605-bc3d80226f16.embl-delly_1-3-0-preFilter.20150825.germline.sv.readname.txt.tar.gz-download_time": 14, 
                "72f82fbd-9838-4082-b605-bc3d80226f16.embl-delly_1-3-0-preFilter.20150825.germline.sv.readname.txt.tar.gz-md5sum_time": 0, 
                "72f82fbd-9838-4082-b605-bc3d80226f16.embl-delly_1-3-0-preFilter.20150825.germline.sv.vcf.gz-download_time": 13, 
                "72f82fbd-9838-4082-b605-bc3d80226f16.embl-delly_1-3-0-preFilter.20150825.germline.sv.vcf.gz-md5sum_time": 0, 
                "72f82fbd-9838-4082-b605-bc3d80226f16.embl-delly_1-3-0-preFilter.20150825.germline.sv.vcf.gz.tbi-download_time": 14, 
                "72f82fbd-9838-4082-b605-bc3d80226f16.embl-delly_1-3-0-preFilter.20150825.germline.sv.vcf.gz.tbi-md5sum_time": 0, 
                "72f82fbd-9838-4082-b605-bc3d80226f16.embl-delly_1-3-0-preFilter.20150825.somatic.sv.bedpe.txt.tar.gz-download_time": 15, 
                "72f82fbd-9838-4082-b605-bc3d80226f16.embl-delly_1-3-0-preFilter.20150825.somatic.sv.bedpe.txt.tar.gz-md5sum_time": 0, 
                "72f82fbd-9838-4082-b605-bc3d80226f16.embl-delly_1-3-0-preFilter.20150825.somatic.sv.readname.txt.tar.gz-download_time": 13, 
                "72f82fbd-9838-4082-b605-bc3d80226f16.embl-delly_1-3-0-preFilter.20150825.somatic.sv.readname.txt.tar.gz-md5sum_time": 0, 
                "72f82fbd-9838-4082-b605-bc3d80226f16.embl-delly_1-3-0-preFilter.20150825.somatic.sv.vcf.gz-download_time": 13, 
                "72f82fbd-9838-4082-b605-bc3d80226f16.embl-delly_1-3-0-preFilter.20150825.somatic.sv.vcf.gz-md5sum_time": 0, 
                "72f82fbd-9838-4082-b605-bc3d80226f16.embl-delly_1-3-0-preFilter.20150825.somatic.sv.vcf.gz.tbi-download_time": 13, 
                "72f82fbd-9838-4082-b605-bc3d80226f16.embl-delly_1-3-0-preFilter.20150825.somatic.sv.vcf.gz.tbi-md5sum_time": 0, 
                "72f82fbd-9838-4082-b605-bc3d80226f16.embl-delly_1-3-0-preFilter.20150825.sv.cov.plots.tar.gz-download_time": 16, 
                "72f82fbd-9838-4082-b605-bc3d80226f16.embl-delly_1-3-0-preFilter.20150825.sv.cov.plots.tar.gz-md5sum_time": 0, 
                "72f82fbd-9838-4082-b605-bc3d80226f16.embl-delly_1-3-0-preFilter.20150825.sv.cov.tar.gz-download_time": 18, 
                "72f82fbd-9838-4082-b605-bc3d80226f16.embl-delly_1-3-0-preFilter.20150825.sv.cov.tar.gz-md5sum_time": 0, 
                "72f82fbd-9838-4082-b605-bc3d80226f16.embl-delly_1-3-0-preFilter.20150825.sv.log.tar.gz-download_time": 13, 
                "72f82fbd-9838-4082-b605-bc3d80226f16.embl-delly_1-3-0-preFilter.20150825.sv.log.tar.gz-md5sum_time": 0, 
                "72f82fbd-9838-4082-b605-bc3d80226f16.embl-delly_1-3-0-preFilter.20150825.sv.vcf.gz-download_time": 13, 
                "72f82fbd-9838-4082-b605-bc3d80226f16.embl-delly_1-3-0-preFilter.20150825.sv.vcf.gz-md5sum_time": 0, 
                "72f82fbd-9838-4082-b605-bc3d80226f16.embl-delly_1-3-0-preFilter.20150825.sv.vcf.gz.tbi-download_time": 14, 
                "72f82fbd-9838-4082-b605-bc3d80226f16.embl-delly_1-3-0-preFilter.20150825.sv.vcf.gz.tbi-md5sum_time": 0, 
                "9341f79a-acdb-44ca-9c1e-f175b20942a8.xml-download_time": 14, 
                "9341f79a-acdb-44ca-9c1e-f175b20942a8.xml-md5sum_time": 0, 
                "start": 1449396197, 
                "stop": 1449397020, 
                "time": 823
            }
        }
    }, 
    "aliquot_id": null, 
    "available_repos": [
        {
            "https://gtrepo-etri.annailabs.com/": {
                "file_md5sum": "12aeaab65364b5b5bbfd7a01e2635714",