{
    "_runs_": {
        "run_1449000815_cad35a1b-43f5-4525-abb7-3c35ec6f1dfc": {
            "downloading": {
                "gnos-download_time": 299, 
                "start": 1449140859, 
                "stop": 1449141159, 
                "time": 300
            }, 
            "uploading": {
                "copy_meta_time": 2, 
                "start": 1449141176, 
                "stop": 1449141452, 
                "time": 276, 
                "upload_time": 273
            }
        }, 
        "run_1449252103_152c7654-43a8-4095-9763-2d1564a0e842": {
            "downloading": {
                "a88ba33a-6315-475f-88ff-1e86455072fa.xml-download_time": 13, 
                "a88ba33a-6315-475f-88ff-1e86455072fa.xml-md5sum_time": 0, 
                "c766274a-3c1e-443f-9ed4-c0e2b9c904d1.dkfz-copyNumberEstimation_1-0-189-hpc-fix.1508271712.somatic.cnv.tar.gz-download_time": 254, 
                "c766274a-3c1e-443f-9ed4-c0e2b9c904d1.dkfz-copyNumberEstimation_1-0-189-hpc-fix.1508271712.somatic.cnv.tar.gz-md5sum_time": 23, 
                "c766274a-3c1e-443f-9ed4-c0e2b9c904d1.dkfz-copyNumberEstimation_1-0-189-hpc-fix.1508271712.somatic.cnv.vcf.gz-download_time": 14, 
                "c766274a-3c1e-443f-9ed4-c0e2b9c904d1.dkfz-copyNumberEstimation_1-0-189-hpc-fix.1508271712.somatic.cnv.vcf.gz-md5sum_time": 0, 
                "c766274a-3c1e-443f-9ed4-c0e2b9c904d1.dkfz-copyNumberEstimation_1-0-189-hpc-fix.1508271712.somatic.cnv.vcf.gz.tbi-download_time": 13, 
                "c766274a-3c1e-443f-9ed4-c0e2b9c904d1.dkfz-copyNumberEstimation_1-0-189-hpc-fix.1508271712.somatic.cnv.vcf.gz.tbi-md5sum_time": 0, 
                "c766274a-3c1e-443f-9ed4-c0e2b9c904d1.dkfz-indelCalling_1-0-132-1.20150705.germline.indel.vcf.gz-download_time": 17, 
                "c766274a-3c1e-443f-9ed4-c0e2b9c904d1.dkfz-indelCalling_1-0-132-1.20150705.germline.indel.vcf.gz-md5sum_time": 1, 
                "c766274a-3c1e-443f-9ed4-c0e2b9c904d1.dkfz-indelCalling_1-0-132-1.20150705.germline.indel.vcf.gz.tbi-download_time": 12, 
                "c766274a-3c1e-443f-9ed4-c0e2b9c904d1.dkfz-indelCalling_1-0-132-1.20150705.germline.indel.vcf.gz.tbi-md5sum_time": 0, 
                "c766274a-3c1e-443f-9ed4-c0e2b9c904d1.dkfz-indelCalling_1-0-132-1.20150705.somatic.indel.tar.gz-download_time": 54, 
                "c766274a-3c1e-443f-9ed4-c0e2b9c904d1.dkfz-indelCalling_1-0-132-1.20150705.somatic.indel.tar.gz-md5sum_time": 2, 
                "c766274a-3c1e-443f-9ed4-c0e2b9c904d1.dkfz-indelCalling_1-0-132-1.20150705.somatic.indel.vcf.gz-download_time": 14, 
                "c766274a-3c1e-443f-9ed4-c0e2b9c904d1.dkfz-indelCalling_1-0-132-1.20150705.somatic.indel.vcf.gz-md5sum_time": 0, 
                "c766274a-3c1e-443f-9ed4-c0e2b9c904d1.dkfz-indelCalling_1-0-132-1.20150705.somatic.indel.vcf.gz.tbi-download_time": 14, 
                "c766274a-3c1e-443f-9ed4-c0e2b9c904d1.dkfz-indelCalling_1-0-132-1.20150705.somatic.indel.vcf.gz.tbi-md5sum_time": 0, 
                "c766274a-3c1e-443f-9ed4-c0e2b9c904d1.dkfz-snvCalling_1-0-132-1.20150705.germline.snv_mnv.vcf.gz-download_time": 19, 
                "c766274a-3c1e-443f-9ed4-c0e2b9c904d1.dkfz-snvCalling_1-0-132-1.20150705.germline.snv_mnv.vcf.gz-md5sum_time": 1, 
                "c766274a-3c1e-443f-9ed4-c0e2b9c904d1.dkfz-snvCalling_1-0-132-1.20150705.germline.snv_mnv.vcf.gz.tbi-download_time": 13, 
                "c766274a-3c1e-443f-9ed4-c0e2b9c904d1.dkfz-snvCalling_1-0-132-1.20150705.germline.snv_mnv.vcf.gz.tbi-md5sum_time": 0, 
                "c766274a-3c1e-443f-9ed4-c0e2b9c904d1.dkfz-snvCalling_1-0-132-1.20150705.somatic.snv_mnv.tar.gz-download_time": 91, 
                "c766274a-3c1e-443f-9ed4-c0e2b9c904d1.dkfz-snvCalling_1-0-132-1.20150705.somatic.snv_mnv.tar.gz-md5sum_time": 5, 
                "c766274a-3c1e-443f-9ed4-c0e2b9c904d1.dkfz-snvCalling_1-0-132-1.20150705.somatic.snv_mnv.vcf.gz-download_time": 13, 
                "c766274a-3c1e-443f-9ed4-c0e2b9c904d1.dkfz-snvCalling_1-0-132-1.20150705.somatic.snv_mnv.vcf.gz-md5sum_time": 0, 
                "c766274a-3c1e-443f-9ed4-c0e2b9c904d1.dkfz-snvCalling_1-0-132-1.20150705.somatic.snv_mnv.vcf.gz.tbi-download_time": 12, 
                "c766274a-3c1e-443f-9ed4-c0e2b9c904d1.dkfz-snvCalling_1-0-132-1.20150705.somatic.snv_mnv.vcf.gz.tbi-md5sum_time": 0, 
                "c766274a-3c1e-443f-9ed4-c0e2b9c904d1.embl-delly_1-0-0-preFilter.20150705.germline.sv.bedpe.txt.tar.gz-download_time": 13, 
                "c766274a-3c1e-443f-9ed4-c0e2b9c904d1.embl-delly_1-0-0-preFilter.20150705.germline.sv.bedpe.txt.tar.gz-md5sum_time": 0, 
                "c766274a-3c1e-443f-9ed4-c0e2b9c904d1.embl-delly_1-0-0-preFilter.20150705.germline.sv.readname.txt.tar.gz-download_time": 14, 
                "c766274a-3c1e-443f-9ed4-c0e2b9c904d1.embl-delly_1-0-0-preFilter.20150705.germline.sv.readname.txt.tar.gz-md5sum_time": 0, 
                "c766274a-3c1e-443f-9ed4-c0e2b9c904d1.embl-delly_1-0-0-preFilter.20150705.germline.sv.vcf.gz-download_time": 12, 
                "c766274a-3c1e-443f-9ed4-c0e2b9c904d1.embl-delly_1-0-0-preFilter.20150705.germline.sv.vcf.gz-md5sum_time": 1, 
                "c766274a-3c1e-443f-9ed4-c0e2b9c904d1.embl-delly_1-0-0-preFilter.20150705.germline.sv.vcf.gz.tbi-download_time": 12, 
                "c766274a-3c1e-443f-9ed4-c0e2b9c904d1.embl-delly_1-0-0-preFilter.20150705.germline.sv.vcf.gz.tbi-md5sum_time": 0, 
                "c766274a-3c1e-443f-9ed4-c0e2b9c904d1.embl-delly_1-0-0-preFilter.20150705.somatic.sv.bedpe.txt.tar.gz-download_time": 13, 
                "c766274a-3c1e-443f-9ed4-c0e2b9c904d1.embl-delly_1-0-0-preFilter.20150705.somatic.sv.bedpe.txt.tar.gz-md5sum_time": 0, 
                "c766274a-3c1e-443f-9ed4-c0e2b9c904d1.embl-delly_1-0-0-preFilter.20150705.somatic.sv.readname.txt.tar.gz-download_time": 12, 
                "c766274a-3c1e-443f-9ed4-c0e2b9c904d1.embl-delly_1-0-0-preFilter.20150705.somatic.sv.readname.txt.tar.gz-md5sum_time": 0, 
                "c766274a-3c1e-443f-9ed4-c0e2b9c904d1.embl-delly_1-0-0-preFilter.20150705.somatic.sv.vcf.gz-download_time": 13, 
                "c766274a-3c1e-443f-9ed4-c0e2b9c904d1.embl-delly_1-0-0-preFilter.20150705.somatic.sv.vcf.gz-md5sum_time": 0, 
                "c766274a-3c1e-443f-9ed4-c0e2b9c904d1.embl-delly_1-0-0-preFilter.20150705.somatic.sv.vcf.gz.tbi-download_time": 12, 
                "c766274a-3c1e-443f-9ed4-c0e2b9c904d1.embl-delly_1-0-0-preFilter.20150705.somatic.sv.vcf.gz.tbi-md5sum_time": 0, 
                "c766274a-3c1e-443f-9ed4-c0e2b9c904d1.embl-delly_1-0-0-preFilter.20150705.sv.cov.plots.tar.gz-download_time": 14, 
                "c766274a-3c1e-443f-9ed4-c0e2b9c904d1.embl-delly_1-0-0-preFilter.20150705.sv.cov.plots.tar.gz-md5sum_time": 0, 
                "c766274a-3c1e-443f-9ed4-c0e2b9c904d1.embl-delly_1-0-0-preFilter.20150705.sv.cov.tar.gz-download_time": 18, 
                "c766274a-3c1e-443f-9ed4-c0e2b9c904d1.embl-delly_1-0-0-preFilter.20150705.sv.cov.tar.gz-md5sum_time": 0, 
                "c766274a-3c1e-443f-9ed4-c0e2b9c904d1.embl-delly_1-0-0-preFilter.20150705.sv.vcf.gz-download_time": 13, 
                "c766274a-3c1e-443f-9ed4-c0e2b9c904d1.embl-delly_1-0-0-preFilter.20150705.sv.vcf.gz-md5sum_time": 0, 
                "c766274a-3c1e-443f-9ed4-c0e2b9c904d1.embl-delly_1-0-0-preFilter.20150705.sv.vcf.gz.tbi-download_time": 14, 
                "c766274a-3c1e-443f-9ed4-c0e2b9c904d1.embl-delly_1-0-0-preFilter.20150705.sv.vcf.gz.tbi-md5sum_time": 0, 
                "start": 1449422173, 
                "stop": 1449422919, 
                "time": 746
            }
        }
    }, 
    "aliquot_id": null, 
    "available_repos": [
        {
            "https://gtrepo-dkfz.annailabs.com/": {
                "file_md5sum": "f1a4adfe82e424e3a1a5c937ea9476fe", 
                "file_size": 58697
            }
        }
    ], 
    "data_type": "Dkfz_embl-VCF", 
    "files": [
        {
            "file_md5sum": "4844c51466d22073ac039debc4e53206",