{
    "_runs_": {
        "run_1449021626_519f2490-ff6f-49ec-8fcd-839b771e4407": {
            "downloading": {
                "gnos-download_time": 441, 
                "start": 1449073399, 
                "stop": 1449073841, 
                "time": 442
            }, 
            "uploading": {
                "copy_meta_time": 2, 
                "start": 1449073857, 
                "stop": 1449074106, 
                "time": 249, 
                "upload_time": 247
            }
        }, 
        "run_1449256291_854cc1de-1a8d-4120-b9ce-5b1f48d14ccc": {
            "downloading": {
                "616ff577-c5c3-432e-a857-f29901de119c.dkfz-copyNumberEstimation_1-0-189-hpc-fix.1508272116.somatic.cnv.tar.gz-download_time": 248, 
                "616ff577-c5c3-432e-a857-f29901de119c.dkfz-copyNumberEstimation_1-0-189-hpc-fix.1508272116.somatic.cnv.tar.gz-md5sum_time": 27, 
                "616ff577-c5c3-432e-a857-f29901de119c.dkfz-copyNumberEstimation_1-0-189-hpc-fix.1508272116.somatic.cnv.vcf.gz-download_time": 15, 
                "616ff577-c5c3-432e-a857-f29901de119c.dkfz-copyNumberEstimation_1-0-189-hpc-fix.1508272116.somatic.cnv.vcf.gz-md5sum_time": 0, 
                "616ff577-c5c3-432e-a857-f29901de119c.dkfz-copyNumberEstimation_1-0-189-hpc-fix.1508272116.somatic.cnv.vcf.gz.tbi-download_time": 14, 
                "616ff577-c5c3-432e-a857-f29901de119c.dkfz-copyNumberEstimation_1-0-189-hpc-fix.1508272116.somatic.cnv.vcf.gz.tbi-md5sum_time": 0, 
                "616ff577-c5c3-432e-a857-f29901de119c.dkfz-indelCalling_1-0-132-1.20150604.germline.indel.vcf.gz-download_time": 19, 
                "616ff577-c5c3-432e-a857-f29901de119c.dkfz-indelCalling_1-0-132-1.20150604.germline.indel.vcf.gz-md5sum_time": 1, 
                "616ff577-c5c3-432e-a857-f29901de119c.dkfz-indelCalling_1-0-132-1.20150604.germline.indel.vcf.gz.tbi-download_time": 14, 
                "616ff577-c5c3-432e-a857-f29901de119c.dkfz-indelCalling_1-0-132-1.20150604.germline.indel.vcf.gz.tbi-md5sum_time": 0, 
                "616ff577-c5c3-432e-a857-f29901de119c.dkfz-indelCalling_1-0-132-1.20150604.somatic.indel.tar.gz-download_time": 52, 
                "616ff577-c5c3-432e-a857-f29901de119c.dkfz-indelCalling_1-0-132-1.20150604.somatic.indel.tar.gz-md5sum_time": 2, 
                "616ff577-c5c3-432e-a857-f29901de119c.dkfz-indelCalling_1-0-132-1.20150604.somatic.indel.vcf.gz-download_time": 15, 
                "616ff577-c5c3-432e-a857-f29901de119c.dkfz-indelCalling_1-0-132-1.20150604.somatic.indel.vcf.gz-md5sum_time": 0, 
                "616ff577-c5c3-432e-a857-f29901de119c.dkfz-indelCalling_1-0-132-1.20150604.somatic.indel.vcf.gz.tbi-download_time": 13, 
                "616ff577-c5c3-432e-a857-f29901de119c.dkfz-indelCalling_1-0-132-1.20150604.somatic.indel.vcf.gz.tbi-md5sum_time": 0, 
                "616ff577-c5c3-432e-a857-f29901de119c.dkfz-snvCalling_1-0-132-1.20150604.germline.snv_mnv.vcf.gz-download_time": 24, 
                "616ff577-c5c3-432e-a857-f29901de119c.dkfz-snvCalling_1-0-132-1.20150604.germline.snv_mnv.vcf.gz-md5sum_time": 0, 
                "616ff577-c5c3-432e-a857-f29901de119c.dkfz-snvCalling_1-0-132-1.20150604.germline.snv_mnv.vcf.gz.tbi-download_time": 14, 
                "616ff577-c5c3-432e-a857-f29901de119c.dkfz-snvCalling_1-0-132-1.20150604.germline.snv_mnv.vcf.gz.tbi-md5sum_time": 0, 
                "616ff577-c5c3-432e-a857-f29901de119c.dkfz-snvCalling_1-0-132-1.20150604.somatic.snv_mnv.tar.gz-download_time": 79, 
                "616ff577-c5c3-432e-a857-f29901de119c.dkfz-snvCalling_1-0-132-1.20150604.somatic.snv_mnv.tar.gz-md5sum_time": 4, 
                "616ff577-c5c3-432e-a857-f29901de119c.dkfz-snvCalling_1-0-132-1.20150604.somatic.snv_mnv.vcf.gz-download_time": 14, 
                "616ff577-c5c3-432e-a857-f29901de119c.dkfz-snvCalling_1-0-132-1.20150604.somatic.snv_mnv.vcf.gz-md5sum_time": 0, 
                "616ff577-c5c3-432e-a857-f29901de119c.dkfz-snvCalling_1-0-132-1.20150604.somatic.snv_mnv.vcf.gz.tbi-download_time": 13, 
                "616ff577-c5c3-432e-a857-f29901de119c.dkfz-snvCalling_1-0-132-1.20150604.somatic.snv_mnv.vcf.gz.tbi-md5sum_time": 0, 
                "616ff577-c5c3-432e-a857-f29901de119c.embl-delly_1-0-0-preFilter.20150604.germline.sv.bedpe.txt.tar.gz-download_time": 15, 
                "616ff577-c5c3-432e-a857-f29901de119c.embl-delly_1-0-0-preFilter.20150604.germline.sv.bedpe.txt.tar.gz-md5sum_time": 0, 
                "616ff577-c5c3-432e-a857-f29901de119c.embl-delly_1-0-0-preFilter.20150604.germline.sv.readname.txt.tar.gz-download_time": 14, 
                "616ff577-c5c3-432e-a857-f29901de119c.embl-delly_1-0-0-preFilter.20150604.germline.sv.readname.txt.tar.gz-md5sum_time": 0, 
                "616ff577-c5c3-432e-a857-f29901de119c.embl-delly_1-0-0-preFilter.20150604.germline.sv.vcf.gz-download_time": 15, 
                "616ff577-c5c3-432e-a857-f29901de119c.embl-delly_1-0-0-preFilter.20150604.germline.sv.vcf.gz-md5sum_time": 0, 
                "616ff577-c5c3-432e-a857-f29901de119c.embl-delly_1-0-0-preFilter.20150604.germline.sv.vcf.gz.tbi-download_time": 14, 
                "616ff577-c5c3-432e-a857-f29901de119c.embl-delly_1-0-0-preFilter.20150604.germline.sv.vcf.gz.tbi-md5sum_time": 0, 
                "616ff577-c5c3-432e-a857-f29901de119c.embl-delly_1-0-0-preFilter.20150604.somatic.sv.bedpe.txt.tar.gz-download_time": 13, 
                "616ff577-c5c3-432e-a857-f29901de119c.embl-delly_1-0-0-preFilter.20150604.somatic.sv.bedpe.txt.tar.gz-md5sum_time": 0, 
                "616ff577-c5c3-432e-a857-f29901de119c.embl-delly_1-0-0-preFilter.20150604.somatic.sv.readname.txt.tar.gz-download_time": 13, 
                "616ff577-c5c3-432e-a857-f29901de119c.embl-delly_1-0-0-preFilter.20150604.somatic.sv.readname.txt.tar.gz-md5sum_time": 0, 
                "616ff577-c5c3-432e-a857-f29901de119c.embl-delly_1-0-0-preFilter.20150604.somatic.sv.vcf.gz-download_time": 14, 
                "616ff577-c5c3-432e-a857-f29901de119c.embl-delly_1-0-0-preFilter.20150604.somatic.sv.vcf.gz-md5sum_time": 0, 
                "616ff577-c5c3-432e-a857-f29901de119c.embl-delly_1-0-0-preFilter.20150604.somatic.sv.vcf.gz.tbi-download_time": 14, 
                "616ff577-c5c3-432e-a857-f29901de119c.embl-delly_1-0-0-preFilter.20150604.somatic.sv.vcf.gz.tbi-md5sum_time": 0, 
                "616ff577-c5c3-432e-a857-f29901de119c.embl-delly_1-0-0-preFilter.20150604.sv.cov.plots.tar.gz-download_time": 15, 
                "616ff577-c5c3-432e-a857-f29901de119c.embl-delly_1-0-0-preFilter.20150604.sv.cov.plots.tar.gz-md5sum_time": 0, 
                "616ff577-c5c3-432e-a857-f29901de119c.embl-delly_1-0-0-preFilter.20150604.sv.cov.tar.gz-download_time": 18, 
                "616ff577-c5c3-432e-a857-f29901de119c.embl-delly_1-0-0-preFilter.20150604.sv.cov.tar.gz-md5sum_time": 0, 
                "616ff577-c5c3-432e-a857-f29901de119c.embl-delly_1-0-0-preFilter.20150604.sv.vcf.gz-download_time": 14, 
                "616ff577-c5c3-432e-a857-f29901de119c.embl-delly_1-0-0-preFilter.20150604.sv.vcf.gz-md5sum_time": 0, 
                "616ff577-c5c3-432e-a857-f29901de119c.embl-delly_1-0-0-preFilter.20150604.sv.vcf.gz.tbi-download_time": 14, 
                "616ff577-c5c3-432e-a857-f29901de119c.embl-delly_1-0-0-preFilter.20150604.sv.vcf.gz.tbi-md5sum_time": 0, 
                "a90b3d9c-03b3-43db-a2cf-0b9492663d95.xml-download_time": 13, 
                "a90b3d9c-03b3-43db-a2cf-0b9492663d95.xml-md5sum_time": 0, 
                "start": 1449422917, 
                "stop": 1449423673, 
                "time": 756
            }
        }
    }, 
    "aliquot_id": null, 
    "available_repos": [
        {
            "https://gtrepo-dkfz.annailabs.com/": {
                "file_md5sum": "f5a334d312b5ec98f6219d1719e94954", 
                "file_size": 60513
            }
        }
    ], 
    "data_type": "Dkfz_embl-VCF", 
    "files": [
        {
            "file_md5sum": "c398c3b8b23416a4f3b753f966d77274",