{
    "_runs_": {
        "run_1449082444_377f6128-eb97-49a3-8ed2-dfd67fca33ff": {
            "downloading": {
                "gnos-download_time": 2151, 
                "start": 1449146736, 
                "stop": 1449148888, 
                "time": 2152
            }, 
            "uploading": {
                "copy_meta_time": 2, 
                "start": 1449148904, 
                "stop": 1449149147, 
                "time": 243, 
                "upload_time": 241
            }
        }, 
        "run_1449252103_152c7654-43a8-4095-9763-2d1564a0e842": {
            "downloading": {
                "be840d3c-2773-4af6-bb19-0e0966aafde2.xml-download_time": 14, 
                "be840d3c-2773-4af6-bb19-0e0966aafde2.xml-md5sum_time": 0, 
                "f640d377-98e9-41d3-8761-61eb33072c65.dkfz-copyNumberEstimation_1-0-189-hpc-fix.1508271717.somatic.cnv.tar.gz-download_time": 243, 
                "f640d377-98e9-41d3-8761-61eb33072c65.dkfz-copyNumberEstimation_1-0-189-hpc-fix.1508271717.somatic.cnv.tar.gz-md5sum_time": 21, 
                "f640d377-98e9-41d3-8761-61eb33072c65.dkfz-copyNumberEstimation_1-0-189-hpc-fix.1508271717.somatic.cnv.vcf.gz-download_time": 14, 
                "f640d377-98e9-41d3-8761-61eb33072c65.dkfz-copyNumberEstimation_1-0-189-hpc-fix.1508271717.somatic.cnv.vcf.gz-md5sum_time": 0, 
                "f640d377-98e9-41d3-8761-61eb33072c65.dkfz-copyNumberEstimation_1-0-189-hpc-fix.1508271717.somatic.cnv.vcf.gz.tbi-download_time": 12, 
                "f640d377-98e9-41d3-8761-61eb33072c65.dkfz-copyNumberEstimation_1-0-189-hpc-fix.1508271717.somatic.cnv.vcf.gz.tbi-md5sum_time": 0, 
                "f640d377-98e9-41d3-8761-61eb33072c65.dkfz-indelCalling_1-0-132-1.20150702.germline.indel.vcf.gz-download_time": 18, 
                "f640d377-98e9-41d3-8761-61eb33072c65.dkfz-indelCalling_1-0-132-1.20150702.germline.indel.vcf.gz-md5sum_time": 0, 
                "f640d377-98e9-41d3-8761-61eb33072c65.dkfz-indelCalling_1-0-132-1.20150702.germline.indel.vcf.gz.tbi-download_time": 13, 
                "f640d377-98e9-41d3-8761-61eb33072c65.dkfz-indelCalling_1-0-132-1.20150702.germline.indel.vcf.gz.tbi-md5sum_time": 0, 
                "f640d377-98e9-41d3-8761-61eb33072c65.dkfz-indelCalling_1-0-132-1.20150702.somatic.indel.tar.gz-download_time": 49, 
                "f640d377-98e9-41d3-8761-61eb33072c65.dkfz-indelCalling_1-0-132-1.20150702.somatic.indel.tar.gz-md5sum_time": 3, 
                "f640d377-98e9-41d3-8761-61eb33072c65.dkfz-indelCalling_1-0-132-1.20150702.somatic.indel.vcf.gz-download_time": 14, 
                "f640d377-98e9-41d3-8761-61eb33072c65.dkfz-indelCalling_1-0-132-1.20150702.somatic.indel.vcf.gz-md5sum_time": 0, 
                "f640d377-98e9-41d3-8761-61eb33072c65.dkfz-indelCalling_1-0-132-1.20150702.somatic.indel.vcf.gz.tbi-download_time": 14, 
                "f640d377-98e9-41d3-8761-61eb33072c65.dkfz-indelCalling_1-0-132-1.20150702.somatic.indel.vcf.gz.tbi-md5sum_time": 0, 
                "f640d377-98e9-41d3-8761-61eb33072c65.dkfz-snvCalling_1-0-132-1.20150702.germline.snv_mnv.vcf.gz-download_time": 22, 
                "f640d377-98e9-41d3-8761-61eb33072c65.dkfz-snvCalling_1-0-132-1.20150702.germline.snv_mnv.vcf.gz-md5sum_time": 0, 
                "f640d377-98e9-41d3-8761-61eb33072c65.dkfz-snvCalling_1-0-132-1.20150702.germline.snv_mnv.vcf.gz.tbi-download_time": 14, 
                "f640d377-98e9-41d3-8761-61eb33072c65.dkfz-snvCalling_1-0-132-1.20150702.germline.snv_mnv.vcf.gz.tbi-md5sum_time": 0, 
                "f640d377-98e9-41d3-8761-61eb33072c65.dkfz-snvCalling_1-0-132-1.20150702.somatic.snv_mnv.tar.gz-download_time": 84, 
                "f640d377-98e9-41d3-8761-61eb33072c65.dkfz-snvCalling_1-0-132-1.20150702.somatic.snv_mnv.tar.gz-md5sum_time": 5, 
                "f640d377-98e9-41d3-8761-61eb33072c65.dkfz-snvCalling_1-0-132-1.20150702.somatic.snv_mnv.vcf.gz-download_time": 14, 
                "f640d377-98e9-41d3-8761-61eb33072c65.dkfz-snvCalling_1-0-132-1.20150702.somatic.snv_mnv.vcf.gz-md5sum_time": 0, 
                "f640d377-98e9-41d3-8761-61eb33072c65.dkfz-snvCalling_1-0-132-1.20150702.somatic.snv_mnv.vcf.gz.tbi-download_time": 13, 
                "f640d377-98e9-41d3-8761-61eb33072c65.dkfz-snvCalling_1-0-132-1.20150702.somatic.snv_mnv.vcf.gz.tbi-md5sum_time": 0, 
                "f640d377-98e9-41d3-8761-61eb33072c65.embl-delly_1-0-0-preFilter.20150702.germline.sv.bedpe.txt.tar.gz-download_time": 13, 
                "f640d377-98e9-41d3-8761-61eb33072c65.embl-delly_1-0-0-preFilter.20150702.germline.sv.bedpe.txt.tar.gz-md5sum_time": 0, 
                "f640d377-98e9-41d3-8761-61eb33072c65.embl-delly_1-0-0-preFilter.20150702.germline.sv.readname.txt.tar.gz-download_time": 13, 
                "f640d377-98e9-41d3-8761-61eb33072c65.embl-delly_1-0-0-preFilter.20150702.germline.sv.readname.txt.tar.gz-md5sum_time": 0, 
                "f640d377-98e9-41d3-8761-61eb33072c65.embl-delly_1-0-0-preFilter.20150702.germline.sv.vcf.gz-download_time": 13, 
                "f640d377-98e9-41d3-8761-61eb33072c65.embl-delly_1-0-0-preFilter.20150702.germline.sv.vcf.gz-md5sum_time": 0, 
                "f640d377-98e9-41d3-8761-61eb33072c65.embl-delly_1-0-0-preFilter.20150702.germline.sv.vcf.gz.tbi-download_time": 13, 
                "f640d377-98e9-41d3-8761-61eb33072c65.embl-delly_1-0-0-preFilter.20150702.germline.sv.vcf.gz.tbi-md5sum_time": 0, 
                "f640d377-98e9-41d3-8761-61eb33072c65.embl-delly_1-0-0-preFilter.20150702.somatic.sv.bedpe.txt.tar.gz-download_time": 13, 
                "f640d377-98e9-41d3-8761-61eb33072c65.embl-delly_1-0-0-preFilter.20150702.somatic.sv.bedpe.txt.tar.gz-md5sum_time": 0, 
                "f640d377-98e9-41d3-8761-61eb33072c65.embl-delly_1-0-0-preFilter.20150702.somatic.sv.readname.txt.tar.gz-download_time": 13, 
                "f640d377-98e9-41d3-8761-61eb33072c65.embl-delly_1-0-0-preFilter.20150702.somatic.sv.readname.txt.tar.gz-md5sum_time": 0, 
                "f640d377-98e9-41d3-8761-61eb33072c65.embl-delly_1-0-0-preFilter.20150702.somatic.sv.vcf.gz-download_time": 12, 
                "f640d377-98e9-41d3-8761-61eb33072c65.embl-delly_1-0-0-preFilter.20150702.somatic.sv.vcf.gz-md5sum_time": 0, 
                "f640d377-98e9-41d3-8761-61eb33072c65.embl-delly_1-0-0-preFilter.20150702.somatic.sv.vcf.gz.tbi-download_time": 13, 
                "f640d377-98e9-41d3-8761-61eb33072c65.embl-delly_1-0-0-preFilter.20150702.somatic.sv.vcf.gz.tbi-md5sum_time": 0, 
                "f640d377-98e9-41d3-8761-61eb33072c65.embl-delly_1-0-0-preFilter.20150702.sv.cov.plots.tar.gz-download_time": 16, 
                "f640d377-98e9-41d3-8761-61eb33072c65.embl-delly_1-0-0-preFilter.20150702.sv.cov.plots.tar.gz-md5sum_time": 0, 
                "f640d377-98e9-41d3-8761-61eb33072c65.embl-delly_1-0-0-preFilter.20150702.sv.cov.tar.gz-download_time": 17, 
                "f640d377-98e9-41d3-8761-61eb33072c65.embl-delly_1-0-0-preFilter.20150702.sv.cov.tar.gz-md5sum_time": 0, 
                "f640d377-98e9-41d3-8761-61eb33072c65.embl-delly_1-0-0-preFilter.20150702.sv.vcf.gz-download_time": 12, 
                "f640d377-98e9-41d3-8761-61eb33072c65.embl-delly_1-0-0-preFilter.20150702.sv.vcf.gz-md5sum_time": 0, 
                "f640d377-98e9-41d3-8761-61eb33072c65.embl-delly_1-0-0-preFilter.20150702.sv.vcf.gz.tbi-download_time": 13, 
                "f640d377-98e9-41d3-8761-61eb33072c65.embl-delly_1-0-0-preFilter.20150702.sv.vcf.gz.tbi-md5sum_time": 0, 
                "start": 1449452583, 
                "stop": 1449453313, 
                "time": 730
            }
        }
    }, 
    "aliquot_id": null, 
    "available_repos": [
        {
            "https://gtrepo-dkfz.annailabs.com/": {
                "file_md5sum": "b19d0af71be047abc2c7098a7a56a191", 
                "file_size": 59421
            }
        }
    ], 
    "data_type": "Dkfz_embl-VCF", 
    "files": [
        {
            "file_md5sum": "7d831f432a3ebb75905466bdb128a4ec",