{
    "_runs_": {
        "run_1449082903_fe989482-02ad-4ded-bc67-a8c67f3dc8e0": {
            "downloading": {
                "gnos-download_time": 1382, 
                "start": 1449103994, 
                "stop": 1449105377, 
                "time": 1383
            }, 
            "uploading": {
                "copy_meta_time": 2, 
                "start": 1449105389, 
                "stop": 1449105626, 
                "time": 237, 
                "upload_time": 235
            }
        }, 
        "run_1449256362_f285340f-6a1e-4280-8af8-91051b7f471f": {
            "downloading": {
                "bf3def1d-e6b2-4f2a-9688-bf94214be4a8.xml-download_time": 13, 
                "bf3def1d-e6b2-4f2a-9688-bf94214be4a8.xml-md5sum_time": 0, 
                "f9c0a0d9-5af6-4476-e040-11ac0d4830d3.dkfz-copyNumberEstimation_1-0-189-hpc-fix.1508271723.somatic.cnv.tar.gz-download_time": 234, 
                "f9c0a0d9-5af6-4476-e040-11ac0d4830d3.dkfz-copyNumberEstimation_1-0-189-hpc-fix.1508271723.somatic.cnv.tar.gz-md5sum_time": 22, 
                "f9c0a0d9-5af6-4476-e040-11ac0d4830d3.dkfz-copyNumberEstimation_1-0-189-hpc-fix.1508271723.somatic.cnv.vcf.gz-download_time": 14, 
                "f9c0a0d9-5af6-4476-e040-11ac0d4830d3.dkfz-copyNumberEstimation_1-0-189-hpc-fix.1508271723.somatic.cnv.vcf.gz-md5sum_time": 0, 
                "f9c0a0d9-5af6-4476-e040-11ac0d4830d3.dkfz-copyNumberEstimation_1-0-189-hpc-fix.1508271723.somatic.cnv.vcf.gz.tbi-download_time": 14, 
                "f9c0a0d9-5af6-4476-e040-11ac0d4830d3.dkfz-copyNumberEstimation_1-0-189-hpc-fix.1508271723.somatic.cnv.vcf.gz.tbi-md5sum_time": 0, 
                "f9c0a0d9-5af6-4476-e040-11ac0d4830d3.dkfz-indelCalling_1-0-132-1.20150622.germline.indel.vcf.gz-download_time": 19, 
                "f9c0a0d9-5af6-4476-e040-11ac0d4830d3.dkfz-indelCalling_1-0-132-1.20150622.germline.indel.vcf.gz-md5sum_time": 0, 
                "f9c0a0d9-5af6-4476-e040-11ac0d4830d3.dkfz-indelCalling_1-0-132-1.20150622.germline.indel.vcf.gz.tbi-download_time": 14, 
                "f9c0a0d9-5af6-4476-e040-11ac0d4830d3.dkfz-indelCalling_1-0-132-1.20150622.germline.indel.vcf.gz.tbi-md5sum_time": 0, 
                "f9c0a0d9-5af6-4476-e040-11ac0d4830d3.dkfz-indelCalling_1-0-132-1.20150622.somatic.indel.tar.gz-download_time": 50, 
                "f9c0a0d9-5af6-4476-e040-11ac0d4830d3.dkfz-indelCalling_1-0-132-1.20150622.somatic.indel.tar.gz-md5sum_time": 2, 
                "f9c0a0d9-5af6-4476-e040-11ac0d4830d3.dkfz-indelCalling_1-0-132-1.20150622.somatic.indel.vcf.gz-download_time": 15, 
                "f9c0a0d9-5af6-4476-e040-11ac0d4830d3.dkfz-indelCalling_1-0-132-1.20150622.somatic.indel.vcf.gz-md5sum_time": 0, 
                "f9c0a0d9-5af6-4476-e040-11ac0d4830d3.dkfz-indelCalling_1-0-132-1.20150622.somatic.indel.vcf.gz.tbi-download_time": 15, 
                "f9c0a0d9-5af6-4476-e040-11ac0d4830d3.dkfz-indelCalling_1-0-132-1.20150622.somatic.indel.vcf.gz.tbi-md5sum_time": 0, 
                "f9c0a0d9-5af6-4476-e040-11ac0d4830d3.dkfz-snvCalling_1-0-132-1.20150622.germline.snv_mnv.vcf.gz-download_time": 21, 
                "f9c0a0d9-5af6-4476-e040-11ac0d4830d3.dkfz-snvCalling_1-0-132-1.20150622.germline.snv_mnv.vcf.gz-md5sum_time": 1, 
                "f9c0a0d9-5af6-4476-e040-11ac0d4830d3.dkfz-snvCalling_1-0-132-1.20150622.germline.snv_mnv.vcf.gz.tbi-download_time": 13, 
                "f9c0a0d9-5af6-4476-e040-11ac0d4830d3.dkfz-snvCalling_1-0-132-1.20150622.germline.snv_mnv.vcf.gz.tbi-md5sum_time": 0, 
                "f9c0a0d9-5af6-4476-e040-11ac0d4830d3.dkfz-snvCalling_1-0-132-1.20150622.somatic.snv_mnv.tar.gz-download_time": 77, 
                "f9c0a0d9-5af6-4476-e040-11ac0d4830d3.dkfz-snvCalling_1-0-132-1.20150622.somatic.snv_mnv.tar.gz-md5sum_time": 4, 
                "f9c0a0d9-5af6-4476-e040-11ac0d4830d3.dkfz-snvCalling_1-0-132-1.20150622.somatic.snv_mnv.vcf.gz-download_time": 15, 
                "f9c0a0d9-5af6-4476-e040-11ac0d4830d3.dkfz-snvCalling_1-0-132-1.20150622.somatic.snv_mnv.vcf.gz-md5sum_time": 0, 
                "f9c0a0d9-5af6-4476-e040-11ac0d4830d3.dkfz-snvCalling_1-0-132-1.20150622.somatic.snv_mnv.vcf.gz.tbi-download_time": 15, 
                "f9c0a0d9-5af6-4476-e040-11ac0d4830d3.dkfz-snvCalling_1-0-132-1.20150622.somatic.snv_mnv.vcf.gz.tbi-md5sum_time": 0, 
                "f9c0a0d9-5af6-4476-e040-11ac0d4830d3.embl-delly_1-0-0-preFilter.20150622.germline.sv.bedpe.txt.tar.gz-download_time": 14, 
                "f9c0a0d9-5af6-4476-e040-11ac0d4830d3.embl-delly_1-0-0-preFilter.20150622.germline.sv.bedpe.txt.tar.gz-md5sum_time": 0, 
                "f9c0a0d9-5af6-4476-e040-11ac0d4830d3.embl-delly_1-0-0-preFilter.20150622.germline.sv.readname.txt.tar.gz-download_time": 14, 
                "f9c0a0d9-5af6-4476-e040-11ac0d4830d3.embl-delly_1-0-0-preFilter.20150622.germline.sv.readname.txt.tar.gz-md5sum_time": 0, 
                "f9c0a0d9-5af6-4476-e040-11ac0d4830d3.embl-delly_1-0-0-preFilter.20150622.germline.sv.vcf.gz-download_time": 13, 
                "f9c0a0d9-5af6-4476-e040-11ac0d4830d3.embl-delly_1-0-0-preFilter.20150622.germline.sv.vcf.gz-md5sum_time": 0, 
                "f9c0a0d9-5af6-4476-e040-11ac0d4830d3.embl-delly_1-0-0-preFilter.20150622.germline.sv.vcf.gz.tbi-download_time": 14, 
                "f9c0a0d9-5af6-4476-e040-11ac0d4830d3.embl-delly_1-0-0-preFilter.20150622.germline.sv.vcf.gz.tbi-md5sum_time": 0, 
                "f9c0a0d9-5af6-4476-e040-11ac0d4830d3.embl-delly_1-0-0-preFilter.20150622.somatic.sv.bedpe.txt.tar.gz-download_time": 13, 
                "f9c0a0d9-5af6-4476-e040-11ac0d4830d3.embl-delly_1-0-0-preFilter.20150622.somatic.sv.bedpe.txt.tar.gz-md5sum_time": 1, 
                "f9c0a0d9-5af6-4476-e040-11ac0d4830d3.embl-delly_1-0-0-preFilter.20150622.somatic.sv.readname.txt.tar.gz-download_time": 15, 
                "f9c0a0d9-5af6-4476-e040-11ac0d4830d3.embl-delly_1-0-0-preFilter.20150622.somatic.sv.readname.txt.tar.gz-md5sum_time": 0, 
                "f9c0a0d9-5af6-4476-e040-11ac0d4830d3.embl-delly_1-0-0-preFilter.20150622.somatic.sv.vcf.gz-download_time": 14, 
                "f9c0a0d9-5af6-4476-e040-11ac0d4830d3.embl-delly_1-0-0-preFilter.20150622.somatic.sv.vcf.gz-md5sum_time": 0, 
                "f9c0a0d9-5af6-4476-e040-11ac0d4830d3.embl-delly_1-0-0-preFilter.20150622.somatic.sv.vcf.gz.tbi-download_time": 13, 
                "f9c0a0d9-5af6-4476-e040-11ac0d4830d3.embl-delly_1-0-0-preFilter.20150622.somatic.sv.vcf.gz.tbi-md5sum_time": 0, 
                "f9c0a0d9-5af6-4476-e040-11ac0d4830d3.embl-delly_1-0-0-preFilter.20150622.sv.cov.plots.tar.gz-download_time": 14, 
                "f9c0a0d9-5af6-4476-e040-11ac0d4830d3.embl-delly_1-0-0-preFilter.20150622.sv.cov.plots.tar.gz-md5sum_time": 1, 
                "f9c0a0d9-5af6-4476-e040-11ac0d4830d3.embl-delly_1-0-0-preFilter.20150622.sv.cov.tar.gz-download_time": 17, 
                "f9c0a0d9-5af6-4476-e040-11ac0d4830d3.embl-delly_1-0-0-preFilter.20150622.sv.cov.tar.gz-md5sum_time": 0, 
                "f9c0a0d9-5af6-4476-e040-11ac0d4830d3.embl-delly_1-0-0-preFilter.20150622.sv.vcf.gz-download_time": 13, 
                "f9c0a0d9-5af6-4476-e040-11ac0d4830d3.embl-delly_1-0-0-preFilter.20150622.sv.vcf.gz-md5sum_time": 0, 
                "f9c0a0d9-5af6-4476-e040-11ac0d4830d3.embl-delly_1-0-0-preFilter.20150622.sv.vcf.gz.tbi-download_time": 14, 
                "f9c0a0d9-5af6-4476-e040-11ac0d4830d3.embl-delly_1-0-0-preFilter.20150622.sv.vcf.gz.tbi-md5sum_time": 0, 
                "start": 1449453318, 
                "stop": 1449454046, 
                "time": 728
            }
        }
    }, 
    "aliquot_id": null, 
    "available_repos": [
        {
            "https://gtrepo-dkfz.annailabs.com/": {
                "file_md5sum": "21a638c81cd13c5559787acbc3efe302", 
                "file_size": 58627
            }
        }
    ], 
    "data_type": "Dkfz_embl-VCF", 
    "files": [
        {
            "file_md5sum": "842b410fa4d7bb4265f640fd5986d8b0",