{
    "_runs_": {
        "run_1449021626_519f2490-ff6f-49ec-8fcd-839b771e4407": {
            "downloading": {
                "gnos-download_time": 183, 
                "start": 1449032878, 
                "stop": 1449033062, 
                "time": 184
            }, 
            "uploading": {
                "copy_meta_time": 1, 
                "start": 1449033075, 
                "stop": 1449033220, 
                "time": 145, 
                "upload_time": 143
            }
        }, 
        "run_1449256362_f285340f-6a1e-4280-8af8-91051b7f471f": {
            "downloading": {
                "812a2495-874b-4fbd-89da-bf3801ab9a34.svcp_1-0-6.20150824.somatic.binnedReadCounts.tar.gz-download_time": 20, 
                "812a2495-874b-4fbd-89da-bf3801ab9a34.svcp_1-0-6.20150824.somatic.binnedReadCounts.tar.gz-md5sum_time": 1, 
                "812a2495-874b-4fbd-89da-bf3801ab9a34.svcp_1-0-6.20150824.somatic.cnv.tar.gz-download_time": 16, 
                "812a2495-874b-4fbd-89da-bf3801ab9a34.svcp_1-0-6.20150824.somatic.cnv.tar.gz-md5sum_time": 0, 
                "812a2495-874b-4fbd-89da-bf3801ab9a34.svcp_1-0-6.20150824.somatic.cnv.vcf.gz-download_time": 13, 
                "812a2495-874b-4fbd-89da-bf3801ab9a34.svcp_1-0-6.20150824.somatic.cnv.vcf.gz-md5sum_time": 0, 
                "812a2495-874b-4fbd-89da-bf3801ab9a34.svcp_1-0-6.20150824.somatic.cnv.vcf.gz.tbi-download_time": 13, 
                "812a2495-874b-4fbd-89da-bf3801ab9a34.svcp_1-0-6.20150824.somatic.cnv.vcf.gz.tbi-md5sum_time": 0, 
                "812a2495-874b-4fbd-89da-bf3801ab9a34.svcp_1-0-6.20150824.somatic.genotype.tar.gz-download_time": 13, 
                "812a2495-874b-4fbd-89da-bf3801ab9a34.svcp_1-0-6.20150824.somatic.genotype.tar.gz-md5sum_time": 0, 
                "812a2495-874b-4fbd-89da-bf3801ab9a34.svcp_1-0-6.20150824.somatic.imputeCounts.tar.gz-download_time": 44, 
                "812a2495-874b-4fbd-89da-bf3801ab9a34.svcp_1-0-6.20150824.somatic.imputeCounts.tar.gz-md5sum_time": 1, 
                "812a2495-874b-4fbd-89da-bf3801ab9a34.svcp_1-0-6.20150824.somatic.indel.tar.gz-download_time": 74, 
                "812a2495-874b-4fbd-89da-bf3801ab9a34.svcp_1-0-6.20150824.somatic.indel.tar.gz-md5sum_time": 4, 
                "812a2495-874b-4fbd-89da-bf3801ab9a34.svcp_1-0-6.20150824.somatic.indel.vcf.gz-download_time": 17, 
                "812a2495-874b-4fbd-89da-bf3801ab9a34.svcp_1-0-6.20150824.somatic.indel.vcf.gz-md5sum_time": 0, 
                "812a2495-874b-4fbd-89da-bf3801ab9a34.svcp_1-0-6.20150824.somatic.indel.vcf.gz.tbi-download_time": 13, 
                "812a2495-874b-4fbd-89da-bf3801ab9a34.svcp_1-0-6.20150824.somatic.indel.vcf.gz.tbi-md5sum_time": 0, 
                "812a2495-874b-4fbd-89da-bf3801ab9a34.svcp_1-0-6.20150824.somatic.snv_mnv.tar.gz-download_time": 23, 
                "812a2495-874b-4fbd-89da-bf3801ab9a34.svcp_1-0-6.20150824.somatic.snv_mnv.tar.gz-md5sum_time": 1, 
                "812a2495-874b-4fbd-89da-bf3801ab9a34.svcp_1-0-6.20150824.somatic.snv_mnv.vcf.gz-download_time": 14, 
                "812a2495-874b-4fbd-89da-bf3801ab9a34.svcp_1-0-6.20150824.somatic.snv_mnv.vcf.gz-md5sum_time": 0, 
                "812a2495-874b-4fbd-89da-bf3801ab9a34.svcp_1-0-6.20150824.somatic.snv_mnv.vcf.gz.tbi-download_time": 14, 
                "812a2495-874b-4fbd-89da-bf3801ab9a34.svcp_1-0-6.20150824.somatic.snv_mnv.vcf.gz.tbi-md5sum_time": 0, 
                "812a2495-874b-4fbd-89da-bf3801ab9a34.svcp_1-0-6.20150824.somatic.sv.tar.gz-download_time": 94, 
                "812a2495-874b-4fbd-89da-bf3801ab9a34.svcp_1-0-6.20150824.somatic.sv.tar.gz-md5sum_time": 5, 
                "812a2495-874b-4fbd-89da-bf3801ab9a34.svcp_1-0-6.20150824.somatic.sv.vcf.gz-download_time": 13, 
                "812a2495-874b-4fbd-89da-bf3801ab9a34.svcp_1-0-6.20150824.somatic.sv.vcf.gz-md5sum_time": 0, 
                "812a2495-874b-4fbd-89da-bf3801ab9a34.svcp_1-0-6.20150824.somatic.sv.vcf.gz.tbi-download_time": 14, 
                "812a2495-874b-4fbd-89da-bf3801ab9a34.svcp_1-0-6.20150824.somatic.sv.vcf.gz.tbi-md5sum_time": 0, 
                "812a2495-874b-4fbd-89da-bf3801ab9a34.svcp_1-0-6.20150824.somatic.verifyBamId.tar.gz-download_time": 14, 
                "812a2495-874b-4fbd-89da-bf3801ab9a34.svcp_1-0-6.20150824.somatic.verifyBamId.tar.gz-md5sum_time": 0, 
                "cc7f6191-c0df-4bbb-9e5a-e739e99a192b.xml-download_time": 13, 
                "cc7f6191-c0df-4bbb-9e5a-e739e99a192b.xml-md5sum_time": 0, 
                "start": 1449473027, 
                "stop": 1449473461, 
                "time": 434
            }
        }
    }, 
    "aliquot_id": null, 
    "available_repos": [
        {
            "https://gtrepo-ebi.annailabs.com/": {
                "file_md5sum": "d1396fb11e6c1bc34879b296931a6988", 
                "file_size": 61958
            }
        }
    ], 
    "data_type": "Sanger-VCF", 
    "files": [
        {
            "file_md5sum": "c7ebe167874388a1cd428c36973c6b8b", 
            "file_name": "812a2495-874b-4fbd-89da-bf3801ab9a34.svcp_1-0-6.20150824.somatic.snv_mnv.vcf.gz", 
            "file_size": 4053446, 
            "object_id": "9feebd70-edae-5175-89d9-403a2d7a8ee5"
        }, 
        {
            "file_md5sum": "1ff36fac8c07245b5d40f2cd45594e77", 
            "file_name": "812a2495-874b-4fbd-89da-bf3801ab9a34.svcp_1-0-6.20150824.somatic.snv_mnv.vcf.gz.tbi", 
            "file_size": 454122, 
            "object_id": "633521a9-e8e9-5b7a-a35d-08046283c2f6"
        }, 
        {
            "file_md5sum": "d7822788ab3329ae8e61aa78a552d99e", 
            "file_name": "812a2495-874b-4fbd-89da-bf3801ab9a34.svcp_1-0-6.20150824.somatic.cnv.vcf.gz", 
            "file_size": 4290, 
            "object_id": "3d7c841b-7f61-5ef3-bde8-d31c2652240b"
        }, 
        {
            "file_md5sum": "b44d0e9bf3e7e7e18e52e0a54e22089b", 
            "file_name": "812a2495-874b-4fbd-89da-bf3801ab9a34.svcp_1-0-6.20150824.somatic.cnv.vcf.gz.tbi", 
            "file_size": 5872, 
            "object_id": "0a62aa10-da55-5e41-96bc-1a7090f7de08"
        }, 
        {
            "file_md5sum": "9cef0ef144993d4df8fa6ed0efb3a159", 
            "file_name": "812a2495-874b-4fbd-89da-bf3801ab9a34.svcp_1-0-6.20150824.somatic.sv.vcf.gz", 
            "file_size": 53486, 
            "object_id": "f5ed6627-49c2-5f78-9521-085d03e57e43"
        }, 
        {
            "file_md5sum": "0598d4064196279e02f84b8c382b1b02", 
            "file_name": "812a2495-874b-4fbd-89da-bf3801ab9a34.svcp_1-0-6.20150824.somatic.sv.vcf.gz.tbi", 
            "file_size": 3732, 
            "object_id": "110b5503-62e5-59e9-8bf2-6ad3f0951e8c"
        }, 
        {
            "file_md5sum": "63a761f96d14895ff798ac143e4e3336", 
            "file_name": "812a2495-874b-4fbd-89da-bf3801ab9a34.svcp_1-0-6.20150824.somatic.indel.vcf.gz", 
            "file_size": 55408651, 
            "object_id": "bcbcb0fb-1e66-528c-8caa-3a0ca8db52fd"
        }, 
        {
            "file_md5sum": "1954ac7f44dd43732ef357f69c1a8d1e", 
            "file_name": "812a2495-874b-4fbd-89da-bf3801ab9a34.svcp_1-0-6.20150824.somatic.indel.vcf.gz.tbi", 
            "file_size": 1523497, 
            "object_id": "d01ccc65-0525-523b-936a-b792df1c73c5"
        }, 
        {
            "file_md5sum": "b4bf55e9d7421c9705eaf6ee17e32cf7", 
            "file_name": "812a2495-874b-4fbd-89da-bf3801ab9a34.svcp_1-0-6.20150824.somatic.snv_mnv.tar.gz", 
            "file_size": 162066364, 
            "object_id": "cb46e857-b051-5788-aeff-d6069be17d39"
        }, 
        {
            "file_md5sum": "ad2574d9a783ea21ca9233ddc4f522f1", 
            "file_name": "812a2495-874b-4fbd-89da-bf3801ab9a34.svcp_1-0-6.20150824.somatic.cnv.tar.gz", 
            "file_size": 26956178, 
            "object_id": "58cfa83a-9352-50bd-9935-1341ad66d931"
        }, 
        {
            "file_md5sum": "d35438b333d3cb7df99417150b31a707",