{
    "_runs_": {
        "run_1449082496_7373db63-4a80-4aa0-946f-1b93f67b2eda": {
            "downloading": {
                "gnos-download_time": 1372, 
                "start": 1449164152, 
                "stop": 1449165525, 
                "time": 1373
            }, 
            "uploading": {
                "copy_meta_time": 1, 
                "start": 1449165537, 
                "stop": 1449165762, 
                "time": 225, 
                "upload_time": 223
            }
        }, 
        "run_1449252103_152c7654-43a8-4095-9763-2d1564a0e842": {
            "downloading": {
                "6ea6b5e4-cdc4-4e3a-bde2-8089d2a4d7eb.dkfz-copyNumberEstimation_1-0-189-hpc-fix.1508272105.somatic.cnv.tar.gz-download_time": 203, 
                "6ea6b5e4-cdc4-4e3a-bde2-8089d2a4d7eb.dkfz-copyNumberEstimation_1-0-189-hpc-fix.1508272105.somatic.cnv.tar.gz-md5sum_time": 19, 
                "6ea6b5e4-cdc4-4e3a-bde2-8089d2a4d7eb.dkfz-copyNumberEstimation_1-0-189-hpc-fix.1508272105.somatic.cnv.vcf.gz-download_time": 13, 
                "6ea6b5e4-cdc4-4e3a-bde2-8089d2a4d7eb.dkfz-copyNumberEstimation_1-0-189-hpc-fix.1508272105.somatic.cnv.vcf.gz-md5sum_time": 0, 
                "6ea6b5e4-cdc4-4e3a-bde2-8089d2a4d7eb.dkfz-copyNumberEstimation_1-0-189-hpc-fix.1508272105.somatic.cnv.vcf.gz.tbi-download_time": 14, 
                "6ea6b5e4-cdc4-4e3a-bde2-8089d2a4d7eb.dkfz-copyNumberEstimation_1-0-189-hpc-fix.1508272105.somatic.cnv.vcf.gz.tbi-md5sum_time": 0, 
                "6ea6b5e4-cdc4-4e3a-bde2-8089d2a4d7eb.dkfz-indelCalling_1-0-132-1.20150607.germline.indel.vcf.gz-download_time": 20, 
                "6ea6b5e4-cdc4-4e3a-bde2-8089d2a4d7eb.dkfz-indelCalling_1-0-132-1.20150607.germline.indel.vcf.gz-md5sum_time": 0, 
                "6ea6b5e4-cdc4-4e3a-bde2-8089d2a4d7eb.dkfz-indelCalling_1-0-132-1.20150607.germline.indel.vcf.gz.tbi-download_time": 13, 
                "6ea6b5e4-cdc4-4e3a-bde2-8089d2a4d7eb.dkfz-indelCalling_1-0-132-1.20150607.germline.indel.vcf.gz.tbi-md5sum_time": 0, 
                "6ea6b5e4-cdc4-4e3a-bde2-8089d2a4d7eb.dkfz-indelCalling_1-0-132-1.20150607.somatic.indel.tar.gz-download_time": 48, 
                "6ea6b5e4-cdc4-4e3a-bde2-8089d2a4d7eb.dkfz-indelCalling_1-0-132-1.20150607.somatic.indel.tar.gz-md5sum_time": 3, 
                "6ea6b5e4-cdc4-4e3a-bde2-8089d2a4d7eb.dkfz-indelCalling_1-0-132-1.20150607.somatic.indel.vcf.gz-download_time": 13, 
                "6ea6b5e4-cdc4-4e3a-bde2-8089d2a4d7eb.dkfz-indelCalling_1-0-132-1.20150607.somatic.indel.vcf.gz-md5sum_time": 0, 
                "6ea6b5e4-cdc4-4e3a-bde2-8089d2a4d7eb.dkfz-indelCalling_1-0-132-1.20150607.somatic.indel.vcf.gz.tbi-download_time": 14, 
                "6ea6b5e4-cdc4-4e3a-bde2-8089d2a4d7eb.dkfz-indelCalling_1-0-132-1.20150607.somatic.indel.vcf.gz.tbi-md5sum_time": 0, 
                "6ea6b5e4-cdc4-4e3a-bde2-8089d2a4d7eb.dkfz-snvCalling_1-0-132-1.20150607.germline.snv_mnv.vcf.gz-download_time": 20, 
                "6ea6b5e4-cdc4-4e3a-bde2-8089d2a4d7eb.dkfz-snvCalling_1-0-132-1.20150607.germline.snv_mnv.vcf.gz-md5sum_time": 0, 
                "6ea6b5e4-cdc4-4e3a-bde2-8089d2a4d7eb.dkfz-snvCalling_1-0-132-1.20150607.germline.snv_mnv.vcf.gz.tbi-download_time": 14, 
                "6ea6b5e4-cdc4-4e3a-bde2-8089d2a4d7eb.dkfz-snvCalling_1-0-132-1.20150607.germline.snv_mnv.vcf.gz.tbi-md5sum_time": 0, 
                "6ea6b5e4-cdc4-4e3a-bde2-8089d2a4d7eb.dkfz-snvCalling_1-0-132-1.20150607.somatic.snv_mnv.tar.gz-download_time": 71, 
                "6ea6b5e4-cdc4-4e3a-bde2-8089d2a4d7eb.dkfz-snvCalling_1-0-132-1.20150607.somatic.snv_mnv.tar.gz-md5sum_time": 4, 
                "6ea6b5e4-cdc4-4e3a-bde2-8089d2a4d7eb.dkfz-snvCalling_1-0-132-1.20150607.somatic.snv_mnv.vcf.gz-download_time": 13, 
                "6ea6b5e4-cdc4-4e3a-bde2-8089d2a4d7eb.dkfz-snvCalling_1-0-132-1.20150607.somatic.snv_mnv.vcf.gz-md5sum_time": 0, 
                "6ea6b5e4-cdc4-4e3a-bde2-8089d2a4d7eb.dkfz-snvCalling_1-0-132-1.20150607.somatic.snv_mnv.vcf.gz.tbi-download_time": 13, 
                "6ea6b5e4-cdc4-4e3a-bde2-8089d2a4d7eb.dkfz-snvCalling_1-0-132-1.20150607.somatic.snv_mnv.vcf.gz.tbi-md5sum_time": 0, 
                "6ea6b5e4-cdc4-4e3a-bde2-8089d2a4d7eb.embl-delly_1-0-0-preFilter.20150607.germline.sv.bedpe.txt.tar.gz-download_time": 13, 
                "6ea6b5e4-cdc4-4e3a-bde2-8089d2a4d7eb.embl-delly_1-0-0-preFilter.20150607.germline.sv.bedpe.txt.tar.gz-md5sum_time": 0, 
                "6ea6b5e4-cdc4-4e3a-bde2-8089d2a4d7eb.embl-delly_1-0-0-preFilter.20150607.germline.sv.readname.txt.tar.gz-download_time": 13, 
                "6ea6b5e4-cdc4-4e3a-bde2-8089d2a4d7eb.embl-delly_1-0-0-preFilter.20150607.germline.sv.readname.txt.tar.gz-md5sum_time": 0, 
                "6ea6b5e4-cdc4-4e3a-bde2-8089d2a4d7eb.embl-delly_1-0-0-preFilter.20150607.germline.sv.vcf.gz-download_time": 13, 
                "6ea6b5e4-cdc4-4e3a-bde2-8089d2a4d7eb.embl-delly_1-0-0-preFilter.20150607.germline.sv.vcf.gz-md5sum_time": 0, 
                "6ea6b5e4-cdc4-4e3a-bde2-8089d2a4d7eb.embl-delly_1-0-0-preFilter.20150607.germline.sv.vcf.gz.tbi-download_time": 13, 
                "6ea6b5e4-cdc4-4e3a-bde2-8089d2a4d7eb.embl-delly_1-0-0-preFilter.20150607.germline.sv.vcf.gz.tbi-md5sum_time": 0, 
                "6ea6b5e4-cdc4-4e3a-bde2-8089d2a4d7eb.embl-delly_1-0-0-preFilter.20150607.somatic.sv.bedpe.txt.tar.gz-download_time": 13, 
                "6ea6b5e4-cdc4-4e3a-bde2-8089d2a4d7eb.embl-delly_1-0-0-preFilter.20150607.somatic.sv.bedpe.txt.tar.gz-md5sum_time": 0, 
                "6ea6b5e4-cdc4-4e3a-bde2-8089d2a4d7eb.embl-delly_1-0-0-preFilter.20150607.somatic.sv.readname.txt.tar.gz-download_time": 14, 
                "6ea6b5e4-cdc4-4e3a-bde2-8089d2a4d7eb.embl-delly_1-0-0-preFilter.20150607.somatic.sv.readname.txt.tar.gz-md5sum_time": 0, 
                "6ea6b5e4-cdc4-4e3a-bde2-8089d2a4d7eb.embl-delly_1-0-0-preFilter.20150607.somatic.sv.vcf.gz-download_time": 13, 
                "6ea6b5e4-cdc4-4e3a-bde2-8089d2a4d7eb.embl-delly_1-0-0-preFilter.20150607.somatic.sv.vcf.gz-md5sum_time": 0, 
                "6ea6b5e4-cdc4-4e3a-bde2-8089d2a4d7eb.embl-delly_1-0-0-preFilter.20150607.somatic.sv.vcf.gz.tbi-download_time": 13, 
                "6ea6b5e4-cdc4-4e3a-bde2-8089d2a4d7eb.embl-delly_1-0-0-preFilter.20150607.somatic.sv.vcf.gz.tbi-md5sum_time": 0, 
                "6ea6b5e4-cdc4-4e3a-bde2-8089d2a4d7eb.embl-delly_1-0-0-preFilter.20150607.sv.cov.plots.tar.gz-download_time": 15, 
                "6ea6b5e4-cdc4-4e3a-bde2-8089d2a4d7eb.embl-delly_1-0-0-preFilter.20150607.sv.cov.plots.tar.gz-md5sum_time": 0, 
                "6ea6b5e4-cdc4-4e3a-bde2-8089d2a4d7eb.embl-delly_1-0-0-preFilter.20150607.sv.cov.tar.gz-download_time": 17, 
                "6ea6b5e4-cdc4-4e3a-bde2-8089d2a4d7eb.embl-delly_1-0-0-preFilter.20150607.sv.cov.tar.gz-md5sum_time": 0, 
                "6ea6b5e4-cdc4-4e3a-bde2-8089d2a4d7eb.embl-delly_1-0-0-preFilter.20150607.sv.vcf.gz-download_time": 13, 
                "6ea6b5e4-cdc4-4e3a-bde2-8089d2a4d7eb.embl-delly_1-0-0-preFilter.20150607.sv.vcf.gz-md5sum_time": 0, 
                "6ea6b5e4-cdc4-4e3a-bde2-8089d2a4d7eb.embl-delly_1-0-0-preFilter.20150607.sv.vcf.gz.tbi-download_time": 12, 
                "6ea6b5e4-cdc4-4e3a-bde2-8089d2a4d7eb.embl-delly_1-0-0-preFilter.20150607.sv.vcf.gz.tbi-md5sum_time": 0, 
                "e789ae03-60e4-4085-af72-3e9f182aca95.xml-download_time": 13, 
                "e789ae03-60e4-4085-af72-3e9f182aca95.xml-md5sum_time": 0, 
                "start": 1449510299, 
                "stop": 1449510970, 
                "time": 671
            }
        }
    }, 
    "aliquot_id": null, 
    "available_repos": [
        {
            "https://gtrepo-dkfz.annailabs.com/": {
                "file_md5sum": "7ba739afbc706cbc8b59ec4b5f9d9912", 
                "file_size": 59632
            }
        }
    ], 
    "data_type": "Dkfz_embl-VCF", 
    "files": [
        {
            "file_md5sum": "eddce5fbc8c2201a78fa55dca83d5c42",