{
    "_runs_": {
        "run_1449021626_519f2490-ff6f-49ec-8fcd-839b771e4407": {
            "downloading": {
                "gnos-download_time": 2810, 
                "start": 1449166994, 
                "stop": 1449169805, 
                "time": 2811
            }, 
            "uploading": {
                "copy_meta_time": 2, 
                "start": 1449169859, 
                "stop": 1449170102, 
                "time": 243, 
                "upload_time": 241
            }
        }, 
        "run_1449252103_152c7654-43a8-4095-9763-2d1564a0e842": {
            "downloading": {
                "ee3548bf-72ee-45c6-83f4-c6be3dc03f4a.xml-download_time": 14, 
                "ee3548bf-72ee-45c6-83f4-c6be3dc03f4a.xml-md5sum_time": 0, 
                "fca6150f-d555-a29e-e040-11ac0d4873b2.dkfz-copyNumberEstimation_1-0-189-hpc-fix.1508272016.somatic.cnv.tar.gz-download_time": 228, 
                "fca6150f-d555-a29e-e040-11ac0d4873b2.dkfz-copyNumberEstimation_1-0-189-hpc-fix.1508272016.somatic.cnv.tar.gz-md5sum_time": 21, 
                "fca6150f-d555-a29e-e040-11ac0d4873b2.dkfz-copyNumberEstimation_1-0-189-hpc-fix.1508272016.somatic.cnv.vcf.gz-download_time": 14, 
                "fca6150f-d555-a29e-e040-11ac0d4873b2.dkfz-copyNumberEstimation_1-0-189-hpc-fix.1508272016.somatic.cnv.vcf.gz-md5sum_time": 0, 
                "fca6150f-d555-a29e-e040-11ac0d4873b2.dkfz-copyNumberEstimation_1-0-189-hpc-fix.1508272016.somatic.cnv.vcf.gz.tbi-download_time": 13, 
                "fca6150f-d555-a29e-e040-11ac0d4873b2.dkfz-copyNumberEstimation_1-0-189-hpc-fix.1508272016.somatic.cnv.vcf.gz.tbi-md5sum_time": 0, 
                "fca6150f-d555-a29e-e040-11ac0d4873b2.dkfz-indelCalling_1-0-132-1.20150501.germline.indel.vcf.gz-download_time": 18, 
                "fca6150f-d555-a29e-e040-11ac0d4873b2.dkfz-indelCalling_1-0-132-1.20150501.germline.indel.vcf.gz-md5sum_time": 0, 
                "fca6150f-d555-a29e-e040-11ac0d4873b2.dkfz-indelCalling_1-0-132-1.20150501.germline.indel.vcf.gz.tbi-download_time": 15, 
                "fca6150f-d555-a29e-e040-11ac0d4873b2.dkfz-indelCalling_1-0-132-1.20150501.germline.indel.vcf.gz.tbi-md5sum_time": 0, 
                "fca6150f-d555-a29e-e040-11ac0d4873b2.dkfz-indelCalling_1-0-132-1.20150501.somatic.indel.tar.gz-download_time": 48, 
                "fca6150f-d555-a29e-e040-11ac0d4873b2.dkfz-indelCalling_1-0-132-1.20150501.somatic.indel.tar.gz-md5sum_time": 3, 
                "fca6150f-d555-a29e-e040-11ac0d4873b2.dkfz-indelCalling_1-0-132-1.20150501.somatic.indel.vcf.gz-download_time": 13, 
                "fca6150f-d555-a29e-e040-11ac0d4873b2.dkfz-indelCalling_1-0-132-1.20150501.somatic.indel.vcf.gz-md5sum_time": 0, 
                "fca6150f-d555-a29e-e040-11ac0d4873b2.dkfz-indelCalling_1-0-132-1.20150501.somatic.indel.vcf.gz.tbi-download_time": 14, 
                "fca6150f-d555-a29e-e040-11ac0d4873b2.dkfz-indelCalling_1-0-132-1.20150501.somatic.indel.vcf.gz.tbi-md5sum_time": 0, 
                "fca6150f-d555-a29e-e040-11ac0d4873b2.dkfz-snvCalling_1-0-132-1.20150501.germline.snv_mnv.vcf.gz-download_time": 20, 
                "fca6150f-d555-a29e-e040-11ac0d4873b2.dkfz-snvCalling_1-0-132-1.20150501.germline.snv_mnv.vcf.gz-md5sum_time": 1, 
                "fca6150f-d555-a29e-e040-11ac0d4873b2.dkfz-snvCalling_1-0-132-1.20150501.germline.snv_mnv.vcf.gz.tbi-download_time": 12, 
                "fca6150f-d555-a29e-e040-11ac0d4873b2.dkfz-snvCalling_1-0-132-1.20150501.germline.snv_mnv.vcf.gz.tbi-md5sum_time": 0, 
                "fca6150f-d555-a29e-e040-11ac0d4873b2.dkfz-snvCalling_1-0-132-1.20150501.somatic.snv_mnv.tar.gz-download_time": 93, 
                "fca6150f-d555-a29e-e040-11ac0d4873b2.dkfz-snvCalling_1-0-132-1.20150501.somatic.snv_mnv.tar.gz-md5sum_time": 5, 
                "fca6150f-d555-a29e-e040-11ac0d4873b2.dkfz-snvCalling_1-0-132-1.20150501.somatic.snv_mnv.vcf.gz-download_time": 14, 
                "fca6150f-d555-a29e-e040-11ac0d4873b2.dkfz-snvCalling_1-0-132-1.20150501.somatic.snv_mnv.vcf.gz-md5sum_time": 0, 
                "fca6150f-d555-a29e-e040-11ac0d4873b2.dkfz-snvCalling_1-0-132-1.20150501.somatic.snv_mnv.vcf.gz.tbi-download_time": 14, 
                "fca6150f-d555-a29e-e040-11ac0d4873b2.dkfz-snvCalling_1-0-132-1.20150501.somatic.snv_mnv.vcf.gz.tbi-md5sum_time": 0, 
                "fca6150f-d555-a29e-e040-11ac0d4873b2.embl-delly_1-0-0-preFilter.20150501.germline.sv.bedpe.txt.tar.gz-download_time": 13, 
                "fca6150f-d555-a29e-e040-11ac0d4873b2.embl-delly_1-0-0-preFilter.20150501.germline.sv.bedpe.txt.tar.gz-md5sum_time": 0, 
                "fca6150f-d555-a29e-e040-11ac0d4873b2.embl-delly_1-0-0-preFilter.20150501.germline.sv.readname.txt.tar.gz-download_time": 13, 
                "fca6150f-d555-a29e-e040-11ac0d4873b2.embl-delly_1-0-0-preFilter.20150501.germline.sv.readname.txt.tar.gz-md5sum_time": 0, 
                "fca6150f-d555-a29e-e040-11ac0d4873b2.embl-delly_1-0-0-preFilter.20150501.germline.sv.vcf.gz-download_time": 13, 
                "fca6150f-d555-a29e-e040-11ac0d4873b2.embl-delly_1-0-0-preFilter.20150501.germline.sv.vcf.gz-md5sum_time": 0, 
                "fca6150f-d555-a29e-e040-11ac0d4873b2.embl-delly_1-0-0-preFilter.20150501.germline.sv.vcf.gz.tbi-download_time": 13, 
                "fca6150f-d555-a29e-e040-11ac0d4873b2.embl-delly_1-0-0-preFilter.20150501.germline.sv.vcf.gz.tbi-md5sum_time": 0, 
                "fca6150f-d555-a29e-e040-11ac0d4873b2.embl-delly_1-0-0-preFilter.20150501.somatic.sv.bedpe.txt.tar.gz-download_time": 14, 
                "fca6150f-d555-a29e-e040-11ac0d4873b2.embl-delly_1-0-0-preFilter.20150501.somatic.sv.bedpe.txt.tar.gz-md5sum_time": 0, 
                "fca6150f-d555-a29e-e040-11ac0d4873b2.embl-delly_1-0-0-preFilter.20150501.somatic.sv.readname.txt.tar.gz-download_time": 13, 
                "fca6150f-d555-a29e-e040-11ac0d4873b2.embl-delly_1-0-0-preFilter.20150501.somatic.sv.readname.txt.tar.gz-md5sum_time": 0, 
                "fca6150f-d555-a29e-e040-11ac0d4873b2.embl-delly_1-0-0-preFilter.20150501.somatic.sv.vcf.gz-download_time": 13, 
                "fca6150f-d555-a29e-e040-11ac0d4873b2.embl-delly_1-0-0-preFilter.20150501.somatic.sv.vcf.gz-md5sum_time": 0, 
                "fca6150f-d555-a29e-e040-11ac0d4873b2.embl-delly_1-0-0-preFilter.20150501.somatic.sv.vcf.gz.tbi-download_time": 12, 
                "fca6150f-d555-a29e-e040-11ac0d4873b2.embl-delly_1-0-0-preFilter.20150501.somatic.sv.vcf.gz.tbi-md5sum_time": 0, 
                "fca6150f-d555-a29e-e040-11ac0d4873b2.embl-delly_1-0-0-preFilter.20150501.sv.cov.plots.tar.gz-download_time": 14, 
                "fca6150f-d555-a29e-e040-11ac0d4873b2.embl-delly_1-0-0-preFilter.20150501.sv.cov.plots.tar.gz-md5sum_time": 0, 
                "fca6150f-d555-a29e-e040-11ac0d4873b2.embl-delly_1-0-0-preFilter.20150501.sv.cov.tar.gz-download_time": 17, 
                "fca6150f-d555-a29e-e040-11ac0d4873b2.embl-delly_1-0-0-preFilter.20150501.sv.cov.tar.gz-md5sum_time": 0, 
                "fca6150f-d555-a29e-e040-11ac0d4873b2.embl-delly_1-0-0-preFilter.20150501.sv.vcf.gz-download_time": 14, 
                "fca6150f-d555-a29e-e040-11ac0d4873b2.embl-delly_1-0-0-preFilter.20150501.sv.vcf.gz-md5sum_time": 0, 
                "fca6150f-d555-a29e-e040-11ac0d4873b2.embl-delly_1-0-0-preFilter.20150501.sv.vcf.gz.tbi-download_time": 12, 
                "fca6150f-d555-a29e-e040-11ac0d4873b2.embl-delly_1-0-0-preFilter.20150501.sv.vcf.gz.tbi-md5sum_time": 0, 
                "start": 1449520809, 
                "stop": 1449521530, 
                "time": 721
            }
        }
    }, 
    "aliquot_id": null, 
    "available_repos": [
        {
            "https://gtrepo-dkfz.annailabs.com/": {
                "file_md5sum": "305364c474af6547930c4c06b4a869e7", 
                "file_size": 63903
            }
        }
    ], 
    "data_type": "Dkfz_embl-VCF", 
    "files": [
        {
            "file_md5sum": "dcec25a924849b8f9260533d11904ee4",