{
    "_runs_": {
        "run_1449082838_f84e7db3-10a6-470d-a469-f4f84d8ac4f4": {
            "downloading": {
                "gnos-download_time": 1339, 
                "start": 1449173522, 
                "stop": 1449174862, 
                "time": 1340
            }, 
            "uploading": {
                "copy_meta_time": 2, 
                "start": 1449174875, 
                "stop": 1449175107, 
                "time": 232, 
                "upload_time": 230
            }
        }, 
        "run_1449256291_854cc1de-1a8d-4120-b9ce-5b1f48d14ccc": {
            "downloading": {
                "1dbdbb2c-c623-11e3-bf01-24c6515278c0.dkfz-copyNumberEstimation_1-0-189-hpc-fix.1508271612.somatic.cnv.tar.gz-download_time": 244, 
                "1dbdbb2c-c623-11e3-bf01-24c6515278c0.dkfz-copyNumberEstimation_1-0-189-hpc-fix.1508271612.somatic.cnv.tar.gz-md5sum_time": 35, 
                "1dbdbb2c-c623-11e3-bf01-24c6515278c0.dkfz-copyNumberEstimation_1-0-189-hpc-fix.1508271612.somatic.cnv.vcf.gz-download_time": 12, 
                "1dbdbb2c-c623-11e3-bf01-24c6515278c0.dkfz-copyNumberEstimation_1-0-189-hpc-fix.1508271612.somatic.cnv.vcf.gz-md5sum_time": 0, 
                "1dbdbb2c-c623-11e3-bf01-24c6515278c0.dkfz-copyNumberEstimation_1-0-189-hpc-fix.1508271612.somatic.cnv.vcf.gz.tbi-download_time": 14, 
                "1dbdbb2c-c623-11e3-bf01-24c6515278c0.dkfz-copyNumberEstimation_1-0-189-hpc-fix.1508271612.somatic.cnv.vcf.gz.tbi-md5sum_time": 0, 
                "1dbdbb2c-c623-11e3-bf01-24c6515278c0.dkfz-indelCalling_1-0-132-1.20150715.germline.indel.vcf.gz-download_time": 17, 
                "1dbdbb2c-c623-11e3-bf01-24c6515278c0.dkfz-indelCalling_1-0-132-1.20150715.germline.indel.vcf.gz-md5sum_time": 1, 
                "1dbdbb2c-c623-11e3-bf01-24c6515278c0.dkfz-indelCalling_1-0-132-1.20150715.germline.indel.vcf.gz.tbi-download_time": 13, 
                "1dbdbb2c-c623-11e3-bf01-24c6515278c0.dkfz-indelCalling_1-0-132-1.20150715.germline.indel.vcf.gz.tbi-md5sum_time": 0, 
                "1dbdbb2c-c623-11e3-bf01-24c6515278c0.dkfz-indelCalling_1-0-132-1.20150715.somatic.indel.tar.gz-download_time": 55, 
                "1dbdbb2c-c623-11e3-bf01-24c6515278c0.dkfz-indelCalling_1-0-132-1.20150715.somatic.indel.tar.gz-md5sum_time": 2, 
                "1dbdbb2c-c623-11e3-bf01-24c6515278c0.dkfz-indelCalling_1-0-132-1.20150715.somatic.indel.vcf.gz-download_time": 14, 
                "1dbdbb2c-c623-11e3-bf01-24c6515278c0.dkfz-indelCalling_1-0-132-1.20150715.somatic.indel.vcf.gz-md5sum_time": 0, 
                "1dbdbb2c-c623-11e3-bf01-24c6515278c0.dkfz-indelCalling_1-0-132-1.20150715.somatic.indel.vcf.gz.tbi-download_time": 14, 
                "1dbdbb2c-c623-11e3-bf01-24c6515278c0.dkfz-indelCalling_1-0-132-1.20150715.somatic.indel.vcf.gz.tbi-md5sum_time": 0, 
                "1dbdbb2c-c623-11e3-bf01-24c6515278c0.dkfz-snvCalling_1-0-132-1.20150715.germline.snv_mnv.vcf.gz-download_time": 20, 
                "1dbdbb2c-c623-11e3-bf01-24c6515278c0.dkfz-snvCalling_1-0-132-1.20150715.germline.snv_mnv.vcf.gz-md5sum_time": 1, 
                "1dbdbb2c-c623-11e3-bf01-24c6515278c0.dkfz-snvCalling_1-0-132-1.20150715.germline.snv_mnv.vcf.gz.tbi-download_time": 15, 
                "1dbdbb2c-c623-11e3-bf01-24c6515278c0.dkfz-snvCalling_1-0-132-1.20150715.germline.snv_mnv.vcf.gz.tbi-md5sum_time": 0, 
                "1dbdbb2c-c623-11e3-bf01-24c6515278c0.dkfz-snvCalling_1-0-132-1.20150715.somatic.snv_mnv.tar.gz-download_time": 86, 
                "1dbdbb2c-c623-11e3-bf01-24c6515278c0.dkfz-snvCalling_1-0-132-1.20150715.somatic.snv_mnv.tar.gz-md5sum_time": 3, 
                "1dbdbb2c-c623-11e3-bf01-24c6515278c0.dkfz-snvCalling_1-0-132-1.20150715.somatic.snv_mnv.vcf.gz-download_time": 13, 
                "1dbdbb2c-c623-11e3-bf01-24c6515278c0.dkfz-snvCalling_1-0-132-1.20150715.somatic.snv_mnv.vcf.gz-md5sum_time": 0, 
                "1dbdbb2c-c623-11e3-bf01-24c6515278c0.dkfz-snvCalling_1-0-132-1.20150715.somatic.snv_mnv.vcf.gz.tbi-download_time": 14, 
                "1dbdbb2c-c623-11e3-bf01-24c6515278c0.dkfz-snvCalling_1-0-132-1.20150715.somatic.snv_mnv.vcf.gz.tbi-md5sum_time": 0, 
                "1dbdbb2c-c623-11e3-bf01-24c6515278c0.embl-delly_1-0-0-preFilter.20150715.germline.sv.bedpe.txt.tar.gz-download_time": 14, 
                "1dbdbb2c-c623-11e3-bf01-24c6515278c0.embl-delly_1-0-0-preFilter.20150715.germline.sv.bedpe.txt.tar.gz-md5sum_time": 0, 
                "1dbdbb2c-c623-11e3-bf01-24c6515278c0.embl-delly_1-0-0-preFilter.20150715.germline.sv.readname.txt.tar.gz-download_time": 13, 
                "1dbdbb2c-c623-11e3-bf01-24c6515278c0.embl-delly_1-0-0-preFilter.20150715.germline.sv.readname.txt.tar.gz-md5sum_time": 0, 
                "1dbdbb2c-c623-11e3-bf01-24c6515278c0.embl-delly_1-0-0-preFilter.20150715.germline.sv.vcf.gz-download_time": 14, 
                "1dbdbb2c-c623-11e3-bf01-24c6515278c0.embl-delly_1-0-0-preFilter.20150715.germline.sv.vcf.gz-md5sum_time": 0, 
                "1dbdbb2c-c623-11e3-bf01-24c6515278c0.embl-delly_1-0-0-preFilter.20150715.germline.sv.vcf.gz.tbi-download_time": 13, 
                "1dbdbb2c-c623-11e3-bf01-24c6515278c0.embl-delly_1-0-0-preFilter.20150715.germline.sv.vcf.gz.tbi-md5sum_time": 0, 
                "1dbdbb2c-c623-11e3-bf01-24c6515278c0.embl-delly_1-0-0-preFilter.20150715.somatic.sv.bedpe.txt.tar.gz-download_time": 14, 
                "1dbdbb2c-c623-11e3-bf01-24c6515278c0.embl-delly_1-0-0-preFilter.20150715.somatic.sv.bedpe.txt.tar.gz-md5sum_time": 0, 
                "1dbdbb2c-c623-11e3-bf01-24c6515278c0.embl-delly_1-0-0-preFilter.20150715.somatic.sv.readname.txt.tar.gz-download_time": 13, 
                "1dbdbb2c-c623-11e3-bf01-24c6515278c0.embl-delly_1-0-0-preFilter.20150715.somatic.sv.readname.txt.tar.gz-md5sum_time": 0, 
                "1dbdbb2c-c623-11e3-bf01-24c6515278c0.embl-delly_1-0-0-preFilter.20150715.somatic.sv.vcf.gz-download_time": 13, 
                "1dbdbb2c-c623-11e3-bf01-24c6515278c0.embl-delly_1-0-0-preFilter.20150715.somatic.sv.vcf.gz-md5sum_time": 0, 
                "1dbdbb2c-c623-11e3-bf01-24c6515278c0.embl-delly_1-0-0-preFilter.20150715.somatic.sv.vcf.gz.tbi-download_time": 13, 
                "1dbdbb2c-c623-11e3-bf01-24c6515278c0.embl-delly_1-0-0-preFilter.20150715.somatic.sv.vcf.gz.tbi-md5sum_time": 0, 
                "1dbdbb2c-c623-11e3-bf01-24c6515278c0.embl-delly_1-0-0-preFilter.20150715.sv.cov.plots.tar.gz-download_time": 14, 
                "1dbdbb2c-c623-11e3-bf01-24c6515278c0.embl-delly_1-0-0-preFilter.20150715.sv.cov.plots.tar.gz-md5sum_time": 0, 
                "1dbdbb2c-c623-11e3-bf01-24c6515278c0.embl-delly_1-0-0-preFilter.20150715.sv.cov.tar.gz-download_time": 18, 
                "1dbdbb2c-c623-11e3-bf01-24c6515278c0.embl-delly_1-0-0-preFilter.20150715.sv.cov.tar.gz-md5sum_time": 0, 
                "1dbdbb2c-c623-11e3-bf01-24c6515278c0.embl-delly_1-0-0-preFilter.20150715.sv.vcf.gz-download_time": 13, 
                "1dbdbb2c-c623-11e3-bf01-24c6515278c0.embl-delly_1-0-0-preFilter.20150715.sv.vcf.gz-md5sum_time": 0, 
                "1dbdbb2c-c623-11e3-bf01-24c6515278c0.embl-delly_1-0-0-preFilter.20150715.sv.vcf.gz.tbi-download_time": 13, 
                "1dbdbb2c-c623-11e3-bf01-24c6515278c0.embl-delly_1-0-0-preFilter.20150715.sv.vcf.gz.tbi-md5sum_time": 0, 
                "f7d851fe-79f8-4578-ab08-1aa22899327b.xml-download_time": 13, 
                "f7d851fe-79f8-4578-ab08-1aa22899327b.xml-md5sum_time": 0, 
                "start": 1449538356, 
                "stop": 1449539107, 
                "time": 751
            }
        }
    }, 
    "aliquot_id": null, 
    "available_repos": [
        {
            "https://gtrepo-dkfz.annailabs.com/": {
                "file_md5sum": "699b49df151a565de19ec9841a32a0f9", 
                "file_size": 58257
            }
        }
    ], 
    "data_type": "Dkfz_embl-VCF", 
    "files": [
        {
            "file_md5sum": "d9316dbeeeee20d2bb63fc1a78291828",