{
    "_runs_": {
        "run_1449082496_7373db63-4a80-4aa0-946f-1b93f67b2eda": {
            "downloading": {
                "gnos-download_time": 394, 
                "start": 1449104587, 
                "stop": 1449104982, 
                "time": 395
            }, 
            "uploading": {
                "copy_meta_time": 2, 
                "start": 1449104995, 
                "stop": 1449105286, 
                "time": 291, 
                "upload_time": 289
            }
        }, 
        "run_1449196457_e351b3d8-a770-4756-9ca0-e5f3b922dcd1": {
            "downloading": {
                "4c4aa1b1-fda3-4c5b-b588-68aa727500ad.embl-delly_1-3-0-preFilter.20150828.germline.sv.vcf.gz-download_time": 14, 
                "4c4aa1b1-fda3-4c5b-b588-68aa727500ad.embl-delly_1-3-0-preFilter.20150828.germline.sv.vcf.gz-md5sum_time": 0, 
                "4c4aa1b1-fda3-4c5b-b588-68aa727500ad.embl-delly_1-3-0-preFilter.20150828.germline.sv.vcf.gz-size-mismatch": 0, 
                "start": 1449196743, 
                "stop": 1449196757, 
                "time": 14
            }
        }, 
        "run_1449256150_30778ae0-aac1-42f3-87c3-490a453045cd": {
            "downloading": {
                "4c4aa1b1-fda3-4c5b-b588-68aa727500ad.dkfz-indelCalling_1-0-132-1.20150828.germline.indel.vcf.gz-download_time": 19, 
                "4c4aa1b1-fda3-4c5b-b588-68aa727500ad.dkfz-indelCalling_1-0-132-1.20150828.germline.indel.vcf.gz-md5sum_time": 0, 
                "4c4aa1b1-fda3-4c5b-b588-68aa727500ad.dkfz-indelCalling_1-0-132-1.20150828.somatic.indel.vcf.gz-download_time": 14, 
                "4c4aa1b1-fda3-4c5b-b588-68aa727500ad.dkfz-indelCalling_1-0-132-1.20150828.somatic.indel.vcf.gz-md5sum_time": 0, 
                "4c4aa1b1-fda3-4c5b-b588-68aa727500ad.dkfz-indelCalling_1-0-132-1.20150828.somatic.indel.vcf.gz.tbi-download_time": 10, 
                "4c4aa1b1-fda3-4c5b-b588-68aa727500ad.dkfz-indelCalling_1-0-132-1.20150828.somatic.indel.vcf.gz.tbi-md5sum_time": 0, 
                "4c4aa1b1-fda3-4c5b-b588-68aa727500ad.dkfz-indelCalling_1-0-132-1.20150828.somatic.indel.vcf.gz.tbi-size-mismatch": 445072, 
                "4c4aa1b1-fda3-4c5b-b588-68aa727500ad.embl-delly_1-3-0-preFilter.20150828.germline.sv.vcf.gz-download_time": 13, 
                "4c4aa1b1-fda3-4c5b-b588-68aa727500ad.embl-delly_1-3-0-preFilter.20150828.germline.sv.vcf.gz-md5sum_time": 0, 
                "4c4aa1b1-fda3-4c5b-b588-68aa727500ad.embl-delly_1-3-0-preFilter.20150828.germline.sv.vcf.gz.tbi-download_time": 14, 
                "4c4aa1b1-fda3-4c5b-b588-68aa727500ad.embl-delly_1-3-0-preFilter.20150828.germline.sv.vcf.gz.tbi-md5sum_time": 0, 
                "4c4aa1b1-fda3-4c5b-b588-68aa727500ad.embl-delly_1-3-0-preFilter.20150828.somatic.sv.vcf.gz-download_time": 13, 
                "4c4aa1b1-fda3-4c5b-b588-68aa727500ad.embl-delly_1-3-0-preFilter.20150828.somatic.sv.vcf.gz-md5sum_time": 0, 
                "4c4aa1b1-fda3-4c5b-b588-68aa727500ad.embl-delly_1-3-0-preFilter.20150828.somatic.sv.vcf.gz.tbi-download_time": 12, 
                "4c4aa1b1-fda3-4c5b-b588-68aa727500ad.embl-delly_1-3-0-preFilter.20150828.somatic.sv.vcf.gz.tbi-md5sum_time": 0, 
                "4c4aa1b1-fda3-4c5b-b588-68aa727500ad.embl-delly_1-3-0-preFilter.20150828.sv.vcf.gz-download_time": 12, 
                "4c4aa1b1-fda3-4c5b-b588-68aa727500ad.embl-delly_1-3-0-preFilter.20150828.sv.vcf.gz-md5sum_time": 0, 
                "4c4aa1b1-fda3-4c5b-b588-68aa727500ad.embl-delly_1-3-0-preFilter.20150828.sv.vcf.gz.tbi-download_time": 13, 
                "4c4aa1b1-fda3-4c5b-b588-68aa727500ad.embl-delly_1-3-0-preFilter.20150828.sv.vcf.gz.tbi-md5sum_time": 0, 
                "start": 1449257157, 
                "stop": 1449257290, 
                "time": 133
            }
        }
    }, 
    "aliquot_id": null, 
    "available_repos": [
        {
            "https://gtrepo-etri.annailabs.com/": {
                "file_md5sum": "7806b22a1af5972f19105fa2f5bec945", 
                "file_size": 56387
            }
        }
    ], 
    "data_type": "Dkfz_embl-VCF", 
    "files": [
        {
            "file_md5sum": "987e6a47f0c8e5e174ebc565bd9651f0", 
            "file_name": "4c4aa1b1-fda3-4c5b-b588-68aa727500ad.embl-delly_1-3-0-preFilter.20150828.germline.sv.vcf.gz", 
            "file_size": 213684, 
            "object_id": "7fa86d51-3e07-5576-8483-6f0252c3202e"
        }, 
        {
            "file_md5sum": "33c8f4f9dd0f3d3b9ba354657d515b36", 
            "file_name": "4c4aa1b1-fda3-4c5b-b588-68aa727500ad.embl-delly_1-3-0-preFilter.20150828.germline.sv.vcf.gz.tbi", 
            "file_size": 23545, 
            "object_id": "d735ade6-6282-5902-bc50-ba3576186abf"
        }, 
        {
            "file_md5sum": "5ac3a42765533142c5f058db4f72f1e4", 
            "file_name": "4c4aa1b1-fda3-4c5b-b588-68aa727500ad.embl-delly_1-3-0-preFilter.20150828.sv.vcf.gz", 
            "file_size": 83119, 
            "object_id": "6aa54f9e-2a0f-51f4-8f94-9a49d40cb2ae"
        }, 
        {
            "file_md5sum": "5b62b2ed4ba82a91441af3c7d169f121", 
            "file_name": "4c4aa1b1-fda3-4c5b-b588-68aa727500ad.embl-delly_1-3-0-preFilter.20150828.sv.vcf.gz.tbi", 
            "file_size": 7224, 
            "object_id": "8ac1eea4-ae50-56f8-b769-1c6d44621dd2"
        }, 
        {
            "file_md5sum": "3b43a2741bfb99baadcbb8358f74752a", 
            "file_name": "4c4aa1b1-fda3-4c5b-b588-68aa727500ad.embl-delly_1-3-0-preFilter.20150828.somatic.sv.vcf.gz", 
            "file_size": 12914, 
            "object_id": "7921d8cd-c3e4-5cde-9a5e-7d5bb50ec59b"
        }, 
        {
            "file_md5sum": "4e4258b60e52e74876df4c7d0ad83845", 
            "file_name": "4c4aa1b1-fda3-4c5b-b588-68aa727500ad.embl-delly_1-3-0-preFilter.20150828.somatic.sv.vcf.gz.tbi", 
            "file_size": 5111, 
            "object_id": "90006c3c-a96e-557f-83b5-2787ac0c3b05"
        }, 
        {
            "file_md5sum": "41ebfd68d66cbc1aa458ab433f8a7d32", 
            "file_name": "4c4aa1b1-fda3-4c5b-b588-68aa727500ad.dkfz-indelCalling_1-0-132-1.20150828.germline.indel.vcf.gz", 
            "file_size": 73490753, 
            "object_id": "5db8bc96-6a8a-5439-bf10-59d8e57e49bc"
        }, 
        {
            "file_md5sum": "25cedb81d5f2498ad64a26607ce6b75b", 
            "file_name": "4c4aa1b1-fda3-4c5b-b588-68aa727500ad.dkfz-indelCalling_1-0-132-1.20150828.somatic.indel.vcf.gz.tbi", 
            "file_size": 445072, 
            "object_id": "9db39ea6-3ada-54d0-9de4-f07860184062"
        }, 
        {
            "file_md5sum": "2e7e7d603a91dd6c12b8ee39ba679a8c", 
            "file_name": "4c4aa1b1-fda3-4c5b-b588-68aa727500ad.dkfz-indelCalling_1-0-132-1.20150828.somatic.indel.vcf.gz", 
            "file_size": 4436960, 
            "object_id": "3f600130-d03d-5b0e-86cc-2d7f19fa4455"
        }, 
        {
            "file_md5sum": "25cedb81d5f2498ad64a26607ce6b75b", 
            "file_name": "4c4aa1b1-fda3-4c5b-b588-68aa727500ad.dkfz-indelCalling_1-0-132-1.20150828.somatic.indel.vcf.gz.tbi", 
            "file_size": 0, 
            "object_id": "9db39ea6-3ada-54d0-9de4-f07860184062"
        }, 
        {
            "file_md5sum": "94b5a449fde4b5d794ea1631b9b159a6", 
            "file_name": "4c4aa1b1-fda3-4c5b-b588-68aa727500ad.dkfz-snvCalling_1-0-132-1.20150828.germline.snv_mnv.vcf.gz", 
            "file_size": 138061262, 
            "object_id": "f9b12999-4076-5bcf-b9bd-4455190c4e5f"
        }, 
        {
            "file_md5sum": "597074f55f6525e0f5e1a184145f0ee4", 
            "file_name": "4c4aa1b1-fda3-4c5b-b588-68aa727500ad.dkfz-snvCalling_1-0-132-1.20150828.germline.snv_mnv.vcf.gz.tbi", 
            "file_size": 1596406, 
            "object_id": "7da34413-03be-593b-b8a7-802736a7d84b"
        }, 
        {
            "file_md5sum": "1f12c1c0d96bf7463e78f1539f828f64", 
            "file_name": "4c4aa1b1-fda3-4c5b-b588-68aa727500ad.dkfz-snvCalling_1-0-132-1.20150828.somatic.snv_mnv.vcf.gz",