{
    "_runs_": {
        "run_1449000949_07760fbf-916f-45ff-bfbf-0e708657dbd1": {
            "downloading": {
                "gnos-download_time": 1691, 
                "start": 1449112020, 
                "stop": 1449113712, 
                "time": 1692
            }, 
            "uploading": {
                "copy_meta_time": 1, 
                "start": 1449113723, 
                "stop": 1449113979, 
                "time": 256, 
                "upload_time": 254
            }
        }, 
        "run_1449256362_f285340f-6a1e-4280-8af8-91051b7f471f": {
            "downloading": {
                "008aef39-0c97-48ce-9dfd-f12d67116c59.dkfz-indelCalling_1-0-132-1.20150817.germline.indel.vcf.gz-download_time": 19, 
                "008aef39-0c97-48ce-9dfd-f12d67116c59.dkfz-indelCalling_1-0-132-1.20150817.germline.indel.vcf.gz-md5sum_time": 0, 
                "008aef39-0c97-48ce-9dfd-f12d67116c59.dkfz-indelCalling_1-0-132-1.20150817.somatic.indel.vcf.gz-download_time": 14, 
                "008aef39-0c97-48ce-9dfd-f12d67116c59.dkfz-indelCalling_1-0-132-1.20150817.somatic.indel.vcf.gz-md5sum_time": 0, 
                "008aef39-0c97-48ce-9dfd-f12d67116c59.dkfz-indelCalling_1-0-132-1.20150817.somatic.indel.vcf.gz.tbi-download_time": 12, 
                "008aef39-0c97-48ce-9dfd-f12d67116c59.dkfz-indelCalling_1-0-132-1.20150817.somatic.indel.vcf.gz.tbi-md5sum_time": 0, 
                "008aef39-0c97-48ce-9dfd-f12d67116c59.dkfz-indelCalling_1-0-132-1.20150817.somatic.indel.vcf.gz.tbi-size-mismatch": 530662, 
                "008aef39-0c97-48ce-9dfd-f12d67116c59.embl-delly_1-3-0-preFilter.20150817.germline.sv.vcf.gz-download_time": 14, 
                "008aef39-0c97-48ce-9dfd-f12d67116c59.embl-delly_1-3-0-preFilter.20150817.germline.sv.vcf.gz-md5sum_time": 0, 
                "008aef39-0c97-48ce-9dfd-f12d67116c59.embl-delly_1-3-0-preFilter.20150817.germline.sv.vcf.gz.tbi-download_time": 13, 
                "008aef39-0c97-48ce-9dfd-f12d67116c59.embl-delly_1-3-0-preFilter.20150817.germline.sv.vcf.gz.tbi-md5sum_time": 0, 
                "008aef39-0c97-48ce-9dfd-f12d67116c59.embl-delly_1-3-0-preFilter.20150817.somatic.sv.vcf.gz-download_time": 13, 
                "008aef39-0c97-48ce-9dfd-f12d67116c59.embl-delly_1-3-0-preFilter.20150817.somatic.sv.vcf.gz-md5sum_time": 0, 
                "008aef39-0c97-48ce-9dfd-f12d67116c59.embl-delly_1-3-0-preFilter.20150817.somatic.sv.vcf.gz.tbi-download_time": 12, 
                "008aef39-0c97-48ce-9dfd-f12d67116c59.embl-delly_1-3-0-preFilter.20150817.somatic.sv.vcf.gz.tbi-md5sum_time": 0, 
                "008aef39-0c97-48ce-9dfd-f12d67116c59.embl-delly_1-3-0-preFilter.20150817.sv.vcf.gz-download_time": 14, 
                "008aef39-0c97-48ce-9dfd-f12d67116c59.embl-delly_1-3-0-preFilter.20150817.sv.vcf.gz-md5sum_time": 0, 
                "008aef39-0c97-48ce-9dfd-f12d67116c59.embl-delly_1-3-0-preFilter.20150817.sv.vcf.gz.tbi-download_time": 13, 
                "008aef39-0c97-48ce-9dfd-f12d67116c59.embl-delly_1-3-0-preFilter.20150817.sv.vcf.gz.tbi-md5sum_time": 0, 
                "start": 1449284818, 
                "stop": 1449284955, 
                "time": 137
            }
        }
    }, 
    "aliquot_id": null, 
    "available_repos": [
        {
            "https://gtrepo-dkfz.annailabs.com/": {
                "file_md5sum": "920dcb6384daf385b5acdf2eb709fc85", 
                "file_size": 57505
            }
        }
    ], 
    "data_type": "Dkfz_embl-VCF", 
    "files": [
        {
            "file_md5sum": "b38af64cb7225fad3829c76549e9c5d7", 
            "file_name": "008aef39-0c97-48ce-9dfd-f12d67116c59.embl-delly_1-3-0-preFilter.20150817.germline.sv.vcf.gz", 
            "file_size": 93879, 
            "object_id": "55aebe4a-9a76-5077-b777-c1f31b58f0a9"
        }, 
        {
            "file_md5sum": "c7cd7ee8ab8fda14295b1671721ff0be", 
            "file_name": "008aef39-0c97-48ce-9dfd-f12d67116c59.embl-delly_1-3-0-preFilter.20150817.germline.sv.vcf.gz.tbi", 
            "file_size": 12190, 
            "object_id": "e7b526c3-92d0-5c2b-99d9-2578c453882e"
        }, 
        {
            "file_md5sum": "6fe18e3ae085c7644b1e7639b4c2fda7", 
            "file_name": "008aef39-0c97-48ce-9dfd-f12d67116c59.embl-delly_1-3-0-preFilter.20150817.sv.vcf.gz", 
            "file_size": 34863, 
            "object_id": "aefba025-26db-5519-89a5-81a97d89829f"
        }, 
        {
            "file_md5sum": "677e683a74b2e2a27dd77d0ed12c1463", 
            "file_name": "008aef39-0c97-48ce-9dfd-f12d67116c59.embl-delly_1-3-0-preFilter.20150817.sv.vcf.gz.tbi", 
            "file_size": 1718, 
            "object_id": "049bf422-4b29-51af-aa95-55b17120477d"
        }, 
        {
            "file_md5sum": "7412b8344c4caad494738abe50760abc", 
            "file_name": "008aef39-0c97-48ce-9dfd-f12d67116c59.embl-delly_1-3-0-preFilter.20150817.somatic.sv.vcf.gz", 
            "file_size": 27091, 
            "object_id": "ddba98fc-b8be-51ec-bdac-d2528e9ae728"
        }, 
        {
            "file_md5sum": "410a22264054a9a1824c33143aaecb65", 
            "file_name": "008aef39-0c97-48ce-9dfd-f12d67116c59.embl-delly_1-3-0-preFilter.20150817.somatic.sv.vcf.gz.tbi", 
            "file_size": 6476, 
            "object_id": "d6b19a28-bc29-5245-845f-6795ae4dc9b5"
        }, 
        {
            "file_md5sum": "27991307a0da28d6d87c6477faae0811", 
            "file_name": "008aef39-0c97-48ce-9dfd-f12d67116c59.dkfz-indelCalling_1-0-132-1.20150817.germline.indel.vcf.gz", 
            "file_size": 84610356, 
            "object_id": "55bc4e86-b1d6-545e-b388-4a366aad6747"
        }, 
        {
            "file_md5sum": "8a782c4bbfcfbbf5ca182df55f957f10", 
            "file_name": "008aef39-0c97-48ce-9dfd-f12d67116c59.dkfz-indelCalling_1-0-132-1.20150817.somatic.indel.vcf.gz.tbi", 
            "file_size": 530662, 
            "object_id": "7def63ec-05ad-549c-a3d6-52f5b6023b7b"
        }, 
        {
            "file_md5sum": "6738b444ccb14b4583387218ea369498", 
            "file_name": "008aef39-0c97-48ce-9dfd-f12d67116c59.dkfz-indelCalling_1-0-132-1.20150817.somatic.indel.vcf.gz", 
            "file_size": 5600339, 
            "object_id": "688bcc11-8853-510c-9d6e-eb8cf9e18388"
        }, 
        {
            "file_md5sum": "8a782c4bbfcfbbf5ca182df55f957f10", 
            "file_name": "008aef39-0c97-48ce-9dfd-f12d67116c59.dkfz-indelCalling_1-0-132-1.20150817.somatic.indel.vcf.gz.tbi", 
            "file_size": 0, 
            "object_id": "7def63ec-05ad-549c-a3d6-52f5b6023b7b"
        }, 
        {
            "file_md5sum": "80e5ba36d9ead13302ca7f278d1c6a21", 
            "file_name": "008aef39-0c97-48ce-9dfd-f12d67116c59.dkfz-snvCalling_1-0-132-1.20150817.germline.snv_mnv.vcf.gz", 
            "file_size": 130967518, 
            "object_id": "cfa0b545-3b50-523b-8b74-15bc01d09026"
        }, 
        {
            "file_md5sum": "ea4d3f4c74c38dad171239fdb331d7a9", 
            "file_name": "008aef39-0c97-48ce-9dfd-f12d67116c59.dkfz-snvCalling_1-0-132-1.20150817.germline.snv_mnv.vcf.gz.tbi", 
            "file_size": 1585840, 
            "object_id": "38412c4f-224d-5489-8b95-34c3937fc247"
        }, 
        {
            "file_md5sum": "91493cc9cbbcd3875594789991c7e239", 
            "file_name": "008aef39-0c97-48ce-9dfd-f12d67116c59.dkfz-snvCalling_1-0-132-1.20150817.somatic.snv_mnv.vcf.gz", 
            "file_size": 1217717, 
            "object_id": "7192cd0d-7cb8-5cf2-ad2a-5e5f70f15e96"
        }, 
        {
            "file_md5sum": "9deeba86fd9dc526173b102121203ab4", 
            "file_name": "008aef39-0c97-48ce-9dfd-f12d67116c59.dkfz-snvCalling_1-0-132-1.20150817.somatic.snv_mnv.vcf.gz.tbi", 
            "file_size": 434634, 
            "object_id": "a2473e19-79a5-5d5c-8771-fe7e9b972031"
        }, 
        {
            "file_md5sum": "4e29d2b3be6226a4855b6330882e34b5", 
            "file_name": "008aef39-0c97-48ce-9dfd-f12d67116c59.dkfz-copyNumberEstimation_1-0-189.20150817.somatic.cnv.vcf.gz",