{
    "_runs_": {
        "run_1449000949_07760fbf-916f-45ff-bfbf-0e708657dbd1": {
            "downloading": {
                "gnos-download_time": 528, 
                "start": 1449182948, 
                "stop": 1449183477, 
                "time": 529
            }, 
            "uploading": {
                "copy_meta_time": 2, 
                "start": 1449183489, 
                "stop": 1449183765, 
                "time": 276, 
                "upload_time": 273
            }
        }, 
        "run_1449256362_f285340f-6a1e-4280-8af8-91051b7f471f": {
            "downloading": {
                "cc7af465-22ed-485d-a78c-282b840bf7c9.dkfz-indelCalling_1-0-132-1.20150828.germline.indel.vcf.gz-download_time": 17, 
                "cc7af465-22ed-485d-a78c-282b840bf7c9.dkfz-indelCalling_1-0-132-1.20150828.germline.indel.vcf.gz-md5sum_time": 1, 
                "cc7af465-22ed-485d-a78c-282b840bf7c9.dkfz-indelCalling_1-0-132-1.20150828.somatic.indel.vcf.gz-download_time": 14, 
                "cc7af465-22ed-485d-a78c-282b840bf7c9.dkfz-indelCalling_1-0-132-1.20150828.somatic.indel.vcf.gz-md5sum_time": 1, 
                "cc7af465-22ed-485d-a78c-282b840bf7c9.dkfz-indelCalling_1-0-132-1.20150828.somatic.indel.vcf.gz.tbi-download_time": 11, 
                "cc7af465-22ed-485d-a78c-282b840bf7c9.dkfz-indelCalling_1-0-132-1.20150828.somatic.indel.vcf.gz.tbi-md5sum_time": 0, 
                "cc7af465-22ed-485d-a78c-282b840bf7c9.dkfz-indelCalling_1-0-132-1.20150828.somatic.indel.vcf.gz.tbi-size-mismatch": 474795, 
                "cc7af465-22ed-485d-a78c-282b840bf7c9.embl-delly_1-3-0-preFilter.20150828.germline.sv.vcf.gz-download_time": 13, 
                "cc7af465-22ed-485d-a78c-282b840bf7c9.embl-delly_1-3-0-preFilter.20150828.germline.sv.vcf.gz-md5sum_time": 0, 
                "cc7af465-22ed-485d-a78c-282b840bf7c9.embl-delly_1-3-0-preFilter.20150828.germline.sv.vcf.gz.tbi-download_time": 14, 
                "cc7af465-22ed-485d-a78c-282b840bf7c9.embl-delly_1-3-0-preFilter.20150828.germline.sv.vcf.gz.tbi-md5sum_time": 0, 
                "cc7af465-22ed-485d-a78c-282b840bf7c9.embl-delly_1-3-0-preFilter.20150828.somatic.sv.vcf.gz-download_time": 12, 
                "cc7af465-22ed-485d-a78c-282b840bf7c9.embl-delly_1-3-0-preFilter.20150828.somatic.sv.vcf.gz-md5sum_time": 0, 
                "cc7af465-22ed-485d-a78c-282b840bf7c9.embl-delly_1-3-0-preFilter.20150828.somatic.sv.vcf.gz.tbi-download_time": 14, 
                "cc7af465-22ed-485d-a78c-282b840bf7c9.embl-delly_1-3-0-preFilter.20150828.somatic.sv.vcf.gz.tbi-md5sum_time": 0, 
                "cc7af465-22ed-485d-a78c-282b840bf7c9.embl-delly_1-3-0-preFilter.20150828.sv.vcf.gz-download_time": 14, 
                "cc7af465-22ed-485d-a78c-282b840bf7c9.embl-delly_1-3-0-preFilter.20150828.sv.vcf.gz-md5sum_time": 0, 
                "cc7af465-22ed-485d-a78c-282b840bf7c9.embl-delly_1-3-0-preFilter.20150828.sv.vcf.gz.tbi-download_time": 14, 
                "cc7af465-22ed-485d-a78c-282b840bf7c9.embl-delly_1-3-0-preFilter.20150828.sv.vcf.gz.tbi-md5sum_time": 0, 
                "start": 1449377662, 
                "stop": 1449377799, 
                "time": 137
            }
        }
    }, 
    "aliquot_id": null, 
    "available_repos": [
        {
            "https://gtrepo-etri.annailabs.com/": {
                "file_md5sum": "8743b50696ea20a8f1240702276fe983", 
                "file_size": 56343
            }
        }
    ], 
    "data_type": "Dkfz_embl-VCF", 
    "files": [
        {
            "file_md5sum": "51755ae3635ed89b531af9e27eca30a0", 
            "file_name": "cc7af465-22ed-485d-a78c-282b840bf7c9.embl-delly_1-3-0-preFilter.20150828.germline.sv.vcf.gz", 
            "file_size": 207546, 
            "object_id": "3d3dd229-5292-57d4-a7d8-07475ad645f3"
        }, 
        {
            "file_md5sum": "1ee4949ad7e39d69ed7738e6b6dc815a", 
            "file_name": "cc7af465-22ed-485d-a78c-282b840bf7c9.embl-delly_1-3-0-preFilter.20150828.germline.sv.vcf.gz.tbi", 
            "file_size": 21024, 
            "object_id": "ad4e302c-ec0e-538c-aa8c-60d970204d5b"
        }, 
        {
            "file_md5sum": "c17b989037dc4e6d1cdbd9c618f969bb", 
            "file_name": "cc7af465-22ed-485d-a78c-282b840bf7c9.embl-delly_1-3-0-preFilter.20150828.sv.vcf.gz", 
            "file_size": 57235, 
            "object_id": "24c38787-6fe2-5903-a112-3e24427ee827"
        }, 
        {
            "file_md5sum": "8fc5ee0fa46d26da0880835363271f1b", 
            "file_name": "cc7af465-22ed-485d-a78c-282b840bf7c9.embl-delly_1-3-0-preFilter.20150828.sv.vcf.gz.tbi", 
            "file_size": 2470, 
            "object_id": "fddab5a2-a14a-519d-b98e-9675a1bbd76f"
        }, 
        {
            "file_md5sum": "3ab6eccc6a5267c44bd054a6ffdb9f41", 
            "file_name": "cc7af465-22ed-485d-a78c-282b840bf7c9.embl-delly_1-3-0-preFilter.20150828.somatic.sv.vcf.gz", 
            "file_size": 13976, 
            "object_id": "d79e4333-0d19-551a-aad9-de40b89566eb"
        }, 
        {
            "file_md5sum": "810a4fe702c423974fd9e1e23d1179e9", 
            "file_name": "cc7af465-22ed-485d-a78c-282b840bf7c9.embl-delly_1-3-0-preFilter.20150828.somatic.sv.vcf.gz.tbi", 
            "file_size": 4486, 
            "object_id": "fa6191a1-05af-5bdd-9c6b-d945289d1c41"
        }, 
        {
            "file_md5sum": "e5099bba2cacfcd3e9ddc2ee962c4dac", 
            "file_name": "cc7af465-22ed-485d-a78c-282b840bf7c9.dkfz-indelCalling_1-0-132-1.20150828.germline.indel.vcf.gz", 
            "file_size": 72605871, 
            "object_id": "cbc972e3-b0ef-5e47-bfc5-2183ba800008"
        }, 
        {
            "file_md5sum": "9c3a7bea4bbf63c4323c5d6d7e111c3a", 
            "file_name": "cc7af465-22ed-485d-a78c-282b840bf7c9.dkfz-indelCalling_1-0-132-1.20150828.somatic.indel.vcf.gz.tbi", 
            "file_size": 474795, 
            "object_id": "ef8e3c64-e676-5a4c-aa3e-81f33e1df907"
        }, 
        {
            "file_md5sum": "8464dc21b1ec314d221027cd16b8f8f2", 
            "file_name": "cc7af465-22ed-485d-a78c-282b840bf7c9.dkfz-indelCalling_1-0-132-1.20150828.somatic.indel.vcf.gz", 
            "file_size": 4964989, 
            "object_id": "b70be79f-ec99-50cb-91d4-6e99c2193838"
        }, 
        {
            "file_md5sum": "9c3a7bea4bbf63c4323c5d6d7e111c3a", 
            "file_name": "cc7af465-22ed-485d-a78c-282b840bf7c9.dkfz-indelCalling_1-0-132-1.20150828.somatic.indel.vcf.gz.tbi", 
            "file_size": 0, 
            "object_id": "ef8e3c64-e676-5a4c-aa3e-81f33e1df907"
        }, 
        {
            "file_md5sum": "976afced3d37c1d1f215f717797b6de2", 
            "file_name": "cc7af465-22ed-485d-a78c-282b840bf7c9.dkfz-snvCalling_1-0-132-1.20150828.germline.snv_mnv.vcf.gz", 
            "file_size": 141125465, 
            "object_id": "878c9116-df64-5134-9327-eb0381eed734"
        }, 
        {
            "file_md5sum": "5da229a7f2275af31f60cc17473e6a17", 
            "file_name": "cc7af465-22ed-485d-a78c-282b840bf7c9.dkfz-snvCalling_1-0-132-1.20150828.germline.snv_mnv.vcf.gz.tbi", 
            "file_size": 1600387, 
            "object_id": "6cde978f-d58b-5138-bc0b-559509db7c9e"
        }, 
        {
            "file_md5sum": "b063114fe80372584b2a2ec7dbfb66fa", 
            "file_name": "cc7af465-22ed-485d-a78c-282b840bf7c9.dkfz-snvCalling_1-0-132-1.20150828.somatic.snv_mnv.vcf.gz", 
            "file_size": 50592356, 
            "object_id": "0d3f578e-0344-5f8f-8526-8c32020739ab"
        }, 
        {
            "file_md5sum": "109340ecc9864fc26b889d05eb2ae65d", 
            "file_name": "cc7af465-22ed-485d-a78c-282b840bf7c9.dkfz-snvCalling_1-0-132-1.20150828.somatic.snv_mnv.vcf.gz.tbi", 
            "file_size": 1549808, 
            "object_id": "741d523d-2c33-5ce2-bc6f-ca625d8b30a9"
        }, 
        {
            "file_md5sum": "af55d356a232d71a71506b3e12c2b226",