{
    "_runs_": {
        "run_1449082680_087a8ae4-9ace-4ff5-84bd-f4a6bbf04f60": {
            "downloading": {
                "gnos-download_time": 1498, 
                "start": 1449099609, 
                "stop": 1449101108, 
                "time": 1499
            }, 
            "uploading": {
                "copy_meta_time": 1, 
                "start": 1449101116, 
                "stop": 1449101366, 
                "time": 250, 
                "upload_time": 248
            }
        }, 
        "run_1449256362_f285340f-6a1e-4280-8af8-91051b7f471f": {
            "downloading": {
                "7ba70717-d65e-4a45-af79-60a976770526.dkfz-indelCalling_1-0-132-1.20150807.germline.indel.vcf.gz-download_time": 18, 
                "7ba70717-d65e-4a45-af79-60a976770526.dkfz-indelCalling_1-0-132-1.20150807.germline.indel.vcf.gz-md5sum_time": 0, 
                "7ba70717-d65e-4a45-af79-60a976770526.dkfz-indelCalling_1-0-132-1.20150807.somatic.indel.vcf.gz-download_time": 13, 
                "7ba70717-d65e-4a45-af79-60a976770526.dkfz-indelCalling_1-0-132-1.20150807.somatic.indel.vcf.gz-md5sum_time": 0, 
                "7ba70717-d65e-4a45-af79-60a976770526.dkfz-indelCalling_1-0-132-1.20150807.somatic.indel.vcf.gz.tbi-download_time": 11, 
                "7ba70717-d65e-4a45-af79-60a976770526.dkfz-indelCalling_1-0-132-1.20150807.somatic.indel.vcf.gz.tbi-md5sum_time": 0, 
                "7ba70717-d65e-4a45-af79-60a976770526.dkfz-indelCalling_1-0-132-1.20150807.somatic.indel.vcf.gz.tbi-size-mismatch": 229496, 
                "7ba70717-d65e-4a45-af79-60a976770526.embl-delly_1-3-0-preFilter.20150807.germline.sv.vcf.gz-download_time": 13, 
                "7ba70717-d65e-4a45-af79-60a976770526.embl-delly_1-3-0-preFilter.20150807.germline.sv.vcf.gz-md5sum_time": 0, 
                "7ba70717-d65e-4a45-af79-60a976770526.embl-delly_1-3-0-preFilter.20150807.germline.sv.vcf.gz.tbi-download_time": 13, 
                "7ba70717-d65e-4a45-af79-60a976770526.embl-delly_1-3-0-preFilter.20150807.germline.sv.vcf.gz.tbi-md5sum_time": 0, 
                "7ba70717-d65e-4a45-af79-60a976770526.embl-delly_1-3-0-preFilter.20150807.somatic.sv.vcf.gz-download_time": 13, 
                "7ba70717-d65e-4a45-af79-60a976770526.embl-delly_1-3-0-preFilter.20150807.somatic.sv.vcf.gz-md5sum_time": 0, 
                "7ba70717-d65e-4a45-af79-60a976770526.embl-delly_1-3-0-preFilter.20150807.somatic.sv.vcf.gz.tbi-download_time": 13, 
                "7ba70717-d65e-4a45-af79-60a976770526.embl-delly_1-3-0-preFilter.20150807.somatic.sv.vcf.gz.tbi-md5sum_time": 0, 
                "7ba70717-d65e-4a45-af79-60a976770526.embl-delly_1-3-0-preFilter.20150807.sv.vcf.gz-download_time": 14, 
                "7ba70717-d65e-4a45-af79-60a976770526.embl-delly_1-3-0-preFilter.20150807.sv.vcf.gz-md5sum_time": 0, 
                "7ba70717-d65e-4a45-af79-60a976770526.embl-delly_1-3-0-preFilter.20150807.sv.vcf.gz.tbi-download_time": 14, 
                "7ba70717-d65e-4a45-af79-60a976770526.embl-delly_1-3-0-preFilter.20150807.sv.vcf.gz.tbi-md5sum_time": 0, 
                "start": 1449400305, 
                "stop": 1449400440, 
                "time": 135
            }
        }
    }, 
    "aliquot_id": null, 
    "available_repos": [
        {
            "https://gtrepo-dkfz.annailabs.com/": {
                "file_md5sum": "63934aa9c4f9db2b44e5d042147f754d", 
                "file_size": 57847
            }
        }
    ], 
    "data_type": "Dkfz_embl-VCF", 
    "files": [
        {
            "file_md5sum": "8f0aad6bfc7b9e8ee8eb3537aff365d8", 
            "file_name": "7ba70717-d65e-4a45-af79-60a976770526.embl-delly_1-3-0-preFilter.20150807.germline.sv.vcf.gz", 
            "file_size": 199493, 
            "object_id": "b312cffc-ff49-5435-8eb1-94a73177db63"
        }, 
        {
            "file_md5sum": "315107365ac98f25ff53f7288d394d59", 
            "file_name": "7ba70717-d65e-4a45-af79-60a976770526.embl-delly_1-3-0-preFilter.20150807.germline.sv.vcf.gz.tbi", 
            "file_size": 20710, 
            "object_id": "06c6084b-cb2b-513f-838d-104264a99bab"
        }, 
        {
            "file_md5sum": "d3c5ac5d7685a6a88e161451b5f64afd", 
            "file_name": "7ba70717-d65e-4a45-af79-60a976770526.embl-delly_1-3-0-preFilter.20150807.sv.vcf.gz", 
            "file_size": 63439, 
            "object_id": "b30dc050-df51-5598-9f77-df5bd681b939"
        }, 
        {
            "file_md5sum": "f12ae0276fb45b537094454338a495de", 
            "file_name": "7ba70717-d65e-4a45-af79-60a976770526.embl-delly_1-3-0-preFilter.20150807.sv.vcf.gz.tbi", 
            "file_size": 4046, 
            "object_id": "d979157d-510b-5801-81d3-d181013406a1"
        }, 
        {
            "file_md5sum": "3b850b232ba2fda9e1bd43ef5329d16b", 
            "file_name": "7ba70717-d65e-4a45-af79-60a976770526.embl-delly_1-3-0-preFilter.20150807.somatic.sv.vcf.gz", 
            "file_size": 21958, 
            "object_id": "1e0e9241-5a48-5eaf-b323-50f7fe5858d8"
        }, 
        {
            "file_md5sum": "b444cccdd8b2f4ec3e4b9024d895661c", 
            "file_name": "7ba70717-d65e-4a45-af79-60a976770526.embl-delly_1-3-0-preFilter.20150807.somatic.sv.vcf.gz.tbi", 
            "file_size": 7435, 
            "object_id": "d7074a96-f0b2-5d76-b9e8-4b0ab5a69197"
        }, 
        {
            "file_md5sum": "02563b960ae642c76d458863f9d40ba4", 
            "file_name": "7ba70717-d65e-4a45-af79-60a976770526.dkfz-indelCalling_1-0-132-1.20150807.germline.indel.vcf.gz", 
            "file_size": 67777288, 
            "object_id": "2bb11349-2990-57f0-b92e-10b79fac354d"
        }, 
        {
            "file_md5sum": "0e0944da4bb54a0f5d0d4f352ba4a3a4", 
            "file_name": "7ba70717-d65e-4a45-af79-60a976770526.dkfz-indelCalling_1-0-132-1.20150807.somatic.indel.vcf.gz.tbi", 
            "file_size": 229496, 
            "object_id": "2fe7d866-0d0f-50c4-aba1-28945857255d"
        }, 
        {
            "file_md5sum": "3fdc3d3ef192452ea17227b6a33c2a87", 
            "file_name": "7ba70717-d65e-4a45-af79-60a976770526.dkfz-indelCalling_1-0-132-1.20150807.somatic.indel.vcf.gz", 
            "file_size": 2004056, 
            "object_id": "73a33427-e031-5869-9516-29016f64dbb5"
        }, 
        {
            "file_md5sum": "0e0944da4bb54a0f5d0d4f352ba4a3a4", 
            "file_name": "7ba70717-d65e-4a45-af79-60a976770526.dkfz-indelCalling_1-0-132-1.20150807.somatic.indel.vcf.gz.tbi", 
            "file_size": 0, 
            "object_id": "2fe7d866-0d0f-50c4-aba1-28945857255d"
        }, 
        {
            "file_md5sum": "6af8824b00230bead7e357ef83096f2a", 
            "file_name": "7ba70717-d65e-4a45-af79-60a976770526.dkfz-snvCalling_1-0-132-1.20150807.germline.snv_mnv.vcf.gz", 
            "file_size": 106455959, 
            "object_id": "5c81e936-042a-5283-8106-5487e39afaf9"
        }, 
        {
            "file_md5sum": "ae79df5d63732adcee50e5fa19c7303c", 
            "file_name": "7ba70717-d65e-4a45-af79-60a976770526.dkfz-snvCalling_1-0-132-1.20150807.germline.snv_mnv.vcf.gz.tbi", 
            "file_size": 1552292, 
            "object_id": "cc15a060-9ed7-560f-9ee6-1aada1a1c60b"
        }, 
        {
            "file_md5sum": "352cdc18995b92c1ba7a5e3446db16b2", 
            "file_name": "7ba70717-d65e-4a45-af79-60a976770526.dkfz-snvCalling_1-0-132-1.20150807.somatic.snv_mnv.vcf.gz", 
            "file_size": 2661831, 
            "object_id": "ff07c8b0-e861-5e3d-a342-e5ded26f8d93"
        }, 
        {
            "file_md5sum": "b04cc30ecb8ddcf9bbf2fa07cb3f5f55", 
            "file_name": "7ba70717-d65e-4a45-af79-60a976770526.dkfz-snvCalling_1-0-132-1.20150807.somatic.snv_mnv.vcf.gz.tbi", 
            "file_size": 708687, 
            "object_id": "4e167c55-63e7-59f7-92b5-8b071d0202e4"
        }, 
        {
            "file_md5sum": "f8fb546b99a85759e6f4ac50ecc6729d",