{
    "_runs_": {
        "run_1449082559_8e64d380-ff2b-4a89-9d31-5c368d71de35": {
            "downloading": {
                "gnos-download_time": 351, 
                "start": 1449149553, 
                "stop": 1449149905, 
                "time": 352
            }, 
            "uploading": {
                "copy_meta_time": 1, 
                "start": 1449149920, 
                "stop": 1449150204, 
                "time": 284, 
                "upload_time": 282
            }
        }, 
        "run_1449256569_76e81a59-4210-47e5-9370-3d9c27baa182": {
            "downloading": {
                "551d5082-ab6a-4674-af0d-ce408f589949.dkfz-indelCalling_1-0-132-1.20150817.germline.indel.vcf.gz-download_time": 17, 
                "551d5082-ab6a-4674-af0d-ce408f589949.dkfz-indelCalling_1-0-132-1.20150817.germline.indel.vcf.gz-md5sum_time": 1, 
                "551d5082-ab6a-4674-af0d-ce408f589949.dkfz-indelCalling_1-0-132-1.20150817.somatic.indel.vcf.gz-download_time": 13, 
                "551d5082-ab6a-4674-af0d-ce408f589949.dkfz-indelCalling_1-0-132-1.20150817.somatic.indel.vcf.gz-md5sum_time": 0, 
                "551d5082-ab6a-4674-af0d-ce408f589949.dkfz-indelCalling_1-0-132-1.20150817.somatic.indel.vcf.gz.tbi-download_time": 12, 
                "551d5082-ab6a-4674-af0d-ce408f589949.dkfz-indelCalling_1-0-132-1.20150817.somatic.indel.vcf.gz.tbi-md5sum_time": 0, 
                "551d5082-ab6a-4674-af0d-ce408f589949.dkfz-indelCalling_1-0-132-1.20150817.somatic.indel.vcf.gz.tbi-size-mismatch": 274285, 
                "551d5082-ab6a-4674-af0d-ce408f589949.embl-delly_1-3-0-preFilter.20150817.germline.sv.vcf.gz-download_time": 14, 
                "551d5082-ab6a-4674-af0d-ce408f589949.embl-delly_1-3-0-preFilter.20150817.germline.sv.vcf.gz-md5sum_time": 0, 
                "551d5082-ab6a-4674-af0d-ce408f589949.embl-delly_1-3-0-preFilter.20150817.germline.sv.vcf.gz.tbi-download_time": 12, 
                "551d5082-ab6a-4674-af0d-ce408f589949.embl-delly_1-3-0-preFilter.20150817.germline.sv.vcf.gz.tbi-md5sum_time": 0, 
                "551d5082-ab6a-4674-af0d-ce408f589949.embl-delly_1-3-0-preFilter.20150817.somatic.sv.vcf.gz-download_time": 14, 
                "551d5082-ab6a-4674-af0d-ce408f589949.embl-delly_1-3-0-preFilter.20150817.somatic.sv.vcf.gz-md5sum_time": 0, 
                "551d5082-ab6a-4674-af0d-ce408f589949.embl-delly_1-3-0-preFilter.20150817.somatic.sv.vcf.gz.tbi-download_time": 12, 
                "551d5082-ab6a-4674-af0d-ce408f589949.embl-delly_1-3-0-preFilter.20150817.somatic.sv.vcf.gz.tbi-md5sum_time": 0, 
                "551d5082-ab6a-4674-af0d-ce408f589949.embl-delly_1-3-0-preFilter.20150817.sv.vcf.gz-download_time": 14, 
                "551d5082-ab6a-4674-af0d-ce408f589949.embl-delly_1-3-0-preFilter.20150817.sv.vcf.gz-md5sum_time": 0, 
                "551d5082-ab6a-4674-af0d-ce408f589949.embl-delly_1-3-0-preFilter.20150817.sv.vcf.gz.tbi-download_time": 12, 
                "551d5082-ab6a-4674-af0d-ce408f589949.embl-delly_1-3-0-preFilter.20150817.sv.vcf.gz.tbi-md5sum_time": 0, 
                "start": 1449462931, 
                "stop": 1449463065, 
                "time": 134
            }
        }
    }, 
    "aliquot_id": null, 
    "available_repos": [
        {
            "https://gtrepo-dkfz.annailabs.com/": {
                "file_md5sum": "9366e9366b608d404a1efacf25e0564b", 
                "file_size": 56748
            }
        }
    ], 
    "data_type": "Dkfz_embl-VCF", 
    "files": [
        {
            "file_md5sum": "34e11b052e9bb45e916e4f7328204577", 
            "file_name": "551d5082-ab6a-4674-af0d-ce408f589949.embl-delly_1-3-0-preFilter.20150817.germline.sv.vcf.gz", 
            "file_size": 141730, 
            "object_id": "ce911fec-362d-59d5-a149-76fc94a578ad"
        }, 
        {
            "file_md5sum": "92276353343061233f216f3d44d4eb05", 
            "file_name": "551d5082-ab6a-4674-af0d-ce408f589949.embl-delly_1-3-0-preFilter.20150817.germline.sv.vcf.gz.tbi", 
            "file_size": 16061, 
            "object_id": "a19ea8aa-a1ce-515f-a03a-16bebb42a962"
        }, 
        {
            "file_md5sum": "5931eaf1d565b27697b7061f683b3972", 
            "file_name": "551d5082-ab6a-4674-af0d-ce408f589949.embl-delly_1-3-0-preFilter.20150817.sv.vcf.gz", 
            "file_size": 58882, 
            "object_id": "3bcdb24e-70e3-5e2e-934e-afa80b83fcd0"
        }, 
        {
            "file_md5sum": "000fefee66006d81e77c3a149b34fe67", 
            "file_name": "551d5082-ab6a-4674-af0d-ce408f589949.embl-delly_1-3-0-preFilter.20150817.sv.vcf.gz.tbi", 
            "file_size": 3465, 
            "object_id": "98ac265f-c15d-5854-b7a5-ceecc5c219f7"
        }, 
        {
            "file_md5sum": "7b7ed4cb81d45acb3c95fc4ee470a8f7", 
            "file_name": "551d5082-ab6a-4674-af0d-ce408f589949.embl-delly_1-3-0-preFilter.20150817.somatic.sv.vcf.gz", 
            "file_size": 18855, 
            "object_id": "b4766024-159a-50e7-8844-884dc1382fa7"
        }, 
        {
            "file_md5sum": "b466761bcc4601bbf6e56651988c81dc", 
            "file_name": "551d5082-ab6a-4674-af0d-ce408f589949.embl-delly_1-3-0-preFilter.20150817.somatic.sv.vcf.gz.tbi", 
            "file_size": 5201, 
            "object_id": "7b05d61f-0e06-5541-960a-e7133e4483d3"
        }, 
        {
            "file_md5sum": "29ce4ca149b9a559f98743f6bef67f18", 
            "file_name": "551d5082-ab6a-4674-af0d-ce408f589949.dkfz-indelCalling_1-0-132-1.20150817.germline.indel.vcf.gz", 
            "file_size": 65165201, 
            "object_id": "0835109d-4053-5dd0-8ac5-b19ce3358163"
        }, 
        {
            "file_md5sum": "33749ab6752a67fb30d0708ba942275e", 
            "file_name": "551d5082-ab6a-4674-af0d-ce408f589949.dkfz-indelCalling_1-0-132-1.20150817.somatic.indel.vcf.gz.tbi", 
            "file_size": 274285, 
            "object_id": "80ad8cff-1bfb-5b81-beb2-9d01c0de6cf5"
        }, 
        {
            "file_md5sum": "f33b1ef460ca7d494ea0604646ea072c", 
            "file_name": "551d5082-ab6a-4674-af0d-ce408f589949.dkfz-indelCalling_1-0-132-1.20150817.somatic.indel.vcf.gz", 
            "file_size": 2428281, 
            "object_id": "5c1acac3-31e3-531a-8aa0-a4a10522b14a"
        }, 
        {
            "file_md5sum": "33749ab6752a67fb30d0708ba942275e", 
            "file_name": "551d5082-ab6a-4674-af0d-ce408f589949.dkfz-indelCalling_1-0-132-1.20150817.somatic.indel.vcf.gz.tbi", 
            "file_size": 0, 
            "object_id": "80ad8cff-1bfb-5b81-beb2-9d01c0de6cf5"
        }, 
        {
            "file_md5sum": "df96a67a3c87809aed80fff2d7d07e0d", 
            "file_name": "551d5082-ab6a-4674-af0d-ce408f589949.dkfz-snvCalling_1-0-132-1.20150817.germline.snv_mnv.vcf.gz", 
            "file_size": 105489528, 
            "object_id": "3fb87889-625f-5d72-b241-7bf5d5763254"
        }, 
        {
            "file_md5sum": "f65df8d540f869372a8059a7633b1ce0", 
            "file_name": "551d5082-ab6a-4674-af0d-ce408f589949.dkfz-snvCalling_1-0-132-1.20150817.germline.snv_mnv.vcf.gz.tbi", 
            "file_size": 1562566, 
            "object_id": "11422f4d-6353-546a-b8f7-892057586257"
        }, 
        {
            "file_md5sum": "bfa307398dbe7629e7ff3448327d87dc", 
            "file_name": "551d5082-ab6a-4674-af0d-ce408f589949.dkfz-snvCalling_1-0-132-1.20150817.somatic.snv_mnv.vcf.gz", 
            "file_size": 44878801, 
            "object_id": "554f8e63-65fb-524c-8716-135c011980c8"
        }, 
        {
            "file_md5sum": "88969ed41d1ce835cdce9b42cd7e6d13", 
            "file_name": "551d5082-ab6a-4674-af0d-ce408f589949.dkfz-snvCalling_1-0-132-1.20150817.somatic.snv_mnv.vcf.gz.tbi", 
            "file_size": 1571613, 
            "object_id": "ac3822ad-7806-5fde-926b-5a41d01a09e8"
        }, 
        {
            "file_md5sum": "862348c68b9b830cd776b4e9656cc931",