{
    "_runs_": {
        "run_1449082444_377f6128-eb97-49a3-8ed2-dfd67fca33ff": {
            "downloading": {
                "gnos-download_time": 1339, 
                "start": 1449154471, 
                "stop": 1449155811, 
                "time": 1340
            }, 
            "uploading": {
                "copy_meta_time": 1, 
                "start": 1449155825, 
                "stop": 1449156066, 
                "time": 241, 
                "upload_time": 239
            }
        }, 
        "run_1449256291_854cc1de-1a8d-4120-b9ce-5b1f48d14ccc": {
            "downloading": {
                "1eb37b28-fac2-477a-88b3-e04291a07926.dkfz-indelCalling_1-0-132-1.20150807.germline.indel.vcf.gz-download_time": 17, 
                "1eb37b28-fac2-477a-88b3-e04291a07926.dkfz-indelCalling_1-0-132-1.20150807.germline.indel.vcf.gz-md5sum_time": 0, 
                "1eb37b28-fac2-477a-88b3-e04291a07926.dkfz-indelCalling_1-0-132-1.20150807.somatic.indel.vcf.gz-download_time": 14, 
                "1eb37b28-fac2-477a-88b3-e04291a07926.dkfz-indelCalling_1-0-132-1.20150807.somatic.indel.vcf.gz-md5sum_time": 0, 
                "1eb37b28-fac2-477a-88b3-e04291a07926.dkfz-indelCalling_1-0-132-1.20150807.somatic.indel.vcf.gz.tbi-download_time": 11, 
                "1eb37b28-fac2-477a-88b3-e04291a07926.dkfz-indelCalling_1-0-132-1.20150807.somatic.indel.vcf.gz.tbi-md5sum_time": 0, 
                "1eb37b28-fac2-477a-88b3-e04291a07926.dkfz-indelCalling_1-0-132-1.20150807.somatic.indel.vcf.gz.tbi-size-mismatch": 219851, 
                "1eb37b28-fac2-477a-88b3-e04291a07926.embl-delly_1-3-0-preFilter.20150807.germline.sv.vcf.gz-download_time": 14, 
                "1eb37b28-fac2-477a-88b3-e04291a07926.embl-delly_1-3-0-preFilter.20150807.germline.sv.vcf.gz-md5sum_time": 0, 
                "1eb37b28-fac2-477a-88b3-e04291a07926.embl-delly_1-3-0-preFilter.20150807.germline.sv.vcf.gz.tbi-download_time": 14, 
                "1eb37b28-fac2-477a-88b3-e04291a07926.embl-delly_1-3-0-preFilter.20150807.germline.sv.vcf.gz.tbi-md5sum_time": 0, 
                "1eb37b28-fac2-477a-88b3-e04291a07926.embl-delly_1-3-0-preFilter.20150807.somatic.sv.vcf.gz-download_time": 14, 
                "1eb37b28-fac2-477a-88b3-e04291a07926.embl-delly_1-3-0-preFilter.20150807.somatic.sv.vcf.gz-md5sum_time": 0, 
                "1eb37b28-fac2-477a-88b3-e04291a07926.embl-delly_1-3-0-preFilter.20150807.somatic.sv.vcf.gz.tbi-download_time": 14, 
                "1eb37b28-fac2-477a-88b3-e04291a07926.embl-delly_1-3-0-preFilter.20150807.somatic.sv.vcf.gz.tbi-md5sum_time": 0, 
                "1eb37b28-fac2-477a-88b3-e04291a07926.embl-delly_1-3-0-preFilter.20150807.sv.vcf.gz-download_time": 14, 
                "1eb37b28-fac2-477a-88b3-e04291a07926.embl-delly_1-3-0-preFilter.20150807.sv.vcf.gz-md5sum_time": 0, 
                "1eb37b28-fac2-477a-88b3-e04291a07926.embl-delly_1-3-0-preFilter.20150807.sv.vcf.gz.tbi-download_time": 14, 
                "1eb37b28-fac2-477a-88b3-e04291a07926.embl-delly_1-3-0-preFilter.20150807.sv.vcf.gz.tbi-md5sum_time": 0, 
                "start": 1449480942, 
                "stop": 1449481081, 
                "time": 139
            }
        }
    }, 
    "aliquot_id": null, 
    "available_repos": [
        {
            "https://gtrepo-dkfz.annailabs.com/": {
                "file_md5sum": "b7072d81b718cf62f0736806633dee68", 
                "file_size": 56881
            }
        }
    ], 
    "data_type": "Dkfz_embl-VCF", 
    "files": [
        {
            "file_md5sum": "77b83b2ba416a0b2ff095eded52ff2d4", 
            "file_name": "1eb37b28-fac2-477a-88b3-e04291a07926.embl-delly_1-3-0-preFilter.20150807.germline.sv.vcf.gz", 
            "file_size": 136164, 
            "object_id": "4c9a407b-afe6-5373-8a79-06b2b8593ede"
        }, 
        {
            "file_md5sum": "4001c03e6bc8d36f3a152cdd4cc91ff5", 
            "file_name": "1eb37b28-fac2-477a-88b3-e04291a07926.embl-delly_1-3-0-preFilter.20150807.germline.sv.vcf.gz.tbi", 
            "file_size": 16296, 
            "object_id": "13e2e591-71ac-5d55-b8ae-84f22af7851d"
        }, 
        {
            "file_md5sum": "4f32142dc81db35392f645680b5b30ac", 
            "file_name": "1eb37b28-fac2-477a-88b3-e04291a07926.embl-delly_1-3-0-preFilter.20150807.sv.vcf.gz", 
            "file_size": 123702, 
            "object_id": "9ce9aade-0b4c-5c10-a292-7f8bb359d742"
        }, 
        {
            "file_md5sum": "1c3e59a633ab0efc15702e6192bccb01", 
            "file_name": "1eb37b28-fac2-477a-88b3-e04291a07926.embl-delly_1-3-0-preFilter.20150807.sv.vcf.gz.tbi", 
            "file_size": 5512, 
            "object_id": "d4a97d6a-de96-5755-a7ee-ab0ce142d8ef"
        }, 
        {
            "file_md5sum": "648f4b800346fbe1e4c390185b9e7e3c", 
            "file_name": "1eb37b28-fac2-477a-88b3-e04291a07926.embl-delly_1-3-0-preFilter.20150807.somatic.sv.vcf.gz", 
            "file_size": 19274, 
            "object_id": "aa215656-6911-5ff3-9120-622c864f12b2"
        }, 
        {
            "file_md5sum": "3fac198930b551b1907b2a14a9e11ca8", 
            "file_name": "1eb37b28-fac2-477a-88b3-e04291a07926.embl-delly_1-3-0-preFilter.20150807.somatic.sv.vcf.gz.tbi", 
            "file_size": 6644, 
            "object_id": "b69cd664-b7b6-5665-8485-589460c21485"
        }, 
        {
            "file_md5sum": "79cffbd28c91a9be5a1ad83777ca1fc6", 
            "file_name": "1eb37b28-fac2-477a-88b3-e04291a07926.dkfz-indelCalling_1-0-132-1.20150807.germline.indel.vcf.gz", 
            "file_size": 66267681, 
            "object_id": "2157b2df-6889-552d-ab87-3d3c3a091ece"
        }, 
        {
            "file_md5sum": "73c617cc292aba615b0a73d18540cbea", 
            "file_name": "1eb37b28-fac2-477a-88b3-e04291a07926.dkfz-indelCalling_1-0-132-1.20150807.somatic.indel.vcf.gz.tbi", 
            "file_size": 219851, 
            "object_id": "232ff47a-2237-52d8-aa77-1266ad1c51b7"
        }, 
        {
            "file_md5sum": "9b5f58f9ed4c136539b0e4c05865173e", 
            "file_name": "1eb37b28-fac2-477a-88b3-e04291a07926.dkfz-indelCalling_1-0-132-1.20150807.somatic.indel.vcf.gz", 
            "file_size": 1935012, 
            "object_id": "7af15ef3-251e-55bd-9a85-c52a66ecc792"
        }, 
        {
            "file_md5sum": "73c617cc292aba615b0a73d18540cbea", 
            "file_name": "1eb37b28-fac2-477a-88b3-e04291a07926.dkfz-indelCalling_1-0-132-1.20150807.somatic.indel.vcf.gz.tbi", 
            "file_size": 0, 
            "object_id": "232ff47a-2237-52d8-aa77-1266ad1c51b7"
        }, 
        {
            "file_md5sum": "75cca577409be6d777404285744eef2b", 
            "file_name": "1eb37b28-fac2-477a-88b3-e04291a07926.dkfz-snvCalling_1-0-132-1.20150807.germline.snv_mnv.vcf.gz", 
            "file_size": 99704120, 
            "object_id": "433e1155-f888-5c08-99b7-b1670f93309b"
        }, 
        {
            "file_md5sum": "7f6b796da5c924584b028ab0eebb6349", 
            "file_name": "1eb37b28-fac2-477a-88b3-e04291a07926.dkfz-snvCalling_1-0-132-1.20150807.germline.snv_mnv.vcf.gz.tbi", 
            "file_size": 1547857, 
            "object_id": "a758e154-c0c7-5e11-b6e4-d6d03d8deb16"
        }, 
        {
            "file_md5sum": "c61e5347b845301b6d7896dc7025baa3", 
            "file_name": "1eb37b28-fac2-477a-88b3-e04291a07926.dkfz-snvCalling_1-0-132-1.20150807.somatic.snv_mnv.vcf.gz", 
            "file_size": 2225349, 
            "object_id": "142d2835-a363-5402-abd7-97f99e9117f4"
        }, 
        {
            "file_md5sum": "a4ca99fc299a41a32e1206a05f991b3a", 
            "file_name": "1eb37b28-fac2-477a-88b3-e04291a07926.dkfz-snvCalling_1-0-132-1.20150807.somatic.snv_mnv.vcf.gz.tbi", 
            "file_size": 675605, 
            "object_id": "c2479ce4-6a94-5e7c-a7cb-0d5c3fb89d50"
        }, 
        {
            "file_md5sum": "b19d99cba5763339dcec80c5241d04dd",