{
    "_runs_": {
        "run_1453926147_2102d5d3-254e-4975-b5e7-809818d0c021": {
            "downloading": {
                "gnos-download_time": 127, 
                "start": 1453926928, 
                "stop": 1453927055, 
                "time": 127
            }, 
            "uploading": {
                "copy_meta_time": 1, 
                "start": 1453927065, 
                "stop": 1453927184, 
                "time": 119, 
                "upload_time": 117
            }
        }, 
        "run_1454512973_e3882142-08cf-45e0-9b4a-4bd52c15b4e1": {
            "downloading": {
                "0c34870a-bb81-11e5-970c-81cbeac6e0c4.xml-download_time": 13, 
                "0c34870a-bb81-11e5-970c-81cbeac6e0c4.xml-md5sum_time": 0, 
                "7b318282-5df4-42bc-b1e0-0e4a66ba9204.svcp_1-0-4.20150130.somatic.cnv.tar.gz-download_time": 15, 
                "7b318282-5df4-42bc-b1e0-0e4a66ba9204.svcp_1-0-4.20150130.somatic.cnv.tar.gz-md5sum_time": 0, 
                "7b318282-5df4-42bc-b1e0-0e4a66ba9204.svcp_1-0-4.20150130.somatic.cnv.vcf.gz-download_time": 14, 
                "7b318282-5df4-42bc-b1e0-0e4a66ba9204.svcp_1-0-4.20150130.somatic.cnv.vcf.gz-md5sum_time": 0, 
                "7b318282-5df4-42bc-b1e0-0e4a66ba9204.svcp_1-0-4.20150130.somatic.cnv.vcf.gz.tbi-download_time": 13, 
                "7b318282-5df4-42bc-b1e0-0e4a66ba9204.svcp_1-0-4.20150130.somatic.cnv.vcf.gz.tbi-md5sum_time": 0, 
                "7b318282-5df4-42bc-b1e0-0e4a66ba9204.svcp_1-0-4.20150130.somatic.genotype.tar.gz-download_time": 13, 
                "7b318282-5df4-42bc-b1e0-0e4a66ba9204.svcp_1-0-4.20150130.somatic.genotype.tar.gz-md5sum_time": 0, 
                "7b318282-5df4-42bc-b1e0-0e4a66ba9204.svcp_1-0-4.20150130.somatic.imputeCounts.tar.gz-download_time": 40, 
                "7b318282-5df4-42bc-b1e0-0e4a66ba9204.svcp_1-0-4.20150130.somatic.imputeCounts.tar.gz-md5sum_time": 2, 
                "7b318282-5df4-42bc-b1e0-0e4a66ba9204.svcp_1-0-4.20150130.somatic.indel.tar.gz-download_time": 86, 
                "7b318282-5df4-42bc-b1e0-0e4a66ba9204.svcp_1-0-4.20150130.somatic.indel.tar.gz-md5sum_time": 4, 
                "7b318282-5df4-42bc-b1e0-0e4a66ba9204.svcp_1-0-4.20150130.somatic.indel.vcf.gz-download_time": 16, 
                "7b318282-5df4-42bc-b1e0-0e4a66ba9204.svcp_1-0-4.20150130.somatic.indel.vcf.gz-md5sum_time": 1, 
                "7b318282-5df4-42bc-b1e0-0e4a66ba9204.svcp_1-0-4.20150130.somatic.indel.vcf.gz.tbi-download_time": 13, 
                "7b318282-5df4-42bc-b1e0-0e4a66ba9204.svcp_1-0-4.20150130.somatic.indel.vcf.gz.tbi-md5sum_time": 0, 
                "7b318282-5df4-42bc-b1e0-0e4a66ba9204.svcp_1-0-4.20150130.somatic.snv_mnv.tar.gz-download_time": 23, 
                "7b318282-5df4-42bc-b1e0-0e4a66ba9204.svcp_1-0-4.20150130.somatic.snv_mnv.tar.gz-md5sum_time": 1, 
                "7b318282-5df4-42bc-b1e0-0e4a66ba9204.svcp_1-0-4.20150130.somatic.snv_mnv.vcf.gz-download_time": 13, 
                "7b318282-5df4-42bc-b1e0-0e4a66ba9204.svcp_1-0-4.20150130.somatic.snv_mnv.vcf.gz-md5sum_time": 0, 
                "7b318282-5df4-42bc-b1e0-0e4a66ba9204.svcp_1-0-4.20150130.somatic.snv_mnv.vcf.gz.tbi-download_time": 13, 
                "7b318282-5df4-42bc-b1e0-0e4a66ba9204.svcp_1-0-4.20150130.somatic.snv_mnv.vcf.gz.tbi-md5sum_time": 0, 
                "7b318282-5df4-42bc-b1e0-0e4a66ba9204.svcp_1-0-4.20150130.somatic.verifyBamId.tar.gz-download_time": 12, 
                "7b318282-5df4-42bc-b1e0-0e4a66ba9204.svcp_1-0-4.20150130.somatic.verifyBamId.tar.gz-md5sum_time": 0, 
                "7b318282-5df4-42bc-b1e0-0e4a66ba9204.svfix_4-0-5.20160115.somatic.sv.tar.gz-download_time": 31, 
                "7b318282-5df4-42bc-b1e0-0e4a66ba9204.svfix_4-0-5.20160115.somatic.sv.tar.gz-md5sum_time": 1, 
                "7b318282-5df4-42bc-b1e0-0e4a66ba9204.svfix_4-0-5.20160115.somatic.sv.vcf.gz-download_time": 15, 
                "7b318282-5df4-42bc-b1e0-0e4a66ba9204.svfix_4-0-5.20160115.somatic.sv.vcf.gz-md5sum_time": 0, 
                "7b318282-5df4-42bc-b1e0-0e4a66ba9204.svfix_4-0-5.20160115.somatic.sv.vcf.gz.tbi-download_time": 13, 
                "7b318282-5df4-42bc-b1e0-0e4a66ba9204.svfix_4-0-5.20160115.somatic.sv.vcf.gz.tbi-md5sum_time": 0, 
                "start": 1454531093, 
                "stop": 1454531446, 
                "time": 353
            }
        }
    }, 
    "aliquot_id": null, 
    "available_repos": [
        {
            "https://gtrepo-osdc-icgc.annailabs.com/": {
                "file_md5sum": "b167f3475f690e51715637061c30c4f7", 
                "file_size": 58277
            }
        }
    ], 
    "data_type": "Sanger-VCF", 
    "files": [
        {
            "file_md5sum": "cac277227ea99a40eba7c64d0199ea66", 
            "file_name": "7b318282-5df4-42bc-b1e0-0e4a66ba9204.svcp_1-0-4.20150130.somatic.snv_mnv.vcf.gz", 
            "file_size": 4135234, 
            "object_id": "1e74e013-df6d-5206-8526-89454f7d1acd"
        }, 
        {
            "file_md5sum": "38db69cfa9f342bbc18b41a2a289f69e", 
            "file_name": "7b318282-5df4-42bc-b1e0-0e4a66ba9204.svcp_1-0-4.20150130.somatic.snv_mnv.vcf.gz.tbi", 
            "file_size": 589041, 
            "object_id": "43a3d4d7-f423-5d80-9291-afd615f7799c"
        }, 
        {
            "file_md5sum": "30e8af98cc77a995e3380347c7075579", 
            "file_name": "7b318282-5df4-42bc-b1e0-0e4a66ba9204.svcp_1-0-4.20150130.somatic.cnv.vcf.gz", 
            "file_size": 2398, 
            "object_id": "ae3b7912-b3c1-5fd2-b83b-959d9ec23d54"
        }, 
        {
            "file_md5sum": "b71479d1f16745c1a54bb7df3d39bfdc", 
            "file_name": "7b318282-5df4-42bc-b1e0-0e4a66ba9204.svcp_1-0-4.20150130.somatic.cnv.vcf.gz.tbi", 
            "file_size": 4430, 
            "object_id": "1a17bd03-17c1-5e95-94e5-b8d6f2c194cf"
        }, 
        {
            "file_md5sum": "c345f351393affeb686ffffee6d11f39", 
            "file_name": "7b318282-5df4-42bc-b1e0-0e4a66ba9204.svfix_4-0-5.20160115.somatic.sv.vcf.gz", 
            "file_size": 51551, 
            "object_id": "35001b8b-2042-571e-b64b-ce10ac83e6eb"
        }, 
        {
            "file_md5sum": "8f6b589c9f3ad2bba3be554935aea400", 
            "file_name": "7b318282-5df4-42bc-b1e0-0e4a66ba9204.svfix_4-0-5.20160115.somatic.sv.vcf.gz.tbi", 
            "file_size": 2439, 
            "object_id": "816fb8da-5364-5d32-8a7e-0e77b0d6f008"
        }, 
        {
            "file_md5sum": "26d01acedee11a834e5e9575b4add8da", 
            "file_name": "7b318282-5df4-42bc-b1e0-0e4a66ba9204.svcp_1-0-4.20150130.somatic.indel.vcf.gz", 
            "file_size": 59071157, 
            "object_id": "517af9f8-168d-5a32-93bf-10b04575ed3f"
        }, 
        {
            "file_md5sum": "c1fd38a9a1db1b1b39f295ab5dbbcf02", 
            "file_name": "7b318282-5df4-42bc-b1e0-0e4a66ba9204.svcp_1-0-4.20150130.somatic.indel.vcf.gz.tbi", 
            "file_size": 1499011, 
            "object_id": "8733dcd9-ce59-5008-b400-f5973490971a"
        }, 
        {
            "file_md5sum": "1642a27ebf4ea301458dbd767b2eb46a", 
            "file_name": "7b318282-5df4-42bc-b1e0-0e4a66ba9204.svcp_1-0-4.20150130.somatic.snv_mnv.tar.gz", 
            "file_size": 175495789, 
            "object_id": "af514120-1c85-5bcb-8901-d14d7da25c18"
        }, 
        {
            "file_md5sum": "5df4fc36db0d7e74e6bf2335cadfa8f7", 
            "file_name": "7b318282-5df4-42bc-b1e0-0e4a66ba9204.svcp_1-0-4.20150130.somatic.cnv.tar.gz", 
            "file_size": 26807331, 
            "object_id": "d98419da-404b-5110-bf72-64665a55b58c"
        }, 
        {
            "file_md5sum": "c69e06887fb03e4bb1a04819bbe17319", 
            "file_name": "7b318282-5df4-42bc-b1e0-0e4a66ba9204.svfix_4-0-5.20160115.somatic.sv.tar.gz", 
            "file_size": 301738339, 
            "object_id": "50e4acab-ffc9-5a18-beee-f32b99843d92"
        }, 
        {
            "file_md5sum": "7dc2df1d70bfe7855cc037e5883ce631",