{
    "_runs_": {
        "run_1453925626_6d7b7fbf-a1b5-42ee-9dd2-728eb76cb7c0": {
            "downloading": {
                "gnos-download_time": 125, 
                "start": 1453927146, 
                "stop": 1453927271, 
                "time": 125
            }, 
            "uploading": {
                "copy_meta_time": 2, 
                "start": 1453927293, 
                "stop": 1453927405, 
                "time": 112, 
                "upload_time": 110
            }
        }, 
        "run_1454512973_e3882142-08cf-45e0-9b4a-4bd52c15b4e1": {
            "downloading": {
                "0de8410e-bac3-11e5-9285-ff6ceac6e0c4.xml-download_time": 14, 
                "0de8410e-bac3-11e5-9285-ff6ceac6e0c4.xml-md5sum_time": 0, 
                "f856fa85-fdb8-c0b0-e040-11ac0d480b4e.svcp_1-0-5.20150315.somatic.cnv.tar.gz-download_time": 17, 
                "f856fa85-fdb8-c0b0-e040-11ac0d480b4e.svcp_1-0-5.20150315.somatic.cnv.tar.gz-md5sum_time": 0, 
                "f856fa85-fdb8-c0b0-e040-11ac0d480b4e.svcp_1-0-5.20150315.somatic.cnv.vcf.gz-download_time": 13, 
                "f856fa85-fdb8-c0b0-e040-11ac0d480b4e.svcp_1-0-5.20150315.somatic.cnv.vcf.gz-md5sum_time": 0, 
                "f856fa85-fdb8-c0b0-e040-11ac0d480b4e.svcp_1-0-5.20150315.somatic.cnv.vcf.gz.tbi-download_time": 13, 
                "f856fa85-fdb8-c0b0-e040-11ac0d480b4e.svcp_1-0-5.20150315.somatic.cnv.vcf.gz.tbi-md5sum_time": 0, 
                "f856fa85-fdb8-c0b0-e040-11ac0d480b4e.svcp_1-0-5.20150315.somatic.genotype.tar.gz-download_time": 15, 
                "f856fa85-fdb8-c0b0-e040-11ac0d480b4e.svcp_1-0-5.20150315.somatic.genotype.tar.gz-md5sum_time": 0, 
                "f856fa85-fdb8-c0b0-e040-11ac0d480b4e.svcp_1-0-5.20150315.somatic.imputeCounts.tar.gz-download_time": 41, 
                "f856fa85-fdb8-c0b0-e040-11ac0d480b4e.svcp_1-0-5.20150315.somatic.imputeCounts.tar.gz-md5sum_time": 2, 
                "f856fa85-fdb8-c0b0-e040-11ac0d480b4e.svcp_1-0-5.20150315.somatic.indel.tar.gz-download_time": 70, 
                "f856fa85-fdb8-c0b0-e040-11ac0d480b4e.svcp_1-0-5.20150315.somatic.indel.tar.gz-md5sum_time": 4, 
                "f856fa85-fdb8-c0b0-e040-11ac0d480b4e.svcp_1-0-5.20150315.somatic.indel.vcf.gz-download_time": 16, 
                "f856fa85-fdb8-c0b0-e040-11ac0d480b4e.svcp_1-0-5.20150315.somatic.indel.vcf.gz-md5sum_time": 0, 
                "f856fa85-fdb8-c0b0-e040-11ac0d480b4e.svcp_1-0-5.20150315.somatic.indel.vcf.gz.tbi-download_time": 13, 
                "f856fa85-fdb8-c0b0-e040-11ac0d480b4e.svcp_1-0-5.20150315.somatic.indel.vcf.gz.tbi-md5sum_time": 0, 
                "f856fa85-fdb8-c0b0-e040-11ac0d480b4e.svcp_1-0-5.20150315.somatic.snv_mnv.tar.gz-download_time": 23, 
                "f856fa85-fdb8-c0b0-e040-11ac0d480b4e.svcp_1-0-5.20150315.somatic.snv_mnv.tar.gz-md5sum_time": 0, 
                "f856fa85-fdb8-c0b0-e040-11ac0d480b4e.svcp_1-0-5.20150315.somatic.snv_mnv.vcf.gz-download_time": 13, 
                "f856fa85-fdb8-c0b0-e040-11ac0d480b4e.svcp_1-0-5.20150315.somatic.snv_mnv.vcf.gz-md5sum_time": 0, 
                "f856fa85-fdb8-c0b0-e040-11ac0d480b4e.svcp_1-0-5.20150315.somatic.snv_mnv.vcf.gz.tbi-download_time": 13, 
                "f856fa85-fdb8-c0b0-e040-11ac0d480b4e.svcp_1-0-5.20150315.somatic.snv_mnv.vcf.gz.tbi-md5sum_time": 0, 
                "f856fa85-fdb8-c0b0-e040-11ac0d480b4e.svcp_1-0-5.20150315.somatic.verifyBamId.tar.gz-download_time": 13, 
                "f856fa85-fdb8-c0b0-e040-11ac0d480b4e.svcp_1-0-5.20150315.somatic.verifyBamId.tar.gz-md5sum_time": 0, 
                "f856fa85-fdb8-c0b0-e040-11ac0d480b4e.svfix_4-0-5.20160114.somatic.sv.tar.gz-download_time": 29, 
                "f856fa85-fdb8-c0b0-e040-11ac0d480b4e.svfix_4-0-5.20160114.somatic.sv.tar.gz-md5sum_time": 1, 
                "f856fa85-fdb8-c0b0-e040-11ac0d480b4e.svfix_4-0-5.20160114.somatic.sv.vcf.gz-download_time": 13, 
                "f856fa85-fdb8-c0b0-e040-11ac0d480b4e.svfix_4-0-5.20160114.somatic.sv.vcf.gz-md5sum_time": 0, 
                "f856fa85-fdb8-c0b0-e040-11ac0d480b4e.svfix_4-0-5.20160114.somatic.sv.vcf.gz.tbi-download_time": 13, 
                "f856fa85-fdb8-c0b0-e040-11ac0d480b4e.svfix_4-0-5.20160114.somatic.sv.vcf.gz.tbi-md5sum_time": 0, 
                "start": 1454534273, 
                "stop": 1454534609, 
                "time": 336
            }
        }
    }, 
    "aliquot_id": null, 
    "available_repos": [
        {
            "https://gtrepo-osdc-icgc.annailabs.com/": {
                "file_md5sum": "8c3c446a13926fbf41be8108d8363181", 
                "file_size": 58756
            }
        }
    ], 
    "data_type": "Sanger-VCF", 
    "files": [
        {
            "file_md5sum": "aced72f885a6d545c85f7aea219d5c79", 
            "file_name": "f856fa85-fdb8-c0b0-e040-11ac0d480b4e.svcp_1-0-5.20150315.somatic.snv_mnv.vcf.gz", 
            "file_size": 5320103, 
            "object_id": "b7764c6a-95f9-5f66-9bb3-f319ccc40c13"
        }, 
        {
            "file_md5sum": "9f4040945f39b5a92512cec5d5ef9d65", 
            "file_name": "f856fa85-fdb8-c0b0-e040-11ac0d480b4e.svcp_1-0-5.20150315.somatic.snv_mnv.vcf.gz.tbi", 
            "file_size": 641320, 
            "object_id": "85124eda-ba1b-556e-aa3b-e9aa52f152e3"
        }, 
        {
            "file_md5sum": "f3895556f82c820126c9cd64555f9951", 
            "file_name": "f856fa85-fdb8-c0b0-e040-11ac0d480b4e.svcp_1-0-5.20150315.somatic.cnv.vcf.gz", 
            "file_size": 6535, 
            "object_id": "c4010b79-37f7-5e78-bf43-0ca6852397e2"
        }, 
        {
            "file_md5sum": "d00aed85f3bf305904bee17f2646e671", 
            "file_name": "f856fa85-fdb8-c0b0-e040-11ac0d480b4e.svcp_1-0-5.20150315.somatic.cnv.vcf.gz.tbi", 
            "file_size": 7206, 
            "object_id": "5610522a-30a1-5f16-b27c-b65ec9ff20a6"
        }, 
        {
            "file_md5sum": "e8f22c3fe4d588aa4b93f21f999c85ea", 
            "file_name": "f856fa85-fdb8-c0b0-e040-11ac0d480b4e.svfix_4-0-5.20160114.somatic.sv.vcf.gz", 
            "file_size": 279191, 
            "object_id": "f6d1a6e8-c704-5e2a-b44e-e7ff0e196162"
        }, 
        {
            "file_md5sum": "60f1547896b71b759bc53278601c5753", 
            "file_name": "f856fa85-fdb8-c0b0-e040-11ac0d480b4e.svfix_4-0-5.20160114.somatic.sv.vcf.gz.tbi", 
            "file_size": 11387, 
            "object_id": "e816fdef-4adb-5048-91d1-6457eaac811e"
        }, 
        {
            "file_md5sum": "b170785819d09e76077c237965d779d8", 
            "file_name": "f856fa85-fdb8-c0b0-e040-11ac0d480b4e.svcp_1-0-5.20150315.somatic.indel.vcf.gz", 
            "file_size": 52133328, 
            "object_id": "7944901e-d335-5e66-991e-703dbe33ece0"
        }, 
        {
            "file_md5sum": "bd5e8d14822c860819f3921a9991fbf8", 
            "file_name": "f856fa85-fdb8-c0b0-e040-11ac0d480b4e.svcp_1-0-5.20150315.somatic.indel.vcf.gz.tbi", 
            "file_size": 1461265, 
            "object_id": "0dc37a06-1dd3-5161-91c4-fa4f11ae293e"
        }, 
        {
            "file_md5sum": "64e13c1a9fe843385e9ba44cf0f8ded1", 
            "file_name": "f856fa85-fdb8-c0b0-e040-11ac0d480b4e.svcp_1-0-5.20150315.somatic.snv_mnv.tar.gz", 
            "file_size": 170270782, 
            "object_id": "30718cf2-b34b-55b2-bbcc-2f94f24d51d2"
        }, 
        {
            "file_md5sum": "e4f553e93a881f3e488044d9e7125bcf", 
            "file_name": "f856fa85-fdb8-c0b0-e040-11ac0d480b4e.svcp_1-0-5.20150315.somatic.cnv.tar.gz", 
            "file_size": 26591611, 
            "object_id": "a5f7e0a0-7686-5bed-b014-f5646fba8b73"
        }, 
        {
            "file_md5sum": "879f3f7a3a24421f7439db0c36623173", 
            "file_name": "f856fa85-fdb8-c0b0-e040-11ac0d480b4e.svfix_4-0-5.20160114.somatic.sv.tar.gz", 
            "file_size": 283027596, 
            "object_id": "add590a8-4f95-5af8-bda4-867021bf2416"
        }, 
        {
            "file_md5sum": "7d719e1deeac0347e1330003c7306e36",