{
    "_runs_": {
        "run_1454285764_f0bb0d9b-b6aa-4910-82ec-98267388a489": {
            "downloading": {
                "gnos-download_time": 54, 
                "start": 1454288128, 
                "stop": 1454288182, 
                "time": 54
            }, 
            "uploading": {
                "copy_meta_time": 0, 
                "start": 1454288197, 
                "stop": 1454288229, 
                "time": 32, 
                "upload_time": 31
            }
        }, 
        "run_1454512973_e3882142-08cf-45e0-9b4a-4bd52c15b4e1": {
            "downloading": {
                "4b8c6b0c-0d0c-4834-a2f3-691e0919b902.broad-dRanger.20150918.somatic.sv.vcf.gz-download_time": 13, 
                "4b8c6b0c-0d0c-4834-a2f3-691e0919b902.broad-dRanger.20150918.somatic.sv.vcf.gz-md5sum_time": 0, 
                "4b8c6b0c-0d0c-4834-a2f3-691e0919b902.broad-dRanger.20150918.somatic.sv.vcf.gz.idx-download_time": 12, 
                "4b8c6b0c-0d0c-4834-a2f3-691e0919b902.broad-dRanger.20150918.somatic.sv.vcf.gz.idx-md5sum_time": 0, 
                "4b8c6b0c-0d0c-4834-a2f3-691e0919b902.broad-dRanger_snowman.20150918.somatic.sv.vcf.gz-download_time": 14, 
                "4b8c6b0c-0d0c-4834-a2f3-691e0919b902.broad-dRanger_snowman.20150918.somatic.sv.vcf.gz-md5sum_time": 0, 
                "4b8c6b0c-0d0c-4834-a2f3-691e0919b902.broad-dRanger_snowman.20150918.somatic.sv.vcf.gz.idx-download_time": 13, 
                "4b8c6b0c-0d0c-4834-a2f3-691e0919b902.broad-dRanger_snowman.20150918.somatic.sv.vcf.gz.idx-md5sum_time": 0, 
                "4b8c6b0c-0d0c-4834-a2f3-691e0919b902.broad-mutect-v2.20151112.somatic.snv_mnv.vcf.gz-download_time": 13, 
                "4b8c6b0c-0d0c-4834-a2f3-691e0919b902.broad-mutect-v2.20151112.somatic.snv_mnv.vcf.gz-md5sum_time": 0, 
                "4b8c6b0c-0d0c-4834-a2f3-691e0919b902.broad-mutect-v2.20151112.somatic.snv_mnv.vcf.gz.idx-download_time": 13, 
                "4b8c6b0c-0d0c-4834-a2f3-691e0919b902.broad-mutect-v2.20151112.somatic.snv_mnv.vcf.gz.idx-md5sum_time": 0, 
                "4b8c6b0c-0d0c-4834-a2f3-691e0919b902.broad-snowman.20150918.germline.indel.vcf.gz-download_time": 15, 
                "4b8c6b0c-0d0c-4834-a2f3-691e0919b902.broad-snowman.20150918.germline.indel.vcf.gz-md5sum_time": 0, 
                "4b8c6b0c-0d0c-4834-a2f3-691e0919b902.broad-snowman.20150918.germline.indel.vcf.gz.idx-download_time": 14, 
                "4b8c6b0c-0d0c-4834-a2f3-691e0919b902.broad-snowman.20150918.germline.indel.vcf.gz.idx-md5sum_time": 0, 
                "4b8c6b0c-0d0c-4834-a2f3-691e0919b902.broad-snowman.20150918.germline.sv.vcf.gz-download_time": 14, 
                "4b8c6b0c-0d0c-4834-a2f3-691e0919b902.broad-snowman.20150918.germline.sv.vcf.gz-md5sum_time": 0, 
                "4b8c6b0c-0d0c-4834-a2f3-691e0919b902.broad-snowman.20150918.germline.sv.vcf.gz.idx-download_time": 13, 
                "4b8c6b0c-0d0c-4834-a2f3-691e0919b902.broad-snowman.20150918.germline.sv.vcf.gz.idx-md5sum_time": 0, 
                "4b8c6b0c-0d0c-4834-a2f3-691e0919b902.broad-snowman.20150918.somatic.indel.vcf.gz-download_time": 13, 
                "4b8c6b0c-0d0c-4834-a2f3-691e0919b902.broad-snowman.20150918.somatic.indel.vcf.gz-md5sum_time": 0, 
                "4b8c6b0c-0d0c-4834-a2f3-691e0919b902.broad-snowman.20150918.somatic.indel.vcf.gz.idx-download_time": 12, 
                "4b8c6b0c-0d0c-4834-a2f3-691e0919b902.broad-snowman.20150918.somatic.indel.vcf.gz.idx-md5sum_time": 0, 
                "4b8c6b0c-0d0c-4834-a2f3-691e0919b902.broad-snowman.20150918.somatic.sv.vcf.gz-download_time": 12, 
                "4b8c6b0c-0d0c-4834-a2f3-691e0919b902.broad-snowman.20150918.somatic.sv.vcf.gz-md5sum_time": 0, 
                "4b8c6b0c-0d0c-4834-a2f3-691e0919b902.broad-snowman.20150918.somatic.sv.vcf.gz.idx-download_time": 12, 
                "4b8c6b0c-0d0c-4834-a2f3-691e0919b902.broad-snowman.20150918.somatic.sv.vcf.gz.idx-md5sum_time": 0, 
                "5fb2603f-e532-46cd-ae90-61dacfe57336.xml-download_time": 13, 
                "5fb2603f-e532-46cd-ae90-61dacfe57336.xml-md5sum_time": 0, 
                "start": 1454563543, 
                "stop": 1454563739, 
                "time": 196
            }
        }
    }, 
    "aliquot_id": null, 
    "available_repos": [
        {
            "https://gtrepo-osdc-icgc.annailabs.com/": {
                "file_md5sum": "baebbba2140490286ae494a50d07be53", 
                "file_size": 42936
            }
        }
    ], 
    "data_type": "Broad-VCF", 
    "files": [
        {
            "file_md5sum": "4c87fc4ce99c94b8780e738e356f3ab8", 
            "file_name": "4b8c6b0c-0d0c-4834-a2f3-691e0919b902.broad-mutect-v2.20151112.somatic.snv_mnv.vcf.gz.idx", 
            "file_size": 32348, 
            "object_id": "8108045f-511c-502a-be75-121f025aebd1"
        }, 
        {
            "file_md5sum": "0d7005f0b0fe02802acf29278fbd90c5", 
            "file_name": "4b8c6b0c-0d0c-4834-a2f3-691e0919b902.broad-mutect-v2.20151112.somatic.snv_mnv.vcf.gz", 
            "file_size": 66232, 
            "object_id": "81e79459-bdd6-53d9-8a77-ee475cd85ff1"
        }, 
        {
            "file_md5sum": "f023f94ad649d61809e0a4167550e737", 
            "file_name": "4b8c6b0c-0d0c-4834-a2f3-691e0919b902.broad-snowman.20150918.germline.sv.vcf.gz", 
            "file_size": 1585601, 
            "object_id": "27d45d6e-e62f-5e67-8c7a-69cbbbbe403b"
        }, 
        {
            "file_md5sum": "16f3f9db78f0fbc655b2e6ab1a7b6fa6", 
            "file_name": "4b8c6b0c-0d0c-4834-a2f3-691e0919b902.broad-snowman.20150918.somatic.sv.vcf.gz", 
            "file_size": 6602, 
            "object_id": "b0614df6-5c9d-57cf-add8-422b357ad740"
        }, 
        {
            "file_md5sum": "81e597c638194da823b796c8d0eeb7bc", 
            "file_name": "4b8c6b0c-0d0c-4834-a2f3-691e0919b902.broad-snowman.20150918.germline.indel.vcf.gz", 
            "file_size": 10309394, 
            "object_id": "c52ad4b3-9b54-53ea-9995-f88a701c8b7a"
        }, 
        {
            "file_md5sum": "8cbf8ee5f79cf239f7adf39be31b4887", 
            "file_name": "4b8c6b0c-0d0c-4834-a2f3-691e0919b902.broad-snowman.20150918.somatic.indel.vcf.gz", 
            "file_size": 9965, 
            "object_id": "e6ee6519-b4eb-5d2c-84ea-5aad397bc3f2"
        }, 
        {
            "file_md5sum": "a1c35232dd739cc6bc952974ecb9f467", 
            "file_name": "4b8c6b0c-0d0c-4834-a2f3-691e0919b902.broad-snowman.20150918.somatic.indel.vcf.gz.idx", 
            "file_size": 6652, 
            "object_id": "6755752f-798b-50c9-874e-b4e9e8b4599b"
        }, 
        {
            "file_md5sum": "0388bc19746f7f497b83f9db40d936e6", 
            "file_name": "4b8c6b0c-0d0c-4834-a2f3-691e0919b902.broad-snowman.20150918.germline.sv.vcf.gz.idx", 
            "file_size": 56704, 
            "object_id": "c118edfa-ccd7-5b3b-9c54-3f761491a992"
        }, 
        {
            "file_md5sum": "ba269fba5e312b0409349077015a3eb5", 
            "file_name": "4b8c6b0c-0d0c-4834-a2f3-691e0919b902.broad-dRanger_snowman.20150918.somatic.sv.vcf.gz.idx", 
            "file_size": 2911, 
            "object_id": "fbe8880a-c5e9-506d-814b-3e4f67c97212"
        }, 
        {
            "file_md5sum": "c9f0213daeb81178bc287cac8ad08835", 
            "file_name": "4b8c6b0c-0d0c-4834-a2f3-691e0919b902.broad-dRanger.20150918.somatic.sv.vcf.gz", 
            "file_size": 2124, 
            "object_id": "92d35ef2-2e37-5070-86f4-215aba738d76"
        }, 
        {
            "file_md5sum": "f72b4a4c87c3d746213db60cdd66f50f", 
            "file_name": "4b8c6b0c-0d0c-4834-a2f3-691e0919b902.broad-dRanger_snowman.20150918.somatic.sv.vcf.gz", 
            "file_size": 7477, 
            "object_id": "5bf9b7f8-09ee-5b8e-bd60-b2d530252dad"
        }, 
        {
            "file_md5sum": "583e70883dbade5a842244eb06998bca", 
            "file_name": "4b8c6b0c-0d0c-4834-a2f3-691e0919b902.broad-dRanger.20150918.somatic.sv.vcf.gz.idx", 
            "file_size": 771,