{
    "_runs_": {
        "run_1453926074_05c4a5c1-34e5-4388-9768-ec89c1ee9cec": {
            "downloading": {
                "gnos-download_time": 83, 
                "start": 1453938999, 
                "stop": 1453939082, 
                "time": 83
            }, 
            "uploading": {
                "copy_meta_time": 1, 
                "start": 1453939087, 
                "stop": 1453939171, 
                "time": 84, 
                "upload_time": 83
            }
        }, 
        "run_1454512973_e3882142-08cf-45e0-9b4a-4bd52c15b4e1": {
            "downloading": {
                "4808f9e1-452d-45eb-9b87-2f87c67d3452.svcp_1-0-4.20150129.somatic.cnv.tar.gz-download_time": 15, 
                "4808f9e1-452d-45eb-9b87-2f87c67d3452.svcp_1-0-4.20150129.somatic.cnv.tar.gz-md5sum_time": 0, 
                "4808f9e1-452d-45eb-9b87-2f87c67d3452.svcp_1-0-4.20150129.somatic.cnv.vcf.gz-download_time": 13, 
                "4808f9e1-452d-45eb-9b87-2f87c67d3452.svcp_1-0-4.20150129.somatic.cnv.vcf.gz-md5sum_time": 0, 
                "4808f9e1-452d-45eb-9b87-2f87c67d3452.svcp_1-0-4.20150129.somatic.cnv.vcf.gz.tbi-download_time": 13, 
                "4808f9e1-452d-45eb-9b87-2f87c67d3452.svcp_1-0-4.20150129.somatic.cnv.vcf.gz.tbi-md5sum_time": 0, 
                "4808f9e1-452d-45eb-9b87-2f87c67d3452.svcp_1-0-4.20150129.somatic.genotype.tar.gz-download_time": 14, 
                "4808f9e1-452d-45eb-9b87-2f87c67d3452.svcp_1-0-4.20150129.somatic.genotype.tar.gz-md5sum_time": 0, 
                "4808f9e1-452d-45eb-9b87-2f87c67d3452.svcp_1-0-4.20150129.somatic.imputeCounts.tar.gz-download_time": 42, 
                "4808f9e1-452d-45eb-9b87-2f87c67d3452.svcp_1-0-4.20150129.somatic.imputeCounts.tar.gz-md5sum_time": 2, 
                "4808f9e1-452d-45eb-9b87-2f87c67d3452.svcp_1-0-4.20150129.somatic.indel.tar.gz-download_time": 60, 
                "4808f9e1-452d-45eb-9b87-2f87c67d3452.svcp_1-0-4.20150129.somatic.indel.tar.gz-md5sum_time": 3, 
                "4808f9e1-452d-45eb-9b87-2f87c67d3452.svcp_1-0-4.20150129.somatic.indel.vcf.gz-download_time": 16, 
                "4808f9e1-452d-45eb-9b87-2f87c67d3452.svcp_1-0-4.20150129.somatic.indel.vcf.gz-md5sum_time": 0, 
                "4808f9e1-452d-45eb-9b87-2f87c67d3452.svcp_1-0-4.20150129.somatic.indel.vcf.gz.tbi-download_time": 14, 
                "4808f9e1-452d-45eb-9b87-2f87c67d3452.svcp_1-0-4.20150129.somatic.indel.vcf.gz.tbi-md5sum_time": 0, 
                "4808f9e1-452d-45eb-9b87-2f87c67d3452.svcp_1-0-4.20150129.somatic.snv_mnv.tar.gz-download_time": 22, 
                "4808f9e1-452d-45eb-9b87-2f87c67d3452.svcp_1-0-4.20150129.somatic.snv_mnv.tar.gz-md5sum_time": 1, 
                "4808f9e1-452d-45eb-9b87-2f87c67d3452.svcp_1-0-4.20150129.somatic.snv_mnv.vcf.gz-download_time": 13, 
                "4808f9e1-452d-45eb-9b87-2f87c67d3452.svcp_1-0-4.20150129.somatic.snv_mnv.vcf.gz-md5sum_time": 0, 
                "4808f9e1-452d-45eb-9b87-2f87c67d3452.svcp_1-0-4.20150129.somatic.snv_mnv.vcf.gz.tbi-download_time": 12, 
                "4808f9e1-452d-45eb-9b87-2f87c67d3452.svcp_1-0-4.20150129.somatic.snv_mnv.vcf.gz.tbi-md5sum_time": 0, 
                "4808f9e1-452d-45eb-9b87-2f87c67d3452.svcp_1-0-4.20150129.somatic.verifyBamId.tar.gz-download_time": 13, 
                "4808f9e1-452d-45eb-9b87-2f87c67d3452.svcp_1-0-4.20150129.somatic.verifyBamId.tar.gz-md5sum_time": 0, 
                "4808f9e1-452d-45eb-9b87-2f87c67d3452.svfix_4-0-5.20160114.somatic.sv.tar.gz-download_time": 32, 
                "4808f9e1-452d-45eb-9b87-2f87c67d3452.svfix_4-0-5.20160114.somatic.sv.tar.gz-md5sum_time": 1, 
                "4808f9e1-452d-45eb-9b87-2f87c67d3452.svfix_4-0-5.20160114.somatic.sv.vcf.gz-download_time": 12, 
                "4808f9e1-452d-45eb-9b87-2f87c67d3452.svfix_4-0-5.20160114.somatic.sv.vcf.gz-md5sum_time": 0, 
                "4808f9e1-452d-45eb-9b87-2f87c67d3452.svfix_4-0-5.20160114.somatic.sv.vcf.gz.tbi-download_time": 13, 
                "4808f9e1-452d-45eb-9b87-2f87c67d3452.svfix_4-0-5.20160114.somatic.sv.vcf.gz.tbi-md5sum_time": 0, 
                "61f46f52-bac8-11e5-9285-ff6ceac6e0c4.xml-download_time": 13, 
                "61f46f52-bac8-11e5-9285-ff6ceac6e0c4.xml-md5sum_time": 0, 
                "start": 1454565830, 
                "stop": 1454566154, 
                "time": 324
            }
        }
    }, 
    "aliquot_id": null, 
    "available_repos": [
        {
            "https://gtrepo-osdc-icgc.annailabs.com/": {
                "file_md5sum": "ff9b0cdfdc3308b5afd0e7c0c525a453", 
                "file_size": 61369
            }
        }
    ], 
    "data_type": "Sanger-VCF", 
    "files": [
        {
            "file_md5sum": "becbda17062ec999660c000f985ee55b", 
            "file_name": "4808f9e1-452d-45eb-9b87-2f87c67d3452.svcp_1-0-4.20150129.somatic.snv_mnv.vcf.gz", 
            "file_size": 977589, 
            "object_id": "9d82d06d-28db-531c-8575-218e9e5a149b"
        }, 
        {
            "file_md5sum": "ddbb2075fe1cbc6e436e3fbd47f25539", 
            "file_name": "4808f9e1-452d-45eb-9b87-2f87c67d3452.svcp_1-0-4.20150129.somatic.snv_mnv.vcf.gz.tbi", 
            "file_size": 197134, 
            "object_id": "14aa5b0e-691d-5363-99ee-988577915df8"
        }, 
        {
            "file_md5sum": "cac62e07f88a93d9c54bcec77c8e7dec", 
            "file_name": "4808f9e1-452d-45eb-9b87-2f87c67d3452.svcp_1-0-4.20150129.somatic.cnv.vcf.gz", 
            "file_size": 2235, 
            "object_id": "3abac092-f7d2-530c-bb5c-c35b0c950ab6"
        }, 
        {
            "file_md5sum": "6b3325e39ddd8038d8dc595e3319764a", 
            "file_name": "4808f9e1-452d-45eb-9b87-2f87c67d3452.svcp_1-0-4.20150129.somatic.cnv.vcf.gz.tbi", 
            "file_size": 4339, 
            "object_id": "f0a28e8a-7c31-5f21-b52a-5888ddd208ec"
        }, 
        {
            "file_md5sum": "1340fe3ecdff07df63c72bc89f9771cd", 
            "file_name": "4808f9e1-452d-45eb-9b87-2f87c67d3452.svfix_4-0-5.20160114.somatic.sv.vcf.gz", 
            "file_size": 17417, 
            "object_id": "4233630b-2c16-5221-9847-4afd61545d0c"
        }, 
        {
            "file_md5sum": "d48cb81a4891d41b933b9b4da98f72f7", 
            "file_name": "4808f9e1-452d-45eb-9b87-2f87c67d3452.svfix_4-0-5.20160114.somatic.sv.vcf.gz.tbi", 
            "file_size": 1145, 
            "object_id": "2f500d5a-62c5-5fe8-be48-f2b7f29bf4f0"
        }, 
        {
            "file_md5sum": "fc6462d6a077d4fb17bbf91802873875", 
            "file_name": "4808f9e1-452d-45eb-9b87-2f87c67d3452.svcp_1-0-4.20150129.somatic.indel.vcf.gz", 
            "file_size": 44164931, 
            "object_id": "c5f0af85-b02e-5a23-a45d-caec031dacd4"
        }, 
        {
            "file_md5sum": "faee68399f882773d39f192d82b2d626", 
            "file_name": "4808f9e1-452d-45eb-9b87-2f87c67d3452.svcp_1-0-4.20150129.somatic.indel.vcf.gz.tbi", 
            "file_size": 1406746, 
            "object_id": "d9cf4229-4431-5326-9c5a-563bae3870aa"
        }, 
        {
            "file_md5sum": "24e65d2c2dda85b1a7cee0aeee825a99", 
            "file_name": "4808f9e1-452d-45eb-9b87-2f87c67d3452.svcp_1-0-4.20150129.somatic.snv_mnv.tar.gz", 
            "file_size": 153867295, 
            "object_id": "a374844e-fa2c-5125-915d-44a3218c3f29"
        }, 
        {
            "file_md5sum": "9cf506880a3bca276416386d6113d506", 
            "file_name": "4808f9e1-452d-45eb-9b87-2f87c67d3452.svcp_1-0-4.20150129.somatic.cnv.tar.gz", 
            "file_size": 26427186, 
            "object_id": "ab15a5c6-ab76-5aa8-8880-93376bdaea10"
        }, 
        {
            "file_md5sum": "a9ed351202283710cdf5c6448e81798c", 
            "file_name": "4808f9e1-452d-45eb-9b87-2f87c67d3452.svfix_4-0-5.20160114.somatic.sv.tar.gz", 
            "file_size": 289311212, 
            "object_id": "a7fc2155-38f1-596e-af1f-2c5ab51b9849"
        }, 
        {
            "file_md5sum": "f296d98c9e0d80143bc176f834f19e37",