{
    "_runs_": {
        "run_1453954478_6fbbb9b2-9779-4aa5-981e-84cae8d8b713": {
            "downloading": {
                "gnos-download_time": 69, 
                "start": 1453960549, 
                "stop": 1453960618, 
                "time": 69
            }, 
            "uploading": {
                "copy_meta_time": 2, 
                "start": 1453960623, 
                "stop": 1453960713, 
                "time": 90, 
                "upload_time": 88
            }
        }, 
        "run_1454598413_3c185cae-f827-4907-acfc-2907c86d6d6a": {
            "downloading": {
                "88572c76-bae0-11e5-9285-ff6ceac6e0c4.xml-download_time": 12, 
                "88572c76-bae0-11e5-9285-ff6ceac6e0c4.xml-md5sum_time": 0, 
                "dabdd983-a819-410e-bfb8-5c66a66cf5ab.svcp_1-0-4.20150204.somatic.cnv.tar.gz-download_time": 14, 
                "dabdd983-a819-410e-bfb8-5c66a66cf5ab.svcp_1-0-4.20150204.somatic.cnv.tar.gz-md5sum_time": 0, 
                "dabdd983-a819-410e-bfb8-5c66a66cf5ab.svcp_1-0-4.20150204.somatic.cnv.vcf.gz-download_time": 13, 
                "dabdd983-a819-410e-bfb8-5c66a66cf5ab.svcp_1-0-4.20150204.somatic.cnv.vcf.gz-md5sum_time": 0, 
                "dabdd983-a819-410e-bfb8-5c66a66cf5ab.svcp_1-0-4.20150204.somatic.cnv.vcf.gz.tbi-download_time": 12, 
                "dabdd983-a819-410e-bfb8-5c66a66cf5ab.svcp_1-0-4.20150204.somatic.cnv.vcf.gz.tbi-md5sum_time": 0, 
                "dabdd983-a819-410e-bfb8-5c66a66cf5ab.svcp_1-0-4.20150204.somatic.genotype.tar.gz-download_time": 13, 
                "dabdd983-a819-410e-bfb8-5c66a66cf5ab.svcp_1-0-4.20150204.somatic.genotype.tar.gz-md5sum_time": 0, 
                "dabdd983-a819-410e-bfb8-5c66a66cf5ab.svcp_1-0-4.20150204.somatic.imputeCounts.tar.gz-download_time": 38, 
                "dabdd983-a819-410e-bfb8-5c66a66cf5ab.svcp_1-0-4.20150204.somatic.imputeCounts.tar.gz-md5sum_time": 1, 
                "dabdd983-a819-410e-bfb8-5c66a66cf5ab.svcp_1-0-4.20150204.somatic.indel.tar.gz-download_time": 50, 
                "dabdd983-a819-410e-bfb8-5c66a66cf5ab.svcp_1-0-4.20150204.somatic.indel.tar.gz-md5sum_time": 3, 
                "dabdd983-a819-410e-bfb8-5c66a66cf5ab.svcp_1-0-4.20150204.somatic.indel.vcf.gz-download_time": 16, 
                "dabdd983-a819-410e-bfb8-5c66a66cf5ab.svcp_1-0-4.20150204.somatic.indel.vcf.gz-md5sum_time": 0, 
                "dabdd983-a819-410e-bfb8-5c66a66cf5ab.svcp_1-0-4.20150204.somatic.indel.vcf.gz.tbi-download_time": 13, 
                "dabdd983-a819-410e-bfb8-5c66a66cf5ab.svcp_1-0-4.20150204.somatic.indel.vcf.gz.tbi-md5sum_time": 0, 
                "dabdd983-a819-410e-bfb8-5c66a66cf5ab.svcp_1-0-4.20150204.somatic.snv_mnv.tar.gz-download_time": 21, 
                "dabdd983-a819-410e-bfb8-5c66a66cf5ab.svcp_1-0-4.20150204.somatic.snv_mnv.tar.gz-md5sum_time": 1, 
                "dabdd983-a819-410e-bfb8-5c66a66cf5ab.svcp_1-0-4.20150204.somatic.snv_mnv.vcf.gz-download_time": 12, 
                "dabdd983-a819-410e-bfb8-5c66a66cf5ab.svcp_1-0-4.20150204.somatic.snv_mnv.vcf.gz-md5sum_time": 0, 
                "dabdd983-a819-410e-bfb8-5c66a66cf5ab.svcp_1-0-4.20150204.somatic.snv_mnv.vcf.gz.tbi-download_time": 14, 
                "dabdd983-a819-410e-bfb8-5c66a66cf5ab.svcp_1-0-4.20150204.somatic.snv_mnv.vcf.gz.tbi-md5sum_time": 0, 
                "dabdd983-a819-410e-bfb8-5c66a66cf5ab.svcp_1-0-4.20150204.somatic.verifyBamId.tar.gz-download_time": 13, 
                "dabdd983-a819-410e-bfb8-5c66a66cf5ab.svcp_1-0-4.20150204.somatic.verifyBamId.tar.gz-md5sum_time": 0, 
                "dabdd983-a819-410e-bfb8-5c66a66cf5ab.svfix_4-0-5.20160114.somatic.sv.tar.gz-download_time": 30, 
                "dabdd983-a819-410e-bfb8-5c66a66cf5ab.svfix_4-0-5.20160114.somatic.sv.tar.gz-md5sum_time": 1, 
                "dabdd983-a819-410e-bfb8-5c66a66cf5ab.svfix_4-0-5.20160114.somatic.sv.vcf.gz-download_time": 12, 
                "dabdd983-a819-410e-bfb8-5c66a66cf5ab.svfix_4-0-5.20160114.somatic.sv.vcf.gz-md5sum_time": 0, 
                "dabdd983-a819-410e-bfb8-5c66a66cf5ab.svfix_4-0-5.20160114.somatic.sv.vcf.gz.tbi-download_time": 13, 
                "dabdd983-a819-410e-bfb8-5c66a66cf5ab.svfix_4-0-5.20160114.somatic.sv.vcf.gz.tbi-md5sum_time": 0, 
                "start": 1454618324, 
                "stop": 1454618627, 
                "time": 303
            }
        }
    }, 
    "aliquot_id": null, 
    "available_repos": [
        {
            "https://gtrepo-osdc-icgc.annailabs.com/": {
                "file_md5sum": "768eaeede2be90ecae09d2982e688e48", 
                "file_size": 61283
            }
        }
    ], 
    "data_type": "Sanger-VCF", 
    "files": [
        {
            "file_md5sum": "b80755069832dccfe129b42e3b2a98ff", 
            "file_name": "dabdd983-a819-410e-bfb8-5c66a66cf5ab.svcp_1-0-4.20150204.somatic.snv_mnv.vcf.gz", 
            "file_size": 915581, 
            "object_id": "7951a1c2-473c-5ff0-8acd-1d9f805c697a"
        }, 
        {
            "file_md5sum": "17d309ca7d822cfa8a1f21682a3d8aab", 
            "file_name": "dabdd983-a819-410e-bfb8-5c66a66cf5ab.svcp_1-0-4.20150204.somatic.snv_mnv.vcf.gz.tbi", 
            "file_size": 183255, 
            "object_id": "84a046aa-c7e2-5339-a3e1-28d46e4c606e"
        }, 
        {
            "file_md5sum": "101998ca610ac1ad381722da23c92533", 
            "file_name": "dabdd983-a819-410e-bfb8-5c66a66cf5ab.svcp_1-0-4.20150204.somatic.cnv.vcf.gz", 
            "file_size": 1931, 
            "object_id": "6969f8e8-9dfe-5074-bf0a-a9ad4c853948"
        }, 
        {
            "file_md5sum": "a3e0f76ba83b4de6fafa9631107ef6a0", 
            "file_name": "dabdd983-a819-410e-bfb8-5c66a66cf5ab.svcp_1-0-4.20150204.somatic.cnv.vcf.gz.tbi", 
            "file_size": 4124, 
            "object_id": "8b89d42d-363a-569f-88df-2d7357dc810f"
        }, 
        {
            "file_md5sum": "f5cee2fa401771ba82877cfe5ea8d9b7", 
            "file_name": "dabdd983-a819-410e-bfb8-5c66a66cf5ab.svfix_4-0-5.20160114.somatic.sv.vcf.gz", 
            "file_size": 3436, 
            "object_id": "bc7cd8fd-9cd1-558b-a4e4-4eaef76e0c7a"
        }, 
        {
            "file_md5sum": "1d621d73d9babf1f2531b1d2d88a270c", 
            "file_name": "dabdd983-a819-410e-bfb8-5c66a66cf5ab.svfix_4-0-5.20160114.somatic.sv.vcf.gz.tbi", 
            "file_size": 478, 
            "object_id": "6e9e1b32-332b-517d-96b2-b4d6a0d05f01"
        }, 
        {
            "file_md5sum": "96441ee6f0dc4da3fc00b3b810346449", 
            "file_name": "dabdd983-a819-410e-bfb8-5c66a66cf5ab.svcp_1-0-4.20150204.somatic.indel.vcf.gz", 
            "file_size": 43084433, 
            "object_id": "ba4b99af-ec30-5d22-9069-41803384a390"
        }, 
        {
            "file_md5sum": "bb80be8aa7f7008950bec2880f0b5ac4", 
            "file_name": "dabdd983-a819-410e-bfb8-5c66a66cf5ab.svcp_1-0-4.20150204.somatic.indel.vcf.gz.tbi", 
            "file_size": 1401107, 
            "object_id": "7ab7eb6f-7dbe-5cac-b763-1a1edc072d28"
        }, 
        {
            "file_md5sum": "071f8b6da2d632a2fb8d5aba2776b8c8", 
            "file_name": "dabdd983-a819-410e-bfb8-5c66a66cf5ab.svcp_1-0-4.20150204.somatic.snv_mnv.tar.gz", 
            "file_size": 153199859, 
            "object_id": "2013ecb6-a79f-589c-bcbc-3fefa3555c4d"
        }, 
        {
            "file_md5sum": "0d2c9fa17195f8820d07423f6a82062b", 
            "file_name": "dabdd983-a819-410e-bfb8-5c66a66cf5ab.svcp_1-0-4.20150204.somatic.cnv.tar.gz", 
            "file_size": 26437651, 
            "object_id": "51e0f4b8-547c-5994-bc19-114dec663930"
        }, 
        {
            "file_md5sum": "40817d99062dd642b6fef9667d719ced", 
            "file_name": "dabdd983-a819-410e-bfb8-5c66a66cf5ab.svfix_4-0-5.20160114.somatic.sv.tar.gz", 
            "file_size": 288299065, 
            "object_id": "c6f4a916-500b-5001-92eb-ef667251c590"
        }, 
        {
            "file_md5sum": "f8feebe5fe79aa5ad7c0bae477aabdd2",