{
    "_runs_": {
        "run_1453954478_6fbbb9b2-9779-4aa5-981e-84cae8d8b713": {
            "downloading": {
                "gnos-download_time": 104, 
                "start": 1453960939, 
                "stop": 1453961043, 
                "time": 104
            }, 
            "uploading": {
                "copy_meta_time": 1, 
                "start": 1453961062, 
                "stop": 1453961161, 
                "time": 99, 
                "upload_time": 97
            }
        }, 
        "run_1454598348_2b57db50-df57-4d2e-a686-49adc54172d4": {
            "downloading": {
                "8a5d641a-baca-11e5-9285-ff6ceac6e0c4.xml-download_time": 13, 
                "8a5d641a-baca-11e5-9285-ff6ceac6e0c4.xml-md5sum_time": 0, 
                "a92023de-5c97-4bf2-aa3c-0e768d7c5ece.svcp_1-0-7.20150623.somatic.cnv.tar.gz-download_time": 15, 
                "a92023de-5c97-4bf2-aa3c-0e768d7c5ece.svcp_1-0-7.20150623.somatic.cnv.tar.gz-md5sum_time": 0, 
                "a92023de-5c97-4bf2-aa3c-0e768d7c5ece.svcp_1-0-7.20150623.somatic.cnv.vcf.gz-download_time": 13, 
                "a92023de-5c97-4bf2-aa3c-0e768d7c5ece.svcp_1-0-7.20150623.somatic.cnv.vcf.gz-md5sum_time": 0, 
                "a92023de-5c97-4bf2-aa3c-0e768d7c5ece.svcp_1-0-7.20150623.somatic.cnv.vcf.gz.tbi-download_time": 12, 
                "a92023de-5c97-4bf2-aa3c-0e768d7c5ece.svcp_1-0-7.20150623.somatic.cnv.vcf.gz.tbi-md5sum_time": 0, 
                "a92023de-5c97-4bf2-aa3c-0e768d7c5ece.svcp_1-0-7.20150623.somatic.genotype.tar.gz-download_time": 14, 
                "a92023de-5c97-4bf2-aa3c-0e768d7c5ece.svcp_1-0-7.20150623.somatic.genotype.tar.gz-md5sum_time": 0, 
                "a92023de-5c97-4bf2-aa3c-0e768d7c5ece.svcp_1-0-7.20150623.somatic.imputeCounts.tar.gz-download_time": 44, 
                "a92023de-5c97-4bf2-aa3c-0e768d7c5ece.svcp_1-0-7.20150623.somatic.imputeCounts.tar.gz-md5sum_time": 2, 
                "a92023de-5c97-4bf2-aa3c-0e768d7c5ece.svcp_1-0-7.20150623.somatic.indel.tar.gz-download_time": 75, 
                "a92023de-5c97-4bf2-aa3c-0e768d7c5ece.svcp_1-0-7.20150623.somatic.indel.tar.gz-md5sum_time": 3, 
                "a92023de-5c97-4bf2-aa3c-0e768d7c5ece.svcp_1-0-7.20150623.somatic.indel.vcf.gz-download_time": 17, 
                "a92023de-5c97-4bf2-aa3c-0e768d7c5ece.svcp_1-0-7.20150623.somatic.indel.vcf.gz-md5sum_time": 0, 
                "a92023de-5c97-4bf2-aa3c-0e768d7c5ece.svcp_1-0-7.20150623.somatic.indel.vcf.gz.tbi-download_time": 13, 
                "a92023de-5c97-4bf2-aa3c-0e768d7c5ece.svcp_1-0-7.20150623.somatic.indel.vcf.gz.tbi-md5sum_time": 0, 
                "a92023de-5c97-4bf2-aa3c-0e768d7c5ece.svcp_1-0-7.20150623.somatic.snv_mnv.tar.gz-download_time": 23, 
                "a92023de-5c97-4bf2-aa3c-0e768d7c5ece.svcp_1-0-7.20150623.somatic.snv_mnv.tar.gz-md5sum_time": 1, 
                "a92023de-5c97-4bf2-aa3c-0e768d7c5ece.svcp_1-0-7.20150623.somatic.snv_mnv.vcf.gz-download_time": 13, 
                "a92023de-5c97-4bf2-aa3c-0e768d7c5ece.svcp_1-0-7.20150623.somatic.snv_mnv.vcf.gz-md5sum_time": 0, 
                "a92023de-5c97-4bf2-aa3c-0e768d7c5ece.svcp_1-0-7.20150623.somatic.snv_mnv.vcf.gz.tbi-download_time": 12, 
                "a92023de-5c97-4bf2-aa3c-0e768d7c5ece.svcp_1-0-7.20150623.somatic.snv_mnv.vcf.gz.tbi-md5sum_time": 0, 
                "a92023de-5c97-4bf2-aa3c-0e768d7c5ece.svcp_1-0-7.20150623.somatic.verifyBamId.tar.gz-download_time": 13, 
                "a92023de-5c97-4bf2-aa3c-0e768d7c5ece.svcp_1-0-7.20150623.somatic.verifyBamId.tar.gz-md5sum_time": 0, 
                "a92023de-5c97-4bf2-aa3c-0e768d7c5ece.svfix_4-0-5.20160114.somatic.sv.tar.gz-download_time": 28, 
                "a92023de-5c97-4bf2-aa3c-0e768d7c5ece.svfix_4-0-5.20160114.somatic.sv.tar.gz-md5sum_time": 1, 
                "a92023de-5c97-4bf2-aa3c-0e768d7c5ece.svfix_4-0-5.20160114.somatic.sv.vcf.gz-download_time": 13, 
                "a92023de-5c97-4bf2-aa3c-0e768d7c5ece.svfix_4-0-5.20160114.somatic.sv.vcf.gz-md5sum_time": 0, 
                "a92023de-5c97-4bf2-aa3c-0e768d7c5ece.svfix_4-0-5.20160114.somatic.sv.vcf.gz.tbi-download_time": 12, 
                "a92023de-5c97-4bf2-aa3c-0e768d7c5ece.svfix_4-0-5.20160114.somatic.sv.vcf.gz.tbi-md5sum_time": 0, 
                "start": 1454619468, 
                "stop": 1454619805, 
                "time": 337
            }
        }
    }, 
    "aliquot_id": null, 
    "available_repos": [
        {
            "https://gtrepo-osdc-icgc.annailabs.com/": {
                "file_md5sum": "2971f5525e9fefc5cdb3b215979ec6bb", 
                "file_size": 58512
            }
        }
    ], 
    "data_type": "Sanger-VCF", 
    "files": [
        {
            "file_md5sum": "6f12073d3b450ddf969482b7a1b8f974", 
            "file_name": "a92023de-5c97-4bf2-aa3c-0e768d7c5ece.svcp_1-0-7.20150623.somatic.snv_mnv.vcf.gz", 
            "file_size": 8345205, 
            "object_id": "34c0b936-3868-5533-98bd-c809addd5d01"
        }, 
        {
            "file_md5sum": "19fa25c349b83efd08c37c321e660d85", 
            "file_name": "a92023de-5c97-4bf2-aa3c-0e768d7c5ece.svcp_1-0-7.20150623.somatic.snv_mnv.vcf.gz.tbi", 
            "file_size": 908633, 
            "object_id": "bba7a7cb-98f8-5859-a0ab-7256e44a595d"
        }, 
        {
            "file_md5sum": "bdcf86dbb0ba7ef44fbaf028bbbfb762", 
            "file_name": "a92023de-5c97-4bf2-aa3c-0e768d7c5ece.svcp_1-0-7.20150623.somatic.cnv.vcf.gz", 
            "file_size": 8705, 
            "object_id": "ada692ba-61ae-5693-a6cc-1db753977e74"
        }, 
        {
            "file_md5sum": "3332be067b337c1577c3e4235b86756a", 
            "file_name": "a92023de-5c97-4bf2-aa3c-0e768d7c5ece.svcp_1-0-7.20150623.somatic.cnv.vcf.gz.tbi", 
            "file_size": 8859, 
            "object_id": "e7bcdb08-dad2-5a80-80d4-bd659d0df99e"
        }, 
        {
            "file_md5sum": "b21ce84c660ed02d40a231b31ab6cb1e", 
            "file_name": "a92023de-5c97-4bf2-aa3c-0e768d7c5ece.svfix_4-0-5.20160114.somatic.sv.vcf.gz", 
            "file_size": 385952, 
            "object_id": "99534540-7edf-5aa9-9cbd-4176e590e358"
        }, 
        {
            "file_md5sum": "a18a9315cbe18c559728d979169e47a7", 
            "file_name": "a92023de-5c97-4bf2-aa3c-0e768d7c5ece.svfix_4-0-5.20160114.somatic.sv.vcf.gz.tbi", 
            "file_size": 21907, 
            "object_id": "d5b2768d-e173-5009-9079-2733b7432858"
        }, 
        {
            "file_md5sum": "454d4ff01e7a1a1d49aeecf6a0d9d9ea", 
            "file_name": "a92023de-5c97-4bf2-aa3c-0e768d7c5ece.svcp_1-0-7.20150623.somatic.indel.vcf.gz", 
            "file_size": 51196325, 
            "object_id": "e3b043be-4717-58ae-81f0-2a3e86a7fb69"
        }, 
        {
            "file_md5sum": "90f916b776c2aa525efe0053ae155aef", 
            "file_name": "a92023de-5c97-4bf2-aa3c-0e768d7c5ece.svcp_1-0-7.20150623.somatic.indel.vcf.gz.tbi", 
            "file_size": 1462519, 
            "object_id": "2cbc44e6-cb2b-5e3b-bd3e-7ae4251da95d"
        }, 
        {
            "file_md5sum": "329faab6c1ef2cf516dd3a57853802b2", 
            "file_name": "a92023de-5c97-4bf2-aa3c-0e768d7c5ece.svcp_1-0-7.20150623.somatic.snv_mnv.tar.gz", 
            "file_size": 173395375, 
            "object_id": "4c624c84-aa8b-5830-b381-723ec94b7cde"
        }, 
        {
            "file_md5sum": "9d7b29fe4c45709fe121a8a5d1e2e896", 
            "file_name": "a92023de-5c97-4bf2-aa3c-0e768d7c5ece.svcp_1-0-7.20150623.somatic.cnv.tar.gz", 
            "file_size": 26822889, 
            "object_id": "a67a0cd1-b02c-52b4-ab9d-2b7b56a11842"
        }, 
        {
            "file_md5sum": "4ce2cedec9c9dc566c32b6851bc92b71", 
            "file_name": "a92023de-5c97-4bf2-aa3c-0e768d7c5ece.svfix_4-0-5.20160114.somatic.sv.tar.gz", 
            "file_size": 299361949, 
            "object_id": "d8a7839f-6949-57e6-abf1-529db1a45c1e"
        }, 
        {
            "file_md5sum": "3981846c44b14fb165418779b938436a",