{
    "_runs_": {
        "run_1453954910_5609ae24-c8e4-4bbb-a25d-d0836c411348": {
            "downloading": {
                "gnos-download_time": 136, 
                "start": 1453964830, 
                "stop": 1453964966, 
                "time": 136
            }, 
            "uploading": {
                "copy_meta_time": 2, 
                "start": 1453964983, 
                "stop": 1453965097, 
                "time": 114, 
                "upload_time": 112
            }
        }, 
        "run_1454698888_5069c0b3-ffbf-4c39-89a5-f83edddf434c": {
            "downloading": {
                "008bad10-d41b-4bbb-86fa-9976ecea46b1.svcp_1-0-5.20150629.somatic.cnv.tar.gz-download_time": 15, 
                "008bad10-d41b-4bbb-86fa-9976ecea46b1.svcp_1-0-5.20150629.somatic.cnv.tar.gz-md5sum_time": 0, 
                "008bad10-d41b-4bbb-86fa-9976ecea46b1.svcp_1-0-5.20150629.somatic.cnv.vcf.gz-download_time": 13, 
                "008bad10-d41b-4bbb-86fa-9976ecea46b1.svcp_1-0-5.20150629.somatic.cnv.vcf.gz-md5sum_time": 0, 
                "008bad10-d41b-4bbb-86fa-9976ecea46b1.svcp_1-0-5.20150629.somatic.cnv.vcf.gz.tbi-download_time": 13, 
                "008bad10-d41b-4bbb-86fa-9976ecea46b1.svcp_1-0-5.20150629.somatic.cnv.vcf.gz.tbi-md5sum_time": 0, 
                "008bad10-d41b-4bbb-86fa-9976ecea46b1.svcp_1-0-5.20150629.somatic.genotype.tar.gz-download_time": 13, 
                "008bad10-d41b-4bbb-86fa-9976ecea46b1.svcp_1-0-5.20150629.somatic.genotype.tar.gz-md5sum_time": 0, 
                "008bad10-d41b-4bbb-86fa-9976ecea46b1.svcp_1-0-5.20150629.somatic.imputeCounts.tar.gz-download_time": 38, 
                "008bad10-d41b-4bbb-86fa-9976ecea46b1.svcp_1-0-5.20150629.somatic.imputeCounts.tar.gz-md5sum_time": 2, 
                "008bad10-d41b-4bbb-86fa-9976ecea46b1.svcp_1-0-5.20150629.somatic.indel.tar.gz-download_time": 78, 
                "008bad10-d41b-4bbb-86fa-9976ecea46b1.svcp_1-0-5.20150629.somatic.indel.tar.gz-md5sum_time": 4, 
                "008bad10-d41b-4bbb-86fa-9976ecea46b1.svcp_1-0-5.20150629.somatic.indel.vcf.gz-download_time": 17, 
                "008bad10-d41b-4bbb-86fa-9976ecea46b1.svcp_1-0-5.20150629.somatic.indel.vcf.gz-md5sum_time": 0, 
                "008bad10-d41b-4bbb-86fa-9976ecea46b1.svcp_1-0-5.20150629.somatic.indel.vcf.gz.tbi-download_time": 12, 
                "008bad10-d41b-4bbb-86fa-9976ecea46b1.svcp_1-0-5.20150629.somatic.indel.vcf.gz.tbi-md5sum_time": 0, 
                "008bad10-d41b-4bbb-86fa-9976ecea46b1.svcp_1-0-5.20150629.somatic.snv_mnv.tar.gz-download_time": 24, 
                "008bad10-d41b-4bbb-86fa-9976ecea46b1.svcp_1-0-5.20150629.somatic.snv_mnv.tar.gz-md5sum_time": 0, 
                "008bad10-d41b-4bbb-86fa-9976ecea46b1.svcp_1-0-5.20150629.somatic.snv_mnv.vcf.gz-download_time": 14, 
                "008bad10-d41b-4bbb-86fa-9976ecea46b1.svcp_1-0-5.20150629.somatic.snv_mnv.vcf.gz-md5sum_time": 0, 
                "008bad10-d41b-4bbb-86fa-9976ecea46b1.svcp_1-0-5.20150629.somatic.snv_mnv.vcf.gz.tbi-download_time": 13, 
                "008bad10-d41b-4bbb-86fa-9976ecea46b1.svcp_1-0-5.20150629.somatic.snv_mnv.vcf.gz.tbi-md5sum_time": 0, 
                "008bad10-d41b-4bbb-86fa-9976ecea46b1.svcp_1-0-5.20150629.somatic.verifyBamId.tar.gz-download_time": 13, 
                "008bad10-d41b-4bbb-86fa-9976ecea46b1.svcp_1-0-5.20150629.somatic.verifyBamId.tar.gz-md5sum_time": 0, 
                "008bad10-d41b-4bbb-86fa-9976ecea46b1.svfix_4-0-5.20160113.somatic.sv.tar.gz-download_time": 29, 
                "008bad10-d41b-4bbb-86fa-9976ecea46b1.svfix_4-0-5.20160113.somatic.sv.tar.gz-md5sum_time": 1, 
                "008bad10-d41b-4bbb-86fa-9976ecea46b1.svfix_4-0-5.20160113.somatic.sv.vcf.gz-download_time": 12, 
                "008bad10-d41b-4bbb-86fa-9976ecea46b1.svfix_4-0-5.20160113.somatic.sv.vcf.gz-md5sum_time": 0, 
                "008bad10-d41b-4bbb-86fa-9976ecea46b1.svfix_4-0-5.20160113.somatic.sv.vcf.gz.tbi-download_time": 13, 
                "008bad10-d41b-4bbb-86fa-9976ecea46b1.svfix_4-0-5.20160113.somatic.sv.vcf.gz.tbi-md5sum_time": 0, 
                "9a92dbe6-ba14-11e5-be02-eb86eac6e0c4.xml-download_time": 12, 
                "9a92dbe6-ba14-11e5-be02-eb86eac6e0c4.xml-md5sum_time": 0, 
                "start": 1454698948, 
                "stop": 1454699285, 
                "time": 337
            }
        }
    }, 
    "aliquot_id": null, 
    "available_repos": [
        {
            "https://gtrepo-osdc-icgc.annailabs.com/": {
                "file_md5sum": "59aa46b46b2ae7ce920dc158f5f5079d", 
                "file_size": 59557
            }
        }
    ], 
    "data_type": "Sanger-VCF", 
    "files": [
        {
            "file_md5sum": "1f6a16f25d749bba08e1feb5eb177399", 
            "file_name": "008bad10-d41b-4bbb-86fa-9976ecea46b1.svcp_1-0-5.20150629.somatic.snv_mnv.vcf.gz", 
            "file_size": 5663667, 
            "object_id": "5f77fb7c-1274-55cf-92c4-04d9763e063b"
        }, 
        {
            "file_md5sum": "968ccf96252337c1d9ae59c82f18b1b5", 
            "file_name": "008bad10-d41b-4bbb-86fa-9976ecea46b1.svcp_1-0-5.20150629.somatic.snv_mnv.vcf.gz.tbi", 
            "file_size": 596137, 
            "object_id": "af6e0b3a-d232-5a31-898f-3df1d3582b0a"
        }, 
        {
            "file_md5sum": "dfe62baa6f81ff2975cb8d6b6882c605", 
            "file_name": "008bad10-d41b-4bbb-86fa-9976ecea46b1.svcp_1-0-5.20150629.somatic.cnv.vcf.gz", 
            "file_size": 6440, 
            "object_id": "5006b456-0967-5ed4-9aae-9d8de267a609"
        }, 
        {
            "file_md5sum": "694c183acb091d73763a83098db7dbe0", 
            "file_name": "008bad10-d41b-4bbb-86fa-9976ecea46b1.svcp_1-0-5.20150629.somatic.cnv.vcf.gz.tbi", 
            "file_size": 7531, 
            "object_id": "a01dcd6f-b1a9-551e-9dea-413af5ad8d8f"
        }, 
        {
            "file_md5sum": "b082131e3b0c9e6f08a98092ca1fb5e2", 
            "file_name": "008bad10-d41b-4bbb-86fa-9976ecea46b1.svfix_4-0-5.20160113.somatic.sv.vcf.gz", 
            "file_size": 19158, 
            "object_id": "fed26ccc-d683-5d6d-8e93-1a3354a6de9c"
        }, 
        {
            "file_md5sum": "7e3dc5cdd1a4dff176fc3c00fd6c7347", 
            "file_name": "008bad10-d41b-4bbb-86fa-9976ecea46b1.svfix_4-0-5.20160113.somatic.sv.vcf.gz.tbi", 
            "file_size": 3751, 
            "object_id": "6772fe48-dfaa-5f98-9844-1d2768c563ce"
        }, 
        {
            "file_md5sum": "2d8836b943f0092345510e5cdf71d4f7", 
            "file_name": "008bad10-d41b-4bbb-86fa-9976ecea46b1.svcp_1-0-5.20150629.somatic.indel.vcf.gz", 
            "file_size": 54700083, 
            "object_id": "ea565a54-23d1-502c-b46f-c275b832510c"
        }, 
        {
            "file_md5sum": "ea6bf7175f7fa1fffd20a8026924cf3b", 
            "file_name": "008bad10-d41b-4bbb-86fa-9976ecea46b1.svcp_1-0-5.20150629.somatic.indel.vcf.gz.tbi", 
            "file_size": 1492340, 
            "object_id": "ec6a0735-c29f-5fed-a52e-639e88bee028"
        }, 
        {
            "file_md5sum": "1b33ff2ad7e7cffdfc8b8503c7338684", 
            "file_name": "008bad10-d41b-4bbb-86fa-9976ecea46b1.svcp_1-0-5.20150629.somatic.snv_mnv.tar.gz", 
            "file_size": 171074452, 
            "object_id": "73a8546a-fb98-5fcf-9a0e-bdcdaae9b7c8"
        }, 
        {
            "file_md5sum": "ea1b5691ccee4d2ecebf4eddd2550a88", 
            "file_name": "008bad10-d41b-4bbb-86fa-9976ecea46b1.svcp_1-0-5.20150629.somatic.cnv.tar.gz", 
            "file_size": 27138275, 
            "object_id": "09085620-5f4b-590c-b47d-6319f3b79e51"
        }, 
        {
            "file_md5sum": "3514e8512203c973cf04dc082172fc9c", 
            "file_name": "008bad10-d41b-4bbb-86fa-9976ecea46b1.svfix_4-0-5.20160113.somatic.sv.tar.gz", 
            "file_size": 300953359, 
            "object_id": "0348c882-2e1d-5b31-919d-58e2bc208dcb"
        }, 
        {
            "file_md5sum": "1066b121ff8a6dd9e457bcd24da785d1",