{
    "_runs_": {
        "run_1453954855_ec8b3200-ece3-4876-b26c-61d25a8034bf": {
            "downloading": {
                "gnos-download_time": 98, 
                "start": 1453965985, 
                "stop": 1453966083, 
                "time": 98
            }, 
            "uploading": {
                "copy_meta_time": 2, 
                "start": 1453966095, 
                "stop": 1453966244, 
                "time": 149, 
                "upload_time": 147
            }
        }, 
        "run_1454698820_31e0fe60-9a43-4101-83ad-8a596dbe60ad": {
            "downloading": {
                "a1517d9c-ba29-11e5-a7c2-2586eac6e0c4.xml-download_time": 12, 
                "a1517d9c-ba29-11e5-a7c2-2586eac6e0c4.xml-md5sum_time": 0, 
                "f8572359-f29a-5945-e040-11ac0d4821cf.svcp_1-0-3.20150121.somatic.cnv.tar.gz-download_time": 13, 
                "f8572359-f29a-5945-e040-11ac0d4821cf.svcp_1-0-3.20150121.somatic.cnv.tar.gz-md5sum_time": 0, 
                "f8572359-f29a-5945-e040-11ac0d4821cf.svcp_1-0-3.20150121.somatic.cnv.vcf.gz-download_time": 12, 
                "f8572359-f29a-5945-e040-11ac0d4821cf.svcp_1-0-3.20150121.somatic.cnv.vcf.gz-md5sum_time": 0, 
                "f8572359-f29a-5945-e040-11ac0d4821cf.svcp_1-0-3.20150121.somatic.cnv.vcf.gz.tbi-download_time": 13, 
                "f8572359-f29a-5945-e040-11ac0d4821cf.svcp_1-0-3.20150121.somatic.cnv.vcf.gz.tbi-md5sum_time": 0, 
                "f8572359-f29a-5945-e040-11ac0d4821cf.svcp_1-0-3.20150121.somatic.genotype.tar.gz-download_time": 13, 
                "f8572359-f29a-5945-e040-11ac0d4821cf.svcp_1-0-3.20150121.somatic.genotype.tar.gz-md5sum_time": 0, 
                "f8572359-f29a-5945-e040-11ac0d4821cf.svcp_1-0-3.20150121.somatic.imputeCounts.tar.gz-download_time": 44, 
                "f8572359-f29a-5945-e040-11ac0d4821cf.svcp_1-0-3.20150121.somatic.imputeCounts.tar.gz-md5sum_time": 1, 
                "f8572359-f29a-5945-e040-11ac0d4821cf.svcp_1-0-3.20150121.somatic.indel.tar.gz-download_time": 67, 
                "f8572359-f29a-5945-e040-11ac0d4821cf.svcp_1-0-3.20150121.somatic.indel.tar.gz-md5sum_time": 3, 
                "f8572359-f29a-5945-e040-11ac0d4821cf.svcp_1-0-3.20150121.somatic.indel.vcf.gz-download_time": 17, 
                "f8572359-f29a-5945-e040-11ac0d4821cf.svcp_1-0-3.20150121.somatic.indel.vcf.gz-md5sum_time": 0, 
                "f8572359-f29a-5945-e040-11ac0d4821cf.svcp_1-0-3.20150121.somatic.indel.vcf.gz.tbi-download_time": 13, 
                "f8572359-f29a-5945-e040-11ac0d4821cf.svcp_1-0-3.20150121.somatic.indel.vcf.gz.tbi-md5sum_time": 0, 
                "f8572359-f29a-5945-e040-11ac0d4821cf.svcp_1-0-3.20150121.somatic.snv_mnv.tar.gz-download_time": 22, 
                "f8572359-f29a-5945-e040-11ac0d4821cf.svcp_1-0-3.20150121.somatic.snv_mnv.tar.gz-md5sum_time": 1, 
                "f8572359-f29a-5945-e040-11ac0d4821cf.svcp_1-0-3.20150121.somatic.snv_mnv.vcf.gz-download_time": 14, 
                "f8572359-f29a-5945-e040-11ac0d4821cf.svcp_1-0-3.20150121.somatic.snv_mnv.vcf.gz-md5sum_time": 0, 
                "f8572359-f29a-5945-e040-11ac0d4821cf.svcp_1-0-3.20150121.somatic.snv_mnv.vcf.gz.tbi-download_time": 12, 
                "f8572359-f29a-5945-e040-11ac0d4821cf.svcp_1-0-3.20150121.somatic.snv_mnv.vcf.gz.tbi-md5sum_time": 0, 
                "f8572359-f29a-5945-e040-11ac0d4821cf.svcp_1-0-3.20150121.somatic.verifyBamId.tar.gz-download_time": 13, 
                "f8572359-f29a-5945-e040-11ac0d4821cf.svcp_1-0-3.20150121.somatic.verifyBamId.tar.gz-md5sum_time": 0, 
                "f8572359-f29a-5945-e040-11ac0d4821cf.svfix_4-0-5.20160113.somatic.sv.tar.gz-download_time": 33, 
                "f8572359-f29a-5945-e040-11ac0d4821cf.svfix_4-0-5.20160113.somatic.sv.tar.gz-md5sum_time": 1, 
                "f8572359-f29a-5945-e040-11ac0d4821cf.svfix_4-0-5.20160113.somatic.sv.vcf.gz-download_time": 12, 
                "f8572359-f29a-5945-e040-11ac0d4821cf.svfix_4-0-5.20160113.somatic.sv.vcf.gz-md5sum_time": 0, 
                "f8572359-f29a-5945-e040-11ac0d4821cf.svfix_4-0-5.20160113.somatic.sv.vcf.gz.tbi-download_time": 12, 
                "f8572359-f29a-5945-e040-11ac0d4821cf.svfix_4-0-5.20160113.somatic.sv.vcf.gz.tbi-md5sum_time": 0, 
                "start": 1454700269, 
                "stop": 1454700597, 
                "time": 328
            }
        }
    }, 
    "aliquot_id": null, 
    "available_repos": [
        {
            "https://gtrepo-osdc-icgc.annailabs.com/": {
                "file_md5sum": "8e55ccd86ef35680856a0a7cf6928d64", 
                "file_size": 71383
            }
        }
    ], 
    "data_type": "Sanger-VCF", 
    "files": [
        {
            "file_md5sum": "230b13fe568fde7735e2bd6f209aa50e", 
            "file_name": "f8572359-f29a-5945-e040-11ac0d4821cf.svcp_1-0-3.20150121.somatic.snv_mnv.vcf.gz", 
            "file_size": 6543330, 
            "object_id": "359c0006-5129-5deb-b991-cbe8c376a115"
        }, 
        {
            "file_md5sum": "65756c69b30ef96d68de33aab33f2bdc", 
            "file_name": "f8572359-f29a-5945-e040-11ac0d4821cf.svcp_1-0-3.20150121.somatic.snv_mnv.vcf.gz.tbi", 
            "file_size": 737984, 
            "object_id": "a1141f7c-33c7-5168-b8de-3e656ebdbdbb"
        }, 
        {
            "file_md5sum": "3721cbc46e18b604ec9c7b1caf04bb93", 
            "file_name": "f8572359-f29a-5945-e040-11ac0d4821cf.svcp_1-0-3.20150121.somatic.cnv.vcf.gz", 
            "file_size": 2656, 
            "object_id": "c0547514-5d6e-59b7-80b2-e8e2f516539f"
        }, 
        {
            "file_md5sum": "c7ba1d7f2550f17f497613db950d0e4e", 
            "file_name": "f8572359-f29a-5945-e040-11ac0d4821cf.svcp_1-0-3.20150121.somatic.cnv.vcf.gz.tbi", 
            "file_size": 4681, 
            "object_id": "9e06491b-8a36-56e6-b26b-688b183e8e49"
        }, 
        {
            "file_md5sum": "22cdc11a791ab8726f71f1a7c7a117b5", 
            "file_name": "f8572359-f29a-5945-e040-11ac0d4821cf.svfix_4-0-5.20160113.somatic.sv.vcf.gz", 
            "file_size": 18475, 
            "object_id": "dc758e1a-d7a5-5a7e-96aa-d76416f4bf92"
        }, 
        {
            "file_md5sum": "830e7009cbb4aeedb8d93b504e7ad3a9", 
            "file_name": "f8572359-f29a-5945-e040-11ac0d4821cf.svfix_4-0-5.20160113.somatic.sv.vcf.gz.tbi", 
            "file_size": 4600, 
            "object_id": "e707cc4f-d5da-5425-ae26-551f361535d6"
        }, 
        {
            "file_md5sum": "5eb25bc1b8dab82c3c579ef1cfddbf82", 
            "file_name": "f8572359-f29a-5945-e040-11ac0d4821cf.svcp_1-0-3.20150121.somatic.indel.vcf.gz", 
            "file_size": 62774425, 
            "object_id": "cf02c989-d465-5c68-9a81-6a8b0790e979"
        }, 
        {
            "file_md5sum": "824fc670e1d231f12abe63296c28381d", 
            "file_name": "f8572359-f29a-5945-e040-11ac0d4821cf.svcp_1-0-3.20150121.somatic.indel.vcf.gz.tbi", 
            "file_size": 1542621, 
            "object_id": "064c1098-676e-5b11-84df-e739aa95943f"
        }, 
        {
            "file_md5sum": "4bba48e5f99773ca0769d15cc0434b5c", 
            "file_name": "f8572359-f29a-5945-e040-11ac0d4821cf.svcp_1-0-3.20150121.somatic.snv_mnv.tar.gz", 
            "file_size": 172014097, 
            "object_id": "b0c28cd7-b85b-5d4b-9378-76097bf54b4e"
        }, 
        {
            "file_md5sum": "33570493ed27c7467491aecc4ba7cfb3", 
            "file_name": "f8572359-f29a-5945-e040-11ac0d4821cf.svcp_1-0-3.20150121.somatic.cnv.tar.gz", 
            "file_size": 27206696, 
            "object_id": "1d0573d6-2247-5dfc-805c-373ff5957cd5"
        }, 
        {
            "file_md5sum": "cfc1013d576a3676ff1a35cd93411f7c", 
            "file_name": "f8572359-f29a-5945-e040-11ac0d4821cf.svfix_4-0-5.20160113.somatic.sv.tar.gz", 
            "file_size": 362613396, 
            "object_id": "2210d819-e8b2-5f96-9228-9ada98e2ca81"
        }, 
        {
            "file_md5sum": "d9ed10362e389e9f28bac020b175e019",