{
    "_runs_": {
        "run_1453954478_6fbbb9b2-9779-4aa5-981e-84cae8d8b713": {
            "downloading": {
                "gnos-download_time": 121, 
                "start": 1453970251, 
                "stop": 1453970372, 
                "time": 121
            }, 
            "uploading": {
                "copy_meta_time": 1, 
                "start": 1453970384, 
                "stop": 1453970483, 
                "time": 99, 
                "upload_time": 97
            }
        }, 
        "run_1454698888_5069c0b3-ffbf-4c39-89a5-f83edddf434c": {
            "downloading": {
                "b502856e-b9fe-11e5-8bef-1d80eac6e0c4.xml-download_time": 13, 
                "b502856e-b9fe-11e5-8bef-1d80eac6e0c4.xml-md5sum_time": 0, 
                "fc96f0df-ef04-411e-e040-11ac0d484291.svcp_1-0-7.20150626.somatic.cnv.tar.gz-download_time": 14, 
                "fc96f0df-ef04-411e-e040-11ac0d484291.svcp_1-0-7.20150626.somatic.cnv.tar.gz-md5sum_time": 0, 
                "fc96f0df-ef04-411e-e040-11ac0d484291.svcp_1-0-7.20150626.somatic.cnv.vcf.gz-download_time": 12, 
                "fc96f0df-ef04-411e-e040-11ac0d484291.svcp_1-0-7.20150626.somatic.cnv.vcf.gz-md5sum_time": 0, 
                "fc96f0df-ef04-411e-e040-11ac0d484291.svcp_1-0-7.20150626.somatic.cnv.vcf.gz.tbi-download_time": 14, 
                "fc96f0df-ef04-411e-e040-11ac0d484291.svcp_1-0-7.20150626.somatic.cnv.vcf.gz.tbi-md5sum_time": 0, 
                "fc96f0df-ef04-411e-e040-11ac0d484291.svcp_1-0-7.20150626.somatic.genotype.tar.gz-download_time": 13, 
                "fc96f0df-ef04-411e-e040-11ac0d484291.svcp_1-0-7.20150626.somatic.genotype.tar.gz-md5sum_time": 0, 
                "fc96f0df-ef04-411e-e040-11ac0d484291.svcp_1-0-7.20150626.somatic.imputeCounts.tar.gz-download_time": 43, 
                "fc96f0df-ef04-411e-e040-11ac0d484291.svcp_1-0-7.20150626.somatic.imputeCounts.tar.gz-md5sum_time": 2, 
                "fc96f0df-ef04-411e-e040-11ac0d484291.svcp_1-0-7.20150626.somatic.indel.tar.gz-download_time": 73, 
                "fc96f0df-ef04-411e-e040-11ac0d484291.svcp_1-0-7.20150626.somatic.indel.tar.gz-md5sum_time": 3, 
                "fc96f0df-ef04-411e-e040-11ac0d484291.svcp_1-0-7.20150626.somatic.indel.vcf.gz-download_time": 17, 
                "fc96f0df-ef04-411e-e040-11ac0d484291.svcp_1-0-7.20150626.somatic.indel.vcf.gz-md5sum_time": 0, 
                "fc96f0df-ef04-411e-e040-11ac0d484291.svcp_1-0-7.20150626.somatic.indel.vcf.gz.tbi-download_time": 13, 
                "fc96f0df-ef04-411e-e040-11ac0d484291.svcp_1-0-7.20150626.somatic.indel.vcf.gz.tbi-md5sum_time": 0, 
                "fc96f0df-ef04-411e-e040-11ac0d484291.svcp_1-0-7.20150626.somatic.snv_mnv.tar.gz-download_time": 23, 
                "fc96f0df-ef04-411e-e040-11ac0d484291.svcp_1-0-7.20150626.somatic.snv_mnv.tar.gz-md5sum_time": 1, 
                "fc96f0df-ef04-411e-e040-11ac0d484291.svcp_1-0-7.20150626.somatic.snv_mnv.vcf.gz-download_time": 14, 
                "fc96f0df-ef04-411e-e040-11ac0d484291.svcp_1-0-7.20150626.somatic.snv_mnv.vcf.gz-md5sum_time": 0, 
                "fc96f0df-ef04-411e-e040-11ac0d484291.svcp_1-0-7.20150626.somatic.snv_mnv.vcf.gz.tbi-download_time": 13, 
                "fc96f0df-ef04-411e-e040-11ac0d484291.svcp_1-0-7.20150626.somatic.snv_mnv.vcf.gz.tbi-md5sum_time": 0, 
                "fc96f0df-ef04-411e-e040-11ac0d484291.svcp_1-0-7.20150626.somatic.verifyBamId.tar.gz-download_time": 13, 
                "fc96f0df-ef04-411e-e040-11ac0d484291.svcp_1-0-7.20150626.somatic.verifyBamId.tar.gz-md5sum_time": 0, 
                "fc96f0df-ef04-411e-e040-11ac0d484291.svfix_4-0-5.20160113.somatic.sv.tar.gz-download_time": 29, 
                "fc96f0df-ef04-411e-e040-11ac0d484291.svfix_4-0-5.20160113.somatic.sv.tar.gz-md5sum_time": 1, 
                "fc96f0df-ef04-411e-e040-11ac0d484291.svfix_4-0-5.20160113.somatic.sv.vcf.gz-download_time": 12, 
                "fc96f0df-ef04-411e-e040-11ac0d484291.svfix_4-0-5.20160113.somatic.sv.vcf.gz-md5sum_time": 0, 
                "fc96f0df-ef04-411e-e040-11ac0d484291.svfix_4-0-5.20160113.somatic.sv.vcf.gz.tbi-download_time": 12, 
                "fc96f0df-ef04-411e-e040-11ac0d484291.svfix_4-0-5.20160113.somatic.sv.vcf.gz.tbi-md5sum_time": 0, 
                "start": 1454707092, 
                "stop": 1454707427, 
                "time": 335
            }
        }
    }, 
    "aliquot_id": null, 
    "available_repos": [
        {
            "https://gtrepo-osdc-icgc.annailabs.com/": {
                "file_md5sum": "a8673aa77ded546ea93dc90c1b400679", 
                "file_size": 70352
            }
        }
    ], 
    "data_type": "Sanger-VCF", 
    "files": [
        {
            "file_md5sum": "05b387496a60cc04cc4362f7f8a616a8", 
            "file_name": "fc96f0df-ef04-411e-e040-11ac0d484291.svcp_1-0-7.20150626.somatic.snv_mnv.vcf.gz", 
            "file_size": 5219222, 
            "object_id": "90277aea-40f0-55e1-8032-d9b9f462f2c7"
        }, 
        {
            "file_md5sum": "ae0d99fc8246dfb3bcc970582ca85f2c", 
            "file_name": "fc96f0df-ef04-411e-e040-11ac0d484291.svcp_1-0-7.20150626.somatic.snv_mnv.vcf.gz.tbi", 
            "file_size": 687873, 
            "object_id": "37577711-4b9e-596b-ad30-1b8253b5bf73"
        }, 
        {
            "file_md5sum": "6959b15ef53f6c65991febf492952db0", 
            "file_name": "fc96f0df-ef04-411e-e040-11ac0d484291.svcp_1-0-7.20150626.somatic.cnv.vcf.gz", 
            "file_size": 1938, 
            "object_id": "fb9118eb-6ff1-5c24-bd67-e1b57f3320c5"
        }, 
        {
            "file_md5sum": "686e7eb8cd3fc524467a8b87571bbfe4", 
            "file_name": "fc96f0df-ef04-411e-e040-11ac0d484291.svcp_1-0-7.20150626.somatic.cnv.vcf.gz.tbi", 
            "file_size": 4196, 
            "object_id": "693410f5-1d6c-5c2f-869e-0e198f156cf1"
        }, 
        {
            "file_md5sum": "9a667ae722f3a454e09f958b8e0fe726", 
            "file_name": "fc96f0df-ef04-411e-e040-11ac0d484291.svfix_4-0-5.20160113.somatic.sv.vcf.gz", 
            "file_size": 2664, 
            "object_id": "4fe283a3-e296-5fea-918e-c54c147f4385"
        }, 
        {
            "file_md5sum": "a367a94c1dacaa7898785f977d04b9b4", 
            "file_name": "fc96f0df-ef04-411e-e040-11ac0d484291.svfix_4-0-5.20160113.somatic.sv.vcf.gz.tbi", 
            "file_size": 99, 
            "object_id": "a640a851-2174-51a4-8714-d204b631a231"
        }, 
        {
            "file_md5sum": "b49b815def0af9fdece102a9daa0967c", 
            "file_name": "fc96f0df-ef04-411e-e040-11ac0d484291.svcp_1-0-7.20150626.somatic.indel.vcf.gz", 
            "file_size": 61973937, 
            "object_id": "2a37b79a-313e-5c02-a063-a927b68b5849"
        }, 
        {
            "file_md5sum": "062530b62b96b804237938a900a93eec", 
            "file_name": "fc96f0df-ef04-411e-e040-11ac0d484291.svcp_1-0-7.20150626.somatic.indel.vcf.gz.tbi", 
            "file_size": 1550185, 
            "object_id": "40a2838c-b08f-5be9-8f78-c2ac6cae6b17"
        }, 
        {
            "file_md5sum": "5620811036a9e870ea2378ce904b46cc", 
            "file_name": "fc96f0df-ef04-411e-e040-11ac0d484291.svcp_1-0-7.20150626.somatic.snv_mnv.tar.gz", 
            "file_size": 172894592, 
            "object_id": "5a846a22-e9d6-5136-a43c-d7957706ba38"
        }, 
        {
            "file_md5sum": "12ab61c83814349fec9c93379eb413b5", 
            "file_name": "fc96f0df-ef04-411e-e040-11ac0d484291.svcp_1-0-7.20150626.somatic.cnv.tar.gz", 
            "file_size": 27104518, 
            "object_id": "e569e4ac-99a2-56a5-97f7-365fd9b00b60"
        }, 
        {
            "file_md5sum": "2fc5c2b0c2af5a56bd5ddfffe5b4f2e5", 
            "file_name": "fc96f0df-ef04-411e-e040-11ac0d484291.svfix_4-0-5.20160113.somatic.sv.tar.gz", 
            "file_size": 296770480, 
            "object_id": "7b4f1077-cb25-5d5e-bcfa-9150945e1a1a"
        }, 
        {
            "file_md5sum": "84ce42bd59f949325ab595f6da02745d",