{
    "_runs_": {
        "run_1453954855_ec8b3200-ece3-4876-b26c-61d25a8034bf": {
            "downloading": {
                "gnos-download_time": 93, 
                "start": 1453975235, 
                "stop": 1453975328, 
                "time": 93
            }, 
            "uploading": {
                "copy_meta_time": 1, 
                "start": 1453975340, 
                "stop": 1453975432, 
                "time": 92, 
                "upload_time": 90
            }
        }, 
        "run_1454698952_d058bae5-5e42-417a-bcd7-9a6997a804ed": {
            "downloading": {
                "58f4ff52-c623-11e3-bf01-24c6515278c0.svcp_1-0-6.20150622.somatic.cnv.tar.gz-download_time": 14, 
                "58f4ff52-c623-11e3-bf01-24c6515278c0.svcp_1-0-6.20150622.somatic.cnv.tar.gz-md5sum_time": 0, 
                "58f4ff52-c623-11e3-bf01-24c6515278c0.svcp_1-0-6.20150622.somatic.cnv.vcf.gz-download_time": 12, 
                "58f4ff52-c623-11e3-bf01-24c6515278c0.svcp_1-0-6.20150622.somatic.cnv.vcf.gz-md5sum_time": 0, 
                "58f4ff52-c623-11e3-bf01-24c6515278c0.svcp_1-0-6.20150622.somatic.cnv.vcf.gz.tbi-download_time": 13, 
                "58f4ff52-c623-11e3-bf01-24c6515278c0.svcp_1-0-6.20150622.somatic.cnv.vcf.gz.tbi-md5sum_time": 0, 
                "58f4ff52-c623-11e3-bf01-24c6515278c0.svcp_1-0-6.20150622.somatic.genotype.tar.gz-download_time": 14, 
                "58f4ff52-c623-11e3-bf01-24c6515278c0.svcp_1-0-6.20150622.somatic.genotype.tar.gz-md5sum_time": 0, 
                "58f4ff52-c623-11e3-bf01-24c6515278c0.svcp_1-0-6.20150622.somatic.imputeCounts.tar.gz-download_time": 42, 
                "58f4ff52-c623-11e3-bf01-24c6515278c0.svcp_1-0-6.20150622.somatic.imputeCounts.tar.gz-md5sum_time": 1, 
                "58f4ff52-c623-11e3-bf01-24c6515278c0.svcp_1-0-6.20150622.somatic.indel.tar.gz-download_time": 67, 
                "58f4ff52-c623-11e3-bf01-24c6515278c0.svcp_1-0-6.20150622.somatic.indel.tar.gz-md5sum_time": 3, 
                "58f4ff52-c623-11e3-bf01-24c6515278c0.svcp_1-0-6.20150622.somatic.indel.vcf.gz-download_time": 16, 
                "58f4ff52-c623-11e3-bf01-24c6515278c0.svcp_1-0-6.20150622.somatic.indel.vcf.gz-md5sum_time": 0, 
                "58f4ff52-c623-11e3-bf01-24c6515278c0.svcp_1-0-6.20150622.somatic.indel.vcf.gz.tbi-download_time": 12, 
                "58f4ff52-c623-11e3-bf01-24c6515278c0.svcp_1-0-6.20150622.somatic.indel.vcf.gz.tbi-md5sum_time": 0, 
                "58f4ff52-c623-11e3-bf01-24c6515278c0.svcp_1-0-6.20150622.somatic.snv_mnv.tar.gz-download_time": 22, 
                "58f4ff52-c623-11e3-bf01-24c6515278c0.svcp_1-0-6.20150622.somatic.snv_mnv.tar.gz-md5sum_time": 1, 
                "58f4ff52-c623-11e3-bf01-24c6515278c0.svcp_1-0-6.20150622.somatic.snv_mnv.vcf.gz-download_time": 13, 
                "58f4ff52-c623-11e3-bf01-24c6515278c0.svcp_1-0-6.20150622.somatic.snv_mnv.vcf.gz-md5sum_time": 0, 
                "58f4ff52-c623-11e3-bf01-24c6515278c0.svcp_1-0-6.20150622.somatic.snv_mnv.vcf.gz.tbi-download_time": 13, 
                "58f4ff52-c623-11e3-bf01-24c6515278c0.svcp_1-0-6.20150622.somatic.snv_mnv.vcf.gz.tbi-md5sum_time": 0, 
                "58f4ff52-c623-11e3-bf01-24c6515278c0.svcp_1-0-6.20150622.somatic.verifyBamId.tar.gz-download_time": 12, 
                "58f4ff52-c623-11e3-bf01-24c6515278c0.svcp_1-0-6.20150622.somatic.verifyBamId.tar.gz-md5sum_time": 0, 
                "58f4ff52-c623-11e3-bf01-24c6515278c0.svfix_4-0-5.20160113.somatic.sv.tar.gz-download_time": 31, 
                "58f4ff52-c623-11e3-bf01-24c6515278c0.svfix_4-0-5.20160113.somatic.sv.tar.gz-md5sum_time": 1, 
                "58f4ff52-c623-11e3-bf01-24c6515278c0.svfix_4-0-5.20160113.somatic.sv.vcf.gz-download_time": 12, 
                "58f4ff52-c623-11e3-bf01-24c6515278c0.svfix_4-0-5.20160113.somatic.sv.vcf.gz-md5sum_time": 0, 
                "58f4ff52-c623-11e3-bf01-24c6515278c0.svfix_4-0-5.20160113.somatic.sv.vcf.gz.tbi-download_time": 13, 
                "58f4ff52-c623-11e3-bf01-24c6515278c0.svfix_4-0-5.20160113.somatic.sv.vcf.gz.tbi-md5sum_time": 0, 
                "c8b62362-b9f0-11e5-9bdf-1980eac6e0c4.xml-download_time": 13, 
                "c8b62362-b9f0-11e5-9bdf-1980eac6e0c4.xml-md5sum_time": 0, 
                "start": 1454714381, 
                "stop": 1454714706, 
                "time": 325
            }
        }
    }, 
    "aliquot_id": null, 
    "available_repos": [
        {
            "https://gtrepo-osdc-icgc.annailabs.com/": {
                "file_md5sum": "67137349cd94ec8b7f40a1d478341a0e", 
                "file_size": 58425
            }
        }
    ], 
    "data_type": "Sanger-VCF", 
    "files": [
        {
            "file_md5sum": "cb0709c99e3236d4e750689dd0a0e733", 
            "file_name": "58f4ff52-c623-11e3-bf01-24c6515278c0.svcp_1-0-6.20150622.somatic.snv_mnv.vcf.gz", 
            "file_size": 1821212, 
            "object_id": "96d1ce3d-3c3c-5f16-960f-a2e108b12cb3"
        }, 
        {
            "file_md5sum": "5ed34cacfab87b7100b553e4488d54d3", 
            "file_name": "58f4ff52-c623-11e3-bf01-24c6515278c0.svcp_1-0-6.20150622.somatic.snv_mnv.vcf.gz.tbi", 
            "file_size": 334173, 
            "object_id": "3877a3d2-af53-5609-a450-bc71f23a5417"
        }, 
        {
            "file_md5sum": "495b02b24df250355701e291179a2ef5", 
            "file_name": "58f4ff52-c623-11e3-bf01-24c6515278c0.svcp_1-0-6.20150622.somatic.cnv.vcf.gz", 
            "file_size": 7297, 
            "object_id": "8bfd7704-d7f3-5f6d-a230-b2663ea84c03"
        }, 
        {
            "file_md5sum": "251795ea35e1021684ebb3f84df2af25", 
            "file_name": "58f4ff52-c623-11e3-bf01-24c6515278c0.svcp_1-0-6.20150622.somatic.cnv.vcf.gz.tbi", 
            "file_size": 8225, 
            "object_id": "f87ef046-2248-576c-bf49-0c417c6a7862"
        }, 
        {
            "file_md5sum": "edad054d0b9329284c9f998224bb8707", 
            "file_name": "58f4ff52-c623-11e3-bf01-24c6515278c0.svfix_4-0-5.20160113.somatic.sv.vcf.gz", 
            "file_size": 10236, 
            "object_id": "eae38773-293c-5f35-b451-c948d810b67d"
        }, 
        {
            "file_md5sum": "992a3d9dfa57cb17ac29cc01ce216200", 
            "file_name": "58f4ff52-c623-11e3-bf01-24c6515278c0.svfix_4-0-5.20160113.somatic.sv.vcf.gz.tbi", 
            "file_size": 1712, 
            "object_id": "be48cb0a-e114-53eb-a43c-1862a0502448"
        }, 
        {
            "file_md5sum": "a85bd8cece33b0093e4094f650b286f6", 
            "file_name": "58f4ff52-c623-11e3-bf01-24c6515278c0.svcp_1-0-6.20150622.somatic.indel.vcf.gz", 
            "file_size": 52604824, 
            "object_id": "8ec5c997-c8e3-54b9-a420-8d69b9aafb75"
        }, 
        {
            "file_md5sum": "f3e813494e23ce8061254e280ee6e5e7", 
            "file_name": "58f4ff52-c623-11e3-bf01-24c6515278c0.svcp_1-0-6.20150622.somatic.indel.vcf.gz.tbi", 
            "file_size": 1509043, 
            "object_id": "7c8cff37-17ed-50ba-a3d1-32a32f3faaba"
        }, 
        {
            "file_md5sum": "707787742487a4f13cffb97f3346bd89", 
            "file_name": "58f4ff52-c623-11e3-bf01-24c6515278c0.svcp_1-0-6.20150622.somatic.snv_mnv.tar.gz", 
            "file_size": 157556957, 
            "object_id": "2351f7c5-589a-51bd-8e34-6ce3b5326bb5"
        }, 
        {
            "file_md5sum": "e3f4d18cc17c2b5ed9a2009f19bf71cf", 
            "file_name": "58f4ff52-c623-11e3-bf01-24c6515278c0.svcp_1-0-6.20150622.somatic.cnv.tar.gz", 
            "file_size": 27016526, 
            "object_id": "79adf783-24c3-5d9d-992c-cb1559b7429a"
        }, 
        {
            "file_md5sum": "532c8e2f4644f8ea88d65b2ba35eb0e8", 
            "file_name": "58f4ff52-c623-11e3-bf01-24c6515278c0.svfix_4-0-5.20160113.somatic.sv.tar.gz", 
            "file_size": 300037354, 
            "object_id": "ecca767a-bd87-5cff-8748-412a701fddce"
        }, 
        {
            "file_md5sum": "763934de50b02aaf44516bc8f9162614",