{
    "_runs_": {
        "run_1453954967_deb85559-d172-4052-a892-08f8eadbcd71": {
            "downloading": {
                "gnos-download_time": 117, 
                "start": 1453978267, 
                "stop": 1453978385, 
                "time": 118
            }, 
            "uploading": {
                "copy_meta_time": 1, 
                "start": 1453978413, 
                "stop": 1453978515, 
                "time": 102, 
                "upload_time": 101
            }
        }, 
        "run_1454699028_045369da-f7e5-4adc-b5e5-b1abdb07f5a6": {
            "downloading": {
                "d5354476-bad9-11e5-9285-ff6ceac6e0c4.xml-download_time": 12, 
                "d5354476-bad9-11e5-9285-ff6ceac6e0c4.xml-md5sum_time": 0, 
                "f221c897-6ad0-0df9-e040-11ac0c4813ef.svcp_1-0-5.20150315.somatic.cnv.tar.gz-download_time": 16, 
                "f221c897-6ad0-0df9-e040-11ac0c4813ef.svcp_1-0-5.20150315.somatic.cnv.tar.gz-md5sum_time": 0, 
                "f221c897-6ad0-0df9-e040-11ac0c4813ef.svcp_1-0-5.20150315.somatic.cnv.vcf.gz-download_time": 13, 
                "f221c897-6ad0-0df9-e040-11ac0c4813ef.svcp_1-0-5.20150315.somatic.cnv.vcf.gz-md5sum_time": 0, 
                "f221c897-6ad0-0df9-e040-11ac0c4813ef.svcp_1-0-5.20150315.somatic.cnv.vcf.gz.tbi-download_time": 13, 
                "f221c897-6ad0-0df9-e040-11ac0c4813ef.svcp_1-0-5.20150315.somatic.cnv.vcf.gz.tbi-md5sum_time": 0, 
                "f221c897-6ad0-0df9-e040-11ac0c4813ef.svcp_1-0-5.20150315.somatic.genotype.tar.gz-download_time": 13, 
                "f221c897-6ad0-0df9-e040-11ac0c4813ef.svcp_1-0-5.20150315.somatic.genotype.tar.gz-md5sum_time": 0, 
                "f221c897-6ad0-0df9-e040-11ac0c4813ef.svcp_1-0-5.20150315.somatic.imputeCounts.tar.gz-download_time": 49, 
                "f221c897-6ad0-0df9-e040-11ac0c4813ef.svcp_1-0-5.20150315.somatic.imputeCounts.tar.gz-md5sum_time": 2, 
                "f221c897-6ad0-0df9-e040-11ac0c4813ef.svcp_1-0-5.20150315.somatic.indel.tar.gz-download_time": 76, 
                "f221c897-6ad0-0df9-e040-11ac0c4813ef.svcp_1-0-5.20150315.somatic.indel.tar.gz-md5sum_time": 3, 
                "f221c897-6ad0-0df9-e040-11ac0c4813ef.svcp_1-0-5.20150315.somatic.indel.vcf.gz-download_time": 17, 
                "f221c897-6ad0-0df9-e040-11ac0c4813ef.svcp_1-0-5.20150315.somatic.indel.vcf.gz-md5sum_time": 1, 
                "f221c897-6ad0-0df9-e040-11ac0c4813ef.svcp_1-0-5.20150315.somatic.indel.vcf.gz.tbi-download_time": 13, 
                "f221c897-6ad0-0df9-e040-11ac0c4813ef.svcp_1-0-5.20150315.somatic.indel.vcf.gz.tbi-md5sum_time": 0, 
                "f221c897-6ad0-0df9-e040-11ac0c4813ef.svcp_1-0-5.20150315.somatic.snv_mnv.tar.gz-download_time": 42, 
                "f221c897-6ad0-0df9-e040-11ac0c4813ef.svcp_1-0-5.20150315.somatic.snv_mnv.tar.gz-md5sum_time": 1, 
                "f221c897-6ad0-0df9-e040-11ac0c4813ef.svcp_1-0-5.20150315.somatic.snv_mnv.vcf.gz-download_time": 14, 
                "f221c897-6ad0-0df9-e040-11ac0c4813ef.svcp_1-0-5.20150315.somatic.snv_mnv.vcf.gz-md5sum_time": 0, 
                "f221c897-6ad0-0df9-e040-11ac0c4813ef.svcp_1-0-5.20150315.somatic.snv_mnv.vcf.gz.tbi-download_time": 12, 
                "f221c897-6ad0-0df9-e040-11ac0c4813ef.svcp_1-0-5.20150315.somatic.snv_mnv.vcf.gz.tbi-md5sum_time": 0, 
                "f221c897-6ad0-0df9-e040-11ac0c4813ef.svcp_1-0-5.20150315.somatic.verifyBamId.tar.gz-download_time": 13, 
                "f221c897-6ad0-0df9-e040-11ac0c4813ef.svcp_1-0-5.20150315.somatic.verifyBamId.tar.gz-md5sum_time": 0, 
                "f221c897-6ad0-0df9-e040-11ac0c4813ef.svfix_4-0-5.20160114.somatic.sv.tar.gz-download_time": 31, 
                "f221c897-6ad0-0df9-e040-11ac0c4813ef.svfix_4-0-5.20160114.somatic.sv.tar.gz-md5sum_time": 1, 
                "f221c897-6ad0-0df9-e040-11ac0c4813ef.svfix_4-0-5.20160114.somatic.sv.vcf.gz-download_time": 12, 
                "f221c897-6ad0-0df9-e040-11ac0c4813ef.svfix_4-0-5.20160114.somatic.sv.vcf.gz-md5sum_time": 0, 
                "f221c897-6ad0-0df9-e040-11ac0c4813ef.svfix_4-0-5.20160114.somatic.sv.vcf.gz.tbi-download_time": 12, 
                "f221c897-6ad0-0df9-e040-11ac0c4813ef.svfix_4-0-5.20160114.somatic.sv.vcf.gz.tbi-md5sum_time": 0, 
                "start": 1454719242, 
                "stop": 1454719609, 
                "time": 367
            }
        }
    }, 
    "aliquot_id": null, 
    "available_repos": [
        {
            "https://gtrepo-osdc-icgc.annailabs.com/": {
                "file_md5sum": "28bf70dcb42e77e6ef4477d001ec8b06", 
                "file_size": 58700
            }
        }
    ], 
    "data_type": "Sanger-VCF", 
    "files": [
        {
            "file_md5sum": "3873a0b79cdab1ddb311233b9ead5cdf", 
            "file_name": "f221c897-6ad0-0df9-e040-11ac0c4813ef.svcp_1-0-5.20150315.somatic.snv_mnv.vcf.gz", 
            "file_size": 6816620, 
            "object_id": "a68538c1-7673-5019-a535-09360dea845a"
        }, 
        {
            "file_md5sum": "a4cd3620a361437181744adf049dd215", 
            "file_name": "f221c897-6ad0-0df9-e040-11ac0c4813ef.svcp_1-0-5.20150315.somatic.snv_mnv.vcf.gz.tbi", 
            "file_size": 792944, 
            "object_id": "8db53f5b-64a0-5ad5-aa9e-08fb33473943"
        }, 
        {
            "file_md5sum": "c6ef36da29f465e8e07c67559b3e9079", 
            "file_name": "f221c897-6ad0-0df9-e040-11ac0c4813ef.svcp_1-0-5.20150315.somatic.cnv.vcf.gz", 
            "file_size": 3916, 
            "object_id": "ad5118a3-dea4-5198-bc5b-908726511d0a"
        }, 
        {
            "file_md5sum": "3fd9546f8ef1be163fdc25e37aff892c", 
            "file_name": "f221c897-6ad0-0df9-e040-11ac0c4813ef.svcp_1-0-5.20150315.somatic.cnv.vcf.gz.tbi", 
            "file_size": 5469, 
            "object_id": "e540d9a1-9bc6-55fd-a0cc-8b6000dc2b5e"
        }, 
        {
            "file_md5sum": "83714d0dd1110afab941bb8a788aa5af", 
            "file_name": "f221c897-6ad0-0df9-e040-11ac0c4813ef.svfix_4-0-5.20160114.somatic.sv.vcf.gz", 
            "file_size": 90683, 
            "object_id": "8cdfed96-b2d1-5e16-baab-c0c77402108c"
        }, 
        {
            "file_md5sum": "bedf55c84472d7f6db3d0ded200e8fe4", 
            "file_name": "f221c897-6ad0-0df9-e040-11ac0c4813ef.svfix_4-0-5.20160114.somatic.sv.vcf.gz.tbi", 
            "file_size": 5301, 
            "object_id": "2912a7fe-2efb-5a52-acb8-9daafa9ca482"
        }, 
        {
            "file_md5sum": "b96b005812ef2c5151a71c0c1aaf4d9b", 
            "file_name": "f221c897-6ad0-0df9-e040-11ac0c4813ef.svcp_1-0-5.20150315.somatic.indel.vcf.gz", 
            "file_size": 53633188, 
            "object_id": "66aad9e4-b64c-542a-b764-17ebf13ee2e7"
        }, 
        {
            "file_md5sum": "15c9a7b1f4e21dab6375105c9b2794ec", 
            "file_name": "f221c897-6ad0-0df9-e040-11ac0c4813ef.svcp_1-0-5.20150315.somatic.indel.vcf.gz.tbi", 
            "file_size": 1470578, 
            "object_id": "d8341b29-7147-5568-9c82-5ae47fa26f2c"
        }, 
        {
            "file_md5sum": "048c1d515110260513d3a400f7c9606f", 
            "file_name": "f221c897-6ad0-0df9-e040-11ac0c4813ef.svcp_1-0-5.20150315.somatic.snv_mnv.tar.gz", 
            "file_size": 182032400, 
            "object_id": "87401e76-1f3a-5298-8c57-5e26ae9cbb83"
        }, 
        {
            "file_md5sum": "00640dce7a5c1e2704e10401e97113b9", 
            "file_name": "f221c897-6ad0-0df9-e040-11ac0c4813ef.svcp_1-0-5.20150315.somatic.cnv.tar.gz", 
            "file_size": 26709367, 
            "object_id": "eaeb718c-c95a-5db1-9696-49d149d53ec4"
        }, 
        {
            "file_md5sum": "aa45a1bf5b377c6f033638a9554432e6", 
            "file_name": "f221c897-6ad0-0df9-e040-11ac0c4813ef.svfix_4-0-5.20160114.somatic.sv.tar.gz", 
            "file_size": 292171345, 
            "object_id": "51273c78-0851-5e40-a531-a546e6645825"
        }, 
        {
            "file_md5sum": "c7c11ec4bed7c1d980b01e9e1ff89ba7",