{
    "_runs_": {
        "run_1453954967_deb85559-d172-4052-a892-08f8eadbcd71": {
            "downloading": {
                "gnos-download_time": 87, 
                "start": 1453984079, 
                "stop": 1453984167, 
                "time": 88
            }, 
            "uploading": {
                "copy_meta_time": 1, 
                "start": 1453984171, 
                "stop": 1453984251, 
                "time": 80, 
                "upload_time": 78
            }
        }, 
        "run_1454698820_31e0fe60-9a43-4101-83ad-8a596dbe60ad": {
            "downloading": {
                "18f5e75e-c623-11e3-bf01-24c6515278c0.svcp_1-0-6.20150526.somatic.cnv.tar.gz-download_time": 14, 
                "18f5e75e-c623-11e3-bf01-24c6515278c0.svcp_1-0-6.20150526.somatic.cnv.tar.gz-md5sum_time": 0, 
                "18f5e75e-c623-11e3-bf01-24c6515278c0.svcp_1-0-6.20150526.somatic.cnv.vcf.gz-download_time": 13, 
                "18f5e75e-c623-11e3-bf01-24c6515278c0.svcp_1-0-6.20150526.somatic.cnv.vcf.gz-md5sum_time": 0, 
                "18f5e75e-c623-11e3-bf01-24c6515278c0.svcp_1-0-6.20150526.somatic.cnv.vcf.gz.tbi-download_time": 12, 
                "18f5e75e-c623-11e3-bf01-24c6515278c0.svcp_1-0-6.20150526.somatic.cnv.vcf.gz.tbi-md5sum_time": 0, 
                "18f5e75e-c623-11e3-bf01-24c6515278c0.svcp_1-0-6.20150526.somatic.genotype.tar.gz-download_time": 12, 
                "18f5e75e-c623-11e3-bf01-24c6515278c0.svcp_1-0-6.20150526.somatic.genotype.tar.gz-md5sum_time": 0, 
                "18f5e75e-c623-11e3-bf01-24c6515278c0.svcp_1-0-6.20150526.somatic.imputeCounts.tar.gz-download_time": 42, 
                "18f5e75e-c623-11e3-bf01-24c6515278c0.svcp_1-0-6.20150526.somatic.imputeCounts.tar.gz-md5sum_time": 2, 
                "18f5e75e-c623-11e3-bf01-24c6515278c0.svcp_1-0-6.20150526.somatic.indel.tar.gz-download_time": 54, 
                "18f5e75e-c623-11e3-bf01-24c6515278c0.svcp_1-0-6.20150526.somatic.indel.tar.gz-md5sum_time": 2, 
                "18f5e75e-c623-11e3-bf01-24c6515278c0.svcp_1-0-6.20150526.somatic.indel.vcf.gz-download_time": 16, 
                "18f5e75e-c623-11e3-bf01-24c6515278c0.svcp_1-0-6.20150526.somatic.indel.vcf.gz-md5sum_time": 0, 
                "18f5e75e-c623-11e3-bf01-24c6515278c0.svcp_1-0-6.20150526.somatic.indel.vcf.gz.tbi-download_time": 13, 
                "18f5e75e-c623-11e3-bf01-24c6515278c0.svcp_1-0-6.20150526.somatic.indel.vcf.gz.tbi-md5sum_time": 0, 
                "18f5e75e-c623-11e3-bf01-24c6515278c0.svcp_1-0-6.20150526.somatic.snv_mnv.tar.gz-download_time": 21, 
                "18f5e75e-c623-11e3-bf01-24c6515278c0.svcp_1-0-6.20150526.somatic.snv_mnv.tar.gz-md5sum_time": 1, 
                "18f5e75e-c623-11e3-bf01-24c6515278c0.svcp_1-0-6.20150526.somatic.snv_mnv.vcf.gz-download_time": 12, 
                "18f5e75e-c623-11e3-bf01-24c6515278c0.svcp_1-0-6.20150526.somatic.snv_mnv.vcf.gz-md5sum_time": 0, 
                "18f5e75e-c623-11e3-bf01-24c6515278c0.svcp_1-0-6.20150526.somatic.snv_mnv.vcf.gz.tbi-download_time": 12, 
                "18f5e75e-c623-11e3-bf01-24c6515278c0.svcp_1-0-6.20150526.somatic.snv_mnv.vcf.gz.tbi-md5sum_time": 0, 
                "18f5e75e-c623-11e3-bf01-24c6515278c0.svcp_1-0-6.20150526.somatic.verifyBamId.tar.gz-download_time": 12, 
                "18f5e75e-c623-11e3-bf01-24c6515278c0.svcp_1-0-6.20150526.somatic.verifyBamId.tar.gz-md5sum_time": 0, 
                "18f5e75e-c623-11e3-bf01-24c6515278c0.svfix_4-0-5.20160106.somatic.sv.tar.gz-download_time": 30, 
                "18f5e75e-c623-11e3-bf01-24c6515278c0.svfix_4-0-5.20160106.somatic.sv.tar.gz-md5sum_time": 1, 
                "18f5e75e-c623-11e3-bf01-24c6515278c0.svfix_4-0-5.20160106.somatic.sv.vcf.gz-download_time": 12, 
                "18f5e75e-c623-11e3-bf01-24c6515278c0.svfix_4-0-5.20160106.somatic.sv.vcf.gz-md5sum_time": 0, 
                "18f5e75e-c623-11e3-bf01-24c6515278c0.svfix_4-0-5.20160106.somatic.sv.vcf.gz.tbi-download_time": 13, 
                "18f5e75e-c623-11e3-bf01-24c6515278c0.svfix_4-0-5.20160106.somatic.sv.vcf.gz.tbi-md5sum_time": 0, 
                "ed3ec66a-b484-11e5-a23d-10b251327fcc.xml-download_time": 12, 
                "ed3ec66a-b484-11e5-a23d-10b251327fcc.xml-md5sum_time": 1, 
                "start": 1454729158, 
                "stop": 1454729465, 
                "time": 307
            }
        }
    }, 
    "aliquot_id": null, 
    "available_repos": [
        {
            "https://gtrepo-dkfz.annailabs.com/": {
                "file_md5sum": "2f0932f4ccc0c30a89a01ec564915991", 
                "file_size": 58186
            }
        }
    ], 
    "data_type": "Sanger-VCF", 
    "files": [
        {
            "file_md5sum": "64bb424e81cdfbf0ce4aa85e483ec7d3", 
            "file_name": "18f5e75e-c623-11e3-bf01-24c6515278c0.svcp_1-0-6.20150526.somatic.snv_mnv.vcf.gz", 
            "file_size": 1557791, 
            "object_id": "31632a25-7c00-527a-86ac-50b47e51bd7f"
        }, 
        {
            "file_md5sum": "f0c57bd656508816dfeb1dcf25608dbd", 
            "file_name": "18f5e75e-c623-11e3-bf01-24c6515278c0.svcp_1-0-6.20150526.somatic.snv_mnv.vcf.gz.tbi", 
            "file_size": 255135, 
            "object_id": "2011a433-f38c-5928-af83-9d6b92c523e3"
        }, 
        {
            "file_md5sum": "471f80b36e7e1a54ea4f0aebe4616b69", 
            "file_name": "18f5e75e-c623-11e3-bf01-24c6515278c0.svcp_1-0-6.20150526.somatic.cnv.vcf.gz", 
            "file_size": 2152, 
            "object_id": "0a69364c-f02a-50a2-ae85-ca976a893a02"
        }, 
        {
            "file_md5sum": "1ac69bcf7ede698f35acf524b811eb9d", 
            "file_name": "18f5e75e-c623-11e3-bf01-24c6515278c0.svcp_1-0-6.20150526.somatic.cnv.vcf.gz.tbi", 
            "file_size": 4319, 
            "object_id": "05b09a75-9908-567f-ace3-ba511d613129"
        }, 
        {
            "file_md5sum": "d771825dcbbb9d9b00f1e80e72fbd4ba", 
            "file_name": "18f5e75e-c623-11e3-bf01-24c6515278c0.svfix_4-0-5.20160106.somatic.sv.vcf.gz", 
            "file_size": 13820, 
            "object_id": "0c351012-7e00-51cf-84f2-47fa7667c19a"
        }, 
        {
            "file_md5sum": "598d0e590a246504c369ede17cb0fab7", 
            "file_name": "18f5e75e-c623-11e3-bf01-24c6515278c0.svfix_4-0-5.20160106.somatic.sv.vcf.gz.tbi", 
            "file_size": 1598, 
            "object_id": "0931c04b-aca3-5ab9-9595-8882c76b468c"
        }, 
        {
            "file_md5sum": "b4c7f83bad59ce6c1d51aa33718bd399", 
            "file_name": "18f5e75e-c623-11e3-bf01-24c6515278c0.svcp_1-0-6.20150526.somatic.indel.vcf.gz", 
            "file_size": 43882245, 
            "object_id": "445a918f-e1e8-50a0-a7f0-9c4c3f9dd758"
        }, 
        {
            "file_md5sum": "acb99cac97d7d858f742ffe2abe64652", 
            "file_name": "18f5e75e-c623-11e3-bf01-24c6515278c0.svcp_1-0-6.20150526.somatic.indel.vcf.gz.tbi", 
            "file_size": 1447039, 
            "object_id": "c24f7a48-850f-5147-a8db-2f0ba4f0216d"
        }, 
        {
            "file_md5sum": "af85b6634636dbfaa0c92a378d0f3977", 
            "file_name": "18f5e75e-c623-11e3-bf01-24c6515278c0.svcp_1-0-6.20150526.somatic.snv_mnv.tar.gz", 
            "file_size": 157016254, 
            "object_id": "35e296d4-c72d-5e12-90a2-697815e8545f"
        }, 
        {
            "file_md5sum": "005166df59680f167c34402113a0e096", 
            "file_name": "18f5e75e-c623-11e3-bf01-24c6515278c0.svcp_1-0-6.20150526.somatic.cnv.tar.gz", 
            "file_size": 26787366, 
            "object_id": "bc5f7e89-a3c4-5f12-91a9-bbd10286f699"
        }, 
        {
            "file_md5sum": "7fd04018bfd3fbc131252f13c50c1a16", 
            "file_name": "18f5e75e-c623-11e3-bf01-24c6515278c0.svfix_4-0-5.20160106.somatic.sv.tar.gz", 
            "file_size": 297550710, 
            "object_id": "2be4f2cc-36e6-58aa-9d1c-ef0bb824549a"
        }, 
        {
            "file_md5sum": "6601ba1a9cf03053ae8b962d8b9c0443",