{
    "_runs_": {
        "run_1453954967_deb85559-d172-4052-a892-08f8eadbcd71": {
            "downloading": {
                "gnos-download_time": 105, 
                "start": 1453986176, 
                "stop": 1453986281, 
                "time": 105
            }, 
            "uploading": {
                "copy_meta_time": 2, 
                "start": 1453986290, 
                "stop": 1453986383, 
                "time": 93, 
                "upload_time": 91
            }
        }, 
        "run_1454698755_903b0f92-d9ee-49d4-8095-339a44ab6782": {
            "downloading": {
                "f24688a9-7952-49d8-ba80-2bbad472379c.svcp_1-0-5.20150626.somatic.cnv.tar.gz-download_time": 16, 
                "f24688a9-7952-49d8-ba80-2bbad472379c.svcp_1-0-5.20150626.somatic.cnv.tar.gz-md5sum_time": 0, 
                "f24688a9-7952-49d8-ba80-2bbad472379c.svcp_1-0-5.20150626.somatic.cnv.vcf.gz-download_time": 13, 
                "f24688a9-7952-49d8-ba80-2bbad472379c.svcp_1-0-5.20150626.somatic.cnv.vcf.gz-md5sum_time": 0, 
                "f24688a9-7952-49d8-ba80-2bbad472379c.svcp_1-0-5.20150626.somatic.cnv.vcf.gz.tbi-download_time": 12, 
                "f24688a9-7952-49d8-ba80-2bbad472379c.svcp_1-0-5.20150626.somatic.cnv.vcf.gz.tbi-md5sum_time": 0, 
                "f24688a9-7952-49d8-ba80-2bbad472379c.svcp_1-0-5.20150626.somatic.genotype.tar.gz-download_time": 13, 
                "f24688a9-7952-49d8-ba80-2bbad472379c.svcp_1-0-5.20150626.somatic.genotype.tar.gz-md5sum_time": 0, 
                "f24688a9-7952-49d8-ba80-2bbad472379c.svcp_1-0-5.20150626.somatic.imputeCounts.tar.gz-download_time": 39, 
                "f24688a9-7952-49d8-ba80-2bbad472379c.svcp_1-0-5.20150626.somatic.imputeCounts.tar.gz-md5sum_time": 1, 
                "f24688a9-7952-49d8-ba80-2bbad472379c.svcp_1-0-5.20150626.somatic.indel.tar.gz-download_time": 61, 
                "f24688a9-7952-49d8-ba80-2bbad472379c.svcp_1-0-5.20150626.somatic.indel.tar.gz-md5sum_time": 3, 
                "f24688a9-7952-49d8-ba80-2bbad472379c.svcp_1-0-5.20150626.somatic.indel.vcf.gz-download_time": 16, 
                "f24688a9-7952-49d8-ba80-2bbad472379c.svcp_1-0-5.20150626.somatic.indel.vcf.gz-md5sum_time": 0, 
                "f24688a9-7952-49d8-ba80-2bbad472379c.svcp_1-0-5.20150626.somatic.indel.vcf.gz.tbi-download_time": 13, 
                "f24688a9-7952-49d8-ba80-2bbad472379c.svcp_1-0-5.20150626.somatic.indel.vcf.gz.tbi-md5sum_time": 0, 
                "f24688a9-7952-49d8-ba80-2bbad472379c.svcp_1-0-5.20150626.somatic.snv_mnv.tar.gz-download_time": 22, 
                "f24688a9-7952-49d8-ba80-2bbad472379c.svcp_1-0-5.20150626.somatic.snv_mnv.tar.gz-md5sum_time": 1, 
                "f24688a9-7952-49d8-ba80-2bbad472379c.svcp_1-0-5.20150626.somatic.snv_mnv.vcf.gz-download_time": 13, 
                "f24688a9-7952-49d8-ba80-2bbad472379c.svcp_1-0-5.20150626.somatic.snv_mnv.vcf.gz-md5sum_time": 0, 
                "f24688a9-7952-49d8-ba80-2bbad472379c.svcp_1-0-5.20150626.somatic.snv_mnv.vcf.gz.tbi-download_time": 13, 
                "f24688a9-7952-49d8-ba80-2bbad472379c.svcp_1-0-5.20150626.somatic.snv_mnv.vcf.gz.tbi-md5sum_time": 0, 
                "f24688a9-7952-49d8-ba80-2bbad472379c.svcp_1-0-5.20150626.somatic.verifyBamId.tar.gz-download_time": 13, 
                "f24688a9-7952-49d8-ba80-2bbad472379c.svcp_1-0-5.20150626.somatic.verifyBamId.tar.gz-md5sum_time": 0, 
                "f24688a9-7952-49d8-ba80-2bbad472379c.svfix_4-0-5.20160114.somatic.sv.tar.gz-download_time": 31, 
                "f24688a9-7952-49d8-ba80-2bbad472379c.svfix_4-0-5.20160114.somatic.sv.tar.gz-md5sum_time": 1, 
                "f24688a9-7952-49d8-ba80-2bbad472379c.svfix_4-0-5.20160114.somatic.sv.vcf.gz-download_time": 13, 
                "f24688a9-7952-49d8-ba80-2bbad472379c.svfix_4-0-5.20160114.somatic.sv.vcf.gz-md5sum_time": 0, 
                "f24688a9-7952-49d8-ba80-2bbad472379c.svfix_4-0-5.20160114.somatic.sv.vcf.gz.tbi-download_time": 13, 
                "f24688a9-7952-49d8-ba80-2bbad472379c.svfix_4-0-5.20160114.somatic.sv.vcf.gz.tbi-md5sum_time": 0, 
                "f5918722-ba5a-11e5-80c4-eb86eac6e0c4.xml-download_time": 14, 
                "f5918722-ba5a-11e5-80c4-eb86eac6e0c4.xml-md5sum_time": 0, 
                "start": 1454735344, 
                "stop": 1454735665, 
                "time": 321
            }
        }
    }, 
    "aliquot_id": null, 
    "available_repos": [
        {
            "https://gtrepo-osdc-icgc.annailabs.com/": {
                "file_md5sum": "66944d9996e62af3e5df5e5749b3d67f", 
                "file_size": 58551
            }
        }
    ], 
    "data_type": "Sanger-VCF", 
    "files": [
        {
            "file_md5sum": "2985d7b8c9c60053e455e1811f7ab585", 
            "file_name": "f24688a9-7952-49d8-ba80-2bbad472379c.svcp_1-0-5.20150626.somatic.snv_mnv.vcf.gz", 
            "file_size": 3861755, 
            "object_id": "1b052fa5-33ad-58c5-a6a6-c805bbf5bf71"
        }, 
        {
            "file_md5sum": "ba345d9e1295110b108241b602c65d8d", 
            "file_name": "f24688a9-7952-49d8-ba80-2bbad472379c.svcp_1-0-5.20150626.somatic.snv_mnv.vcf.gz.tbi", 
            "file_size": 668563, 
            "object_id": "3c3cb263-66a3-5bd5-9580-73c561d2113d"
        }, 
        {
            "file_md5sum": "3f07efbb213eab19d4b86b28f5345441", 
            "file_name": "f24688a9-7952-49d8-ba80-2bbad472379c.svcp_1-0-5.20150626.somatic.cnv.vcf.gz", 
            "file_size": 2172, 
            "object_id": "e68c66cd-8cfc-5c8c-8a77-d11fceec5439"
        }, 
        {
            "file_md5sum": "d74db200897906a3bf0fe7ffe28e8a8e", 
            "file_name": "f24688a9-7952-49d8-ba80-2bbad472379c.svcp_1-0-5.20150626.somatic.cnv.vcf.gz.tbi", 
            "file_size": 4321, 
            "object_id": "f38bebcc-5696-56b6-91ba-f5af63c94011"
        }, 
        {
            "file_md5sum": "416be1f29e458c0e8840574c19277274", 
            "file_name": "f24688a9-7952-49d8-ba80-2bbad472379c.svfix_4-0-5.20160114.somatic.sv.vcf.gz", 
            "file_size": 22191, 
            "object_id": "f28ca3ae-89b4-532b-a852-5093bf841624"
        }, 
        {
            "file_md5sum": "0ae089762054ebac1f2613a96babec4d", 
            "file_name": "f24688a9-7952-49d8-ba80-2bbad472379c.svfix_4-0-5.20160114.somatic.sv.vcf.gz.tbi", 
            "file_size": 2409, 
            "object_id": "67ca30be-afe3-5243-8865-e582a2325977"
        }, 
        {
            "file_md5sum": "9efa3e76197a81eac5f6264cc87a2ccc", 
            "file_name": "f24688a9-7952-49d8-ba80-2bbad472379c.svcp_1-0-5.20150626.somatic.indel.vcf.gz", 
            "file_size": 46279914, 
            "object_id": "bde26a94-f152-5977-825a-c673265d37b1"
        }, 
        {
            "file_md5sum": "407c5f678317640084b5739651c887f1", 
            "file_name": "f24688a9-7952-49d8-ba80-2bbad472379c.svcp_1-0-5.20150626.somatic.indel.vcf.gz.tbi", 
            "file_size": 1466179, 
            "object_id": "153dd377-9cad-54a1-aa55-7ac28f4b3c12"
        }, 
        {
            "file_md5sum": "73e7594e1d1bf91a7996921992aeb040", 
            "file_name": "f24688a9-7952-49d8-ba80-2bbad472379c.svcp_1-0-5.20150626.somatic.snv_mnv.tar.gz", 
            "file_size": 159202668, 
            "object_id": "98c1aa6a-7bfe-5167-88ab-ada1fcf91f90"
        }, 
        {
            "file_md5sum": "2b96ffd4f05abb7657ee9a1001779c99", 
            "file_name": "f24688a9-7952-49d8-ba80-2bbad472379c.svcp_1-0-5.20150626.somatic.cnv.tar.gz", 
            "file_size": 26704664, 
            "object_id": "22d0ad89-b49a-506d-8a4e-293af1601a48"
        }, 
        {
            "file_md5sum": "1369f5a24f5668b1d765bb0c3ae6f53a", 
            "file_name": "f24688a9-7952-49d8-ba80-2bbad472379c.svfix_4-0-5.20160114.somatic.sv.tar.gz", 
            "file_size": 289133284, 
            "object_id": "ca8ebf08-4d7e-55cd-88b6-65cd4409125d"
        }, 
        {
            "file_md5sum": "dc55a7ce6459225aad94caec154254a2",