{
    "_runs_": {
        "run_1453922897_c175ed84-1761-4a4c-8f21-415a2d0751d4": {
            "downloading": {
                "gnos-download_time": 158, 
                "start": 1453922934, 
                "stop": 1453923092, 
                "time": 158
            }, 
            "uploading": {
                "copy_meta_time": 1, 
                "start": 1453923106, 
                "stop": 1453923255, 
                "time": 149, 
                "upload_time": 147
            }
        }, 
        "run_1454512909_60fc05f8-63a9-4df7-b05d-94e3b6d0ae27": {
            "downloading": {
                "002e5e22-b9fb-11e5-a897-1d80eac6e0c4.xml-download_time": 13, 
                "002e5e22-b9fb-11e5-a897-1d80eac6e0c4.xml-md5sum_time": 0, 
                "9a015939-8810-4808-9dfa-fb60a1173bc7.svcp_1-0-6.20150825.somatic.cnv.tar.gz-download_time": 15, 
                "9a015939-8810-4808-9dfa-fb60a1173bc7.svcp_1-0-6.20150825.somatic.cnv.tar.gz-md5sum_time": 0, 
                "9a015939-8810-4808-9dfa-fb60a1173bc7.svcp_1-0-6.20150825.somatic.cnv.vcf.gz-download_time": 13, 
                "9a015939-8810-4808-9dfa-fb60a1173bc7.svcp_1-0-6.20150825.somatic.cnv.vcf.gz-md5sum_time": 0, 
                "9a015939-8810-4808-9dfa-fb60a1173bc7.svcp_1-0-6.20150825.somatic.cnv.vcf.gz.tbi-download_time": 13, 
                "9a015939-8810-4808-9dfa-fb60a1173bc7.svcp_1-0-6.20150825.somatic.cnv.vcf.gz.tbi-md5sum_time": 0, 
                "9a015939-8810-4808-9dfa-fb60a1173bc7.svcp_1-0-6.20150825.somatic.genotype.tar.gz-download_time": 14, 
                "9a015939-8810-4808-9dfa-fb60a1173bc7.svcp_1-0-6.20150825.somatic.genotype.tar.gz-md5sum_time": 0, 
                "9a015939-8810-4808-9dfa-fb60a1173bc7.svcp_1-0-6.20150825.somatic.imputeCounts.tar.gz-download_time": 43, 
                "9a015939-8810-4808-9dfa-fb60a1173bc7.svcp_1-0-6.20150825.somatic.imputeCounts.tar.gz-md5sum_time": 2, 
                "9a015939-8810-4808-9dfa-fb60a1173bc7.svcp_1-0-6.20150825.somatic.indel.tar.gz-download_time": 72, 
                "9a015939-8810-4808-9dfa-fb60a1173bc7.svcp_1-0-6.20150825.somatic.indel.tar.gz-md5sum_time": 4, 
                "9a015939-8810-4808-9dfa-fb60a1173bc7.svcp_1-0-6.20150825.somatic.indel.vcf.gz-download_time": 20, 
                "9a015939-8810-4808-9dfa-fb60a1173bc7.svcp_1-0-6.20150825.somatic.indel.vcf.gz-md5sum_time": 1, 
                "9a015939-8810-4808-9dfa-fb60a1173bc7.svcp_1-0-6.20150825.somatic.indel.vcf.gz.tbi-download_time": 12, 
                "9a015939-8810-4808-9dfa-fb60a1173bc7.svcp_1-0-6.20150825.somatic.indel.vcf.gz.tbi-md5sum_time": 0, 
                "9a015939-8810-4808-9dfa-fb60a1173bc7.svcp_1-0-6.20150825.somatic.snv_mnv.tar.gz-download_time": 23, 
                "9a015939-8810-4808-9dfa-fb60a1173bc7.svcp_1-0-6.20150825.somatic.snv_mnv.tar.gz-md5sum_time": 0, 
                "9a015939-8810-4808-9dfa-fb60a1173bc7.svcp_1-0-6.20150825.somatic.snv_mnv.vcf.gz-download_time": 17, 
                "9a015939-8810-4808-9dfa-fb60a1173bc7.svcp_1-0-6.20150825.somatic.snv_mnv.vcf.gz-md5sum_time": 0, 
                "9a015939-8810-4808-9dfa-fb60a1173bc7.svcp_1-0-6.20150825.somatic.snv_mnv.vcf.gz.tbi-download_time": 12, 
                "9a015939-8810-4808-9dfa-fb60a1173bc7.svcp_1-0-6.20150825.somatic.snv_mnv.vcf.gz.tbi-md5sum_time": 0, 
                "9a015939-8810-4808-9dfa-fb60a1173bc7.svcp_1-0-6.20150825.somatic.verifyBamId.tar.gz-download_time": 12, 
                "9a015939-8810-4808-9dfa-fb60a1173bc7.svcp_1-0-6.20150825.somatic.verifyBamId.tar.gz-md5sum_time": 0, 
                "9a015939-8810-4808-9dfa-fb60a1173bc7.svfix_4-0-5.20160113.somatic.sv.tar.gz-download_time": 29, 
                "9a015939-8810-4808-9dfa-fb60a1173bc7.svfix_4-0-5.20160113.somatic.sv.tar.gz-md5sum_time": 1, 
                "9a015939-8810-4808-9dfa-fb60a1173bc7.svfix_4-0-5.20160113.somatic.sv.vcf.gz-download_time": 13, 
                "9a015939-8810-4808-9dfa-fb60a1173bc7.svfix_4-0-5.20160113.somatic.sv.vcf.gz-md5sum_time": 0, 
                "9a015939-8810-4808-9dfa-fb60a1173bc7.svfix_4-0-5.20160113.somatic.sv.vcf.gz.tbi-download_time": 12, 
                "9a015939-8810-4808-9dfa-fb60a1173bc7.svfix_4-0-5.20160113.somatic.sv.vcf.gz.tbi-md5sum_time": 0, 
                "start": 1454512961, 
                "stop": 1454513302, 
                "time": 341
            }
        }
    }, 
    "aliquot_id": null, 
    "available_repos": [
        {
            "https://gtrepo-osdc-icgc.annailabs.com/": {
                "file_md5sum": "1e87277f792d5f341f0f053dbabd6a92", 
                "file_size": 59810
            }
        }
    ], 
    "data_type": "Sanger-VCF", 
    "files": [
        {
            "file_md5sum": "149e6531b8e6f2a0b3c1e4cd410b2b7e", 
            "file_name": "9a015939-8810-4808-9dfa-fb60a1173bc7.svcp_1-0-6.20150825.somatic.snv_mnv.vcf.gz", 
            "file_size": 4600214, 
            "object_id": "4e57fb92-4a06-5796-85f3-994ca3f0991a"
        }, 
        {
            "file_md5sum": "847617973bbfd9ec0afaa3165575c63a", 
            "file_name": "9a015939-8810-4808-9dfa-fb60a1173bc7.svcp_1-0-6.20150825.somatic.snv_mnv.vcf.gz.tbi", 
            "file_size": 512509, 
            "object_id": "90433beb-5324-559a-8599-fec81908f036"
        }, 
        {
            "file_md5sum": "4e9142a0935657328ecdf188f9318b5a", 
            "file_name": "9a015939-8810-4808-9dfa-fb60a1173bc7.svcp_1-0-6.20150825.somatic.cnv.vcf.gz", 
            "file_size": 2918, 
            "object_id": "cc2201cd-54ed-58ef-891d-f439d788fd86"
        }, 
        {
            "file_md5sum": "03225caecd4d82dffbad54db31a65cc1", 
            "file_name": "9a015939-8810-4808-9dfa-fb60a1173bc7.svcp_1-0-6.20150825.somatic.cnv.vcf.gz.tbi", 
            "file_size": 4936, 
            "object_id": "04a011b8-a3db-54b9-b150-536a9a4fdb1a"
        }, 
        {
            "file_md5sum": "6112a92c6655b946c0d23f1114d9a2f6", 
            "file_name": "9a015939-8810-4808-9dfa-fb60a1173bc7.svfix_4-0-5.20160113.somatic.sv.vcf.gz", 
            "file_size": 3453, 
            "object_id": "f9c86c9f-9c7c-54f6-96c5-cf4919c96e03"
        }, 
        {
            "file_md5sum": "f31a54d80e99cc68cdf01119e7cd93b9", 
            "file_name": "9a015939-8810-4808-9dfa-fb60a1173bc7.svfix_4-0-5.20160113.somatic.sv.vcf.gz.tbi", 
            "file_size": 272, 
            "object_id": "833bcde3-7df9-5c2b-b370-d75ecd6a93cd"
        }, 
        {
            "file_md5sum": "780572b1b544923a73f236e56a68929a", 
            "file_name": "9a015939-8810-4808-9dfa-fb60a1173bc7.svcp_1-0-6.20150825.somatic.indel.vcf.gz", 
            "file_size": 51688091, 
            "object_id": "9c2e5be1-b01e-571c-b6ff-e315cf1b0ee9"
        }, 
        {
            "file_md5sum": "fab6651700b613cd0079c2faca19cbee", 
            "file_name": "9a015939-8810-4808-9dfa-fb60a1173bc7.svcp_1-0-6.20150825.somatic.indel.vcf.gz.tbi", 
            "file_size": 1499444, 
            "object_id": "f05eff02-3dde-5c72-9e66-6d60fa912704"
        }, 
        {
            "file_md5sum": "ea25f66cf31e9e5d20a2c4d5af76b44b", 
            "file_name": "9a015939-8810-4808-9dfa-fb60a1173bc7.svcp_1-0-6.20150825.somatic.snv_mnv.tar.gz", 
            "file_size": 171097258, 
            "object_id": "b53b829c-a2e1-5264-ad96-4c063150d21b"
        }, 
        {
            "file_md5sum": "2cc4eecb0d0647b7db1588890aceeb4d", 
            "file_name": "9a015939-8810-4808-9dfa-fb60a1173bc7.svcp_1-0-6.20150825.somatic.cnv.tar.gz", 
            "file_size": 27023153, 
            "object_id": "576b826d-a0d1-57af-9afd-6b4b58223bb2"
        }, 
        {
            "file_md5sum": "f1938ed66916800c454dc0f6dcdfc2cd", 
            "file_name": "9a015939-8810-4808-9dfa-fb60a1173bc7.svfix_4-0-5.20160113.somatic.sv.tar.gz", 
            "file_size": 297175470, 
            "object_id": "8ba98155-86ac-5912-9351-48c9251031b4"
        }, 
        {
            "file_md5sum": "cc7ed8b06f42cfd62f148379c9858edc",