{
    "_runs_": {
        "run_1453925707_48c3c5ad-2118-4de3-b867-40dea8ad96eb": {
            "downloading": {
                "gnos-download_time": 96, 
                "start": 1453925745, 
                "stop": 1453925841, 
                "time": 96
            }, 
            "uploading": {
                "copy_meta_time": 2, 
                "start": 1453925847, 
                "stop": 1453925951, 
                "time": 104, 
                "upload_time": 101
            }
        }, 
        "run_1454512973_e3882142-08cf-45e0-9b4a-4bd52c15b4e1": {
            "downloading": {
                "032bb310-bada-11e5-9285-ff6ceac6e0c4.xml-download_time": 13, 
                "032bb310-bada-11e5-9285-ff6ceac6e0c4.xml-md5sum_time": 0, 
                "c3679262-63d7-463e-9501-6ab3f177aee8.svcp_1-0-5.20150306.somatic.cnv.tar.gz-download_time": 14, 
                "c3679262-63d7-463e-9501-6ab3f177aee8.svcp_1-0-5.20150306.somatic.cnv.tar.gz-md5sum_time": 0, 
                "c3679262-63d7-463e-9501-6ab3f177aee8.svcp_1-0-5.20150306.somatic.cnv.vcf.gz-download_time": 12, 
                "c3679262-63d7-463e-9501-6ab3f177aee8.svcp_1-0-5.20150306.somatic.cnv.vcf.gz-md5sum_time": 0, 
                "c3679262-63d7-463e-9501-6ab3f177aee8.svcp_1-0-5.20150306.somatic.cnv.vcf.gz.tbi-download_time": 13, 
                "c3679262-63d7-463e-9501-6ab3f177aee8.svcp_1-0-5.20150306.somatic.cnv.vcf.gz.tbi-md5sum_time": 0, 
                "c3679262-63d7-463e-9501-6ab3f177aee8.svcp_1-0-5.20150306.somatic.genotype.tar.gz-download_time": 15, 
                "c3679262-63d7-463e-9501-6ab3f177aee8.svcp_1-0-5.20150306.somatic.genotype.tar.gz-md5sum_time": 0, 
                "c3679262-63d7-463e-9501-6ab3f177aee8.svcp_1-0-5.20150306.somatic.imputeCounts.tar.gz-download_time": 46, 
                "c3679262-63d7-463e-9501-6ab3f177aee8.svcp_1-0-5.20150306.somatic.imputeCounts.tar.gz-md5sum_time": 1, 
                "c3679262-63d7-463e-9501-6ab3f177aee8.svcp_1-0-5.20150306.somatic.indel.tar.gz-download_time": 71, 
                "c3679262-63d7-463e-9501-6ab3f177aee8.svcp_1-0-5.20150306.somatic.indel.tar.gz-md5sum_time": 4, 
                "c3679262-63d7-463e-9501-6ab3f177aee8.svcp_1-0-5.20150306.somatic.indel.vcf.gz-download_time": 16, 
                "c3679262-63d7-463e-9501-6ab3f177aee8.svcp_1-0-5.20150306.somatic.indel.vcf.gz-md5sum_time": 1, 
                "c3679262-63d7-463e-9501-6ab3f177aee8.svcp_1-0-5.20150306.somatic.indel.vcf.gz.tbi-download_time": 12, 
                "c3679262-63d7-463e-9501-6ab3f177aee8.svcp_1-0-5.20150306.somatic.indel.vcf.gz.tbi-md5sum_time": 1, 
                "c3679262-63d7-463e-9501-6ab3f177aee8.svcp_1-0-5.20150306.somatic.snv_mnv.tar.gz-download_time": 22, 
                "c3679262-63d7-463e-9501-6ab3f177aee8.svcp_1-0-5.20150306.somatic.snv_mnv.tar.gz-md5sum_time": 1, 
                "c3679262-63d7-463e-9501-6ab3f177aee8.svcp_1-0-5.20150306.somatic.snv_mnv.vcf.gz-download_time": 13, 
                "c3679262-63d7-463e-9501-6ab3f177aee8.svcp_1-0-5.20150306.somatic.snv_mnv.vcf.gz-md5sum_time": 0, 
                "c3679262-63d7-463e-9501-6ab3f177aee8.svcp_1-0-5.20150306.somatic.snv_mnv.vcf.gz.tbi-download_time": 13, 
                "c3679262-63d7-463e-9501-6ab3f177aee8.svcp_1-0-5.20150306.somatic.snv_mnv.vcf.gz.tbi-md5sum_time": 0, 
                "c3679262-63d7-463e-9501-6ab3f177aee8.svcp_1-0-5.20150306.somatic.verifyBamId.tar.gz-download_time": 12, 
                "c3679262-63d7-463e-9501-6ab3f177aee8.svcp_1-0-5.20150306.somatic.verifyBamId.tar.gz-md5sum_time": 0, 
                "c3679262-63d7-463e-9501-6ab3f177aee8.svfix_4-0-5.20160114.somatic.sv.tar.gz-download_time": 29, 
                "c3679262-63d7-463e-9501-6ab3f177aee8.svfix_4-0-5.20160114.somatic.sv.tar.gz-md5sum_time": 1, 
                "c3679262-63d7-463e-9501-6ab3f177aee8.svfix_4-0-5.20160114.somatic.sv.vcf.gz-download_time": 13, 
                "c3679262-63d7-463e-9501-6ab3f177aee8.svfix_4-0-5.20160114.somatic.sv.vcf.gz-md5sum_time": 0, 
                "c3679262-63d7-463e-9501-6ab3f177aee8.svfix_4-0-5.20160114.somatic.sv.vcf.gz.tbi-download_time": 13, 
                "c3679262-63d7-463e-9501-6ab3f177aee8.svfix_4-0-5.20160114.somatic.sv.vcf.gz.tbi-md5sum_time": 0, 
                "start": 1454514440, 
                "stop": 1454514776, 
                "time": 336
            }
        }
    }, 
    "aliquot_id": null, 
    "available_repos": [
        {
            "https://gtrepo-osdc-icgc.annailabs.com/": {
                "file_md5sum": "05d1962f3aff5f3e84cdff15c375811d", 
                "file_size": 59716
            }
        }
    ], 
    "data_type": "Sanger-VCF", 
    "files": [
        {
            "file_md5sum": "4c63cc793918499c4b658e4b8c074e4f", 
            "file_name": "c3679262-63d7-463e-9501-6ab3f177aee8.svcp_1-0-5.20150306.somatic.snv_mnv.vcf.gz", 
            "file_size": 1746953, 
            "object_id": "7e599d87-272a-561d-a81e-3a1a318887cb"
        }, 
        {
            "file_md5sum": "83670bd82f7e6c5733f3ee055841c9f9", 
            "file_name": "c3679262-63d7-463e-9501-6ab3f177aee8.svcp_1-0-5.20150306.somatic.snv_mnv.vcf.gz.tbi", 
            "file_size": 299500, 
            "object_id": "e815a607-ab91-5029-9305-660272ab0cd9"
        }, 
        {
            "file_md5sum": "c9a028c0a14a8552aa894b3c9b76b9e4", 
            "file_name": "c3679262-63d7-463e-9501-6ab3f177aee8.svcp_1-0-5.20150306.somatic.cnv.vcf.gz", 
            "file_size": 3008, 
            "object_id": "24f3cc26-8459-526f-8d10-fc6404825511"
        }, 
        {
            "file_md5sum": "5ee5a51ec0a37f6e7ef244fd3409aa10", 
            "file_name": "c3679262-63d7-463e-9501-6ab3f177aee8.svcp_1-0-5.20150306.somatic.cnv.vcf.gz.tbi", 
            "file_size": 4913, 
            "object_id": "ad8f475c-a74e-5f9b-8e7a-4d0cbe359648"
        }, 
        {
            "file_md5sum": "861eeb00f8f2a24524269dc7bf97d504", 
            "file_name": "c3679262-63d7-463e-9501-6ab3f177aee8.svfix_4-0-5.20160114.somatic.sv.vcf.gz", 
            "file_size": 5331, 
            "object_id": "113cccb7-f8e6-5ad5-b945-abaaaa6008cc"
        }, 
        {
            "file_md5sum": "d3d287d09b0e65b7522498121cfa66d3", 
            "file_name": "c3679262-63d7-463e-9501-6ab3f177aee8.svfix_4-0-5.20160114.somatic.sv.vcf.gz.tbi", 
            "file_size": 468, 
            "object_id": "bed5e027-29db-5943-8a40-ce8ff76e6513"
        }, 
        {
            "file_md5sum": "529b5b3b2cc7cb09624ffd236cfd3ea2", 
            "file_name": "c3679262-63d7-463e-9501-6ab3f177aee8.svcp_1-0-5.20150306.somatic.indel.vcf.gz", 
            "file_size": 54986884, 
            "object_id": "8a9abf75-01af-5dfc-a0fd-6b0f5f83bd37"
        }, 
        {
            "file_md5sum": "0b646f784e10c406de200b513d2cc6a4", 
            "file_name": "c3679262-63d7-463e-9501-6ab3f177aee8.svcp_1-0-5.20150306.somatic.indel.vcf.gz.tbi", 
            "file_size": 1511739, 
            "object_id": "039855ae-c35d-5550-af9c-73055341db0a"
        }, 
        {
            "file_md5sum": "973935d41fab123f87c9c28672b198c6", 
            "file_name": "c3679262-63d7-463e-9501-6ab3f177aee8.svcp_1-0-5.20150306.somatic.snv_mnv.tar.gz", 
            "file_size": 165547405, 
            "object_id": "985a11b5-cb9e-53e1-bbca-c3610b957e74"
        }, 
        {
            "file_md5sum": "4eb16787d579c0e04d59bb3c70a73325", 
            "file_name": "c3679262-63d7-463e-9501-6ab3f177aee8.svcp_1-0-5.20150306.somatic.cnv.tar.gz", 
            "file_size": 26934221, 
            "object_id": "886f669d-5498-5f0e-af0b-b041f05c2e35"
        }, 
        {
            "file_md5sum": "c99968f55eb6583356062c790064c7d1", 
            "file_name": "c3679262-63d7-463e-9501-6ab3f177aee8.svfix_4-0-5.20160114.somatic.sv.tar.gz", 
            "file_size": 253328030, 
            "object_id": "1007f94c-1850-5f0b-8d28-b78119466dbb"
        }, 
        {
            "file_md5sum": "92bf86772bb78d867da1c6b88dd928c8",