{
    "_runs_": {
        "run_1454285764_f0bb0d9b-b6aa-4910-82ec-98267388a489": {
            "downloading": {
                "gnos-download_time": 31, 
                "start": 1454285874, 
                "stop": 1454285905, 
                "time": 31
            }, 
            "uploading": {
                "copy_meta_time": 1, 
                "start": 1454285909, 
                "stop": 1454285935, 
                "time": 26, 
                "upload_time": 25
            }
        }, 
        "run_1454512973_e3882142-08cf-45e0-9b4a-4bd52c15b4e1": {
            "downloading": {
                "086efe5d-fbbe-40d4-995a-1d7c53c591a9.xml-download_time": 13, 
                "086efe5d-fbbe-40d4-995a-1d7c53c591a9.xml-md5sum_time": 0, 
                "d2e4dc23-992d-4e44-add4-2972718083cb.broad-dRanger.20150918.somatic.sv.vcf.gz-download_time": 13, 
                "d2e4dc23-992d-4e44-add4-2972718083cb.broad-dRanger.20150918.somatic.sv.vcf.gz-md5sum_time": 0, 
                "d2e4dc23-992d-4e44-add4-2972718083cb.broad-dRanger.20150918.somatic.sv.vcf.gz.idx-download_time": 13, 
                "d2e4dc23-992d-4e44-add4-2972718083cb.broad-dRanger.20150918.somatic.sv.vcf.gz.idx-md5sum_time": 0, 
                "d2e4dc23-992d-4e44-add4-2972718083cb.broad-dRanger_snowman.20150918.somatic.sv.vcf.gz-download_time": 13, 
                "d2e4dc23-992d-4e44-add4-2972718083cb.broad-dRanger_snowman.20150918.somatic.sv.vcf.gz-md5sum_time": 0, 
                "d2e4dc23-992d-4e44-add4-2972718083cb.broad-dRanger_snowman.20150918.somatic.sv.vcf.gz.idx-download_time": 13, 
                "d2e4dc23-992d-4e44-add4-2972718083cb.broad-dRanger_snowman.20150918.somatic.sv.vcf.gz.idx-md5sum_time": 0, 
                "d2e4dc23-992d-4e44-add4-2972718083cb.broad-mutect-v2.20151112.somatic.snv_mnv.vcf.gz-download_time": 12, 
                "d2e4dc23-992d-4e44-add4-2972718083cb.broad-mutect-v2.20151112.somatic.snv_mnv.vcf.gz-md5sum_time": 0, 
                "d2e4dc23-992d-4e44-add4-2972718083cb.broad-mutect-v2.20151112.somatic.snv_mnv.vcf.gz.idx-download_time": 13, 
                "d2e4dc23-992d-4e44-add4-2972718083cb.broad-mutect-v2.20151112.somatic.snv_mnv.vcf.gz.idx-md5sum_time": 0, 
                "d2e4dc23-992d-4e44-add4-2972718083cb.broad-snowman.20150918.germline.indel.vcf.gz-download_time": 14, 
                "d2e4dc23-992d-4e44-add4-2972718083cb.broad-snowman.20150918.germline.indel.vcf.gz-md5sum_time": 0, 
                "d2e4dc23-992d-4e44-add4-2972718083cb.broad-snowman.20150918.germline.indel.vcf.gz.idx-download_time": 13, 
                "d2e4dc23-992d-4e44-add4-2972718083cb.broad-snowman.20150918.germline.indel.vcf.gz.idx-md5sum_time": 0, 
                "d2e4dc23-992d-4e44-add4-2972718083cb.broad-snowman.20150918.germline.sv.vcf.gz-download_time": 13, 
                "d2e4dc23-992d-4e44-add4-2972718083cb.broad-snowman.20150918.germline.sv.vcf.gz-md5sum_time": 0, 
                "d2e4dc23-992d-4e44-add4-2972718083cb.broad-snowman.20150918.germline.sv.vcf.gz.idx-download_time": 13, 
                "d2e4dc23-992d-4e44-add4-2972718083cb.broad-snowman.20150918.germline.sv.vcf.gz.idx-md5sum_time": 0, 
                "d2e4dc23-992d-4e44-add4-2972718083cb.broad-snowman.20150918.somatic.indel.vcf.gz-download_time": 13, 
                "d2e4dc23-992d-4e44-add4-2972718083cb.broad-snowman.20150918.somatic.indel.vcf.gz-md5sum_time": 0, 
                "d2e4dc23-992d-4e44-add4-2972718083cb.broad-snowman.20150918.somatic.indel.vcf.gz.idx-download_time": 13, 
                "d2e4dc23-992d-4e44-add4-2972718083cb.broad-snowman.20150918.somatic.indel.vcf.gz.idx-md5sum_time": 0, 
                "d2e4dc23-992d-4e44-add4-2972718083cb.broad-snowman.20150918.somatic.sv.vcf.gz-download_time": 13, 
                "d2e4dc23-992d-4e44-add4-2972718083cb.broad-snowman.20150918.somatic.sv.vcf.gz-md5sum_time": 0, 
                "d2e4dc23-992d-4e44-add4-2972718083cb.broad-snowman.20150918.somatic.sv.vcf.gz.idx-download_time": 13, 
                "d2e4dc23-992d-4e44-add4-2972718083cb.broad-snowman.20150918.somatic.sv.vcf.gz.idx-md5sum_time": 0, 
                "start": 1454521758, 
                "stop": 1454521953, 
                "time": 195
            }
        }
    }, 
    "aliquot_id": null, 
    "available_repos": [
        {
            "https://gtrepo-osdc-icgc.annailabs.com/": {
                "file_md5sum": "fbdfc7bfaf834d4db45271462ab52216", 
                "file_size": 41134
            }
        }
    ], 
    "data_type": "Broad-VCF", 
    "files": [
        {
            "file_md5sum": "c8a93128ea8b0d6fad3f3d9035829409", 
            "file_name": "d2e4dc23-992d-4e44-add4-2972718083cb.broad-mutect-v2.20151112.somatic.snv_mnv.vcf.gz.idx", 
            "file_size": 88003, 
            "object_id": "c37be659-81a0-5dea-91db-6a882a801546"
        }, 
        {
            "file_md5sum": "8901968e457ec5e35ea84c09dc9543df", 
            "file_name": "d2e4dc23-992d-4e44-add4-2972718083cb.broad-mutect-v2.20151112.somatic.snv_mnv.vcf.gz", 
            "file_size": 217794, 
            "object_id": "bdf4dda0-b26b-5ef1-8a8b-abff1dbe28ae"
        }, 
        {
            "file_md5sum": "fe391c15b08d97b4605727c4ed1dbe5c", 
            "file_name": "d2e4dc23-992d-4e44-add4-2972718083cb.broad-snowman.20150918.somatic.sv.vcf.gz.idx", 
            "file_size": 10213, 
            "object_id": "29e8cea1-f60b-5fb1-ab80-e8b9d5725ee2"
        }, 
        {
            "file_md5sum": "8b38fc620776ebb0485f72c454ea5812", 
            "file_name": "d2e4dc23-992d-4e44-add4-2972718083cb.broad-snowman.20150918.somatic.sv.vcf.gz", 
            "file_size": 119047, 
            "object_id": "52e45ba6-2cb8-5839-a406-424773287e85"
        }, 
        {
            "file_md5sum": "66ca04737c589e5d9193f9dff0c29ed2", 
            "file_name": "d2e4dc23-992d-4e44-add4-2972718083cb.broad-dRanger.20150918.somatic.sv.vcf.gz", 
            "file_size": 74543, 
            "object_id": "ac193923-936e-532a-b148-5a53f6844a29"
        }, 
        {
            "file_md5sum": "fda40e43cd1236bdc5a9d0fedddc2ef5", 
            "file_name": "d2e4dc23-992d-4e44-add4-2972718083cb.broad-snowman.20150918.germline.indel.vcf.gz.idx", 
            "file_size": 1055196, 
            "object_id": "8d8dc504-1b6c-53e7-b877-1408017cff30"
        }, 
        {
            "file_md5sum": "a62fbe26254add6f8793598f6bcb93fd", 
            "file_name": "d2e4dc23-992d-4e44-add4-2972718083cb.broad-snowman.20150918.germline.indel.vcf.gz", 
            "file_size": 11094491, 
            "object_id": "d0368bbc-aca9-5b37-8e6e-6c1d3568d01d"
        }, 
        {
            "file_md5sum": "9815231c077fa3635ac3fc3f94b9c3d1", 
            "file_name": "d2e4dc23-992d-4e44-add4-2972718083cb.broad-dRanger.20150918.somatic.sv.vcf.gz.idx", 
            "file_size": 8122, 
            "object_id": "16c2ff60-c6a0-531b-b6bc-81fa2b9579b9"
        }, 
        {
            "file_md5sum": "8af1696c73658168d53e25a86cb84248", 
            "file_name": "d2e4dc23-992d-4e44-add4-2972718083cb.broad-snowman.20150918.somatic.indel.vcf.gz.idx", 
            "file_size": 11176, 
            "object_id": "65e6a9d2-e290-539f-ac16-0ee514da1dff"
        }, 
        {
            "file_md5sum": "2d79a76babfad3e175edbf986fa7497c", 
            "file_name": "d2e4dc23-992d-4e44-add4-2972718083cb.broad-snowman.20150918.germline.sv.vcf.gz.idx", 
            "file_size": 58100, 
            "object_id": "f9df8bad-f1ed-5412-98d7-86e0c63ec761"
        }, 
        {
            "file_md5sum": "a2780a46c9f4a7e5041bafa58123ac8b", 
            "file_name": "d2e4dc23-992d-4e44-add4-2972718083cb.broad-dRanger_snowman.20150918.somatic.sv.vcf.gz", 
            "file_size": 126115, 
            "object_id": "b6924a9f-f75e-5778-9067-448d055d6f29"
        }, 
        {
            "file_md5sum": "2821de1af8d068d03cbe23dd262fc95b", 
            "file_name": "d2e4dc23-992d-4e44-add4-2972718083cb.broad-snowman.20150918.somatic.indel.vcf.gz",