{
    "_runs_": {
        "run_1453925626_6d7b7fbf-a1b5-42ee-9dd2-728eb76cb7c0": {
            "downloading": {
                "gnos-download_time": 118, 
                "start": 1453926434, 
                "stop": 1453926552, 
                "time": 118
            }, 
            "uploading": {
                "copy_meta_time": 2, 
                "start": 1453926562, 
                "stop": 1453926689, 
                "time": 127, 
                "upload_time": 125
            }
        }, 
        "run_1454512973_e3882142-08cf-45e0-9b4a-4bd52c15b4e1": {
            "downloading": {
                "08df7ab6-b9ff-11e5-a12d-1d80eac6e0c4.xml-download_time": 13, 
                "08df7ab6-b9ff-11e5-a12d-1d80eac6e0c4.xml-md5sum_time": 0, 
                "bb02202f-d140-4bec-95ce-5c2b117a2167.svcp_1-0-7.20150627.somatic.cnv.tar.gz-download_time": 14, 
                "bb02202f-d140-4bec-95ce-5c2b117a2167.svcp_1-0-7.20150627.somatic.cnv.tar.gz-md5sum_time": 1, 
                "bb02202f-d140-4bec-95ce-5c2b117a2167.svcp_1-0-7.20150627.somatic.cnv.vcf.gz-download_time": 13, 
                "bb02202f-d140-4bec-95ce-5c2b117a2167.svcp_1-0-7.20150627.somatic.cnv.vcf.gz-md5sum_time": 0, 
                "bb02202f-d140-4bec-95ce-5c2b117a2167.svcp_1-0-7.20150627.somatic.cnv.vcf.gz.tbi-download_time": 12, 
                "bb02202f-d140-4bec-95ce-5c2b117a2167.svcp_1-0-7.20150627.somatic.cnv.vcf.gz.tbi-md5sum_time": 0, 
                "bb02202f-d140-4bec-95ce-5c2b117a2167.svcp_1-0-7.20150627.somatic.genotype.tar.gz-download_time": 14, 
                "bb02202f-d140-4bec-95ce-5c2b117a2167.svcp_1-0-7.20150627.somatic.genotype.tar.gz-md5sum_time": 0, 
                "bb02202f-d140-4bec-95ce-5c2b117a2167.svcp_1-0-7.20150627.somatic.imputeCounts.tar.gz-download_time": 38, 
                "bb02202f-d140-4bec-95ce-5c2b117a2167.svcp_1-0-7.20150627.somatic.imputeCounts.tar.gz-md5sum_time": 2, 
                "bb02202f-d140-4bec-95ce-5c2b117a2167.svcp_1-0-7.20150627.somatic.indel.tar.gz-download_time": 82, 
                "bb02202f-d140-4bec-95ce-5c2b117a2167.svcp_1-0-7.20150627.somatic.indel.tar.gz-md5sum_time": 4, 
                "bb02202f-d140-4bec-95ce-5c2b117a2167.svcp_1-0-7.20150627.somatic.indel.vcf.gz-download_time": 18, 
                "bb02202f-d140-4bec-95ce-5c2b117a2167.svcp_1-0-7.20150627.somatic.indel.vcf.gz-md5sum_time": 0, 
                "bb02202f-d140-4bec-95ce-5c2b117a2167.svcp_1-0-7.20150627.somatic.indel.vcf.gz.tbi-download_time": 13, 
                "bb02202f-d140-4bec-95ce-5c2b117a2167.svcp_1-0-7.20150627.somatic.indel.vcf.gz.tbi-md5sum_time": 1, 
                "bb02202f-d140-4bec-95ce-5c2b117a2167.svcp_1-0-7.20150627.somatic.snv_mnv.tar.gz-download_time": 22, 
                "bb02202f-d140-4bec-95ce-5c2b117a2167.svcp_1-0-7.20150627.somatic.snv_mnv.tar.gz-md5sum_time": 1, 
                "bb02202f-d140-4bec-95ce-5c2b117a2167.svcp_1-0-7.20150627.somatic.snv_mnv.vcf.gz-download_time": 14, 
                "bb02202f-d140-4bec-95ce-5c2b117a2167.svcp_1-0-7.20150627.somatic.snv_mnv.vcf.gz-md5sum_time": 0, 
                "bb02202f-d140-4bec-95ce-5c2b117a2167.svcp_1-0-7.20150627.somatic.snv_mnv.vcf.gz.tbi-download_time": 13, 
                "bb02202f-d140-4bec-95ce-5c2b117a2167.svcp_1-0-7.20150627.somatic.snv_mnv.vcf.gz.tbi-md5sum_time": 0, 
                "bb02202f-d140-4bec-95ce-5c2b117a2167.svcp_1-0-7.20150627.somatic.verifyBamId.tar.gz-download_time": 13, 
                "bb02202f-d140-4bec-95ce-5c2b117a2167.svcp_1-0-7.20150627.somatic.verifyBamId.tar.gz-md5sum_time": 0, 
                "bb02202f-d140-4bec-95ce-5c2b117a2167.svfix_4-0-5.20160113.somatic.sv.tar.gz-download_time": 33, 
                "bb02202f-d140-4bec-95ce-5c2b117a2167.svfix_4-0-5.20160113.somatic.sv.tar.gz-md5sum_time": 1, 
                "bb02202f-d140-4bec-95ce-5c2b117a2167.svfix_4-0-5.20160113.somatic.sv.vcf.gz-download_time": 13, 
                "bb02202f-d140-4bec-95ce-5c2b117a2167.svfix_4-0-5.20160113.somatic.sv.vcf.gz-md5sum_time": 0, 
                "bb02202f-d140-4bec-95ce-5c2b117a2167.svfix_4-0-5.20160113.somatic.sv.vcf.gz.tbi-download_time": 13, 
                "bb02202f-d140-4bec-95ce-5c2b117a2167.svfix_4-0-5.20160113.somatic.sv.vcf.gz.tbi-md5sum_time": 0, 
                "start": 1454522874, 
                "stop": 1454523223, 
                "time": 349
            }
        }
    }, 
    "aliquot_id": null, 
    "available_repos": [
        {
            "https://gtrepo-osdc-icgc.annailabs.com/": {
                "file_md5sum": "8fac6062d03f54d216786dd6eacc0a48", 
                "file_size": 59063
            }
        }
    ], 
    "data_type": "Sanger-VCF", 
    "files": [
        {
            "file_md5sum": "c6563faa9bf0030f71922a2d11f04a60", 
            "file_name": "bb02202f-d140-4bec-95ce-5c2b117a2167.svcp_1-0-7.20150627.somatic.snv_mnv.vcf.gz", 
            "file_size": 7192198, 
            "object_id": "5048dcd5-a57b-5374-b5b2-2a2a262cf616"
        }, 
        {
            "file_md5sum": "44877d35559b6c60f8dbf61ec5dd393d", 
            "file_name": "bb02202f-d140-4bec-95ce-5c2b117a2167.svcp_1-0-7.20150627.somatic.snv_mnv.vcf.gz.tbi", 
            "file_size": 706309, 
            "object_id": "b972df6e-6bfa-5e39-86f9-a1500ceb47f9"
        }, 
        {
            "file_md5sum": "ec03dea8eb6bf493d831af61604ad5b6", 
            "file_name": "bb02202f-d140-4bec-95ce-5c2b117a2167.svcp_1-0-7.20150627.somatic.cnv.vcf.gz", 
            "file_size": 3156, 
            "object_id": "062112f7-7a78-51cc-9006-f49eff7684b5"
        }, 
        {
            "file_md5sum": "d742d4976ed06bb6f2dfa0264dd5a238", 
            "file_name": "bb02202f-d140-4bec-95ce-5c2b117a2167.svcp_1-0-7.20150627.somatic.cnv.vcf.gz.tbi", 
            "file_size": 5058, 
            "object_id": "da35f0fd-0010-57e0-a686-d57e94488560"
        }, 
        {
            "file_md5sum": "e1dc3031d2d8206d7f00c71ebe47cf50", 
            "file_name": "bb02202f-d140-4bec-95ce-5c2b117a2167.svfix_4-0-5.20160113.somatic.sv.vcf.gz", 
            "file_size": 53694, 
            "object_id": "de945a55-9171-5337-a7b3-21030574d7c4"
        }, 
        {
            "file_md5sum": "df5980cc143ebdc9a007afaf45be099c", 
            "file_name": "bb02202f-d140-4bec-95ce-5c2b117a2167.svfix_4-0-5.20160113.somatic.sv.vcf.gz.tbi", 
            "file_size": 5046, 
            "object_id": "fe543d4a-6146-588d-a95c-0140ca16b811"
        }, 
        {
            "file_md5sum": "9ad35a9b15bbead53801d75c9cdd55cc", 
            "file_name": "bb02202f-d140-4bec-95ce-5c2b117a2167.svcp_1-0-7.20150627.somatic.indel.vcf.gz", 
            "file_size": 67797892, 
            "object_id": "4b898f41-0458-54d4-bc9c-0427a2fd82cd"
        }, 
        {
            "file_md5sum": "0094f3e002ae41baa558cded039e07fe", 
            "file_name": "bb02202f-d140-4bec-95ce-5c2b117a2167.svcp_1-0-7.20150627.somatic.indel.vcf.gz.tbi", 
            "file_size": 1560443, 
            "object_id": "d734bf11-e88d-5a8d-92ad-81958a924253"
        }, 
        {
            "file_md5sum": "045092f28a3334a54bbfa055bac70c91", 
            "file_name": "bb02202f-d140-4bec-95ce-5c2b117a2167.svcp_1-0-7.20150627.somatic.snv_mnv.tar.gz", 
            "file_size": 174024267, 
            "object_id": "ecf4634a-53b4-5987-ab46-d961284ca855"
        }, 
        {
            "file_md5sum": "855535b04a0685a0b3975d741b8895c4", 
            "file_name": "bb02202f-d140-4bec-95ce-5c2b117a2167.svcp_1-0-7.20150627.somatic.cnv.tar.gz", 
            "file_size": 27049796, 
            "object_id": "e3a0ba53-9086-5b08-b45c-1a61fc20a7bc"
        }, 
        {
            "file_md5sum": "3ea86b41b01759d60f3c82b755a356f2", 
            "file_name": "bb02202f-d140-4bec-95ce-5c2b117a2167.svfix_4-0-5.20160113.somatic.sv.tar.gz", 
            "file_size": 297095174, 
            "object_id": "c2c9e7b0-a0a3-55e8-a320-35b43b58322c"
        }, 
        {
            "file_md5sum": "d5be7e974c0e4f5c6d66a6ede33e5c3c",