{
    "_runs_": {
        "run_1453925873_9b41f8fc-73b9-4bae-aac6-f1f67f3d9f45": {
            "downloading": {
                "gnos-download_time": 122, 
                "start": 1453927454, 
                "stop": 1453927576, 
                "time": 122
            }, 
            "uploading": {
                "copy_meta_time": 2, 
                "start": 1453927591, 
                "stop": 1453927710, 
                "time": 119, 
                "upload_time": 117
            }
        }, 
        "run_1454534801_ebb91d32-852a-4dd9-8da4-b43e5a099d05": {
            "downloading": {
                "0f3aa4e4-bb85-11e5-970c-81cbeac6e0c4.xml-download_time": 15, 
                "0f3aa4e4-bb85-11e5-970c-81cbeac6e0c4.xml-md5sum_time": 0, 
                "f5bb7ae4-4bb4-4e87-b83c-bc8620584989.svcp_1-0-4.20150207.somatic.cnv.tar.gz-download_time": 17, 
                "f5bb7ae4-4bb4-4e87-b83c-bc8620584989.svcp_1-0-4.20150207.somatic.cnv.tar.gz-md5sum_time": 0, 
                "f5bb7ae4-4bb4-4e87-b83c-bc8620584989.svcp_1-0-4.20150207.somatic.cnv.vcf.gz-download_time": 14, 
                "f5bb7ae4-4bb4-4e87-b83c-bc8620584989.svcp_1-0-4.20150207.somatic.cnv.vcf.gz-md5sum_time": 0, 
                "f5bb7ae4-4bb4-4e87-b83c-bc8620584989.svcp_1-0-4.20150207.somatic.cnv.vcf.gz.tbi-download_time": 15, 
                "f5bb7ae4-4bb4-4e87-b83c-bc8620584989.svcp_1-0-4.20150207.somatic.cnv.vcf.gz.tbi-md5sum_time": 0, 
                "f5bb7ae4-4bb4-4e87-b83c-bc8620584989.svcp_1-0-4.20150207.somatic.genotype.tar.gz-download_time": 15, 
                "f5bb7ae4-4bb4-4e87-b83c-bc8620584989.svcp_1-0-4.20150207.somatic.genotype.tar.gz-md5sum_time": 0, 
                "f5bb7ae4-4bb4-4e87-b83c-bc8620584989.svcp_1-0-4.20150207.somatic.imputeCounts.tar.gz-download_time": 45, 
                "f5bb7ae4-4bb4-4e87-b83c-bc8620584989.svcp_1-0-4.20150207.somatic.imputeCounts.tar.gz-md5sum_time": 2, 
                "f5bb7ae4-4bb4-4e87-b83c-bc8620584989.svcp_1-0-4.20150207.somatic.indel.tar.gz-download_time": 87, 
                "f5bb7ae4-4bb4-4e87-b83c-bc8620584989.svcp_1-0-4.20150207.somatic.indel.tar.gz-md5sum_time": 4, 
                "f5bb7ae4-4bb4-4e87-b83c-bc8620584989.svcp_1-0-4.20150207.somatic.indel.vcf.gz-download_time": 19, 
                "f5bb7ae4-4bb4-4e87-b83c-bc8620584989.svcp_1-0-4.20150207.somatic.indel.vcf.gz-md5sum_time": 0, 
                "f5bb7ae4-4bb4-4e87-b83c-bc8620584989.svcp_1-0-4.20150207.somatic.indel.vcf.gz.tbi-download_time": 15, 
                "f5bb7ae4-4bb4-4e87-b83c-bc8620584989.svcp_1-0-4.20150207.somatic.indel.vcf.gz.tbi-md5sum_time": 0, 
                "f5bb7ae4-4bb4-4e87-b83c-bc8620584989.svcp_1-0-4.20150207.somatic.snv_mnv.tar.gz-download_time": 26, 
                "f5bb7ae4-4bb4-4e87-b83c-bc8620584989.svcp_1-0-4.20150207.somatic.snv_mnv.tar.gz-md5sum_time": 0, 
                "f5bb7ae4-4bb4-4e87-b83c-bc8620584989.svcp_1-0-4.20150207.somatic.snv_mnv.vcf.gz-download_time": 16, 
                "f5bb7ae4-4bb4-4e87-b83c-bc8620584989.svcp_1-0-4.20150207.somatic.snv_mnv.vcf.gz-md5sum_time": 0, 
                "f5bb7ae4-4bb4-4e87-b83c-bc8620584989.svcp_1-0-4.20150207.somatic.snv_mnv.vcf.gz.tbi-download_time": 14, 
                "f5bb7ae4-4bb4-4e87-b83c-bc8620584989.svcp_1-0-4.20150207.somatic.snv_mnv.vcf.gz.tbi-md5sum_time": 0, 
                "f5bb7ae4-4bb4-4e87-b83c-bc8620584989.svcp_1-0-4.20150207.somatic.verifyBamId.tar.gz-download_time": 15, 
                "f5bb7ae4-4bb4-4e87-b83c-bc8620584989.svcp_1-0-4.20150207.somatic.verifyBamId.tar.gz-md5sum_time": 0, 
                "f5bb7ae4-4bb4-4e87-b83c-bc8620584989.svfix_4-0-5.20160115.somatic.sv.tar.gz-download_time": 33, 
                "f5bb7ae4-4bb4-4e87-b83c-bc8620584989.svfix_4-0-5.20160115.somatic.sv.tar.gz-md5sum_time": 1, 
                "f5bb7ae4-4bb4-4e87-b83c-bc8620584989.svfix_4-0-5.20160115.somatic.sv.vcf.gz-download_time": 14, 
                "f5bb7ae4-4bb4-4e87-b83c-bc8620584989.svfix_4-0-5.20160115.somatic.sv.vcf.gz-md5sum_time": 0, 
                "f5bb7ae4-4bb4-4e87-b83c-bc8620584989.svfix_4-0-5.20160115.somatic.sv.vcf.gz.tbi-download_time": 14, 
                "f5bb7ae4-4bb4-4e87-b83c-bc8620584989.svfix_4-0-5.20160115.somatic.sv.vcf.gz.tbi-md5sum_time": 0, 
                "start": 1454535199, 
                "stop": 1454535580, 
                "time": 381
            }
        }
    }, 
    "aliquot_id": null, 
    "available_repos": [
        {
            "https://gtrepo-osdc-icgc.annailabs.com/": {
                "file_md5sum": "95d3ea122efefb50b594f962574943a4", 
                "file_size": 57886
            }
        }
    ], 
    "data_type": "Sanger-VCF", 
    "files": [
        {
            "file_md5sum": "d06cabe05be3b75486e96858c665657f", 
            "file_name": "f5bb7ae4-4bb4-4e87-b83c-bc8620584989.svcp_1-0-4.20150207.somatic.snv_mnv.vcf.gz", 
            "file_size": 4016588, 
            "object_id": "f7d70c0f-294a-539c-bb9f-39e995b1d883"
        }, 
        {
            "file_md5sum": "df2c7f22f3bf368bef82b860e9c87350", 
            "file_name": "f5bb7ae4-4bb4-4e87-b83c-bc8620584989.svcp_1-0-4.20150207.somatic.snv_mnv.vcf.gz.tbi", 
            "file_size": 523078, 
            "object_id": "8b29f7e7-eb89-57ad-98b5-438e70e18908"
        }, 
        {
            "file_md5sum": "c01490560b92fb640baee0208f324ad9", 
            "file_name": "f5bb7ae4-4bb4-4e87-b83c-bc8620584989.svcp_1-0-4.20150207.somatic.cnv.vcf.gz", 
            "file_size": 2448, 
            "object_id": "67623a0e-1ce8-5006-8412-b89458018335"
        }, 
        {
            "file_md5sum": "5883275f8ebba2fd9d44861c47e98c67", 
            "file_name": "f5bb7ae4-4bb4-4e87-b83c-bc8620584989.svcp_1-0-4.20150207.somatic.cnv.vcf.gz.tbi", 
            "file_size": 4436, 
            "object_id": "30394320-9ffb-540f-8cf3-78f5f0fab145"
        }, 
        {
            "file_md5sum": "bfc2bff52f530ecfe698195768df9586", 
            "file_name": "f5bb7ae4-4bb4-4e87-b83c-bc8620584989.svfix_4-0-5.20160115.somatic.sv.vcf.gz", 
            "file_size": 42754, 
            "object_id": "7301ca4a-a260-5b64-973a-d9f610373825"
        }, 
        {
            "file_md5sum": "48e7798babaf4ee330abbe9b09deeb0f", 
            "file_name": "f5bb7ae4-4bb4-4e87-b83c-bc8620584989.svfix_4-0-5.20160115.somatic.sv.vcf.gz.tbi", 
            "file_size": 2961, 
            "object_id": "52e5a9d9-60cf-5ad5-b43f-525747ccef9f"
        }, 
        {
            "file_md5sum": "bff3e4695612d36aea9a050215e59b69", 
            "file_name": "f5bb7ae4-4bb4-4e87-b83c-bc8620584989.svcp_1-0-4.20150207.somatic.indel.vcf.gz", 
            "file_size": 54899014, 
            "object_id": "a610dd66-fb09-5579-897d-74ee75180e7e"
        }, 
        {
            "file_md5sum": "90c8f3661dd6b1a30ee16c645e65f068", 
            "file_name": "f5bb7ae4-4bb4-4e87-b83c-bc8620584989.svcp_1-0-4.20150207.somatic.indel.vcf.gz.tbi", 
            "file_size": 1475612, 
            "object_id": "e9610c58-5f67-5317-a6fd-56f913fd9cb4"
        }, 
        {
            "file_md5sum": "35e6cc86f451177cabe058dd1b1dcefb", 
            "file_name": "f5bb7ae4-4bb4-4e87-b83c-bc8620584989.svcp_1-0-4.20150207.somatic.snv_mnv.tar.gz", 
            "file_size": 169770349, 
            "object_id": "ae6f0830-a237-5228-8a75-feca48d137a7"
        }, 
        {
            "file_md5sum": "6d87e95e4b77e6e0198c5b9308b60c4a", 
            "file_name": "f5bb7ae4-4bb4-4e87-b83c-bc8620584989.svcp_1-0-4.20150207.somatic.cnv.tar.gz", 
            "file_size": 26575256, 
            "object_id": "c6a53736-53a6-5d5d-a809-f3bc5a77b130"
        }, 
        {
            "file_md5sum": "354a31565ae516ac8bfd086c24daaeb6", 
            "file_name": "f5bb7ae4-4bb4-4e87-b83c-bc8620584989.svfix_4-0-5.20160115.somatic.sv.tar.gz", 
            "file_size": 294542853, 
            "object_id": "0b023a8f-2a3f-5b4c-89fb-5b697f968188"
        }, 
        {
            "file_md5sum": "4152f9212235536afd0f78effd399d66",