{
    "_runs_": {
        "run_1454285876_f0cf168d-d92e-4307-a769-28d158f9e79c": {
            "downloading": {
                "gnos-download_time": 35, 
                "start": 1454286093, 
                "stop": 1454286128, 
                "time": 35
            }, 
            "uploading": {
                "copy_meta_time": 1, 
                "start": 1454286133, 
                "stop": 1454286162, 
                "time": 29, 
                "upload_time": 28
            }
        }, 
        "run_1454534998_87298a93-a3ae-4efc-9a15-16af3ad41696": {
            "downloading": {
                "12d81f06-d6cc-498b-8255-30de9b3b5029.xml-download_time": 13, 
                "12d81f06-d6cc-498b-8255-30de9b3b5029.xml-md5sum_time": 0, 
                "f221c897-6ad0-0df9-e040-11ac0c4813ef.broad-dRanger.20150918.somatic.sv.vcf.gz-download_time": 13, 
                "f221c897-6ad0-0df9-e040-11ac0c4813ef.broad-dRanger.20150918.somatic.sv.vcf.gz-md5sum_time": 0, 
                "f221c897-6ad0-0df9-e040-11ac0c4813ef.broad-dRanger.20150918.somatic.sv.vcf.gz.idx-download_time": 12, 
                "f221c897-6ad0-0df9-e040-11ac0c4813ef.broad-dRanger.20150918.somatic.sv.vcf.gz.idx-md5sum_time": 0, 
                "f221c897-6ad0-0df9-e040-11ac0c4813ef.broad-dRanger_snowman.20150918.somatic.sv.vcf.gz-download_time": 13, 
                "f221c897-6ad0-0df9-e040-11ac0c4813ef.broad-dRanger_snowman.20150918.somatic.sv.vcf.gz-md5sum_time": 0, 
                "f221c897-6ad0-0df9-e040-11ac0c4813ef.broad-dRanger_snowman.20150918.somatic.sv.vcf.gz.idx-download_time": 13, 
                "f221c897-6ad0-0df9-e040-11ac0c4813ef.broad-dRanger_snowman.20150918.somatic.sv.vcf.gz.idx-md5sum_time": 0, 
                "f221c897-6ad0-0df9-e040-11ac0c4813ef.broad-mutect-v2.20151112.somatic.snv_mnv.vcf.gz-download_time": 13, 
                "f221c897-6ad0-0df9-e040-11ac0c4813ef.broad-mutect-v2.20151112.somatic.snv_mnv.vcf.gz-md5sum_time": 0, 
                "f221c897-6ad0-0df9-e040-11ac0c4813ef.broad-mutect-v2.20151112.somatic.snv_mnv.vcf.gz.idx-download_time": 13, 
                "f221c897-6ad0-0df9-e040-11ac0c4813ef.broad-mutect-v2.20151112.somatic.snv_mnv.vcf.gz.idx-md5sum_time": 0, 
                "f221c897-6ad0-0df9-e040-11ac0c4813ef.broad-snowman.20150918.germline.indel.vcf.gz-download_time": 13, 
                "f221c897-6ad0-0df9-e040-11ac0c4813ef.broad-snowman.20150918.germline.indel.vcf.gz-md5sum_time": 0, 
                "f221c897-6ad0-0df9-e040-11ac0c4813ef.broad-snowman.20150918.germline.indel.vcf.gz.idx-download_time": 13, 
                "f221c897-6ad0-0df9-e040-11ac0c4813ef.broad-snowman.20150918.germline.indel.vcf.gz.idx-md5sum_time": 0, 
                "f221c897-6ad0-0df9-e040-11ac0c4813ef.broad-snowman.20150918.germline.sv.vcf.gz-download_time": 14, 
                "f221c897-6ad0-0df9-e040-11ac0c4813ef.broad-snowman.20150918.germline.sv.vcf.gz-md5sum_time": 0, 
                "f221c897-6ad0-0df9-e040-11ac0c4813ef.broad-snowman.20150918.germline.sv.vcf.gz.idx-download_time": 13, 
                "f221c897-6ad0-0df9-e040-11ac0c4813ef.broad-snowman.20150918.germline.sv.vcf.gz.idx-md5sum_time": 0, 
                "f221c897-6ad0-0df9-e040-11ac0c4813ef.broad-snowman.20150918.somatic.indel.vcf.gz-download_time": 12, 
                "f221c897-6ad0-0df9-e040-11ac0c4813ef.broad-snowman.20150918.somatic.indel.vcf.gz-md5sum_time": 0, 
                "f221c897-6ad0-0df9-e040-11ac0c4813ef.broad-snowman.20150918.somatic.indel.vcf.gz.idx-download_time": 18, 
                "f221c897-6ad0-0df9-e040-11ac0c4813ef.broad-snowman.20150918.somatic.indel.vcf.gz.idx-md5sum_time": 0, 
                "f221c897-6ad0-0df9-e040-11ac0c4813ef.broad-snowman.20150918.somatic.sv.vcf.gz-download_time": 13, 
                "f221c897-6ad0-0df9-e040-11ac0c4813ef.broad-snowman.20150918.somatic.sv.vcf.gz-md5sum_time": 0, 
                "f221c897-6ad0-0df9-e040-11ac0c4813ef.broad-snowman.20150918.somatic.sv.vcf.gz.idx-download_time": 13, 
                "f221c897-6ad0-0df9-e040-11ac0c4813ef.broad-snowman.20150918.somatic.sv.vcf.gz.idx-md5sum_time": 0, 
                "start": 1454536110, 
                "stop": 1454536309, 
                "time": 199
            }
        }
    }, 
    "aliquot_id": null, 
    "available_repos": [
        {
            "https://gtrepo-osdc-icgc.annailabs.com/": {
                "file_md5sum": "8b5978d3662185751fecad24d2b8cb66", 
                "file_size": 41415
            }
        }
    ], 
    "data_type": "Broad-VCF", 
    "files": [
        {
            "file_md5sum": "be8175025238d4dedac5fddf459c3b82", 
            "file_name": "f221c897-6ad0-0df9-e040-11ac0c4813ef.broad-mutect-v2.20151112.somatic.snv_mnv.vcf.gz", 
            "file_size": 278188, 
            "object_id": "0f48466a-f179-5513-a653-e16732fd484e"
        }, 
        {
            "file_md5sum": "01b19406747021cb641a5b84359b5d4c", 
            "file_name": "f221c897-6ad0-0df9-e040-11ac0c4813ef.broad-mutect-v2.20151112.somatic.snv_mnv.vcf.gz.idx", 
            "file_size": 110086, 
            "object_id": "a42d67a5-a217-50b9-bfdd-bd524d504e06"
        }, 
        {
            "file_md5sum": "c9224fd1ff8080b8979d40461ad04628", 
            "file_name": "f221c897-6ad0-0df9-e040-11ac0c4813ef.broad-snowman.20150918.germline.sv.vcf.gz.idx", 
            "file_size": 53382, 
            "object_id": "d618db54-21e3-53c1-b092-88c85103520a"
        }, 
        {
            "file_md5sum": "0c4e76942d33f2d24ea1c82f647f27f2", 
            "file_name": "f221c897-6ad0-0df9-e040-11ac0c4813ef.broad-snowman.20150918.somatic.indel.vcf.gz", 
            "file_size": 17325, 
            "object_id": "2ca91ac1-18ea-5aeb-a5a3-40475fc167b4"
        }, 
        {
            "file_md5sum": "63adc81e717b612338844de43815291e", 
            "file_name": "f221c897-6ad0-0df9-e040-11ac0c4813ef.broad-dRanger.20150918.somatic.sv.vcf.gz.idx", 
            "file_size": 2694, 
            "object_id": "8db321ba-7ac1-5f5f-a926-e02b7b26428a"
        }, 
        {
            "file_md5sum": "f2c24bb2e9025b58b4ce21459a7dd2c2", 
            "file_name": "f221c897-6ad0-0df9-e040-11ac0c4813ef.broad-snowman.20150918.germline.indel.vcf.gz.idx", 
            "file_size": 984531, 
            "object_id": "38aed9aa-b4a3-5249-945f-9dae9c505f42"
        }, 
        {
            "file_md5sum": "58267a7908718d6f77640b934f9e38a3", 
            "file_name": "f221c897-6ad0-0df9-e040-11ac0c4813ef.broad-snowman.20150918.somatic.sv.vcf.gz", 
            "file_size": 86259, 
            "object_id": "b7a523cb-d7d4-5010-ac85-dfe83dff7ec0"
        }, 
        {
            "file_md5sum": "9b6bc2cea19d7e98d10933db4710a320", 
            "file_name": "f221c897-6ad0-0df9-e040-11ac0c4813ef.broad-snowman.20150918.germline.sv.vcf.gz", 
            "file_size": 1544276, 
            "object_id": "539065de-9d3b-58c2-81a3-464b89cdd98c"
        }, 
        {
            "file_md5sum": "b5263cf21d585d5684c1d664a9c886e8", 
            "file_name": "f221c897-6ad0-0df9-e040-11ac0c4813ef.broad-snowman.20150918.somatic.indel.vcf.gz.idx", 
            "file_size": 8963, 
            "object_id": "5f9adfac-d2ef-523c-baa9-f1f27c1f0842"
        }, 
        {
            "file_md5sum": "70e63b8ece2491ab2ba3e478ad18903b", 
            "file_name": "f221c897-6ad0-0df9-e040-11ac0c4813ef.broad-snowman.20150918.somatic.sv.vcf.gz.idx", 
            "file_size": 7316, 
            "object_id": "0394ec98-8b81-577e-8335-e115038c33b9"
        }, 
        {
            "file_md5sum": "1b077464fc64adbcdbe27770d04744cc", 
            "file_name": "f221c897-6ad0-0df9-e040-11ac0c4813ef.broad-snowman.20150918.germline.indel.vcf.gz", 
            "file_size": 9594685, 
            "object_id": "bd3287a9-147d-57d9-80b6-d2a281620fd8"
        }, 
        {
            "file_md5sum": "849e7b32ffab424e525ce2a4ca45e874", 
            "file_name": "f221c897-6ad0-0df9-e040-11ac0c4813ef.broad-dRanger_snowman.20150918.somatic.sv.vcf.gz.idx",