{
    "_runs_": {
        "run_1453925707_48c3c5ad-2118-4de3-b867-40dea8ad96eb": {
            "downloading": {
                "gnos-download_time": 140, 
                "start": 1453928039, 
                "stop": 1453928179, 
                "time": 140
            }, 
            "uploading": {
                "copy_meta_time": 2, 
                "start": 1453928202, 
                "stop": 1453928328, 
                "time": 126, 
                "upload_time": 124
            }
        }, 
        "run_1454512973_e3882142-08cf-45e0-9b4a-4bd52c15b4e1": {
            "downloading": {
                "14ccd84e-ba5b-11e5-80c4-eb86eac6e0c4.xml-download_time": 13, 
                "14ccd84e-ba5b-11e5-80c4-eb86eac6e0c4.xml-md5sum_time": 0, 
                "7ba70717-d65e-4a45-af79-60a976770526.svcp_1-0-5.20150630.somatic.cnv.tar.gz-download_time": 15, 
                "7ba70717-d65e-4a45-af79-60a976770526.svcp_1-0-5.20150630.somatic.cnv.tar.gz-md5sum_time": 0, 
                "7ba70717-d65e-4a45-af79-60a976770526.svcp_1-0-5.20150630.somatic.cnv.vcf.gz-download_time": 12, 
                "7ba70717-d65e-4a45-af79-60a976770526.svcp_1-0-5.20150630.somatic.cnv.vcf.gz-md5sum_time": 0, 
                "7ba70717-d65e-4a45-af79-60a976770526.svcp_1-0-5.20150630.somatic.cnv.vcf.gz.tbi-download_time": 13, 
                "7ba70717-d65e-4a45-af79-60a976770526.svcp_1-0-5.20150630.somatic.cnv.vcf.gz.tbi-md5sum_time": 0, 
                "7ba70717-d65e-4a45-af79-60a976770526.svcp_1-0-5.20150630.somatic.genotype.tar.gz-download_time": 13, 
                "7ba70717-d65e-4a45-af79-60a976770526.svcp_1-0-5.20150630.somatic.genotype.tar.gz-md5sum_time": 0, 
                "7ba70717-d65e-4a45-af79-60a976770526.svcp_1-0-5.20150630.somatic.imputeCounts.tar.gz-download_time": 40, 
                "7ba70717-d65e-4a45-af79-60a976770526.svcp_1-0-5.20150630.somatic.imputeCounts.tar.gz-md5sum_time": 2, 
                "7ba70717-d65e-4a45-af79-60a976770526.svcp_1-0-5.20150630.somatic.indel.tar.gz-download_time": 77, 
                "7ba70717-d65e-4a45-af79-60a976770526.svcp_1-0-5.20150630.somatic.indel.tar.gz-md5sum_time": 3, 
                "7ba70717-d65e-4a45-af79-60a976770526.svcp_1-0-5.20150630.somatic.indel.vcf.gz-download_time": 16, 
                "7ba70717-d65e-4a45-af79-60a976770526.svcp_1-0-5.20150630.somatic.indel.vcf.gz-md5sum_time": 1, 
                "7ba70717-d65e-4a45-af79-60a976770526.svcp_1-0-5.20150630.somatic.indel.vcf.gz.tbi-download_time": 12, 
                "7ba70717-d65e-4a45-af79-60a976770526.svcp_1-0-5.20150630.somatic.indel.vcf.gz.tbi-md5sum_time": 0, 
                "7ba70717-d65e-4a45-af79-60a976770526.svcp_1-0-5.20150630.somatic.snv_mnv.tar.gz-download_time": 23, 
                "7ba70717-d65e-4a45-af79-60a976770526.svcp_1-0-5.20150630.somatic.snv_mnv.tar.gz-md5sum_time": 1, 
                "7ba70717-d65e-4a45-af79-60a976770526.svcp_1-0-5.20150630.somatic.snv_mnv.vcf.gz-download_time": 14, 
                "7ba70717-d65e-4a45-af79-60a976770526.svcp_1-0-5.20150630.somatic.snv_mnv.vcf.gz-md5sum_time": 0, 
                "7ba70717-d65e-4a45-af79-60a976770526.svcp_1-0-5.20150630.somatic.snv_mnv.vcf.gz.tbi-download_time": 13, 
                "7ba70717-d65e-4a45-af79-60a976770526.svcp_1-0-5.20150630.somatic.snv_mnv.vcf.gz.tbi-md5sum_time": 0, 
                "7ba70717-d65e-4a45-af79-60a976770526.svcp_1-0-5.20150630.somatic.verifyBamId.tar.gz-download_time": 13, 
                "7ba70717-d65e-4a45-af79-60a976770526.svcp_1-0-5.20150630.somatic.verifyBamId.tar.gz-md5sum_time": 0, 
                "7ba70717-d65e-4a45-af79-60a976770526.svfix_4-0-5.20160114.somatic.sv.tar.gz-download_time": 30, 
                "7ba70717-d65e-4a45-af79-60a976770526.svfix_4-0-5.20160114.somatic.sv.tar.gz-md5sum_time": 1, 
                "7ba70717-d65e-4a45-af79-60a976770526.svfix_4-0-5.20160114.somatic.sv.vcf.gz-download_time": 12, 
                "7ba70717-d65e-4a45-af79-60a976770526.svfix_4-0-5.20160114.somatic.sv.vcf.gz-md5sum_time": 0, 
                "7ba70717-d65e-4a45-af79-60a976770526.svfix_4-0-5.20160114.somatic.sv.vcf.gz.tbi-download_time": 13, 
                "7ba70717-d65e-4a45-af79-60a976770526.svfix_4-0-5.20160114.somatic.sv.vcf.gz.tbi-md5sum_time": 0, 
                "start": 1454536442, 
                "stop": 1454536780, 
                "time": 338
            }
        }
    }, 
    "aliquot_id": null, 
    "available_repos": [
        {
            "https://gtrepo-osdc-icgc.annailabs.com/": {
                "file_md5sum": "c0151396583cffb402ee4cb943d78535", 
                "file_size": 61403
            }
        }
    ], 
    "data_type": "Sanger-VCF", 
    "files": [
        {
            "file_md5sum": "cf7d1572eb5404bea580e3b50848e596", 
            "file_name": "7ba70717-d65e-4a45-af79-60a976770526.svcp_1-0-5.20150630.somatic.snv_mnv.vcf.gz", 
            "file_size": 11163733, 
            "object_id": "45ebe5ae-c189-5d29-b246-30b26e5220d2"
        }, 
        {
            "file_md5sum": "2d73a1c6dd819eac83903cf9a5982e75", 
            "file_name": "7ba70717-d65e-4a45-af79-60a976770526.svcp_1-0-5.20150630.somatic.snv_mnv.vcf.gz.tbi", 
            "file_size": 977955, 
            "object_id": "71c76dbd-b7c1-5f03-9524-db8c0d156a84"
        }, 
        {
            "file_md5sum": "7c5b3787e58d2014107c19261aecf3c4", 
            "file_name": "7ba70717-d65e-4a45-af79-60a976770526.svcp_1-0-5.20150630.somatic.cnv.vcf.gz", 
            "file_size": 7358, 
            "object_id": "62ca0262-61de-574c-91b1-10eb90761c2e"
        }, 
        {
            "file_md5sum": "3fdf42ffcc2461ff8a57a156f7bbd405", 
            "file_name": "7ba70717-d65e-4a45-af79-60a976770526.svcp_1-0-5.20150630.somatic.cnv.vcf.gz.tbi", 
            "file_size": 7733, 
            "object_id": "864c5a39-e186-5b3b-ae76-42069bf5bc4c"
        }, 
        {
            "file_md5sum": "3f0477d52d26467f44146d12e7fc1a07", 
            "file_name": "7ba70717-d65e-4a45-af79-60a976770526.svfix_4-0-5.20160114.somatic.sv.vcf.gz", 
            "file_size": 17970, 
            "object_id": "6e94e0af-13db-502b-b4c7-e62e0a4a57a5"
        }, 
        {
            "file_md5sum": "e49861420bd2d7f39a072ba210e706c7", 
            "file_name": "7ba70717-d65e-4a45-af79-60a976770526.svfix_4-0-5.20160114.somatic.sv.vcf.gz.tbi", 
            "file_size": 3530, 
            "object_id": "206ecbd4-96e1-5579-8426-b787d1534a12"
        }, 
        {
            "file_md5sum": "0b26405077abf19a1af5f7d6428f88ae", 
            "file_name": "7ba70717-d65e-4a45-af79-60a976770526.svcp_1-0-5.20150630.somatic.indel.vcf.gz", 
            "file_size": 56124305, 
            "object_id": "22fe6646-53c0-5bc3-8bb1-b0d4d4e70ae3"
        }, 
        {
            "file_md5sum": "2f19c263467c3f889217e6f87742d4c0", 
            "file_name": "7ba70717-d65e-4a45-af79-60a976770526.svcp_1-0-5.20150630.somatic.indel.vcf.gz.tbi", 
            "file_size": 1505379, 
            "object_id": "064b184c-f374-5c32-a8a5-eda8ec46337d"
        }, 
        {
            "file_md5sum": "1f651f6a7df5721a82f456a3aa91b456", 
            "file_name": "7ba70717-d65e-4a45-af79-60a976770526.svcp_1-0-5.20150630.somatic.snv_mnv.tar.gz", 
            "file_size": 177142667, 
            "object_id": "4e3c0eda-fab5-57a8-b87e-3ceabca4196d"
        }, 
        {
            "file_md5sum": "a853117b1454f2bd96b9fe888c36e63b", 
            "file_name": "7ba70717-d65e-4a45-af79-60a976770526.svcp_1-0-5.20150630.somatic.cnv.tar.gz", 
            "file_size": 27004199, 
            "object_id": "6798b009-06a1-527b-9310-08c3a1ceb9c1"
        }, 
        {
            "file_md5sum": "ee6f8ca0e3d2f83c324ac42eee0c74a1", 
            "file_name": "7ba70717-d65e-4a45-af79-60a976770526.svfix_4-0-5.20160114.somatic.sv.tar.gz", 
            "file_size": 301314779, 
            "object_id": "725b1e58-1c01-56f6-be6d-2c7db2494bc5"
        }, 
        {
            "file_md5sum": "c7f06b5a9f87e43543399c80ea6e2d74",