{
    "_runs_": {
        "run_1453925803_40e3f436-ddbf-4a1b-84f7-04a3fb2180e2": {
            "downloading": {
                "gnos-download_time": 128, 
                "start": 1453928087, 
                "stop": 1453928216, 
                "time": 129
            }, 
            "uploading": {
                "copy_meta_time": 1, 
                "start": 1453928220, 
                "stop": 1453928331, 
                "time": 111, 
                "upload_time": 109
            }
        }, 
        "run_1454534801_ebb91d32-852a-4dd9-8da4-b43e5a099d05": {
            "downloading": {
                "158a75ec-bb88-11e5-970c-81cbeac6e0c4.xml-download_time": 14, 
                "158a75ec-bb88-11e5-970c-81cbeac6e0c4.xml-md5sum_time": 0, 
                "56425c2e-6bbf-4b20-ba07-79a526dd4603.svcp_1-0-4.20150215.somatic.cnv.tar.gz-download_time": 16, 
                "56425c2e-6bbf-4b20-ba07-79a526dd4603.svcp_1-0-4.20150215.somatic.cnv.tar.gz-md5sum_time": 0, 
                "56425c2e-6bbf-4b20-ba07-79a526dd4603.svcp_1-0-4.20150215.somatic.cnv.vcf.gz-download_time": 14, 
                "56425c2e-6bbf-4b20-ba07-79a526dd4603.svcp_1-0-4.20150215.somatic.cnv.vcf.gz-md5sum_time": 0, 
                "56425c2e-6bbf-4b20-ba07-79a526dd4603.svcp_1-0-4.20150215.somatic.cnv.vcf.gz.tbi-download_time": 14, 
                "56425c2e-6bbf-4b20-ba07-79a526dd4603.svcp_1-0-4.20150215.somatic.cnv.vcf.gz.tbi-md5sum_time": 0, 
                "56425c2e-6bbf-4b20-ba07-79a526dd4603.svcp_1-0-4.20150215.somatic.genotype.tar.gz-download_time": 15, 
                "56425c2e-6bbf-4b20-ba07-79a526dd4603.svcp_1-0-4.20150215.somatic.genotype.tar.gz-md5sum_time": 0, 
                "56425c2e-6bbf-4b20-ba07-79a526dd4603.svcp_1-0-4.20150215.somatic.imputeCounts.tar.gz-download_time": 43, 
                "56425c2e-6bbf-4b20-ba07-79a526dd4603.svcp_1-0-4.20150215.somatic.imputeCounts.tar.gz-md5sum_time": 1, 
                "56425c2e-6bbf-4b20-ba07-79a526dd4603.svcp_1-0-4.20150215.somatic.indel.tar.gz-download_time": 91, 
                "56425c2e-6bbf-4b20-ba07-79a526dd4603.svcp_1-0-4.20150215.somatic.indel.tar.gz-md5sum_time": 4, 
                "56425c2e-6bbf-4b20-ba07-79a526dd4603.svcp_1-0-4.20150215.somatic.indel.vcf.gz-download_time": 19, 
                "56425c2e-6bbf-4b20-ba07-79a526dd4603.svcp_1-0-4.20150215.somatic.indel.vcf.gz-md5sum_time": 0, 
                "56425c2e-6bbf-4b20-ba07-79a526dd4603.svcp_1-0-4.20150215.somatic.indel.vcf.gz.tbi-download_time": 15, 
                "56425c2e-6bbf-4b20-ba07-79a526dd4603.svcp_1-0-4.20150215.somatic.indel.vcf.gz.tbi-md5sum_time": 0, 
                "56425c2e-6bbf-4b20-ba07-79a526dd4603.svcp_1-0-4.20150215.somatic.snv_mnv.tar.gz-download_time": 24, 
                "56425c2e-6bbf-4b20-ba07-79a526dd4603.svcp_1-0-4.20150215.somatic.snv_mnv.tar.gz-md5sum_time": 1, 
                "56425c2e-6bbf-4b20-ba07-79a526dd4603.svcp_1-0-4.20150215.somatic.snv_mnv.vcf.gz-download_time": 14, 
                "56425c2e-6bbf-4b20-ba07-79a526dd4603.svcp_1-0-4.20150215.somatic.snv_mnv.vcf.gz-md5sum_time": 0, 
                "56425c2e-6bbf-4b20-ba07-79a526dd4603.svcp_1-0-4.20150215.somatic.snv_mnv.vcf.gz.tbi-download_time": 14, 
                "56425c2e-6bbf-4b20-ba07-79a526dd4603.svcp_1-0-4.20150215.somatic.snv_mnv.vcf.gz.tbi-md5sum_time": 0, 
                "56425c2e-6bbf-4b20-ba07-79a526dd4603.svcp_1-0-4.20150215.somatic.verifyBamId.tar.gz-download_time": 14, 
                "56425c2e-6bbf-4b20-ba07-79a526dd4603.svcp_1-0-4.20150215.somatic.verifyBamId.tar.gz-md5sum_time": 0, 
                "56425c2e-6bbf-4b20-ba07-79a526dd4603.svfix_4-0-5.20160115.somatic.sv.tar.gz-download_time": 33, 
                "56425c2e-6bbf-4b20-ba07-79a526dd4603.svfix_4-0-5.20160115.somatic.sv.tar.gz-md5sum_time": 1, 
                "56425c2e-6bbf-4b20-ba07-79a526dd4603.svfix_4-0-5.20160115.somatic.sv.vcf.gz-download_time": 14, 
                "56425c2e-6bbf-4b20-ba07-79a526dd4603.svfix_4-0-5.20160115.somatic.sv.vcf.gz-md5sum_time": 0, 
                "56425c2e-6bbf-4b20-ba07-79a526dd4603.svfix_4-0-5.20160115.somatic.sv.vcf.gz.tbi-download_time": 14, 
                "56425c2e-6bbf-4b20-ba07-79a526dd4603.svfix_4-0-5.20160115.somatic.sv.vcf.gz.tbi-md5sum_time": 0, 
                "start": 1454536608, 
                "stop": 1454536984, 
                "time": 376
            }
        }
    }, 
    "aliquot_id": null, 
    "available_repos": [
        {
            "https://gtrepo-osdc-icgc.annailabs.com/": {
                "file_md5sum": "2cc66552e2cd1de6e84769a150e67bef", 
                "file_size": 57944
            }
        }
    ], 
    "data_type": "Sanger-VCF", 
    "files": [
        {
            "file_md5sum": "974f8f0695d7b52cadf989ffd8f43205", 
            "file_name": "56425c2e-6bbf-4b20-ba07-79a526dd4603.svcp_1-0-4.20150215.somatic.snv_mnv.vcf.gz", 
            "file_size": 1232096, 
            "object_id": "7162aed5-dede-5675-ae96-f66796b1c070"
        }, 
        {
            "file_md5sum": "d5da2acc1d6d3acae4cc2dd8a63c7ec9", 
            "file_name": "56425c2e-6bbf-4b20-ba07-79a526dd4603.svcp_1-0-4.20150215.somatic.snv_mnv.vcf.gz.tbi", 
            "file_size": 246085, 
            "object_id": "23d50e28-644d-53d8-bf38-16bb871566b5"
        }, 
        {
            "file_md5sum": "ff2a9b5a8dccab4209d1bd3f05a4e070", 
            "file_name": "56425c2e-6bbf-4b20-ba07-79a526dd4603.svcp_1-0-4.20150215.somatic.cnv.vcf.gz", 
            "file_size": 1915, 
            "object_id": "92be60e6-7748-5d25-864d-0a7ab688ab4d"
        }, 
        {
            "file_md5sum": "0dc2d244041c96af4090df05f6d64a60", 
            "file_name": "56425c2e-6bbf-4b20-ba07-79a526dd4603.svcp_1-0-4.20150215.somatic.cnv.vcf.gz.tbi", 
            "file_size": 4138, 
            "object_id": "50f422f9-4c54-50c8-998b-105b5e40b311"
        }, 
        {
            "file_md5sum": "3cf0e9716108ca8e8874702b64b1f1d2", 
            "file_name": "56425c2e-6bbf-4b20-ba07-79a526dd4603.svfix_4-0-5.20160115.somatic.sv.vcf.gz", 
            "file_size": 2697, 
            "object_id": "f881cd1f-e884-52a3-937a-5922e6a00c72"
        }, 
        {
            "file_md5sum": "c04116bccfad2e43f6d78d936cf6a349", 
            "file_name": "56425c2e-6bbf-4b20-ba07-79a526dd4603.svfix_4-0-5.20160115.somatic.sv.vcf.gz.tbi", 
            "file_size": 251, 
            "object_id": "c214b974-aa60-5c9b-9ce3-dcd534f8e007"
        }, 
        {
            "file_md5sum": "3a2f8ef511b7d18c1bb91ad66ebddb41", 
            "file_name": "56425c2e-6bbf-4b20-ba07-79a526dd4603.svcp_1-0-4.20150215.somatic.indel.vcf.gz", 
            "file_size": 53997666, 
            "object_id": "0803aeb7-4b1f-53b2-ae21-cda18247d3ad"
        }, 
        {
            "file_md5sum": "f05c4eac5d8f1bffc3737fb347f29a11", 
            "file_name": "56425c2e-6bbf-4b20-ba07-79a526dd4603.svcp_1-0-4.20150215.somatic.indel.vcf.gz.tbi", 
            "file_size": 1470696, 
            "object_id": "9440cbcb-fac2-584b-bb49-99971f2d3024"
        }, 
        {
            "file_md5sum": "b43168e991e1f235b2ea72d7583e3899", 
            "file_name": "56425c2e-6bbf-4b20-ba07-79a526dd4603.svcp_1-0-4.20150215.somatic.snv_mnv.tar.gz", 
            "file_size": 167545126, 
            "object_id": "48c67f28-04b2-5505-813c-66e6191ecbe3"
        }, 
        {
            "file_md5sum": "15211ec67b562395691eb9cc8621f1c8", 
            "file_name": "56425c2e-6bbf-4b20-ba07-79a526dd4603.svcp_1-0-4.20150215.somatic.cnv.tar.gz", 
            "file_size": 26392544, 
            "object_id": "839be5a7-36e2-59f4-81a6-34f9e6799113"
        }, 
        {
            "file_md5sum": "7288b37cf29f34fca9ebcc25dabbf0a5", 
            "file_name": "56425c2e-6bbf-4b20-ba07-79a526dd4603.svfix_4-0-5.20160115.somatic.sv.tar.gz", 
            "file_size": 297560119, 
            "object_id": "4e857c61-3d36-5c34-876a-7fbfc24f6cbf"
        }, 
        {
            "file_md5sum": "c592317e06aeb9577286c31d6df34d45",