{
    "_runs_": {
        "run_1453922897_c175ed84-1761-4a4c-8f21-415a2d0751d4": {
            "downloading": {
                "gnos-download_time": 137, 
                "start": 1453928109, 
                "stop": 1453928246, 
                "time": 137
            }, 
            "uploading": {
                "copy_meta_time": 1, 
                "start": 1453928259, 
                "stop": 1453928377, 
                "time": 118, 
                "upload_time": 116
            }
        }, 
        "run_1454534600_34c5f6bb-48cb-4088-a680-151850b3332f": {
            "downloading": {
                "158b006e-bb8f-11e5-970c-81cbeac6e0c4.xml-download_time": 12, 
                "158b006e-bb8f-11e5-970c-81cbeac6e0c4.xml-md5sum_time": 0, 
                "bcefbf6a-80ff-4825-9d3a-492e2dceb35d.svcp_1-0-6.20150701.somatic.cnv.tar.gz-download_time": 15, 
                "bcefbf6a-80ff-4825-9d3a-492e2dceb35d.svcp_1-0-6.20150701.somatic.cnv.tar.gz-md5sum_time": 0, 
                "bcefbf6a-80ff-4825-9d3a-492e2dceb35d.svcp_1-0-6.20150701.somatic.cnv.vcf.gz-download_time": 13, 
                "bcefbf6a-80ff-4825-9d3a-492e2dceb35d.svcp_1-0-6.20150701.somatic.cnv.vcf.gz-md5sum_time": 0, 
                "bcefbf6a-80ff-4825-9d3a-492e2dceb35d.svcp_1-0-6.20150701.somatic.cnv.vcf.gz.tbi-download_time": 12, 
                "bcefbf6a-80ff-4825-9d3a-492e2dceb35d.svcp_1-0-6.20150701.somatic.cnv.vcf.gz.tbi-md5sum_time": 0, 
                "bcefbf6a-80ff-4825-9d3a-492e2dceb35d.svcp_1-0-6.20150701.somatic.genotype.tar.gz-download_time": 13, 
                "bcefbf6a-80ff-4825-9d3a-492e2dceb35d.svcp_1-0-6.20150701.somatic.genotype.tar.gz-md5sum_time": 0, 
                "bcefbf6a-80ff-4825-9d3a-492e2dceb35d.svcp_1-0-6.20150701.somatic.imputeCounts.tar.gz-download_time": 46, 
                "bcefbf6a-80ff-4825-9d3a-492e2dceb35d.svcp_1-0-6.20150701.somatic.imputeCounts.tar.gz-md5sum_time": 2, 
                "bcefbf6a-80ff-4825-9d3a-492e2dceb35d.svcp_1-0-6.20150701.somatic.indel.tar.gz-download_time": 87, 
                "bcefbf6a-80ff-4825-9d3a-492e2dceb35d.svcp_1-0-6.20150701.somatic.indel.tar.gz-md5sum_time": 5, 
                "bcefbf6a-80ff-4825-9d3a-492e2dceb35d.svcp_1-0-6.20150701.somatic.indel.vcf.gz-download_time": 17, 
                "bcefbf6a-80ff-4825-9d3a-492e2dceb35d.svcp_1-0-6.20150701.somatic.indel.vcf.gz-md5sum_time": 1, 
                "bcefbf6a-80ff-4825-9d3a-492e2dceb35d.svcp_1-0-6.20150701.somatic.indel.vcf.gz.tbi-download_time": 13, 
                "bcefbf6a-80ff-4825-9d3a-492e2dceb35d.svcp_1-0-6.20150701.somatic.indel.vcf.gz.tbi-md5sum_time": 0, 
                "bcefbf6a-80ff-4825-9d3a-492e2dceb35d.svcp_1-0-6.20150701.somatic.snv_mnv.tar.gz-download_time": 22, 
                "bcefbf6a-80ff-4825-9d3a-492e2dceb35d.svcp_1-0-6.20150701.somatic.snv_mnv.tar.gz-md5sum_time": 1, 
                "bcefbf6a-80ff-4825-9d3a-492e2dceb35d.svcp_1-0-6.20150701.somatic.snv_mnv.vcf.gz-download_time": 13, 
                "bcefbf6a-80ff-4825-9d3a-492e2dceb35d.svcp_1-0-6.20150701.somatic.snv_mnv.vcf.gz-md5sum_time": 0, 
                "bcefbf6a-80ff-4825-9d3a-492e2dceb35d.svcp_1-0-6.20150701.somatic.snv_mnv.vcf.gz.tbi-download_time": 13, 
                "bcefbf6a-80ff-4825-9d3a-492e2dceb35d.svcp_1-0-6.20150701.somatic.snv_mnv.vcf.gz.tbi-md5sum_time": 0, 
                "bcefbf6a-80ff-4825-9d3a-492e2dceb35d.svcp_1-0-6.20150701.somatic.verifyBamId.tar.gz-download_time": 13, 
                "bcefbf6a-80ff-4825-9d3a-492e2dceb35d.svcp_1-0-6.20150701.somatic.verifyBamId.tar.gz-md5sum_time": 0, 
                "bcefbf6a-80ff-4825-9d3a-492e2dceb35d.svfix_4-0-5.20160115.somatic.sv.tar.gz-download_time": 32, 
                "bcefbf6a-80ff-4825-9d3a-492e2dceb35d.svfix_4-0-5.20160115.somatic.sv.tar.gz-md5sum_time": 1, 
                "bcefbf6a-80ff-4825-9d3a-492e2dceb35d.svfix_4-0-5.20160115.somatic.sv.vcf.gz-download_time": 13, 
                "bcefbf6a-80ff-4825-9d3a-492e2dceb35d.svfix_4-0-5.20160115.somatic.sv.vcf.gz-md5sum_time": 0, 
                "bcefbf6a-80ff-4825-9d3a-492e2dceb35d.svfix_4-0-5.20160115.somatic.sv.vcf.gz.tbi-download_time": 12, 
                "bcefbf6a-80ff-4825-9d3a-492e2dceb35d.svfix_4-0-5.20160115.somatic.sv.vcf.gz.tbi-md5sum_time": 0, 
                "start": 1454536636, 
                "stop": 1454536992, 
                "time": 356
            }
        }
    }, 
    "aliquot_id": null, 
    "available_repos": [
        {
            "https://gtrepo-osdc-icgc.annailabs.com/": {
                "file_md5sum": "143a1791fd496e37cc69157167b881ee", 
                "file_size": 61331
            }
        }
    ], 
    "data_type": "Sanger-VCF", 
    "files": [
        {
            "file_md5sum": "d7c120ec1fd2aba97ebb7f52e8f9daab", 
            "file_name": "bcefbf6a-80ff-4825-9d3a-492e2dceb35d.svcp_1-0-6.20150701.somatic.snv_mnv.vcf.gz", 
            "file_size": 9070186, 
            "object_id": "552022fd-b586-5701-8042-d78c2085fd1d"
        }, 
        {
            "file_md5sum": "837fc9509dd2f813fea49acc84756a5c", 
            "file_name": "bcefbf6a-80ff-4825-9d3a-492e2dceb35d.svcp_1-0-6.20150701.somatic.snv_mnv.vcf.gz.tbi", 
            "file_size": 964640, 
            "object_id": "cae5f1f5-3402-5e7f-a2c9-9ac85e18bccc"
        }, 
        {
            "file_md5sum": "6a4b8aa271de0e3074806e941d48fd2c", 
            "file_name": "bcefbf6a-80ff-4825-9d3a-492e2dceb35d.svcp_1-0-6.20150701.somatic.cnv.vcf.gz", 
            "file_size": 6003, 
            "object_id": "38395ac8-40c9-5cbc-a62e-44cef300bc16"
        }, 
        {
            "file_md5sum": "33ce253bcbd31776ffe1bc160db925a3", 
            "file_name": "bcefbf6a-80ff-4825-9d3a-492e2dceb35d.svcp_1-0-6.20150701.somatic.cnv.vcf.gz.tbi", 
            "file_size": 6851, 
            "object_id": "4ccff9fb-39f3-5d19-976d-8310ce019924"
        }, 
        {
            "file_md5sum": "d957f1f7f95992394230d259e3f3e30d", 
            "file_name": "bcefbf6a-80ff-4825-9d3a-492e2dceb35d.svfix_4-0-5.20160115.somatic.sv.vcf.gz", 
            "file_size": 53314, 
            "object_id": "652a5a52-903c-5dab-8e5f-e2babbaea1be"
        }, 
        {
            "file_md5sum": "3aacbfa2626803d2735d27bb5b3d39a7", 
            "file_name": "bcefbf6a-80ff-4825-9d3a-492e2dceb35d.svfix_4-0-5.20160115.somatic.sv.vcf.gz.tbi", 
            "file_size": 4801, 
            "object_id": "b8bb7ee4-ffa5-5eee-b926-6b1b8a50e954"
        }, 
        {
            "file_md5sum": "9b8314944f00a644bb67d4b054d63f32", 
            "file_name": "bcefbf6a-80ff-4825-9d3a-492e2dceb35d.svcp_1-0-6.20150701.somatic.indel.vcf.gz", 
            "file_size": 58560775, 
            "object_id": "cf5be9e6-61b0-518d-b933-f71806639b42"
        }, 
        {
            "file_md5sum": "f824ec10e8225803cca2d337032d8987", 
            "file_name": "bcefbf6a-80ff-4825-9d3a-492e2dceb35d.svcp_1-0-6.20150701.somatic.indel.vcf.gz.tbi", 
            "file_size": 1511561, 
            "object_id": "b12f4874-b85f-5c0b-acb8-f6a641197afa"
        }, 
        {
            "file_md5sum": "5043e5c787b7d3193cd96f7c351856eb", 
            "file_name": "bcefbf6a-80ff-4825-9d3a-492e2dceb35d.svcp_1-0-6.20150701.somatic.snv_mnv.tar.gz", 
            "file_size": 176289780, 
            "object_id": "959f28fe-4280-513f-918d-18964de2ebf4"
        }, 
        {
            "file_md5sum": "3d7e29df4b588eb9f6e5ced1ba4fc25d", 
            "file_name": "bcefbf6a-80ff-4825-9d3a-492e2dceb35d.svcp_1-0-6.20150701.somatic.cnv.tar.gz", 
            "file_size": 27113426, 
            "object_id": "f9141edf-68cf-5a8d-b524-990acf6d340c"
        }, 
        {
            "file_md5sum": "d5145ad29b80b8afcbcd0d1b002e8dcc", 
            "file_name": "bcefbf6a-80ff-4825-9d3a-492e2dceb35d.svfix_4-0-5.20160115.somatic.sv.tar.gz", 
            "file_size": 303694990, 
            "object_id": "bcf70209-7490-5032-a716-2658b96ef3d0"
        }, 
        {
            "file_md5sum": "67713102c029bcca8affc8d7408b4d79",