{
    "_runs_": {
        "run_1453925803_40e3f436-ddbf-4a1b-84f7-04a3fb2180e2": {
            "downloading": {
                "gnos-download_time": 119, 
                "start": 1453929850, 
                "stop": 1453929969, 
                "time": 119
            }, 
            "uploading": {
                "copy_meta_time": 1, 
                "start": 1453929974, 
                "stop": 1453930080, 
                "time": 106, 
                "upload_time": 104
            }
        }, 
        "run_1454534865_ec967f0c-20d7-4c23-a0f7-b4bc3c626f23": {
            "downloading": {
                "2348eb76-ba27-11e5-8c12-2586eac6e0c4.xml-download_time": 13, 
                "2348eb76-ba27-11e5-8c12-2586eac6e0c4.xml-md5sum_time": 0, 
                "4eac784b-084a-4106-9a76-2d9fbec57033.svcp_1-0-7.20150621.somatic.cnv.tar.gz-download_time": 15, 
                "4eac784b-084a-4106-9a76-2d9fbec57033.svcp_1-0-7.20150621.somatic.cnv.tar.gz-md5sum_time": 0, 
                "4eac784b-084a-4106-9a76-2d9fbec57033.svcp_1-0-7.20150621.somatic.cnv.vcf.gz-download_time": 13, 
                "4eac784b-084a-4106-9a76-2d9fbec57033.svcp_1-0-7.20150621.somatic.cnv.vcf.gz-md5sum_time": 0, 
                "4eac784b-084a-4106-9a76-2d9fbec57033.svcp_1-0-7.20150621.somatic.cnv.vcf.gz.tbi-download_time": 13, 
                "4eac784b-084a-4106-9a76-2d9fbec57033.svcp_1-0-7.20150621.somatic.cnv.vcf.gz.tbi-md5sum_time": 0, 
                "4eac784b-084a-4106-9a76-2d9fbec57033.svcp_1-0-7.20150621.somatic.genotype.tar.gz-download_time": 13, 
                "4eac784b-084a-4106-9a76-2d9fbec57033.svcp_1-0-7.20150621.somatic.genotype.tar.gz-md5sum_time": 0, 
                "4eac784b-084a-4106-9a76-2d9fbec57033.svcp_1-0-7.20150621.somatic.imputeCounts.tar.gz-download_time": 44, 
                "4eac784b-084a-4106-9a76-2d9fbec57033.svcp_1-0-7.20150621.somatic.imputeCounts.tar.gz-md5sum_time": 2, 
                "4eac784b-084a-4106-9a76-2d9fbec57033.svcp_1-0-7.20150621.somatic.indel.tar.gz-download_time": 87, 
                "4eac784b-084a-4106-9a76-2d9fbec57033.svcp_1-0-7.20150621.somatic.indel.tar.gz-md5sum_time": 3, 
                "4eac784b-084a-4106-9a76-2d9fbec57033.svcp_1-0-7.20150621.somatic.indel.vcf.gz-download_time": 17, 
                "4eac784b-084a-4106-9a76-2d9fbec57033.svcp_1-0-7.20150621.somatic.indel.vcf.gz-md5sum_time": 1, 
                "4eac784b-084a-4106-9a76-2d9fbec57033.svcp_1-0-7.20150621.somatic.indel.vcf.gz.tbi-download_time": 15, 
                "4eac784b-084a-4106-9a76-2d9fbec57033.svcp_1-0-7.20150621.somatic.indel.vcf.gz.tbi-md5sum_time": 0, 
                "4eac784b-084a-4106-9a76-2d9fbec57033.svcp_1-0-7.20150621.somatic.snv_mnv.tar.gz-download_time": 23, 
                "4eac784b-084a-4106-9a76-2d9fbec57033.svcp_1-0-7.20150621.somatic.snv_mnv.tar.gz-md5sum_time": 0, 
                "4eac784b-084a-4106-9a76-2d9fbec57033.svcp_1-0-7.20150621.somatic.snv_mnv.vcf.gz-download_time": 13, 
                "4eac784b-084a-4106-9a76-2d9fbec57033.svcp_1-0-7.20150621.somatic.snv_mnv.vcf.gz-md5sum_time": 0, 
                "4eac784b-084a-4106-9a76-2d9fbec57033.svcp_1-0-7.20150621.somatic.snv_mnv.vcf.gz.tbi-download_time": 13, 
                "4eac784b-084a-4106-9a76-2d9fbec57033.svcp_1-0-7.20150621.somatic.snv_mnv.vcf.gz.tbi-md5sum_time": 0, 
                "4eac784b-084a-4106-9a76-2d9fbec57033.svcp_1-0-7.20150621.somatic.verifyBamId.tar.gz-download_time": 14, 
                "4eac784b-084a-4106-9a76-2d9fbec57033.svcp_1-0-7.20150621.somatic.verifyBamId.tar.gz-md5sum_time": 0, 
                "4eac784b-084a-4106-9a76-2d9fbec57033.svfix_4-0-5.20160113.somatic.sv.tar.gz-download_time": 31, 
                "4eac784b-084a-4106-9a76-2d9fbec57033.svfix_4-0-5.20160113.somatic.sv.tar.gz-md5sum_time": 1, 
                "4eac784b-084a-4106-9a76-2d9fbec57033.svfix_4-0-5.20160113.somatic.sv.vcf.gz-download_time": 12, 
                "4eac784b-084a-4106-9a76-2d9fbec57033.svfix_4-0-5.20160113.somatic.sv.vcf.gz-md5sum_time": 0, 
                "4eac784b-084a-4106-9a76-2d9fbec57033.svfix_4-0-5.20160113.somatic.sv.vcf.gz.tbi-download_time": 12, 
                "4eac784b-084a-4106-9a76-2d9fbec57033.svfix_4-0-5.20160113.somatic.sv.vcf.gz.tbi-md5sum_time": 0, 
                "start": 1454540095, 
                "stop": 1454540450, 
                "time": 355
            }
        }
    }, 
    "aliquot_id": null, 
    "available_repos": [
        {
            "https://gtrepo-osdc-icgc.annailabs.com/": {
                "file_md5sum": "09d976dd976e3e5d47ed5a8864e9ebd0", 
                "file_size": 59527
            }
        }
    ], 
    "data_type": "Sanger-VCF", 
    "files": [
        {
            "file_md5sum": "e54a1b97db362432c5e769df18a18a8b", 
            "file_name": "4eac784b-084a-4106-9a76-2d9fbec57033.svcp_1-0-7.20150621.somatic.snv_mnv.vcf.gz", 
            "file_size": 1926538, 
            "object_id": "701645ee-5f8f-59d4-bebb-6a96811d22e7"
        }, 
        {
            "file_md5sum": "e2bedb06eecce9f213eea05fdb880968", 
            "file_name": "4eac784b-084a-4106-9a76-2d9fbec57033.svcp_1-0-7.20150621.somatic.snv_mnv.vcf.gz.tbi", 
            "file_size": 315186, 
            "object_id": "0686e7e5-8246-55ac-8477-994d1cda8570"
        }, 
        {
            "file_md5sum": "31ac795223985261af8f9abb3015459e", 
            "file_name": "4eac784b-084a-4106-9a76-2d9fbec57033.svcp_1-0-7.20150621.somatic.cnv.vcf.gz", 
            "file_size": 2204, 
            "object_id": "6664cb08-f9b8-53ec-b22e-70454e040589"
        }, 
        {
            "file_md5sum": "ce8f7e950a2671908b36973457e676ed", 
            "file_name": "4eac784b-084a-4106-9a76-2d9fbec57033.svcp_1-0-7.20150621.somatic.cnv.vcf.gz.tbi", 
            "file_size": 4378, 
            "object_id": "e02190d1-9095-5d5f-b44f-d0f0d55899bc"
        }, 
        {
            "file_md5sum": "daaac655ca549731628e84dd22b454bf", 
            "file_name": "4eac784b-084a-4106-9a76-2d9fbec57033.svfix_4-0-5.20160113.somatic.sv.vcf.gz", 
            "file_size": 29265, 
            "object_id": "8547fc02-a237-579c-aab6-1ebcbd76ae6f"
        }, 
        {
            "file_md5sum": "b96727b9b6a58dbef030eadc71259a7d", 
            "file_name": "4eac784b-084a-4106-9a76-2d9fbec57033.svfix_4-0-5.20160113.somatic.sv.vcf.gz.tbi", 
            "file_size": 3509, 
            "object_id": "75318c15-d1e2-5617-81b1-02caf70a8048"
        }, 
        {
            "file_md5sum": "cd3e4c1d76aa7b2db3a2ea220c9aea8b", 
            "file_name": "4eac784b-084a-4106-9a76-2d9fbec57033.svcp_1-0-7.20150621.somatic.indel.vcf.gz", 
            "file_size": 63262965, 
            "object_id": "72aef047-7a01-5f8d-8f62-b2a1c8a414f9"
        }, 
        {
            "file_md5sum": "07cadadc2e56ee04c2a74e40243277fc", 
            "file_name": "4eac784b-084a-4106-9a76-2d9fbec57033.svcp_1-0-7.20150621.somatic.indel.vcf.gz.tbi", 
            "file_size": 1545324, 
            "object_id": "b9aebd73-bec5-5a4b-a5a7-485125222426"
        }, 
        {
            "file_md5sum": "d1f5e6cf2fcc72cbe9a7c49005e70faf", 
            "file_name": "4eac784b-084a-4106-9a76-2d9fbec57033.svcp_1-0-7.20150621.somatic.snv_mnv.tar.gz", 
            "file_size": 164868335, 
            "object_id": "79dfe733-2185-5436-bcc0-3d1134ac0d0f"
        }, 
        {
            "file_md5sum": "d2f2f2bb8ee6772799c6b038bceab117", 
            "file_name": "4eac784b-084a-4106-9a76-2d9fbec57033.svcp_1-0-7.20150621.somatic.cnv.tar.gz", 
            "file_size": 26450741, 
            "object_id": "829009a6-d745-5d68-9017-c485e48bf8c6"
        }, 
        {
            "file_md5sum": "0825d06c95fbddbf2607b01e20477acb", 
            "file_name": "4eac784b-084a-4106-9a76-2d9fbec57033.svfix_4-0-5.20160113.somatic.sv.tar.gz", 
            "file_size": 296943976, 
            "object_id": "3e87ef98-d79c-5160-bfdc-012d72200e41"
        }, 
        {
            "file_md5sum": "bd650efad767696ac90be98f4a7d003c",