{
    "_runs_": {
        "run_1454285876_f0cf168d-d92e-4307-a769-28d158f9e79c": {
            "downloading": {
                "gnos-download_time": 53, 
                "start": 1454286373, 
                "stop": 1454286426, 
                "time": 53
            }, 
            "uploading": {
                "copy_meta_time": 1, 
                "start": 1454286431, 
                "stop": 1454286460, 
                "time": 29, 
                "upload_time": 28
            }
        }, 
        "run_1454534801_ebb91d32-852a-4dd9-8da4-b43e5a099d05": {
            "downloading": {
                "258e9066-30e9-49dd-a137-2086f680fdb3.xml-download_time": 15, 
                "258e9066-30e9-49dd-a137-2086f680fdb3.xml-md5sum_time": 0, 
                "fc9500f3-e7d0-9820-e040-11ac0c48617e.broad-dRanger.20150918.somatic.sv.vcf.gz-download_time": 14, 
                "fc9500f3-e7d0-9820-e040-11ac0c48617e.broad-dRanger.20150918.somatic.sv.vcf.gz-md5sum_time": 0, 
                "fc9500f3-e7d0-9820-e040-11ac0c48617e.broad-dRanger.20150918.somatic.sv.vcf.gz.idx-download_time": 15, 
                "fc9500f3-e7d0-9820-e040-11ac0c48617e.broad-dRanger.20150918.somatic.sv.vcf.gz.idx-md5sum_time": 0, 
                "fc9500f3-e7d0-9820-e040-11ac0c48617e.broad-dRanger_snowman.20150918.somatic.sv.vcf.gz-download_time": 14, 
                "fc9500f3-e7d0-9820-e040-11ac0c48617e.broad-dRanger_snowman.20150918.somatic.sv.vcf.gz-md5sum_time": 0, 
                "fc9500f3-e7d0-9820-e040-11ac0c48617e.broad-dRanger_snowman.20150918.somatic.sv.vcf.gz.idx-download_time": 13, 
                "fc9500f3-e7d0-9820-e040-11ac0c48617e.broad-dRanger_snowman.20150918.somatic.sv.vcf.gz.idx-md5sum_time": 0, 
                "fc9500f3-e7d0-9820-e040-11ac0c48617e.broad-mutect-v2.20151112.somatic.snv_mnv.vcf.gz-download_time": 14, 
                "fc9500f3-e7d0-9820-e040-11ac0c48617e.broad-mutect-v2.20151112.somatic.snv_mnv.vcf.gz-md5sum_time": 0, 
                "fc9500f3-e7d0-9820-e040-11ac0c48617e.broad-mutect-v2.20151112.somatic.snv_mnv.vcf.gz.idx-download_time": 14, 
                "fc9500f3-e7d0-9820-e040-11ac0c48617e.broad-mutect-v2.20151112.somatic.snv_mnv.vcf.gz.idx-md5sum_time": 0, 
                "fc9500f3-e7d0-9820-e040-11ac0c48617e.broad-snowman.20150918.germline.indel.vcf.gz-download_time": 16, 
                "fc9500f3-e7d0-9820-e040-11ac0c48617e.broad-snowman.20150918.germline.indel.vcf.gz-md5sum_time": 0, 
                "fc9500f3-e7d0-9820-e040-11ac0c48617e.broad-snowman.20150918.germline.indel.vcf.gz.idx-download_time": 15, 
                "fc9500f3-e7d0-9820-e040-11ac0c48617e.broad-snowman.20150918.germline.indel.vcf.gz.idx-md5sum_time": 0, 
                "fc9500f3-e7d0-9820-e040-11ac0c48617e.broad-snowman.20150918.germline.sv.vcf.gz-download_time": 14, 
                "fc9500f3-e7d0-9820-e040-11ac0c48617e.broad-snowman.20150918.germline.sv.vcf.gz-md5sum_time": 0, 
                "fc9500f3-e7d0-9820-e040-11ac0c48617e.broad-snowman.20150918.germline.sv.vcf.gz.idx-download_time": 13, 
                "fc9500f3-e7d0-9820-e040-11ac0c48617e.broad-snowman.20150918.germline.sv.vcf.gz.idx-md5sum_time": 0, 
                "fc9500f3-e7d0-9820-e040-11ac0c48617e.broad-snowman.20150918.somatic.indel.vcf.gz-download_time": 14, 
                "fc9500f3-e7d0-9820-e040-11ac0c48617e.broad-snowman.20150918.somatic.indel.vcf.gz-md5sum_time": 0, 
                "fc9500f3-e7d0-9820-e040-11ac0c48617e.broad-snowman.20150918.somatic.indel.vcf.gz.idx-download_time": 14, 
                "fc9500f3-e7d0-9820-e040-11ac0c48617e.broad-snowman.20150918.somatic.indel.vcf.gz.idx-md5sum_time": 0, 
                "fc9500f3-e7d0-9820-e040-11ac0c48617e.broad-snowman.20150918.somatic.sv.vcf.gz-download_time": 14, 
                "fc9500f3-e7d0-9820-e040-11ac0c48617e.broad-snowman.20150918.somatic.sv.vcf.gz-md5sum_time": 0, 
                "fc9500f3-e7d0-9820-e040-11ac0c48617e.broad-snowman.20150918.somatic.sv.vcf.gz.idx-download_time": 14, 
                "fc9500f3-e7d0-9820-e040-11ac0c48617e.broad-snowman.20150918.somatic.sv.vcf.gz.idx-md5sum_time": 0, 
                "start": 1454541014, 
                "stop": 1454541227, 
                "time": 213
            }
        }
    }, 
    "aliquot_id": null, 
    "available_repos": [
        {
            "https://gtrepo-osdc-icgc.annailabs.com/": {
                "file_md5sum": "ce282c7c5fccff6f805c95657740cd74", 
                "file_size": 42800
            }
        }
    ], 
    "data_type": "Broad-VCF", 
    "files": [
        {
            "file_md5sum": "0c850d38fa3cc1e95fd520d55c7c6787", 
            "file_name": "fc9500f3-e7d0-9820-e040-11ac0c48617e.broad-mutect-v2.20151112.somatic.snv_mnv.vcf.gz", 
            "file_size": 93000, 
            "object_id": "6e18fe36-d5d0-5b97-b7d7-67cd9bf2942a"
        }, 
        {
            "file_md5sum": "e6bd87c4470685eabdb293b0ac5445a8", 
            "file_name": "fc9500f3-e7d0-9820-e040-11ac0c48617e.broad-mutect-v2.20151112.somatic.snv_mnv.vcf.gz.idx", 
            "file_size": 44151, 
            "object_id": "b4a2f8f8-cf68-5e9d-a818-020789e39593"
        }, 
        {
            "file_md5sum": "7a746dbfa82c93dfb10bf904ca576f1f", 
            "file_name": "fc9500f3-e7d0-9820-e040-11ac0c48617e.broad-snowman.20150918.somatic.sv.vcf.gz.idx", 
            "file_size": 2864, 
            "object_id": "9e7d9c08-d8cb-564d-8000-e4f55464bb68"
        }, 
        {
            "file_md5sum": "6e23d4fb8aee9c0fb2ef4df743bc0ca2", 
            "file_name": "fc9500f3-e7d0-9820-e040-11ac0c48617e.broad-dRanger.20150918.somatic.sv.vcf.gz", 
            "file_size": 908, 
            "object_id": "11bdf922-286c-588e-ba16-7d3b1e3b1655"
        }, 
        {
            "file_md5sum": "8202e817ef0b8794965a7b43b0dcf3be", 
            "file_name": "fc9500f3-e7d0-9820-e040-11ac0c48617e.broad-dRanger.20150918.somatic.sv.vcf.gz.idx", 
            "file_size": 155, 
            "object_id": "efb72736-41b0-56b4-88c2-7b632d3f8c8a"
        }, 
        {
            "file_md5sum": "61c36bdf3aaa3822f261320de8df09f9", 
            "file_name": "fc9500f3-e7d0-9820-e040-11ac0c48617e.broad-snowman.20150918.germline.sv.vcf.gz", 
            "file_size": 1748450, 
            "object_id": "ff4dafc2-eff6-5964-bc77-598799fdc0d4"
        }, 
        {
            "file_md5sum": "34a1b3c57fbb58f5d9f12c13aa6d398e", 
            "file_name": "fc9500f3-e7d0-9820-e040-11ac0c48617e.broad-dRanger_snowman.20150918.somatic.sv.vcf.gz.idx", 
            "file_size": 2924, 
            "object_id": "27c31339-e757-5152-910b-32d326a12fde"
        }, 
        {
            "file_md5sum": "575dcd5dd01c9916d81583db04abb570", 
            "file_name": "fc9500f3-e7d0-9820-e040-11ac0c48617e.broad-snowman.20150918.germline.indel.vcf.gz.idx", 
            "file_size": 1176600, 
            "object_id": "942bc87f-06f4-5b35-9385-208be67efb8c"
        }, 
        {
            "file_md5sum": "2021324093562c9153c074969719f78e", 
            "file_name": "fc9500f3-e7d0-9820-e040-11ac0c48617e.broad-snowman.20150918.somatic.indel.vcf.gz", 
            "file_size": 7817, 
            "object_id": "050d8b19-de12-5435-9202-394e59d549a1"
        }, 
        {
            "file_md5sum": "86d4d372432cf275d9c18f368850a78e", 
            "file_name": "fc9500f3-e7d0-9820-e040-11ac0c48617e.broad-snowman.20150918.somatic.indel.vcf.gz.idx", 
            "file_size": 5731, 
            "object_id": "eed45aa1-599c-561c-ba34-f500378adeae"
        }, 
        {
            "file_md5sum": "9e013be0be3f9a23fa4a397d43c1d91c", 
            "file_name": "fc9500f3-e7d0-9820-e040-11ac0c48617e.broad-dRanger_snowman.20150918.somatic.sv.vcf.gz", 
            "file_size": 6812, 
            "object_id": "fc4204a9-35ef-5855-aa6f-23012cc70a2e"
        }, 
        {
            "file_md5sum": "2d8f8e77825e16b986f5e6249a27a476", 
            "file_name": "fc9500f3-e7d0-9820-e040-11ac0c48617e.broad-snowman.20150918.somatic.sv.vcf.gz", 
            "file_size": 6453,