{
    "_runs_": {
        "run_1453925560_6d0562d6-81f1-4b74-8cdf-3c59ab55d4ca": {
            "downloading": {
                "gnos-download_time": 99, 
                "start": 1453930536, 
                "stop": 1453930635, 
                "time": 99
            }, 
            "uploading": {
                "copy_meta_time": 1, 
                "start": 1453930640, 
                "stop": 1453930725, 
                "time": 85, 
                "upload_time": 84
            }
        }, 
        "run_1454534998_87298a93-a3ae-4efc-9a15-16af3ad41696": {
            "downloading": {
                "1193a9c4-5aab-4cd7-a690-60c96bd1172d.svcp_1-0-4.20150125.somatic.cnv.tar.gz-download_time": 16, 
                "1193a9c4-5aab-4cd7-a690-60c96bd1172d.svcp_1-0-4.20150125.somatic.cnv.tar.gz-md5sum_time": 0, 
                "1193a9c4-5aab-4cd7-a690-60c96bd1172d.svcp_1-0-4.20150125.somatic.cnv.vcf.gz-download_time": 12, 
                "1193a9c4-5aab-4cd7-a690-60c96bd1172d.svcp_1-0-4.20150125.somatic.cnv.vcf.gz-md5sum_time": 0, 
                "1193a9c4-5aab-4cd7-a690-60c96bd1172d.svcp_1-0-4.20150125.somatic.cnv.vcf.gz.tbi-download_time": 13, 
                "1193a9c4-5aab-4cd7-a690-60c96bd1172d.svcp_1-0-4.20150125.somatic.cnv.vcf.gz.tbi-md5sum_time": 0, 
                "1193a9c4-5aab-4cd7-a690-60c96bd1172d.svcp_1-0-4.20150125.somatic.genotype.tar.gz-download_time": 13, 
                "1193a9c4-5aab-4cd7-a690-60c96bd1172d.svcp_1-0-4.20150125.somatic.genotype.tar.gz-md5sum_time": 0, 
                "1193a9c4-5aab-4cd7-a690-60c96bd1172d.svcp_1-0-4.20150125.somatic.imputeCounts.tar.gz-download_time": 38, 
                "1193a9c4-5aab-4cd7-a690-60c96bd1172d.svcp_1-0-4.20150125.somatic.imputeCounts.tar.gz-md5sum_time": 2, 
                "1193a9c4-5aab-4cd7-a690-60c96bd1172d.svcp_1-0-4.20150125.somatic.indel.tar.gz-download_time": 57, 
                "1193a9c4-5aab-4cd7-a690-60c96bd1172d.svcp_1-0-4.20150125.somatic.indel.tar.gz-md5sum_time": 2, 
                "1193a9c4-5aab-4cd7-a690-60c96bd1172d.svcp_1-0-4.20150125.somatic.indel.vcf.gz-download_time": 16, 
                "1193a9c4-5aab-4cd7-a690-60c96bd1172d.svcp_1-0-4.20150125.somatic.indel.vcf.gz-md5sum_time": 1, 
                "1193a9c4-5aab-4cd7-a690-60c96bd1172d.svcp_1-0-4.20150125.somatic.indel.vcf.gz.tbi-download_time": 17, 
                "1193a9c4-5aab-4cd7-a690-60c96bd1172d.svcp_1-0-4.20150125.somatic.indel.vcf.gz.tbi-md5sum_time": 0, 
                "1193a9c4-5aab-4cd7-a690-60c96bd1172d.svcp_1-0-4.20150125.somatic.snv_mnv.tar.gz-download_time": 22, 
                "1193a9c4-5aab-4cd7-a690-60c96bd1172d.svcp_1-0-4.20150125.somatic.snv_mnv.tar.gz-md5sum_time": 0, 
                "1193a9c4-5aab-4cd7-a690-60c96bd1172d.svcp_1-0-4.20150125.somatic.snv_mnv.vcf.gz-download_time": 12, 
                "1193a9c4-5aab-4cd7-a690-60c96bd1172d.svcp_1-0-4.20150125.somatic.snv_mnv.vcf.gz-md5sum_time": 0, 
                "1193a9c4-5aab-4cd7-a690-60c96bd1172d.svcp_1-0-4.20150125.somatic.snv_mnv.vcf.gz.tbi-download_time": 13, 
                "1193a9c4-5aab-4cd7-a690-60c96bd1172d.svcp_1-0-4.20150125.somatic.snv_mnv.vcf.gz.tbi-md5sum_time": 0, 
                "1193a9c4-5aab-4cd7-a690-60c96bd1172d.svcp_1-0-4.20150125.somatic.verifyBamId.tar.gz-download_time": 15, 
                "1193a9c4-5aab-4cd7-a690-60c96bd1172d.svcp_1-0-4.20150125.somatic.verifyBamId.tar.gz-md5sum_time": 0, 
                "1193a9c4-5aab-4cd7-a690-60c96bd1172d.svfix_4-0-5.20160114.somatic.sv.tar.gz-download_time": 30, 
                "1193a9c4-5aab-4cd7-a690-60c96bd1172d.svfix_4-0-5.20160114.somatic.sv.tar.gz-md5sum_time": 1, 
                "1193a9c4-5aab-4cd7-a690-60c96bd1172d.svfix_4-0-5.20160114.somatic.sv.vcf.gz-download_time": 13, 
                "1193a9c4-5aab-4cd7-a690-60c96bd1172d.svfix_4-0-5.20160114.somatic.sv.vcf.gz-md5sum_time": 0, 
                "1193a9c4-5aab-4cd7-a690-60c96bd1172d.svfix_4-0-5.20160114.somatic.sv.vcf.gz.tbi-download_time": 12, 
                "1193a9c4-5aab-4cd7-a690-60c96bd1172d.svfix_4-0-5.20160114.somatic.sv.vcf.gz.tbi-md5sum_time": 0, 
                "2983f720-bacb-11e5-9285-ff6ceac6e0c4.xml-download_time": 12, 
                "2983f720-bacb-11e5-9285-ff6ceac6e0c4.xml-md5sum_time": 0, 
                "start": 1454541947, 
                "stop": 1454542264, 
                "time": 317
            }
        }
    }, 
    "aliquot_id": null, 
    "available_repos": [
        {
            "https://gtrepo-osdc-icgc.annailabs.com/": {
                "file_md5sum": "184bab39b805b71a09ebb26d1e0ccac6", 
                "file_size": 58687
            }
        }
    ], 
    "data_type": "Sanger-VCF", 
    "files": [
        {
            "file_md5sum": "07fa8ab8d5a208271bca8c8f884af769", 
            "file_name": "1193a9c4-5aab-4cd7-a690-60c96bd1172d.svcp_1-0-4.20150125.somatic.snv_mnv.vcf.gz", 
            "file_size": 846052, 
            "object_id": "6199b33c-2030-5117-a49c-14061281818d"
        }, 
        {
            "file_md5sum": "4d34cf0082b855cc416882cbba25ef46", 
            "file_name": "1193a9c4-5aab-4cd7-a690-60c96bd1172d.svcp_1-0-4.20150125.somatic.snv_mnv.vcf.gz.tbi", 
            "file_size": 171221, 
            "object_id": "ddd87fad-b60d-54c5-91c5-be3d7340338a"
        }, 
        {
            "file_md5sum": "59cbbe496b914332378151eb4a1ab968", 
            "file_name": "1193a9c4-5aab-4cd7-a690-60c96bd1172d.svcp_1-0-4.20150125.somatic.cnv.vcf.gz", 
            "file_size": 2012, 
            "object_id": "d565bc81-9c72-5ccf-b108-0ec51aa8a0be"
        }, 
        {
            "file_md5sum": "0cf68c9fcde5a8f32228e7399d9a4089", 
            "file_name": "1193a9c4-5aab-4cd7-a690-60c96bd1172d.svcp_1-0-4.20150125.somatic.cnv.vcf.gz.tbi", 
            "file_size": 4167, 
            "object_id": "3dcfbcb9-65bf-50b8-80b6-c30b7058fdfd"
        }, 
        {
            "file_md5sum": "2457455ff719ca207bb4beb42eaeee13", 
            "file_name": "1193a9c4-5aab-4cd7-a690-60c96bd1172d.svfix_4-0-5.20160114.somatic.sv.vcf.gz", 
            "file_size": 3103, 
            "object_id": "43978071-6f9f-5c02-8a16-e0e1a84a4bb0"
        }, 
        {
            "file_md5sum": "193d3010d658d8aa6304b798ab7cb1a6", 
            "file_name": "1193a9c4-5aab-4cd7-a690-60c96bd1172d.svfix_4-0-5.20160114.somatic.sv.vcf.gz.tbi", 
            "file_size": 340, 
            "object_id": "452e8983-9edd-59eb-bd34-e1d16855820b"
        }, 
        {
            "file_md5sum": "29f29a8a0b0f349fdb2e951d9618b78b", 
            "file_name": "1193a9c4-5aab-4cd7-a690-60c96bd1172d.svcp_1-0-4.20150125.somatic.indel.vcf.gz", 
            "file_size": 42066910, 
            "object_id": "7d88ec11-0bfc-594a-9086-c199ea7dbf9f"
        }, 
        {
            "file_md5sum": "70b394ad51e9b4a9271e16ba84c571eb", 
            "file_name": "1193a9c4-5aab-4cd7-a690-60c96bd1172d.svcp_1-0-4.20150125.somatic.indel.vcf.gz.tbi", 
            "file_size": 1433801, 
            "object_id": "6f62dafc-746e-5bfc-bc5b-9354dcfddf62"
        }, 
        {
            "file_md5sum": "3ea45b7aee7e62540605ea248b057104", 
            "file_name": "1193a9c4-5aab-4cd7-a690-60c96bd1172d.svcp_1-0-4.20150125.somatic.snv_mnv.tar.gz", 
            "file_size": 151301047, 
            "object_id": "80dcc8f9-92a7-561c-9024-7b3cd480e7de"
        }, 
        {
            "file_md5sum": "8e7293eea040ee11092f3376727b1b2b", 
            "file_name": "1193a9c4-5aab-4cd7-a690-60c96bd1172d.svcp_1-0-4.20150125.somatic.cnv.tar.gz", 
            "file_size": 26488345, 
            "object_id": "cb38070b-51d6-571d-938d-209d4c802f3c"
        }, 
        {
            "file_md5sum": "2db78998185cd2681d98da6b84183666", 
            "file_name": "1193a9c4-5aab-4cd7-a690-60c96bd1172d.svfix_4-0-5.20160114.somatic.sv.tar.gz", 
            "file_size": 298106639, 
            "object_id": "31f87bcd-a1a6-5836-b2d6-31d7eabd5857"
        }, 
        {
            "file_md5sum": "66be8ca679d0c39c75066a8ad85ed697",