{
    "_runs_": {
        "run_1454285934_d11d9507-caf5-4c24-8339-e748f4379583": {
            "downloading": {
                "gnos-download_time": 55, 
                "start": 1454286446, 
                "stop": 1454286501, 
                "time": 55
            }, 
            "uploading": {
                "copy_meta_time": 1, 
                "start": 1454286505, 
                "stop": 1454286535, 
                "time": 30, 
                "upload_time": 29
            }
        }, 
        "run_1454534998_87298a93-a3ae-4efc-9a15-16af3ad41696": {
            "downloading": {
                "0ead45d8-d785-4404-8319-2ef951e02e03.broad-dRanger.20150918.somatic.sv.vcf.gz-download_time": 12, 
                "0ead45d8-d785-4404-8319-2ef951e02e03.broad-dRanger.20150918.somatic.sv.vcf.gz-md5sum_time": 0, 
                "0ead45d8-d785-4404-8319-2ef951e02e03.broad-dRanger.20150918.somatic.sv.vcf.gz.idx-download_time": 13, 
                "0ead45d8-d785-4404-8319-2ef951e02e03.broad-dRanger.20150918.somatic.sv.vcf.gz.idx-md5sum_time": 0, 
                "0ead45d8-d785-4404-8319-2ef951e02e03.broad-dRanger_snowman.20150918.somatic.sv.vcf.gz-download_time": 14, 
                "0ead45d8-d785-4404-8319-2ef951e02e03.broad-dRanger_snowman.20150918.somatic.sv.vcf.gz-md5sum_time": 0, 
                "0ead45d8-d785-4404-8319-2ef951e02e03.broad-dRanger_snowman.20150918.somatic.sv.vcf.gz.idx-download_time": 13, 
                "0ead45d8-d785-4404-8319-2ef951e02e03.broad-dRanger_snowman.20150918.somatic.sv.vcf.gz.idx-md5sum_time": 0, 
                "0ead45d8-d785-4404-8319-2ef951e02e03.broad-mutect-v2.20151112.somatic.snv_mnv.vcf.gz-download_time": 13, 
                "0ead45d8-d785-4404-8319-2ef951e02e03.broad-mutect-v2.20151112.somatic.snv_mnv.vcf.gz-md5sum_time": 0, 
                "0ead45d8-d785-4404-8319-2ef951e02e03.broad-mutect-v2.20151112.somatic.snv_mnv.vcf.gz.idx-download_time": 13, 
                "0ead45d8-d785-4404-8319-2ef951e02e03.broad-mutect-v2.20151112.somatic.snv_mnv.vcf.gz.idx-md5sum_time": 0, 
                "0ead45d8-d785-4404-8319-2ef951e02e03.broad-snowman.20150918.germline.indel.vcf.gz-download_time": 14, 
                "0ead45d8-d785-4404-8319-2ef951e02e03.broad-snowman.20150918.germline.indel.vcf.gz-md5sum_time": 0, 
                "0ead45d8-d785-4404-8319-2ef951e02e03.broad-snowman.20150918.germline.indel.vcf.gz.idx-download_time": 13, 
                "0ead45d8-d785-4404-8319-2ef951e02e03.broad-snowman.20150918.germline.indel.vcf.gz.idx-md5sum_time": 0, 
                "0ead45d8-d785-4404-8319-2ef951e02e03.broad-snowman.20150918.germline.sv.vcf.gz-download_time": 13, 
                "0ead45d8-d785-4404-8319-2ef951e02e03.broad-snowman.20150918.germline.sv.vcf.gz-md5sum_time": 0, 
                "0ead45d8-d785-4404-8319-2ef951e02e03.broad-snowman.20150918.germline.sv.vcf.gz.idx-download_time": 13, 
                "0ead45d8-d785-4404-8319-2ef951e02e03.broad-snowman.20150918.germline.sv.vcf.gz.idx-md5sum_time": 0, 
                "0ead45d8-d785-4404-8319-2ef951e02e03.broad-snowman.20150918.somatic.indel.vcf.gz-download_time": 12, 
                "0ead45d8-d785-4404-8319-2ef951e02e03.broad-snowman.20150918.somatic.indel.vcf.gz-md5sum_time": 0, 
                "0ead45d8-d785-4404-8319-2ef951e02e03.broad-snowman.20150918.somatic.indel.vcf.gz.idx-download_time": 13, 
                "0ead45d8-d785-4404-8319-2ef951e02e03.broad-snowman.20150918.somatic.indel.vcf.gz.idx-md5sum_time": 0, 
                "0ead45d8-d785-4404-8319-2ef951e02e03.broad-snowman.20150918.somatic.sv.vcf.gz-download_time": 13, 
                "0ead45d8-d785-4404-8319-2ef951e02e03.broad-snowman.20150918.somatic.sv.vcf.gz-md5sum_time": 0, 
                "0ead45d8-d785-4404-8319-2ef951e02e03.broad-snowman.20150918.somatic.sv.vcf.gz.idx-download_time": 13, 
                "0ead45d8-d785-4404-8319-2ef951e02e03.broad-snowman.20150918.somatic.sv.vcf.gz.idx-md5sum_time": 0, 
                "2bd6440c-2812-4676-a33c-62ad83e56f07.xml-download_time": 12, 
                "2bd6440c-2812-4676-a33c-62ad83e56f07.xml-md5sum_time": 0, 
                "start": 1454542601, 
                "stop": 1454542795, 
                "time": 194
            }
        }
    }, 
    "aliquot_id": null, 
    "available_repos": [
        {
            "https://gtrepo-osdc-icgc.annailabs.com/": {
                "file_md5sum": "e40e818514f638ec0e01a2586741771e", 
                "file_size": 41068
            }
        }
    ], 
    "data_type": "Broad-VCF", 
    "files": [
        {
            "file_md5sum": "fdfad764956cb7b56fb146a5097f6a0d", 
            "file_name": "0ead45d8-d785-4404-8319-2ef951e02e03.broad-mutect-v2.20151112.somatic.snv_mnv.vcf.gz.idx", 
            "file_size": 168189, 
            "object_id": "70b99d2a-6630-5f81-be44-05535a29406a"
        }, 
        {
            "file_md5sum": "a8dd3b15bec1712d2fd0f6bded1cc2da", 
            "file_name": "0ead45d8-d785-4404-8319-2ef951e02e03.broad-mutect-v2.20151112.somatic.snv_mnv.vcf.gz", 
            "file_size": 452080, 
            "object_id": "c59651e6-7b9c-5d98-9d60-db19bcdfbfb5"
        }, 
        {
            "file_md5sum": "1ecf97fbcc75071c4b65df1a6c5404d3", 
            "file_name": "0ead45d8-d785-4404-8319-2ef951e02e03.broad-snowman.20150918.germline.sv.vcf.gz.idx", 
            "file_size": 57272, 
            "object_id": "7d955e61-b46f-5234-a904-10a409d46dcf"
        }, 
        {
            "file_md5sum": "1c4d4e1a5e62625d936485d43ed6ee44", 
            "file_name": "0ead45d8-d785-4404-8319-2ef951e02e03.broad-snowman.20150918.somatic.indel.vcf.gz", 
            "file_size": 49827, 
            "object_id": "f18c466b-a710-599d-8654-03c34501df60"
        }, 
        {
            "file_md5sum": "a02a259fc3f92a6af51e61996bc944af", 
            "file_name": "0ead45d8-d785-4404-8319-2ef951e02e03.broad-snowman.20150918.somatic.sv.vcf.gz.idx", 
            "file_size": 14393, 
            "object_id": "8ca8850d-b20e-5c32-88e0-b810a7a31ef9"
        }, 
        {
            "file_md5sum": "23536e84c3dac2b894cf2a3d0d4b9dec", 
            "file_name": "0ead45d8-d785-4404-8319-2ef951e02e03.broad-dRanger_snowman.20150918.somatic.sv.vcf.gz", 
            "file_size": 160551, 
            "object_id": "54419baa-55d9-5d99-a0ee-cff6d4cd2733"
        }, 
        {
            "file_md5sum": "b37fb42f35dea1ec056496a41f0aca2d", 
            "file_name": "0ead45d8-d785-4404-8319-2ef951e02e03.broad-dRanger.20150918.somatic.sv.vcf.gz.idx", 
            "file_size": 11472, 
            "object_id": "7c5fb329-f6fa-5568-a1d5-f5836c3bf46e"
        }, 
        {
            "file_md5sum": "2b8c8df3885f1fb24f3a2ac0f7068d4a", 
            "file_name": "0ead45d8-d785-4404-8319-2ef951e02e03.broad-snowman.20150918.germline.sv.vcf.gz", 
            "file_size": 1766790, 
            "object_id": "e5d618bf-40fd-5cd4-8d0e-50d7214d9694"
        }, 
        {
            "file_md5sum": "23420d460891b9dfecb2cddd6b0144ff", 
            "file_name": "0ead45d8-d785-4404-8319-2ef951e02e03.broad-snowman.20150918.somatic.sv.vcf.gz", 
            "file_size": 159060, 
            "object_id": "48a7b8ad-dc91-5144-b26b-baf6b3247a44"
        }, 
        {
            "file_md5sum": "c40654c62d1c220ceba3926a1ee34793", 
            "file_name": "0ead45d8-d785-4404-8319-2ef951e02e03.broad-snowman.20150918.germline.indel.vcf.gz", 
            "file_size": 11080873, 
            "object_id": "52e6ac97-32d6-5752-833c-1b81b9fc5ea7"
        }, 
        {
            "file_md5sum": "afc87da6feb48063592302c1110696cc", 
            "file_name": "0ead45d8-d785-4404-8319-2ef951e02e03.broad-dRanger.20150918.somatic.sv.vcf.gz", 
            "file_size": 91286, 
            "object_id": "d101bfa9-034e-53f5-8a59-d34d344eb84d"
        }, 
        {
            "file_md5sum": "2141827486c91cd7666a016515193d06", 
            "file_name": "0ead45d8-d785-4404-8319-2ef951e02e03.broad-dRanger_snowman.20150918.somatic.sv.vcf.gz.idx",