{
    "_runs_": {
        "run_1454285764_f0bb0d9b-b6aa-4910-82ec-98267388a489": {
            "downloading": {
                "gnos-download_time": 123, 
                "start": 1454286498, 
                "stop": 1454286621, 
                "time": 123
            }, 
            "uploading": {
                "copy_meta_time": 1, 
                "start": 1454286633, 
                "stop": 1454286725, 
                "time": 92, 
                "upload_time": 90
            }
        }, 
        "run_1454534933_359d8549-4db8-44eb-91b1-6ee42b6c3730": {
            "downloading": {
                "2e556bc8-c375-11e5-8967-8955d7f783dd.xml-download_time": 12, 
                "2e556bc8-c375-11e5-8967-8955d7f783dd.xml-md5sum_time": 0, 
                "58e2453c-bb58-43a3-9642-705ec0e0bdbd.svcp_1-0-8.20150806.somatic.cnv.tar.gz-download_time": 15, 
                "58e2453c-bb58-43a3-9642-705ec0e0bdbd.svcp_1-0-8.20150806.somatic.cnv.tar.gz-md5sum_time": 0, 
                "58e2453c-bb58-43a3-9642-705ec0e0bdbd.svcp_1-0-8.20150806.somatic.cnv.vcf.gz-download_time": 12, 
                "58e2453c-bb58-43a3-9642-705ec0e0bdbd.svcp_1-0-8.20150806.somatic.cnv.vcf.gz-md5sum_time": 0, 
                "58e2453c-bb58-43a3-9642-705ec0e0bdbd.svcp_1-0-8.20150806.somatic.cnv.vcf.gz.tbi-download_time": 13, 
                "58e2453c-bb58-43a3-9642-705ec0e0bdbd.svcp_1-0-8.20150806.somatic.cnv.vcf.gz.tbi-md5sum_time": 0, 
                "58e2453c-bb58-43a3-9642-705ec0e0bdbd.svcp_1-0-8.20150806.somatic.genotype.tar.gz-download_time": 12, 
                "58e2453c-bb58-43a3-9642-705ec0e0bdbd.svcp_1-0-8.20150806.somatic.genotype.tar.gz-md5sum_time": 0, 
                "58e2453c-bb58-43a3-9642-705ec0e0bdbd.svcp_1-0-8.20150806.somatic.imputeCounts.tar.gz-download_time": 44, 
                "58e2453c-bb58-43a3-9642-705ec0e0bdbd.svcp_1-0-8.20150806.somatic.imputeCounts.tar.gz-md5sum_time": 2, 
                "58e2453c-bb58-43a3-9642-705ec0e0bdbd.svcp_1-0-8.20150806.somatic.indel.tar.gz-download_time": 52, 
                "58e2453c-bb58-43a3-9642-705ec0e0bdbd.svcp_1-0-8.20150806.somatic.indel.tar.gz-md5sum_time": 3, 
                "58e2453c-bb58-43a3-9642-705ec0e0bdbd.svcp_1-0-8.20150806.somatic.indel.vcf.gz-download_time": 16, 
                "58e2453c-bb58-43a3-9642-705ec0e0bdbd.svcp_1-0-8.20150806.somatic.indel.vcf.gz-md5sum_time": 0, 
                "58e2453c-bb58-43a3-9642-705ec0e0bdbd.svcp_1-0-8.20150806.somatic.indel.vcf.gz.tbi-download_time": 12, 
                "58e2453c-bb58-43a3-9642-705ec0e0bdbd.svcp_1-0-8.20150806.somatic.indel.vcf.gz.tbi-md5sum_time": 0, 
                "58e2453c-bb58-43a3-9642-705ec0e0bdbd.svcp_1-0-8.20150806.somatic.snv_mnv.tar.gz-download_time": 21, 
                "58e2453c-bb58-43a3-9642-705ec0e0bdbd.svcp_1-0-8.20150806.somatic.snv_mnv.tar.gz-md5sum_time": 1, 
                "58e2453c-bb58-43a3-9642-705ec0e0bdbd.svcp_1-0-8.20150806.somatic.snv_mnv.vcf.gz-download_time": 13, 
                "58e2453c-bb58-43a3-9642-705ec0e0bdbd.svcp_1-0-8.20150806.somatic.snv_mnv.vcf.gz-md5sum_time": 0, 
                "58e2453c-bb58-43a3-9642-705ec0e0bdbd.svcp_1-0-8.20150806.somatic.snv_mnv.vcf.gz.tbi-download_time": 13, 
                "58e2453c-bb58-43a3-9642-705ec0e0bdbd.svcp_1-0-8.20150806.somatic.snv_mnv.vcf.gz.tbi-md5sum_time": 0, 
                "58e2453c-bb58-43a3-9642-705ec0e0bdbd.svcp_1-0-8.20150806.somatic.verifyBamId.tar.gz-download_time": 13, 
                "58e2453c-bb58-43a3-9642-705ec0e0bdbd.svcp_1-0-8.20150806.somatic.verifyBamId.tar.gz-md5sum_time": 0, 
                "58e2453c-bb58-43a3-9642-705ec0e0bdbd.svfix_4-0-5.20160125.somatic.sv.tar.gz-download_time": 28, 
                "58e2453c-bb58-43a3-9642-705ec0e0bdbd.svfix_4-0-5.20160125.somatic.sv.tar.gz-md5sum_time": 2, 
                "58e2453c-bb58-43a3-9642-705ec0e0bdbd.svfix_4-0-5.20160125.somatic.sv.vcf.gz-download_time": 12, 
                "58e2453c-bb58-43a3-9642-705ec0e0bdbd.svfix_4-0-5.20160125.somatic.sv.vcf.gz-md5sum_time": 0, 
                "58e2453c-bb58-43a3-9642-705ec0e0bdbd.svfix_4-0-5.20160125.somatic.sv.vcf.gz.tbi-download_time": 12, 
                "58e2453c-bb58-43a3-9642-705ec0e0bdbd.svfix_4-0-5.20160125.somatic.sv.vcf.gz.tbi-md5sum_time": 0, 
                "start": 1454543090, 
                "stop": 1454543398, 
                "time": 308
            }
        }
    }, 
    "aliquot_id": null, 
    "available_repos": [
        {
            "https://gtrepo-osdc-icgc.annailabs.com/": {
                "file_md5sum": "0f114405811bead90e7f7427e56486dc", 
                "file_size": 59147
            }
        }
    ], 
    "data_type": "Sanger-VCF", 
    "files": [
        {
            "file_md5sum": "b9e703bbdc41167cd74f85450a02b472", 
            "file_name": "58e2453c-bb58-43a3-9642-705ec0e0bdbd.svcp_1-0-8.20150806.somatic.snv_mnv.vcf.gz", 
            "file_size": 2123201, 
            "object_id": "1315ce0e-f00b-51b3-845d-8102dc4c9e3b"
        }, 
        {
            "file_md5sum": "457d0da6a8dbe3508edd9bd1b0d7f73e", 
            "file_name": "58e2453c-bb58-43a3-9642-705ec0e0bdbd.svcp_1-0-8.20150806.somatic.snv_mnv.vcf.gz.tbi", 
            "file_size": 300044, 
            "object_id": "0c37389b-0c57-5100-8c77-d88ebf287f18"
        }, 
        {
            "file_md5sum": "271a9c51f7ced285117ee464af3e2338", 
            "file_name": "58e2453c-bb58-43a3-9642-705ec0e0bdbd.svcp_1-0-8.20150806.somatic.cnv.vcf.gz", 
            "file_size": 2320, 
            "object_id": "82c86036-d44d-5ac7-9cb2-3eafa7565cce"
        }, 
        {
            "file_md5sum": "61a13d32a4bc5b4694382775de4877ef", 
            "file_name": "58e2453c-bb58-43a3-9642-705ec0e0bdbd.svcp_1-0-8.20150806.somatic.cnv.vcf.gz.tbi", 
            "file_size": 4483, 
            "object_id": "b3961745-9a48-57fe-b0f8-3bee16e3a32c"
        }, 
        {
            "file_md5sum": "4915a5be5c6152fef8b5af2565d1e9b8", 
            "file_name": "58e2453c-bb58-43a3-9642-705ec0e0bdbd.svfix_4-0-5.20160125.somatic.sv.vcf.gz", 
            "file_size": 3450, 
            "object_id": "262a6b80-2bab-5677-820d-7c400cb458d4"
        }, 
        {
            "file_md5sum": "fe1cfc0894758ebdb69c5cf74bb1ab8c", 
            "file_name": "58e2453c-bb58-43a3-9642-705ec0e0bdbd.svfix_4-0-5.20160125.somatic.sv.vcf.gz.tbi", 
            "file_size": 423, 
            "object_id": "8d7fd8ae-1599-5afa-8cdd-62da140f2c86"
        }, 
        {
            "file_md5sum": "d99dcf0180321453d9721a31c2052934", 
            "file_name": "58e2453c-bb58-43a3-9642-705ec0e0bdbd.svcp_1-0-8.20150806.somatic.indel.vcf.gz", 
            "file_size": 43905552, 
            "object_id": "295f5114-00d7-5c7a-a09d-0c3d360d4fc3"
        }, 
        {
            "file_md5sum": "12e494cd3dd11d1f753c2fe8bf0baaa3", 
            "file_name": "58e2453c-bb58-43a3-9642-705ec0e0bdbd.svcp_1-0-8.20150806.somatic.indel.vcf.gz.tbi", 
            "file_size": 1438318, 
            "object_id": "8845e317-0f0b-5eca-9d2f-ba677063bbff"
        }, 
        {
            "file_md5sum": "6054c4f5215d21b9ddbf0b79840588e2", 
            "file_name": "58e2453c-bb58-43a3-9642-705ec0e0bdbd.svcp_1-0-8.20150806.somatic.snv_mnv.tar.gz", 
            "file_size": 160989862, 
            "object_id": "4d18e847-cd18-523d-9573-9368d6749f29"
        }, 
        {
            "file_md5sum": "3dabed4a51c4e8d074f16a63e19523ca", 
            "file_name": "58e2453c-bb58-43a3-9642-705ec0e0bdbd.svcp_1-0-8.20150806.somatic.cnv.tar.gz", 
            "file_size": 26955216, 
            "object_id": "b209ad0a-c2cf-5bbb-ba9e-52eedc995737"
        }, 
        {
            "file_md5sum": "98251f41fa3a4c20a9f5f5f0f1ad72c5", 
            "file_name": "58e2453c-bb58-43a3-9642-705ec0e0bdbd.svfix_4-0-5.20160125.somatic.sv.tar.gz", 
            "file_size": 291559749, 
            "object_id": "bd1586b0-599c-5bd4-9763-f4d2319b6b89"
        }, 
        {
            "file_md5sum": "b201ba3e9f17a7e9c5fa38da966bcaf6",