{
    "_runs_": {
        "run_1453925873_9b41f8fc-73b9-4bae-aac6-f1f67f3d9f45": {
            "downloading": {
                "gnos-download_time": 109, 
                "start": 1453931164, 
                "stop": 1453931273, 
                "time": 109
            }, 
            "uploading": {
                "copy_meta_time": 1, 
                "start": 1453931292, 
                "stop": 1453931379, 
                "time": 87, 
                "upload_time": 86
            }
        }, 
        "run_1454512973_e3882142-08cf-45e0-9b4a-4bd52c15b4e1": {
            "downloading": {
                "2ede9aa6-b9f7-11e5-9def-1980eac6e0c4.xml-download_time": 13, 
                "2ede9aa6-b9f7-11e5-9def-1980eac6e0c4.xml-md5sum_time": 0, 
                "9321341c-c622-11e3-bf01-24c6515278c0.svcp_1-0-5.20150416.somatic.cnv.tar.gz-download_time": 15, 
                "9321341c-c622-11e3-bf01-24c6515278c0.svcp_1-0-5.20150416.somatic.cnv.tar.gz-md5sum_time": 0, 
                "9321341c-c622-11e3-bf01-24c6515278c0.svcp_1-0-5.20150416.somatic.cnv.vcf.gz-download_time": 12, 
                "9321341c-c622-11e3-bf01-24c6515278c0.svcp_1-0-5.20150416.somatic.cnv.vcf.gz-md5sum_time": 0, 
                "9321341c-c622-11e3-bf01-24c6515278c0.svcp_1-0-5.20150416.somatic.cnv.vcf.gz.tbi-download_time": 13, 
                "9321341c-c622-11e3-bf01-24c6515278c0.svcp_1-0-5.20150416.somatic.cnv.vcf.gz.tbi-md5sum_time": 0, 
                "9321341c-c622-11e3-bf01-24c6515278c0.svcp_1-0-5.20150416.somatic.genotype.tar.gz-download_time": 12, 
                "9321341c-c622-11e3-bf01-24c6515278c0.svcp_1-0-5.20150416.somatic.genotype.tar.gz-md5sum_time": 0, 
                "9321341c-c622-11e3-bf01-24c6515278c0.svcp_1-0-5.20150416.somatic.imputeCounts.tar.gz-download_time": 38, 
                "9321341c-c622-11e3-bf01-24c6515278c0.svcp_1-0-5.20150416.somatic.imputeCounts.tar.gz-md5sum_time": 2, 
                "9321341c-c622-11e3-bf01-24c6515278c0.svcp_1-0-5.20150416.somatic.indel.tar.gz-download_time": 49, 
                "9321341c-c622-11e3-bf01-24c6515278c0.svcp_1-0-5.20150416.somatic.indel.tar.gz-md5sum_time": 3, 
                "9321341c-c622-11e3-bf01-24c6515278c0.svcp_1-0-5.20150416.somatic.indel.vcf.gz-download_time": 16, 
                "9321341c-c622-11e3-bf01-24c6515278c0.svcp_1-0-5.20150416.somatic.indel.vcf.gz-md5sum_time": 0, 
                "9321341c-c622-11e3-bf01-24c6515278c0.svcp_1-0-5.20150416.somatic.indel.vcf.gz.tbi-download_time": 13, 
                "9321341c-c622-11e3-bf01-24c6515278c0.svcp_1-0-5.20150416.somatic.indel.vcf.gz.tbi-md5sum_time": 0, 
                "9321341c-c622-11e3-bf01-24c6515278c0.svcp_1-0-5.20150416.somatic.snv_mnv.tar.gz-download_time": 22, 
                "9321341c-c622-11e3-bf01-24c6515278c0.svcp_1-0-5.20150416.somatic.snv_mnv.tar.gz-md5sum_time": 0, 
                "9321341c-c622-11e3-bf01-24c6515278c0.svcp_1-0-5.20150416.somatic.snv_mnv.vcf.gz-download_time": 14, 
                "9321341c-c622-11e3-bf01-24c6515278c0.svcp_1-0-5.20150416.somatic.snv_mnv.vcf.gz-md5sum_time": 0, 
                "9321341c-c622-11e3-bf01-24c6515278c0.svcp_1-0-5.20150416.somatic.snv_mnv.vcf.gz.tbi-download_time": 12, 
                "9321341c-c622-11e3-bf01-24c6515278c0.svcp_1-0-5.20150416.somatic.snv_mnv.vcf.gz.tbi-md5sum_time": 0, 
                "9321341c-c622-11e3-bf01-24c6515278c0.svcp_1-0-5.20150416.somatic.verifyBamId.tar.gz-download_time": 14, 
                "9321341c-c622-11e3-bf01-24c6515278c0.svcp_1-0-5.20150416.somatic.verifyBamId.tar.gz-md5sum_time": 0, 
                "9321341c-c622-11e3-bf01-24c6515278c0.svfix_4-0-5.20160113.somatic.sv.tar.gz-download_time": 32, 
                "9321341c-c622-11e3-bf01-24c6515278c0.svfix_4-0-5.20160113.somatic.sv.tar.gz-md5sum_time": 1, 
                "9321341c-c622-11e3-bf01-24c6515278c0.svfix_4-0-5.20160113.somatic.sv.vcf.gz-download_time": 12, 
                "9321341c-c622-11e3-bf01-24c6515278c0.svfix_4-0-5.20160113.somatic.sv.vcf.gz-md5sum_time": 0, 
                "9321341c-c622-11e3-bf01-24c6515278c0.svfix_4-0-5.20160113.somatic.sv.vcf.gz.tbi-download_time": 13, 
                "9321341c-c622-11e3-bf01-24c6515278c0.svfix_4-0-5.20160113.somatic.sv.vcf.gz.tbi-md5sum_time": 0, 
                "start": 1454543342, 
                "stop": 1454543648, 
                "time": 306
            }
        }
    }, 
    "aliquot_id": null, 
    "available_repos": [
        {
            "https://gtrepo-osdc-icgc.annailabs.com/": {
                "file_md5sum": "f5ecd3f86d37c0f544944bca77df4eac", 
                "file_size": 58308
            }
        }
    ], 
    "data_type": "Sanger-VCF", 
    "files": [
        {
            "file_md5sum": "337935355ef1e0416f57a0e888b1734a", 
            "file_name": "9321341c-c622-11e3-bf01-24c6515278c0.svcp_1-0-5.20150416.somatic.snv_mnv.vcf.gz", 
            "file_size": 2058214, 
            "object_id": "797138fd-163e-50ac-a375-b306c61bb18b"
        }, 
        {
            "file_md5sum": "27f7f25fcd7df9e7542fe4d6da45cfb0", 
            "file_name": "9321341c-c622-11e3-bf01-24c6515278c0.svcp_1-0-5.20150416.somatic.snv_mnv.vcf.gz.tbi", 
            "file_size": 325081, 
            "object_id": "bd56b88e-9488-57ac-8f1a-1efb7e20a929"
        }, 
        {
            "file_md5sum": "6ec2b179f0ff08c0d11373c57022966a", 
            "file_name": "9321341c-c622-11e3-bf01-24c6515278c0.svcp_1-0-5.20150416.somatic.cnv.vcf.gz", 
            "file_size": 20998, 
            "object_id": "77163cbd-5965-575e-884a-b7bfa9e817dd"
        }, 
        {
            "file_md5sum": "b507de010cad9b3f984ee85f74159501", 
            "file_name": "9321341c-c622-11e3-bf01-24c6515278c0.svcp_1-0-5.20150416.somatic.cnv.vcf.gz.tbi", 
            "file_size": 15681, 
            "object_id": "4dac32ad-b269-508e-8ad4-c5e40d18a98c"
        }, 
        {
            "file_md5sum": "fbffd73cab4cc0bf6e852c07f2ad5c97", 
            "file_name": "9321341c-c622-11e3-bf01-24c6515278c0.svfix_4-0-5.20160113.somatic.sv.vcf.gz", 
            "file_size": 64410, 
            "object_id": "fbb16101-7c8a-50bc-9362-38b495384c66"
        }, 
        {
            "file_md5sum": "fd8df2d625a48fbe5fcd30c807aaae55", 
            "file_name": "9321341c-c622-11e3-bf01-24c6515278c0.svfix_4-0-5.20160113.somatic.sv.vcf.gz.tbi", 
            "file_size": 5665, 
            "object_id": "e7c1aea7-39a6-5b65-9c73-83ae0e5243c8"
        }, 
        {
            "file_md5sum": "90969eb93f0475a35ae63e9d73761869", 
            "file_name": "9321341c-c622-11e3-bf01-24c6515278c0.svcp_1-0-5.20150416.somatic.indel.vcf.gz", 
            "file_size": 46247082, 
            "object_id": "25aca33a-56cd-50a3-a27d-eca8d84f3a81"
        }, 
        {
            "file_md5sum": "bf111ad5b7b95d0b6f117ccb15d4fae9", 
            "file_name": "9321341c-c622-11e3-bf01-24c6515278c0.svcp_1-0-5.20150416.somatic.indel.vcf.gz.tbi", 
            "file_size": 1462400, 
            "object_id": "700fee2a-9e45-56bc-b23e-27ea65ec6ee1"
        }, 
        {
            "file_md5sum": "6edc80f8afd9c9272d869e4b646846d3", 
            "file_name": "9321341c-c622-11e3-bf01-24c6515278c0.svcp_1-0-5.20150416.somatic.snv_mnv.tar.gz", 
            "file_size": 160917563, 
            "object_id": "29d1b273-d497-5a86-8493-f5a3a1b861d8"
        }, 
        {
            "file_md5sum": "0e03da4a0afe7a0fb95e74d8fac80ab6", 
            "file_name": "9321341c-c622-11e3-bf01-24c6515278c0.svcp_1-0-5.20150416.somatic.cnv.tar.gz", 
            "file_size": 27571965, 
            "object_id": "c987b666-2453-5e9d-8900-a6aaac8ff8ac"
        }, 
        {
            "file_md5sum": "802a608696f4fb91c534d1867621863a", 
            "file_name": "9321341c-c622-11e3-bf01-24c6515278c0.svfix_4-0-5.20160113.somatic.sv.tar.gz", 
            "file_size": 310554484, 
            "object_id": "cbe9db08-51d4-53be-aedf-60ad769fbff1"
        }, 
        {
            "file_md5sum": "f511177cee489dc9809f2b83f4e04b21",