{
    "_runs_": {
        "run_1454285703_2b9791f1-d0a8-4403-bd2d-9f3d79bba1f0": {
            "downloading": {
                "gnos-download_time": 99, 
                "start": 1454286611, 
                "stop": 1454286710, 
                "time": 99
            }, 
            "uploading": {
                "copy_meta_time": 1, 
                "start": 1454286747, 
                "stop": 1454286778, 
                "time": 31, 
                "upload_time": 30
            }
        }, 
        "run_1454534865_ec967f0c-20d7-4c23-a0f7-b4bc3c626f23": {
            "downloading": {
                "309c57c2-fe4e-4115-815c-7bb2b6a749d7.xml-download_time": 13, 
                "309c57c2-fe4e-4115-815c-7bb2b6a749d7.xml-md5sum_time": 0, 
                "c767254e-b289-4904-a80f-050cf01ff8ba.broad-dRanger.20150918.somatic.sv.vcf.gz-download_time": 13, 
                "c767254e-b289-4904-a80f-050cf01ff8ba.broad-dRanger.20150918.somatic.sv.vcf.gz-md5sum_time": 0, 
                "c767254e-b289-4904-a80f-050cf01ff8ba.broad-dRanger.20150918.somatic.sv.vcf.gz.idx-download_time": 12, 
                "c767254e-b289-4904-a80f-050cf01ff8ba.broad-dRanger.20150918.somatic.sv.vcf.gz.idx-md5sum_time": 0, 
                "c767254e-b289-4904-a80f-050cf01ff8ba.broad-dRanger_snowman.20150918.somatic.sv.vcf.gz-download_time": 12, 
                "c767254e-b289-4904-a80f-050cf01ff8ba.broad-dRanger_snowman.20150918.somatic.sv.vcf.gz-md5sum_time": 0, 
                "c767254e-b289-4904-a80f-050cf01ff8ba.broad-dRanger_snowman.20150918.somatic.sv.vcf.gz.idx-download_time": 13, 
                "c767254e-b289-4904-a80f-050cf01ff8ba.broad-dRanger_snowman.20150918.somatic.sv.vcf.gz.idx-md5sum_time": 0, 
                "c767254e-b289-4904-a80f-050cf01ff8ba.broad-mutect-v2.20151112.somatic.snv_mnv.vcf.gz-download_time": 12, 
                "c767254e-b289-4904-a80f-050cf01ff8ba.broad-mutect-v2.20151112.somatic.snv_mnv.vcf.gz-md5sum_time": 0, 
                "c767254e-b289-4904-a80f-050cf01ff8ba.broad-mutect-v2.20151112.somatic.snv_mnv.vcf.gz.idx-download_time": 12, 
                "c767254e-b289-4904-a80f-050cf01ff8ba.broad-mutect-v2.20151112.somatic.snv_mnv.vcf.gz.idx-md5sum_time": 0, 
                "c767254e-b289-4904-a80f-050cf01ff8ba.broad-snowman.20150918.germline.indel.vcf.gz-download_time": 13, 
                "c767254e-b289-4904-a80f-050cf01ff8ba.broad-snowman.20150918.germline.indel.vcf.gz-md5sum_time": 0, 
                "c767254e-b289-4904-a80f-050cf01ff8ba.broad-snowman.20150918.germline.indel.vcf.gz.idx-download_time": 13, 
                "c767254e-b289-4904-a80f-050cf01ff8ba.broad-snowman.20150918.germline.indel.vcf.gz.idx-md5sum_time": 0, 
                "c767254e-b289-4904-a80f-050cf01ff8ba.broad-snowman.20150918.germline.sv.vcf.gz-download_time": 13, 
                "c767254e-b289-4904-a80f-050cf01ff8ba.broad-snowman.20150918.germline.sv.vcf.gz-md5sum_time": 0, 
                "c767254e-b289-4904-a80f-050cf01ff8ba.broad-snowman.20150918.germline.sv.vcf.gz.idx-download_time": 13, 
                "c767254e-b289-4904-a80f-050cf01ff8ba.broad-snowman.20150918.germline.sv.vcf.gz.idx-md5sum_time": 0, 
                "c767254e-b289-4904-a80f-050cf01ff8ba.broad-snowman.20150918.somatic.indel.vcf.gz-download_time": 13, 
                "c767254e-b289-4904-a80f-050cf01ff8ba.broad-snowman.20150918.somatic.indel.vcf.gz-md5sum_time": 0, 
                "c767254e-b289-4904-a80f-050cf01ff8ba.broad-snowman.20150918.somatic.indel.vcf.gz.idx-download_time": 13, 
                "c767254e-b289-4904-a80f-050cf01ff8ba.broad-snowman.20150918.somatic.indel.vcf.gz.idx-md5sum_time": 0, 
                "c767254e-b289-4904-a80f-050cf01ff8ba.broad-snowman.20150918.somatic.sv.vcf.gz-download_time": 13, 
                "c767254e-b289-4904-a80f-050cf01ff8ba.broad-snowman.20150918.somatic.sv.vcf.gz-md5sum_time": 0, 
                "c767254e-b289-4904-a80f-050cf01ff8ba.broad-snowman.20150918.somatic.sv.vcf.gz.idx-download_time": 12, 
                "c767254e-b289-4904-a80f-050cf01ff8ba.broad-snowman.20150918.somatic.sv.vcf.gz.idx-md5sum_time": 0, 
                "start": 1454544001, 
                "stop": 1454544191, 
                "time": 190
            }
        }
    }, 
    "aliquot_id": null, 
    "available_repos": [
        {
            "https://gtrepo-osdc-icgc.annailabs.com/": {
                "file_md5sum": "362ea2a3904d773b92dd2b84255af65c", 
                "file_size": 41134
            }
        }
    ], 
    "data_type": "Broad-VCF", 
    "files": [
        {
            "file_md5sum": "55ed621b09b85cdd33cdd2f77caa8e38", 
            "file_name": "c767254e-b289-4904-a80f-050cf01ff8ba.broad-mutect-v2.20151112.somatic.snv_mnv.vcf.gz.idx", 
            "file_size": 200266, 
            "object_id": "7bd3bfb3-3eab-5139-a431-317e98e663c7"
        }, 
        {
            "file_md5sum": "7a881d4ed1a94422636035fbb5a7884d", 
            "file_name": "c767254e-b289-4904-a80f-050cf01ff8ba.broad-mutect-v2.20151112.somatic.snv_mnv.vcf.gz", 
            "file_size": 548439, 
            "object_id": "179f8df7-991c-5a76-9c75-c05855de5fc2"
        }, 
        {
            "file_md5sum": "d7a6a98465e75484d43b7a40b07b8b47", 
            "file_name": "c767254e-b289-4904-a80f-050cf01ff8ba.broad-snowman.20150918.somatic.sv.vcf.gz", 
            "file_size": 246776, 
            "object_id": "3c08d55f-5509-5fde-89a6-626cbbf5701e"
        }, 
        {
            "file_md5sum": "d8fbf214e7f30f1f94789bb74ce9b20c", 
            "file_name": "c767254e-b289-4904-a80f-050cf01ff8ba.broad-snowman.20150918.somatic.indel.vcf.gz.idx", 
            "file_size": 26558, 
            "object_id": "96218551-e9cc-504a-bfdc-a7c987f0cc6e"
        }, 
        {
            "file_md5sum": "e238f92a9a1a4680a17b0d213b92778f", 
            "file_name": "c767254e-b289-4904-a80f-050cf01ff8ba.broad-snowman.20150918.germline.sv.vcf.gz", 
            "file_size": 1612366, 
            "object_id": "fe22abcb-156c-583c-b132-3494d2876e46"
        }, 
        {
            "file_md5sum": "c971183d040e0d834a6a2b1250ea514f", 
            "file_name": "c767254e-b289-4904-a80f-050cf01ff8ba.broad-snowman.20150918.germline.sv.vcf.gz.idx", 
            "file_size": 56601, 
            "object_id": "be4c07bb-ecde-59a7-a4e9-be9d1ba74196"
        }, 
        {
            "file_md5sum": "458242d396e7c007a13003df46e2f0bb", 
            "file_name": "c767254e-b289-4904-a80f-050cf01ff8ba.broad-snowman.20150918.germline.indel.vcf.gz", 
            "file_size": 10861775, 
            "object_id": "98d11f01-a3b6-5afe-a83a-3a2e3a38c722"
        }, 
        {
            "file_md5sum": "3573da74e79ed411f32b2b3e8b110182", 
            "file_name": "c767254e-b289-4904-a80f-050cf01ff8ba.broad-snowman.20150918.germline.indel.vcf.gz.idx", 
            "file_size": 1054808, 
            "object_id": "9418a32d-44f2-56ab-946b-f19cc0c305d4"
        }, 
        {
            "file_md5sum": "4d0dfc69e44b4108b44cf6a2c7b739ab", 
            "file_name": "c767254e-b289-4904-a80f-050cf01ff8ba.broad-dRanger.20150918.somatic.sv.vcf.gz", 
            "file_size": 128934, 
            "object_id": "2494ad94-4c2b-576b-b8e2-643abbf5aa2b"
        }, 
        {
            "file_md5sum": "b288512bba341fc6b1cc432b49979abf", 
            "file_name": "c767254e-b289-4904-a80f-050cf01ff8ba.broad-dRanger_snowman.20150918.somatic.sv.vcf.gz", 
            "file_size": 252605, 
            "object_id": "afcec0fa-0fbb-5a97-998f-c0740ee54059"
        }, 
        {
            "file_md5sum": "c56e693e9a21ca77e1bd00dfbd1a44f2", 
            "file_name": "c767254e-b289-4904-a80f-050cf01ff8ba.broad-dRanger.20150918.somatic.sv.vcf.gz.idx", 
            "file_size": 14567, 
            "object_id": "2ac5ec35-8156-5b89-9fc2-59320dd20819"
        }, 
        {
            "file_md5sum": "7b6678cb2540202ae535c9e5096e12d5", 
            "file_name": "c767254e-b289-4904-a80f-050cf01ff8ba.broad-dRanger_snowman.20150918.somatic.sv.vcf.gz.idx",