{
    "_runs_": {
        "run_1453925560_6d0562d6-81f1-4b74-8cdf-3c59ab55d4ca": {
            "downloading": {
                "gnos-download_time": 136, 
                "start": 1453931816, 
                "stop": 1453931952, 
                "time": 136
            }, 
            "uploading": {
                "copy_meta_time": 4, 
                "start": 1453931956, 
                "stop": 1453932060, 
                "time": 104, 
                "upload_time": 100
            }
        }, 
        "run_1454534600_34c5f6bb-48cb-4088-a680-151850b3332f": {
            "downloading": {
                "342d92fe-bae8-11e5-9285-ff6ceac6e0c4.xml-download_time": 14, 
                "342d92fe-bae8-11e5-9285-ff6ceac6e0c4.xml-md5sum_time": 0, 
                "de99a4de-e916-4572-ac9e-73e341827229.svcp_1-0-4.20150130.somatic.cnv.tar.gz-download_time": 15, 
                "de99a4de-e916-4572-ac9e-73e341827229.svcp_1-0-4.20150130.somatic.cnv.tar.gz-md5sum_time": 0, 
                "de99a4de-e916-4572-ac9e-73e341827229.svcp_1-0-4.20150130.somatic.cnv.vcf.gz-download_time": 12, 
                "de99a4de-e916-4572-ac9e-73e341827229.svcp_1-0-4.20150130.somatic.cnv.vcf.gz-md5sum_time": 0, 
                "de99a4de-e916-4572-ac9e-73e341827229.svcp_1-0-4.20150130.somatic.cnv.vcf.gz.tbi-download_time": 12, 
                "de99a4de-e916-4572-ac9e-73e341827229.svcp_1-0-4.20150130.somatic.cnv.vcf.gz.tbi-md5sum_time": 0, 
                "de99a4de-e916-4572-ac9e-73e341827229.svcp_1-0-4.20150130.somatic.genotype.tar.gz-download_time": 12, 
                "de99a4de-e916-4572-ac9e-73e341827229.svcp_1-0-4.20150130.somatic.genotype.tar.gz-md5sum_time": 0, 
                "de99a4de-e916-4572-ac9e-73e341827229.svcp_1-0-4.20150130.somatic.imputeCounts.tar.gz-download_time": 39, 
                "de99a4de-e916-4572-ac9e-73e341827229.svcp_1-0-4.20150130.somatic.imputeCounts.tar.gz-md5sum_time": 2, 
                "de99a4de-e916-4572-ac9e-73e341827229.svcp_1-0-4.20150130.somatic.indel.tar.gz-download_time": 61, 
                "de99a4de-e916-4572-ac9e-73e341827229.svcp_1-0-4.20150130.somatic.indel.tar.gz-md5sum_time": 3, 
                "de99a4de-e916-4572-ac9e-73e341827229.svcp_1-0-4.20150130.somatic.indel.vcf.gz-download_time": 16, 
                "de99a4de-e916-4572-ac9e-73e341827229.svcp_1-0-4.20150130.somatic.indel.vcf.gz-md5sum_time": 0, 
                "de99a4de-e916-4572-ac9e-73e341827229.svcp_1-0-4.20150130.somatic.indel.vcf.gz.tbi-download_time": 13, 
                "de99a4de-e916-4572-ac9e-73e341827229.svcp_1-0-4.20150130.somatic.indel.vcf.gz.tbi-md5sum_time": 0, 
                "de99a4de-e916-4572-ac9e-73e341827229.svcp_1-0-4.20150130.somatic.snv_mnv.tar.gz-download_time": 23, 
                "de99a4de-e916-4572-ac9e-73e341827229.svcp_1-0-4.20150130.somatic.snv_mnv.tar.gz-md5sum_time": 1, 
                "de99a4de-e916-4572-ac9e-73e341827229.svcp_1-0-4.20150130.somatic.snv_mnv.vcf.gz-download_time": 13, 
                "de99a4de-e916-4572-ac9e-73e341827229.svcp_1-0-4.20150130.somatic.snv_mnv.vcf.gz-md5sum_time": 0, 
                "de99a4de-e916-4572-ac9e-73e341827229.svcp_1-0-4.20150130.somatic.snv_mnv.vcf.gz.tbi-download_time": 13, 
                "de99a4de-e916-4572-ac9e-73e341827229.svcp_1-0-4.20150130.somatic.snv_mnv.vcf.gz.tbi-md5sum_time": 0, 
                "de99a4de-e916-4572-ac9e-73e341827229.svcp_1-0-4.20150130.somatic.verifyBamId.tar.gz-download_time": 13, 
                "de99a4de-e916-4572-ac9e-73e341827229.svcp_1-0-4.20150130.somatic.verifyBamId.tar.gz-md5sum_time": 0, 
                "de99a4de-e916-4572-ac9e-73e341827229.svfix_4-0-5.20160114.somatic.sv.tar.gz-download_time": 30, 
                "de99a4de-e916-4572-ac9e-73e341827229.svfix_4-0-5.20160114.somatic.sv.tar.gz-md5sum_time": 1, 
                "de99a4de-e916-4572-ac9e-73e341827229.svfix_4-0-5.20160114.somatic.sv.vcf.gz-download_time": 13, 
                "de99a4de-e916-4572-ac9e-73e341827229.svfix_4-0-5.20160114.somatic.sv.vcf.gz-md5sum_time": 0, 
                "de99a4de-e916-4572-ac9e-73e341827229.svfix_4-0-5.20160114.somatic.sv.vcf.gz.tbi-download_time": 12, 
                "de99a4de-e916-4572-ac9e-73e341827229.svfix_4-0-5.20160114.somatic.sv.vcf.gz.tbi-md5sum_time": 0, 
                "start": 1454544932, 
                "stop": 1454545250, 
                "time": 318
            }
        }
    }, 
    "aliquot_id": null, 
    "available_repos": [
        {
            "https://gtrepo-osdc-icgc.annailabs.com/": {
                "file_md5sum": "fb71ee3a7b5fac8a5f9c37d60f16334c", 
                "file_size": 60399
            }
        }
    ], 
    "data_type": "Sanger-VCF", 
    "files": [
        {
            "file_md5sum": "1599a65872264307a97dac92caeddf54", 
            "file_name": "de99a4de-e916-4572-ac9e-73e341827229.svcp_1-0-4.20150130.somatic.snv_mnv.vcf.gz", 
            "file_size": 2337741, 
            "object_id": "4c66149f-e755-52d1-a92f-93d9cb6104e7"
        }, 
        {
            "file_md5sum": "d353d161f8afdaa140f38c12b55ed67e", 
            "file_name": "de99a4de-e916-4572-ac9e-73e341827229.svcp_1-0-4.20150130.somatic.snv_mnv.vcf.gz.tbi", 
            "file_size": 351705, 
            "object_id": "46a04ad4-e5df-5434-9ba6-3869ac2e5c31"
        }, 
        {
            "file_md5sum": "1847c9ea1ac0517b6b8b4aad92a726d5", 
            "file_name": "de99a4de-e916-4572-ac9e-73e341827229.svcp_1-0-4.20150130.somatic.cnv.vcf.gz", 
            "file_size": 1873, 
            "object_id": "68c27f88-5991-58d1-aee5-0174c73c0146"
        }, 
        {
            "file_md5sum": "5b966b1834be55de71381a329c32909d", 
            "file_name": "de99a4de-e916-4572-ac9e-73e341827229.svcp_1-0-4.20150130.somatic.cnv.vcf.gz.tbi", 
            "file_size": 4055, 
            "object_id": "bd21db39-073a-5a6c-a81a-88ac5e40c0bd"
        }, 
        {
            "file_md5sum": "f7cf4099dd5ecfaa0745ed24792fa799", 
            "file_name": "de99a4de-e916-4572-ac9e-73e341827229.svfix_4-0-5.20160114.somatic.sv.vcf.gz", 
            "file_size": 3885, 
            "object_id": "7bc18d98-8ca2-5a88-ae77-8a6c66612a2c"
        }, 
        {
            "file_md5sum": "f5e2eca332a16893ef13438f226a9773", 
            "file_name": "de99a4de-e916-4572-ac9e-73e341827229.svfix_4-0-5.20160114.somatic.sv.vcf.gz.tbi", 
            "file_size": 589, 
            "object_id": "989eda38-9541-5ac1-86d7-0a8ac97abf60"
        }, 
        {
            "file_md5sum": "713b478d38040bf703b6102e87076343", 
            "file_name": "de99a4de-e916-4572-ac9e-73e341827229.svcp_1-0-4.20150130.somatic.indel.vcf.gz", 
            "file_size": 45267421, 
            "object_id": "3930e3cd-8027-566b-8b52-373c1816450b"
        }, 
        {
            "file_md5sum": "a7180b80369e36be49d6f72cde02d5d7", 
            "file_name": "de99a4de-e916-4572-ac9e-73e341827229.svcp_1-0-4.20150130.somatic.indel.vcf.gz.tbi", 
            "file_size": 1418543, 
            "object_id": "89681fab-3c97-5455-b44e-3ebb18810aa0"
        }, 
        {
            "file_md5sum": "4cc650ba36cc0b1ae5c32d84acc009d5", 
            "file_name": "de99a4de-e916-4572-ac9e-73e341827229.svcp_1-0-4.20150130.somatic.snv_mnv.tar.gz", 
            "file_size": 163754156, 
            "object_id": "38663ec2-465d-5f38-b97c-9943519d14f5"
        }, 
        {
            "file_md5sum": "e2fa48200458b45e88998d8ea7e1534c", 
            "file_name": "de99a4de-e916-4572-ac9e-73e341827229.svcp_1-0-4.20150130.somatic.cnv.tar.gz", 
            "file_size": 26993741, 
            "object_id": "103b5234-df60-566d-839a-4aa25aadde03"
        }, 
        {
            "file_md5sum": "03eded5c884e6dcb911339f599d321af", 
            "file_name": "de99a4de-e916-4572-ac9e-73e341827229.svfix_4-0-5.20160114.somatic.sv.tar.gz", 
            "file_size": 290163838, 
            "object_id": "a5029d79-203a-5ab8-ae2e-77f96a0fee5f"
        }, 
        {
            "file_md5sum": "232bba5a75963a669ab37aa1776fc966",