{
    "_runs_": {
        "run_1454285934_d11d9507-caf5-4c24-8339-e748f4379583": {
            "downloading": {
                "gnos-download_time": 30, 
                "start": 1454286916, 
                "stop": 1454286946, 
                "time": 30
            }, 
            "uploading": {
                "copy_meta_time": 1, 
                "start": 1454286950, 
                "stop": 1454286982, 
                "time": 32, 
                "upload_time": 31
            }
        }, 
        "run_1454534600_34c5f6bb-48cb-4088-a680-151850b3332f": {
            "downloading": {
                "386b4ad1-3ce4-4424-bc81-ff054ac3a610.xml-download_time": 12, 
                "386b4ad1-3ce4-4424-bc81-ff054ac3a610.xml-md5sum_time": 0, 
                "8be6b14d-286a-471b-a282-ab98bc6050c3.broad-dRanger.20150918.somatic.sv.vcf.gz-download_time": 12, 
                "8be6b14d-286a-471b-a282-ab98bc6050c3.broad-dRanger.20150918.somatic.sv.vcf.gz-md5sum_time": 0, 
                "8be6b14d-286a-471b-a282-ab98bc6050c3.broad-dRanger.20150918.somatic.sv.vcf.gz.idx-download_time": 13, 
                "8be6b14d-286a-471b-a282-ab98bc6050c3.broad-dRanger.20150918.somatic.sv.vcf.gz.idx-md5sum_time": 0, 
                "8be6b14d-286a-471b-a282-ab98bc6050c3.broad-dRanger_snowman.20150918.somatic.sv.vcf.gz-download_time": 13, 
                "8be6b14d-286a-471b-a282-ab98bc6050c3.broad-dRanger_snowman.20150918.somatic.sv.vcf.gz-md5sum_time": 0, 
                "8be6b14d-286a-471b-a282-ab98bc6050c3.broad-dRanger_snowman.20150918.somatic.sv.vcf.gz.idx-download_time": 13, 
                "8be6b14d-286a-471b-a282-ab98bc6050c3.broad-dRanger_snowman.20150918.somatic.sv.vcf.gz.idx-md5sum_time": 0, 
                "8be6b14d-286a-471b-a282-ab98bc6050c3.broad-mutect-v2.20151112.somatic.snv_mnv.vcf.gz-download_time": 13, 
                "8be6b14d-286a-471b-a282-ab98bc6050c3.broad-mutect-v2.20151112.somatic.snv_mnv.vcf.gz-md5sum_time": 0, 
                "8be6b14d-286a-471b-a282-ab98bc6050c3.broad-mutect-v2.20151112.somatic.snv_mnv.vcf.gz.idx-download_time": 13, 
                "8be6b14d-286a-471b-a282-ab98bc6050c3.broad-mutect-v2.20151112.somatic.snv_mnv.vcf.gz.idx-md5sum_time": 0, 
                "8be6b14d-286a-471b-a282-ab98bc6050c3.broad-snowman.20150918.germline.indel.vcf.gz-download_time": 14, 
                "8be6b14d-286a-471b-a282-ab98bc6050c3.broad-snowman.20150918.germline.indel.vcf.gz-md5sum_time": 0, 
                "8be6b14d-286a-471b-a282-ab98bc6050c3.broad-snowman.20150918.germline.indel.vcf.gz.idx-download_time": 13, 
                "8be6b14d-286a-471b-a282-ab98bc6050c3.broad-snowman.20150918.germline.indel.vcf.gz.idx-md5sum_time": 0, 
                "8be6b14d-286a-471b-a282-ab98bc6050c3.broad-snowman.20150918.germline.sv.vcf.gz-download_time": 13, 
                "8be6b14d-286a-471b-a282-ab98bc6050c3.broad-snowman.20150918.germline.sv.vcf.gz-md5sum_time": 0, 
                "8be6b14d-286a-471b-a282-ab98bc6050c3.broad-snowman.20150918.germline.sv.vcf.gz.idx-download_time": 13, 
                "8be6b14d-286a-471b-a282-ab98bc6050c3.broad-snowman.20150918.germline.sv.vcf.gz.idx-md5sum_time": 0, 
                "8be6b14d-286a-471b-a282-ab98bc6050c3.broad-snowman.20150918.somatic.indel.vcf.gz-download_time": 13, 
                "8be6b14d-286a-471b-a282-ab98bc6050c3.broad-snowman.20150918.somatic.indel.vcf.gz-md5sum_time": 0, 
                "8be6b14d-286a-471b-a282-ab98bc6050c3.broad-snowman.20150918.somatic.indel.vcf.gz.idx-download_time": 13, 
                "8be6b14d-286a-471b-a282-ab98bc6050c3.broad-snowman.20150918.somatic.indel.vcf.gz.idx-md5sum_time": 0, 
                "8be6b14d-286a-471b-a282-ab98bc6050c3.broad-snowman.20150918.somatic.sv.vcf.gz-download_time": 13, 
                "8be6b14d-286a-471b-a282-ab98bc6050c3.broad-snowman.20150918.somatic.sv.vcf.gz-md5sum_time": 0, 
                "8be6b14d-286a-471b-a282-ab98bc6050c3.broad-snowman.20150918.somatic.sv.vcf.gz.idx-download_time": 13, 
                "8be6b14d-286a-471b-a282-ab98bc6050c3.broad-snowman.20150918.somatic.sv.vcf.gz.idx-md5sum_time": 0, 
                "start": 1454546151, 
                "stop": 1454546345, 
                "time": 194
            }
        }
    }, 
    "aliquot_id": null, 
    "available_repos": [
        {
            "https://gtrepo-osdc-icgc.annailabs.com/": {
                "file_md5sum": "c75386074921a21f8c4f940eacdf88dc", 
                "file_size": 42063
            }
        }
    ], 
    "data_type": "Broad-VCF", 
    "files": [
        {
            "file_md5sum": "74dd78401bf0d8057c978bfbc01eec9e", 
            "file_name": "8be6b14d-286a-471b-a282-ab98bc6050c3.broad-mutect-v2.20151112.somatic.snv_mnv.vcf.gz", 
            "file_size": 173773, 
            "object_id": "1ebb3230-592f-5b9a-b2fd-f3ef76d263fa"
        }, 
        {
            "file_md5sum": "2e45abbbd677133a06f72a50566ae4ae", 
            "file_name": "8be6b14d-286a-471b-a282-ab98bc6050c3.broad-mutect-v2.20151112.somatic.snv_mnv.vcf.gz.idx", 
            "file_size": 71209, 
            "object_id": "94616b43-13bd-5ceb-9dc1-8ba5b37604c4"
        }, 
        {
            "file_md5sum": "84c7b663daaaf774a654adf79cce9213", 
            "file_name": "8be6b14d-286a-471b-a282-ab98bc6050c3.broad-snowman.20150918.somatic.sv.vcf.gz", 
            "file_size": 89438, 
            "object_id": "94301089-98ee-5429-a1f0-835e697d41c6"
        }, 
        {
            "file_md5sum": "f30927c2f1ba896652bdccde0cb67dfc", 
            "file_name": "8be6b14d-286a-471b-a282-ab98bc6050c3.broad-snowman.20150918.germline.indel.vcf.gz", 
            "file_size": 13601012, 
            "object_id": "8c836e27-191a-512d-8083-d6296b89be91"
        }, 
        {
            "file_md5sum": "d5c881eb5fba571a97caa5a6b2369545", 
            "file_name": "8be6b14d-286a-471b-a282-ab98bc6050c3.broad-snowman.20150918.somatic.indel.vcf.gz", 
            "file_size": 46952, 
            "object_id": "45872fe5-bd48-5c0b-b963-4a49e9c017cb"
        }, 
        {
            "file_md5sum": "c253b529e5ef05c96852240752f015eb", 
            "file_name": "8be6b14d-286a-471b-a282-ab98bc6050c3.broad-snowman.20150918.germline.sv.vcf.gz", 
            "file_size": 2273896, 
            "object_id": "664025d3-e2c7-5f78-8b59-a6378d9487dc"
        }, 
        {
            "file_md5sum": "5f32c435d82850481195bbe4c0f70d78", 
            "file_name": "8be6b14d-286a-471b-a282-ab98bc6050c3.broad-snowman.20150918.germline.sv.vcf.gz.idx", 
            "file_size": 95811, 
            "object_id": "3677ad97-d189-5c6b-8e04-46a9f0fa90c0"
        }, 
        {
            "file_md5sum": "7f88847830e3b9c35ad82a74e70201c6", 
            "file_name": "8be6b14d-286a-471b-a282-ab98bc6050c3.broad-dRanger_snowman.20150918.somatic.sv.vcf.gz", 
            "file_size": 89762, 
            "object_id": "1d4ebd75-c4da-5a95-a42d-2b5f2d359875"
        }, 
        {
            "file_md5sum": "2a2038f05b4b13e351731f863553b12f", 
            "file_name": "8be6b14d-286a-471b-a282-ab98bc6050c3.broad-snowman.20150918.somatic.indel.vcf.gz.idx", 
            "file_size": 18686, 
            "object_id": "fb00c286-cdf9-52ba-bf78-2a15513e1402"
        }, 
        {
            "file_md5sum": "cef32c1c7fd5de21c124b0430156d38a", 
            "file_name": "8be6b14d-286a-471b-a282-ab98bc6050c3.broad-snowman.20150918.somatic.sv.vcf.gz.idx", 
            "file_size": 12670, 
            "object_id": "41a5a616-a2cb-55a9-81ba-e566af1adca1"
        }, 
        {
            "file_md5sum": "855332995f7999df4626a4844acce47f", 
            "file_name": "8be6b14d-286a-471b-a282-ab98bc6050c3.broad-snowman.20150918.germline.indel.vcf.gz.idx", 
            "file_size": 1163970, 
            "object_id": "81bc135b-5b66-5414-9e26-8bdb82dcacbe"
        }, 
        {
            "file_md5sum": "4a847a0a4e14a63db7527463250db350", 
            "file_name": "8be6b14d-286a-471b-a282-ab98bc6050c3.broad-dRanger.20150918.somatic.sv.vcf.gz.idx",