{
    "_runs_": {
        "run_1454285876_f0cf168d-d92e-4307-a769-28d158f9e79c": {
            "downloading": {
                "gnos-download_time": 36, 
                "start": 1454287051, 
                "stop": 1454287087, 
                "time": 36
            }, 
            "uploading": {
                "copy_meta_time": 1, 
                "start": 1454287092, 
                "stop": 1454287120, 
                "time": 28, 
                "upload_time": 27
            }
        }, 
        "run_1454512973_e3882142-08cf-45e0-9b4a-4bd52c15b4e1": {
            "downloading": {
                "2f324d8b-ec7b-4d3b-9d64-65f9fc6630a2.broad-dRanger.20150918.somatic.sv.vcf.gz-download_time": 13, 
                "2f324d8b-ec7b-4d3b-9d64-65f9fc6630a2.broad-dRanger.20150918.somatic.sv.vcf.gz-md5sum_time": 0, 
                "2f324d8b-ec7b-4d3b-9d64-65f9fc6630a2.broad-dRanger.20150918.somatic.sv.vcf.gz.idx-download_time": 13, 
                "2f324d8b-ec7b-4d3b-9d64-65f9fc6630a2.broad-dRanger.20150918.somatic.sv.vcf.gz.idx-md5sum_time": 0, 
                "2f324d8b-ec7b-4d3b-9d64-65f9fc6630a2.broad-dRanger_snowman.20150918.somatic.sv.vcf.gz-download_time": 13, 
                "2f324d8b-ec7b-4d3b-9d64-65f9fc6630a2.broad-dRanger_snowman.20150918.somatic.sv.vcf.gz-md5sum_time": 0, 
                "2f324d8b-ec7b-4d3b-9d64-65f9fc6630a2.broad-dRanger_snowman.20150918.somatic.sv.vcf.gz.idx-download_time": 12, 
                "2f324d8b-ec7b-4d3b-9d64-65f9fc6630a2.broad-dRanger_snowman.20150918.somatic.sv.vcf.gz.idx-md5sum_time": 0, 
                "2f324d8b-ec7b-4d3b-9d64-65f9fc6630a2.broad-mutect-v2.20151112.somatic.snv_mnv.vcf.gz-download_time": 13, 
                "2f324d8b-ec7b-4d3b-9d64-65f9fc6630a2.broad-mutect-v2.20151112.somatic.snv_mnv.vcf.gz-md5sum_time": 0, 
                "2f324d8b-ec7b-4d3b-9d64-65f9fc6630a2.broad-mutect-v2.20151112.somatic.snv_mnv.vcf.gz.idx-download_time": 12, 
                "2f324d8b-ec7b-4d3b-9d64-65f9fc6630a2.broad-mutect-v2.20151112.somatic.snv_mnv.vcf.gz.idx-md5sum_time": 0, 
                "2f324d8b-ec7b-4d3b-9d64-65f9fc6630a2.broad-snowman.20150918.germline.indel.vcf.gz-download_time": 13, 
                "2f324d8b-ec7b-4d3b-9d64-65f9fc6630a2.broad-snowman.20150918.germline.indel.vcf.gz-md5sum_time": 0, 
                "2f324d8b-ec7b-4d3b-9d64-65f9fc6630a2.broad-snowman.20150918.germline.indel.vcf.gz.idx-download_time": 13, 
                "2f324d8b-ec7b-4d3b-9d64-65f9fc6630a2.broad-snowman.20150918.germline.indel.vcf.gz.idx-md5sum_time": 0, 
                "2f324d8b-ec7b-4d3b-9d64-65f9fc6630a2.broad-snowman.20150918.germline.sv.vcf.gz-download_time": 14, 
                "2f324d8b-ec7b-4d3b-9d64-65f9fc6630a2.broad-snowman.20150918.germline.sv.vcf.gz-md5sum_time": 0, 
                "2f324d8b-ec7b-4d3b-9d64-65f9fc6630a2.broad-snowman.20150918.germline.sv.vcf.gz.idx-download_time": 13, 
                "2f324d8b-ec7b-4d3b-9d64-65f9fc6630a2.broad-snowman.20150918.germline.sv.vcf.gz.idx-md5sum_time": 0, 
                "2f324d8b-ec7b-4d3b-9d64-65f9fc6630a2.broad-snowman.20150918.somatic.indel.vcf.gz-download_time": 13, 
                "2f324d8b-ec7b-4d3b-9d64-65f9fc6630a2.broad-snowman.20150918.somatic.indel.vcf.gz-md5sum_time": 0, 
                "2f324d8b-ec7b-4d3b-9d64-65f9fc6630a2.broad-snowman.20150918.somatic.indel.vcf.gz.idx-download_time": 12, 
                "2f324d8b-ec7b-4d3b-9d64-65f9fc6630a2.broad-snowman.20150918.somatic.indel.vcf.gz.idx-md5sum_time": 0, 
                "2f324d8b-ec7b-4d3b-9d64-65f9fc6630a2.broad-snowman.20150918.somatic.sv.vcf.gz-download_time": 13, 
                "2f324d8b-ec7b-4d3b-9d64-65f9fc6630a2.broad-snowman.20150918.somatic.sv.vcf.gz-md5sum_time": 0, 
                "2f324d8b-ec7b-4d3b-9d64-65f9fc6630a2.broad-snowman.20150918.somatic.sv.vcf.gz.idx-download_time": 13, 
                "2f324d8b-ec7b-4d3b-9d64-65f9fc6630a2.broad-snowman.20150918.somatic.sv.vcf.gz.idx-md5sum_time": 0, 
                "3d891396-d86e-4804-983b-47010369e6f8.xml-download_time": 12, 
                "3d891396-d86e-4804-983b-47010369e6f8.xml-md5sum_time": 0, 
                "start": 1454547320, 
                "stop": 1454547512, 
                "time": 192
            }
        }
    }, 
    "aliquot_id": null, 
    "available_repos": [
        {
            "https://gtrepo-osdc-icgc.annailabs.com/": {
                "file_md5sum": "950184037811c522c5162b67ff8e8bbc", 
                "file_size": 44038
            }
        }
    ], 
    "data_type": "Broad-VCF", 
    "files": [
        {
            "file_md5sum": "5a25595fab3d9c99011899535610ce25", 
            "file_name": "2f324d8b-ec7b-4d3b-9d64-65f9fc6630a2.broad-mutect-v2.20151112.somatic.snv_mnv.vcf.gz", 
            "file_size": 68856, 
            "object_id": "97c539f7-a350-5bd9-b09b-192b0168373a"
        }, 
        {
            "file_md5sum": "1b5b1aa874da2db2c177b4d13f0b7f2f", 
            "file_name": "2f324d8b-ec7b-4d3b-9d64-65f9fc6630a2.broad-mutect-v2.20151112.somatic.snv_mnv.vcf.gz.idx", 
            "file_size": 34615, 
            "object_id": "217367c4-020a-5711-b536-18b0d2ebc880"
        }, 
        {
            "file_md5sum": "dacfa187ebfa1142d7527958621cef1e", 
            "file_name": "2f324d8b-ec7b-4d3b-9d64-65f9fc6630a2.broad-snowman.20150918.germline.sv.vcf.gz.idx", 
            "file_size": 51204, 
            "object_id": "f4798bfd-0b77-5d85-a68e-75a6e73f0e28"
        }, 
        {
            "file_md5sum": "3eea4de2cc332411372111ba82c03afc", 
            "file_name": "2f324d8b-ec7b-4d3b-9d64-65f9fc6630a2.broad-dRanger_snowman.20150918.somatic.sv.vcf.gz", 
            "file_size": 5147, 
            "object_id": "8a0b505c-98cc-59c1-88a5-e75ccbaf2a3e"
        }, 
        {
            "file_md5sum": "0e33f9e6e2e618c67792c7d82c7eaeda", 
            "file_name": "2f324d8b-ec7b-4d3b-9d64-65f9fc6630a2.broad-dRanger.20150918.somatic.sv.vcf.gz.idx", 
            "file_size": 581, 
            "object_id": "f6e4c0c5-5554-5343-8214-86b885972fbf"
        }, 
        {
            "file_md5sum": "da2e03c2b0d5834a051272e3fe0718bf", 
            "file_name": "2f324d8b-ec7b-4d3b-9d64-65f9fc6630a2.broad-snowman.20150918.somatic.sv.vcf.gz.idx", 
            "file_size": 1803, 
            "object_id": "19cd6c45-0a63-570e-8cb3-afc14ce13777"
        }, 
        {
            "file_md5sum": "ef45821582415131682985a887b1689e", 
            "file_name": "2f324d8b-ec7b-4d3b-9d64-65f9fc6630a2.broad-snowman.20150918.germline.indel.vcf.gz", 
            "file_size": 9253092, 
            "object_id": "4f1a3e40-0ceb-5490-ab4e-987eb9a237e7"
        }, 
        {
            "file_md5sum": "7dc97ead8c4ffd2704f72b4e44f06261", 
            "file_name": "2f324d8b-ec7b-4d3b-9d64-65f9fc6630a2.broad-snowman.20150918.somatic.sv.vcf.gz", 
            "file_size": 4684, 
            "object_id": "9405a9f3-435a-5fc6-90fc-02a7652f33f0"
        }, 
        {
            "file_md5sum": "21567ca5cdd14842301f5251a583950b", 
            "file_name": "2f324d8b-ec7b-4d3b-9d64-65f9fc6630a2.broad-dRanger_snowman.20150918.somatic.sv.vcf.gz.idx", 
            "file_size": 1980, 
            "object_id": "b26a7c41-03a2-5492-9d25-45e54f0ed223"
        }, 
        {
            "file_md5sum": "98dbae994fab90227bed57f2ad1c410b", 
            "file_name": "2f324d8b-ec7b-4d3b-9d64-65f9fc6630a2.broad-snowman.20150918.somatic.indel.vcf.gz", 
            "file_size": 10514, 
            "object_id": "1f609ed3-2e6b-5459-8f7c-af2d4f38d35c"
        }, 
        {
            "file_md5sum": "06c3e846b229da67310a8bac97872b4d", 
            "file_name": "2f324d8b-ec7b-4d3b-9d64-65f9fc6630a2.broad-snowman.20150918.germline.indel.vcf.gz.idx", 
            "file_size": 987650, 
            "object_id": "46caa451-3825-51b1-9bc9-5fd498fb0fc8"
        }, 
        {
            "file_md5sum": "a7a04933a509a12f3404e6eece92155a", 
            "file_name": "2f324d8b-ec7b-4d3b-9d64-65f9fc6630a2.broad-dRanger.20150918.somatic.sv.vcf.gz",