{
    "_runs_": {
        "run_1454285703_2b9791f1-d0a8-4403-bd2d-9f3d79bba1f0": {
            "downloading": {
                "gnos-download_time": 35, 
                "start": 1454287278, 
                "stop": 1454287313, 
                "time": 35
            }, 
            "uploading": {
                "copy_meta_time": 0, 
                "start": 1454287326, 
                "stop": 1454287351, 
                "time": 25, 
                "upload_time": 25
            }
        }, 
        "run_1454512973_e3882142-08cf-45e0-9b4a-4bd52c15b4e1": {
            "downloading": {
                "4456fac4-b8f6-4abb-a550-3c9daf1df833.xml-download_time": 12, 
                "4456fac4-b8f6-4abb-a550-3c9daf1df833.xml-md5sum_time": 0, 
                "fe63d42b-d471-45b6-9bdf-1a3b55465d37.broad-dRanger.20150918.somatic.sv.vcf.gz-download_time": 13, 
                "fe63d42b-d471-45b6-9bdf-1a3b55465d37.broad-dRanger.20150918.somatic.sv.vcf.gz-md5sum_time": 0, 
                "fe63d42b-d471-45b6-9bdf-1a3b55465d37.broad-dRanger.20150918.somatic.sv.vcf.gz.idx-download_time": 12, 
                "fe63d42b-d471-45b6-9bdf-1a3b55465d37.broad-dRanger.20150918.somatic.sv.vcf.gz.idx-md5sum_time": 0, 
                "fe63d42b-d471-45b6-9bdf-1a3b55465d37.broad-dRanger_snowman.20150918.somatic.sv.vcf.gz-download_time": 13, 
                "fe63d42b-d471-45b6-9bdf-1a3b55465d37.broad-dRanger_snowman.20150918.somatic.sv.vcf.gz-md5sum_time": 0, 
                "fe63d42b-d471-45b6-9bdf-1a3b55465d37.broad-dRanger_snowman.20150918.somatic.sv.vcf.gz.idx-download_time": 13, 
                "fe63d42b-d471-45b6-9bdf-1a3b55465d37.broad-dRanger_snowman.20150918.somatic.sv.vcf.gz.idx-md5sum_time": 0, 
                "fe63d42b-d471-45b6-9bdf-1a3b55465d37.broad-mutect-v2.20151112.somatic.snv_mnv.vcf.gz-download_time": 13, 
                "fe63d42b-d471-45b6-9bdf-1a3b55465d37.broad-mutect-v2.20151112.somatic.snv_mnv.vcf.gz-md5sum_time": 0, 
                "fe63d42b-d471-45b6-9bdf-1a3b55465d37.broad-mutect-v2.20151112.somatic.snv_mnv.vcf.gz.idx-download_time": 12, 
                "fe63d42b-d471-45b6-9bdf-1a3b55465d37.broad-mutect-v2.20151112.somatic.snv_mnv.vcf.gz.idx-md5sum_time": 0, 
                "fe63d42b-d471-45b6-9bdf-1a3b55465d37.broad-snowman.20150918.germline.indel.vcf.gz-download_time": 14, 
                "fe63d42b-d471-45b6-9bdf-1a3b55465d37.broad-snowman.20150918.germline.indel.vcf.gz-md5sum_time": 0, 
                "fe63d42b-d471-45b6-9bdf-1a3b55465d37.broad-snowman.20150918.germline.indel.vcf.gz.idx-download_time": 13, 
                "fe63d42b-d471-45b6-9bdf-1a3b55465d37.broad-snowman.20150918.germline.indel.vcf.gz.idx-md5sum_time": 0, 
                "fe63d42b-d471-45b6-9bdf-1a3b55465d37.broad-snowman.20150918.germline.sv.vcf.gz-download_time": 13, 
                "fe63d42b-d471-45b6-9bdf-1a3b55465d37.broad-snowman.20150918.germline.sv.vcf.gz-md5sum_time": 0, 
                "fe63d42b-d471-45b6-9bdf-1a3b55465d37.broad-snowman.20150918.germline.sv.vcf.gz.idx-download_time": 12, 
                "fe63d42b-d471-45b6-9bdf-1a3b55465d37.broad-snowman.20150918.germline.sv.vcf.gz.idx-md5sum_time": 0, 
                "fe63d42b-d471-45b6-9bdf-1a3b55465d37.broad-snowman.20150918.somatic.indel.vcf.gz-download_time": 15, 
                "fe63d42b-d471-45b6-9bdf-1a3b55465d37.broad-snowman.20150918.somatic.indel.vcf.gz-md5sum_time": 0, 
                "fe63d42b-d471-45b6-9bdf-1a3b55465d37.broad-snowman.20150918.somatic.indel.vcf.gz.idx-download_time": 13, 
                "fe63d42b-d471-45b6-9bdf-1a3b55465d37.broad-snowman.20150918.somatic.indel.vcf.gz.idx-md5sum_time": 0, 
                "fe63d42b-d471-45b6-9bdf-1a3b55465d37.broad-snowman.20150918.somatic.sv.vcf.gz-download_time": 12, 
                "fe63d42b-d471-45b6-9bdf-1a3b55465d37.broad-snowman.20150918.somatic.sv.vcf.gz-md5sum_time": 0, 
                "fe63d42b-d471-45b6-9bdf-1a3b55465d37.broad-snowman.20150918.somatic.sv.vcf.gz.idx-download_time": 12, 
                "fe63d42b-d471-45b6-9bdf-1a3b55465d37.broad-snowman.20150918.somatic.sv.vcf.gz.idx-md5sum_time": 0, 
                "start": 1454549658, 
                "stop": 1454549850, 
                "time": 192
            }
        }
    }, 
    "aliquot_id": null, 
    "available_repos": [
        {
            "https://gtrepo-osdc-icgc.annailabs.com/": {
                "file_md5sum": "73dd58d685a193af9b945ede8ea77c45", 
                "file_size": 41280
            }
        }
    ], 
    "data_type": "Broad-VCF", 
    "files": [
        {
            "file_md5sum": "fc64a006ef8df69a45af5bc317f25289", 
            "file_name": "fe63d42b-d471-45b6-9bdf-1a3b55465d37.broad-mutect-v2.20151112.somatic.snv_mnv.vcf.gz", 
            "file_size": 102360, 
            "object_id": "1d6cc316-ac1a-5ac6-942d-43ab782b5b09"
        }, 
        {
            "file_md5sum": "a2f34c4767ea13259f8b72978801df4f", 
            "file_name": "fe63d42b-d471-45b6-9bdf-1a3b55465d37.broad-mutect-v2.20151112.somatic.snv_mnv.vcf.gz.idx", 
            "file_size": 45011, 
            "object_id": "a89f2240-e9f2-58b7-8844-845093addb90"
        }, 
        {
            "file_md5sum": "d0274344b2db2faad2e99e4f804bcf25", 
            "file_name": "fe63d42b-d471-45b6-9bdf-1a3b55465d37.broad-snowman.20150918.germline.sv.vcf.gz", 
            "file_size": 1783741, 
            "object_id": "2bbcaaef-3031-51d8-876f-7527390beca2"
        }, 
        {
            "file_md5sum": "67991c114d09aa8a5e371112ca81c77d", 
            "file_name": "fe63d42b-d471-45b6-9bdf-1a3b55465d37.broad-snowman.20150918.somatic.sv.vcf.gz.idx", 
            "file_size": 3704, 
            "object_id": "6cb29f5f-8054-58ac-9864-b2a203f4a81c"
        }, 
        {
            "file_md5sum": "9cfaae1796384544668a0a5769e8450e", 
            "file_name": "fe63d42b-d471-45b6-9bdf-1a3b55465d37.broad-snowman.20150918.germline.indel.vcf.gz", 
            "file_size": 10763426, 
            "object_id": "d376aa26-6bbe-5169-9a2e-9597ca04e031"
        }, 
        {
            "file_md5sum": "f74615f6e1964a980e4b82dc87706ea9", 
            "file_name": "fe63d42b-d471-45b6-9bdf-1a3b55465d37.broad-snowman.20150918.germline.sv.vcf.gz.idx", 
            "file_size": 55536, 
            "object_id": "8dfbbb8c-16cd-54e2-b1d7-3cc4a1686a76"
        }, 
        {
            "file_md5sum": "c0559c7b787dd9c031908290aee5191d", 
            "file_name": "fe63d42b-d471-45b6-9bdf-1a3b55465d37.broad-dRanger.20150918.somatic.sv.vcf.gz", 
            "file_size": 651, 
            "object_id": "b49fd0e4-fc6c-5270-9f41-0eb837fd6150"
        }, 
        {
            "file_md5sum": "c4c0d39841c84f0c1a4e7b63b541ff3f", 
            "file_name": "fe63d42b-d471-45b6-9bdf-1a3b55465d37.broad-snowman.20150918.somatic.sv.vcf.gz", 
            "file_size": 11257, 
            "object_id": "24fcc5ea-6fe4-5a27-8b98-7fe5d6952227"
        }, 
        {
            "file_md5sum": "092a7a3162e7cff25d273525751eb284", 
            "file_name": "fe63d42b-d471-45b6-9bdf-1a3b55465d37.broad-dRanger.20150918.somatic.sv.vcf.gz.idx", 
            "file_size": 72, 
            "object_id": "8e5a4243-5ab5-52e1-afe0-39e39178d87d"
        }, 
        {
            "file_md5sum": "4bdf6de47a0496b08185a5b62856425b", 
            "file_name": "fe63d42b-d471-45b6-9bdf-1a3b55465d37.broad-snowman.20150918.germline.indel.vcf.gz.idx", 
            "file_size": 1032676, 
            "object_id": "c90f5417-01cf-5959-b533-4b6b2821cc54"
        }, 
        {
            "file_md5sum": "9c52bf0cd0a424b371ea13d235128aa4", 
            "file_name": "fe63d42b-d471-45b6-9bdf-1a3b55465d37.broad-dRanger_snowman.20150918.somatic.sv.vcf.gz.idx", 
            "file_size": 3691, 
            "object_id": "b3976377-3d38-5426-8d6c-aeb53581e2d5"
        }, 
        {
            "file_md5sum": "79dac5c0d6eb59b78e76fdc807e10fff", 
            "file_name": "fe63d42b-d471-45b6-9bdf-1a3b55465d37.broad-snowman.20150918.somatic.indel.vcf.gz", 
            "file_size": 13752,