{
    "_runs_": {
        "run_1453925626_6d7b7fbf-a1b5-42ee-9dd2-728eb76cb7c0": {
            "downloading": {
                "gnos-download_time": 87, 
                "start": 1453934923, 
                "stop": 1453935010, 
                "time": 87
            }, 
            "uploading": {
                "copy_meta_time": 2, 
                "start": 1453935019, 
                "stop": 1453935123, 
                "time": 104, 
                "upload_time": 102
            }
        }, 
        "run_1454534865_ec967f0c-20d7-4c23-a0f7-b4bc3c626f23": {
            "downloading": {
                "0168a2a6-c3af-4d58-a51c-d33f0fc7876d.svcp_1-0-6.20150722.somatic.cnv.tar.gz-download_time": 14, 
                "0168a2a6-c3af-4d58-a51c-d33f0fc7876d.svcp_1-0-6.20150722.somatic.cnv.tar.gz-md5sum_time": 1, 
                "0168a2a6-c3af-4d58-a51c-d33f0fc7876d.svcp_1-0-6.20150722.somatic.cnv.vcf.gz-download_time": 12, 
                "0168a2a6-c3af-4d58-a51c-d33f0fc7876d.svcp_1-0-6.20150722.somatic.cnv.vcf.gz-md5sum_time": 0, 
                "0168a2a6-c3af-4d58-a51c-d33f0fc7876d.svcp_1-0-6.20150722.somatic.cnv.vcf.gz.tbi-download_time": 13, 
                "0168a2a6-c3af-4d58-a51c-d33f0fc7876d.svcp_1-0-6.20150722.somatic.cnv.vcf.gz.tbi-md5sum_time": 0, 
                "0168a2a6-c3af-4d58-a51c-d33f0fc7876d.svcp_1-0-6.20150722.somatic.genotype.tar.gz-download_time": 13, 
                "0168a2a6-c3af-4d58-a51c-d33f0fc7876d.svcp_1-0-6.20150722.somatic.genotype.tar.gz-md5sum_time": 0, 
                "0168a2a6-c3af-4d58-a51c-d33f0fc7876d.svcp_1-0-6.20150722.somatic.imputeCounts.tar.gz-download_time": 43, 
                "0168a2a6-c3af-4d58-a51c-d33f0fc7876d.svcp_1-0-6.20150722.somatic.imputeCounts.tar.gz-md5sum_time": 2, 
                "0168a2a6-c3af-4d58-a51c-d33f0fc7876d.svcp_1-0-6.20150722.somatic.indel.tar.gz-download_time": 71, 
                "0168a2a6-c3af-4d58-a51c-d33f0fc7876d.svcp_1-0-6.20150722.somatic.indel.tar.gz-md5sum_time": 3, 
                "0168a2a6-c3af-4d58-a51c-d33f0fc7876d.svcp_1-0-6.20150722.somatic.indel.vcf.gz-download_time": 16, 
                "0168a2a6-c3af-4d58-a51c-d33f0fc7876d.svcp_1-0-6.20150722.somatic.indel.vcf.gz-md5sum_time": 0, 
                "0168a2a6-c3af-4d58-a51c-d33f0fc7876d.svcp_1-0-6.20150722.somatic.indel.vcf.gz.tbi-download_time": 14, 
                "0168a2a6-c3af-4d58-a51c-d33f0fc7876d.svcp_1-0-6.20150722.somatic.indel.vcf.gz.tbi-md5sum_time": 0, 
                "0168a2a6-c3af-4d58-a51c-d33f0fc7876d.svcp_1-0-6.20150722.somatic.snv_mnv.tar.gz-download_time": 23, 
                "0168a2a6-c3af-4d58-a51c-d33f0fc7876d.svcp_1-0-6.20150722.somatic.snv_mnv.tar.gz-md5sum_time": 0, 
                "0168a2a6-c3af-4d58-a51c-d33f0fc7876d.svcp_1-0-6.20150722.somatic.snv_mnv.vcf.gz-download_time": 13, 
                "0168a2a6-c3af-4d58-a51c-d33f0fc7876d.svcp_1-0-6.20150722.somatic.snv_mnv.vcf.gz-md5sum_time": 0, 
                "0168a2a6-c3af-4d58-a51c-d33f0fc7876d.svcp_1-0-6.20150722.somatic.snv_mnv.vcf.gz.tbi-download_time": 13, 
                "0168a2a6-c3af-4d58-a51c-d33f0fc7876d.svcp_1-0-6.20150722.somatic.snv_mnv.vcf.gz.tbi-md5sum_time": 0, 
                "0168a2a6-c3af-4d58-a51c-d33f0fc7876d.svcp_1-0-6.20150722.somatic.verifyBamId.tar.gz-download_time": 13, 
                "0168a2a6-c3af-4d58-a51c-d33f0fc7876d.svcp_1-0-6.20150722.somatic.verifyBamId.tar.gz-md5sum_time": 0, 
                "0168a2a6-c3af-4d58-a51c-d33f0fc7876d.svfix_4-0-5.20160113.somatic.sv.tar.gz-download_time": 30, 
                "0168a2a6-c3af-4d58-a51c-d33f0fc7876d.svfix_4-0-5.20160113.somatic.sv.tar.gz-md5sum_time": 1, 
                "0168a2a6-c3af-4d58-a51c-d33f0fc7876d.svfix_4-0-5.20160113.somatic.sv.vcf.gz-download_time": 13, 
                "0168a2a6-c3af-4d58-a51c-d33f0fc7876d.svfix_4-0-5.20160113.somatic.sv.vcf.gz-md5sum_time": 0, 
                "0168a2a6-c3af-4d58-a51c-d33f0fc7876d.svfix_4-0-5.20160113.somatic.sv.vcf.gz.tbi-download_time": 13, 
                "0168a2a6-c3af-4d58-a51c-d33f0fc7876d.svfix_4-0-5.20160113.somatic.sv.vcf.gz.tbi-md5sum_time": 0, 
                "4a1698ae-ba25-11e5-ab63-2586eac6e0c4.xml-download_time": 12, 
                "4a1698ae-ba25-11e5-ab63-2586eac6e0c4.xml-md5sum_time": 0, 
                "start": 1454551600, 
                "stop": 1454551933, 
                "time": 333
            }
        }
    }, 
    "aliquot_id": null, 
    "available_repos": [
        {
            "https://gtrepo-osdc-icgc.annailabs.com/": {
                "file_md5sum": "6ba617b912cc9a3b8f82c048e86d82c6", 
                "file_size": 59756
            }
        }
    ], 
    "data_type": "Sanger-VCF", 
    "files": [
        {
            "file_md5sum": "584d1c34a673b8911dca21f61342312a", 
            "file_name": "0168a2a6-c3af-4d58-a51c-d33f0fc7876d.svcp_1-0-6.20150722.somatic.snv_mnv.vcf.gz", 
            "file_size": 5632940, 
            "object_id": "b92ccb23-1c6f-5c10-bf76-137539a5226f"
        }, 
        {
            "file_md5sum": "29fc64e9276c7d8dedb9f3a5261be875", 
            "file_name": "0168a2a6-c3af-4d58-a51c-d33f0fc7876d.svcp_1-0-6.20150722.somatic.snv_mnv.vcf.gz.tbi", 
            "file_size": 724746, 
            "object_id": "8aa0742a-e986-51d5-b85b-add2fa605434"
        }, 
        {
            "file_md5sum": "7cbcd314420359fc2aacd8e10f80de46", 
            "file_name": "0168a2a6-c3af-4d58-a51c-d33f0fc7876d.svcp_1-0-6.20150722.somatic.cnv.vcf.gz", 
            "file_size": 2093, 
            "object_id": "d5d0e087-57e4-57c4-aebb-235d092399a9"
        }, 
        {
            "file_md5sum": "f123dd7dc6999bc87fc108ceefa48622", 
            "file_name": "0168a2a6-c3af-4d58-a51c-d33f0fc7876d.svcp_1-0-6.20150722.somatic.cnv.vcf.gz.tbi", 
            "file_size": 4267, 
            "object_id": "43985671-4623-5dd8-90ad-f2ba013d8fca"
        }, 
        {
            "file_md5sum": "fa97ef5c51128dcccbe76e6188d10328", 
            "file_name": "0168a2a6-c3af-4d58-a51c-d33f0fc7876d.svfix_4-0-5.20160113.somatic.sv.vcf.gz", 
            "file_size": 4513, 
            "object_id": "4987c99b-6fa8-5a8f-b990-a749385b771a"
        }, 
        {
            "file_md5sum": "29b5c83e08125bd08baf9ebf2a3bd802", 
            "file_name": "0168a2a6-c3af-4d58-a51c-d33f0fc7876d.svfix_4-0-5.20160113.somatic.sv.vcf.gz.tbi", 
            "file_size": 830, 
            "object_id": "28539ac6-8b6d-51f1-a0cc-df31fb8de067"
        }, 
        {
            "file_md5sum": "068dbc159801efb1e5234131d1506250", 
            "file_name": "0168a2a6-c3af-4d58-a51c-d33f0fc7876d.svcp_1-0-6.20150722.somatic.indel.vcf.gz", 
            "file_size": 50451686, 
            "object_id": "a84a8d3b-a938-575d-b21d-6aaa6b9e5083"
        }, 
        {
            "file_md5sum": "12b9876ded69f9e24ccdfcced9f8b286", 
            "file_name": "0168a2a6-c3af-4d58-a51c-d33f0fc7876d.svcp_1-0-6.20150722.somatic.indel.vcf.gz.tbi", 
            "file_size": 1487857, 
            "object_id": "7df8317e-5073-55b8-8fce-beaf91385241"
        }, 
        {
            "file_md5sum": "99b75dd8cec567c5fe134ff7b622c1d3", 
            "file_name": "0168a2a6-c3af-4d58-a51c-d33f0fc7876d.svcp_1-0-6.20150722.somatic.snv_mnv.tar.gz", 
            "file_size": 171514822, 
            "object_id": "29238559-f24e-5e19-b05d-5ea61ff92e2f"
        }, 
        {
            "file_md5sum": "991d237a175d6ff45a949f00b222e910", 
            "file_name": "0168a2a6-c3af-4d58-a51c-d33f0fc7876d.svcp_1-0-6.20150722.somatic.cnv.tar.gz", 
            "file_size": 26954234, 
            "object_id": "cd5d653e-f8ae-5727-8a64-2f35c619b9cf"
        }, 
        {
            "file_md5sum": "8b095bfbd48c21cb5861ae8569015e3d", 
            "file_name": "0168a2a6-c3af-4d58-a51c-d33f0fc7876d.svfix_4-0-5.20160113.somatic.sv.tar.gz", 
            "file_size": 294981524, 
            "object_id": "b7857bbb-fb02-5313-b015-028c3bdc15d0"
        }, 
        {
            "file_md5sum": "c6dcf26d28e551e62a89578c27489d95",