{
    "_runs_": {
        "run_1453926074_05c4a5c1-34e5-4388-9768-ec89c1ee9cec": {
            "downloading": {
                "gnos-download_time": 112, 
                "start": 1453935249, 
                "stop": 1453935362, 
                "time": 113
            }, 
            "uploading": {
                "copy_meta_time": 2, 
                "start": 1453935378, 
                "stop": 1453935481, 
                "time": 103, 
                "upload_time": 101
            }
        }, 
        "run_1454534801_ebb91d32-852a-4dd9-8da4-b43e5a099d05": {
            "downloading": {
                "4bcdf796-bb88-11e5-970c-81cbeac6e0c4.xml-download_time": 14, 
                "4bcdf796-bb88-11e5-970c-81cbeac6e0c4.xml-md5sum_time": 0, 
                "b5cc4a6d-93a9-497c-a7bb-a5db82edc176.svcp_1-0-4.20150218.somatic.cnv.tar.gz-download_time": 16, 
                "b5cc4a6d-93a9-497c-a7bb-a5db82edc176.svcp_1-0-4.20150218.somatic.cnv.tar.gz-md5sum_time": 0, 
                "b5cc4a6d-93a9-497c-a7bb-a5db82edc176.svcp_1-0-4.20150218.somatic.cnv.vcf.gz-download_time": 14, 
                "b5cc4a6d-93a9-497c-a7bb-a5db82edc176.svcp_1-0-4.20150218.somatic.cnv.vcf.gz-md5sum_time": 0, 
                "b5cc4a6d-93a9-497c-a7bb-a5db82edc176.svcp_1-0-4.20150218.somatic.cnv.vcf.gz.tbi-download_time": 14, 
                "b5cc4a6d-93a9-497c-a7bb-a5db82edc176.svcp_1-0-4.20150218.somatic.cnv.vcf.gz.tbi-md5sum_time": 0, 
                "b5cc4a6d-93a9-497c-a7bb-a5db82edc176.svcp_1-0-4.20150218.somatic.genotype.tar.gz-download_time": 15, 
                "b5cc4a6d-93a9-497c-a7bb-a5db82edc176.svcp_1-0-4.20150218.somatic.genotype.tar.gz-md5sum_time": 0, 
                "b5cc4a6d-93a9-497c-a7bb-a5db82edc176.svcp_1-0-4.20150218.somatic.imputeCounts.tar.gz-download_time": 48, 
                "b5cc4a6d-93a9-497c-a7bb-a5db82edc176.svcp_1-0-4.20150218.somatic.imputeCounts.tar.gz-md5sum_time": 1, 
                "b5cc4a6d-93a9-497c-a7bb-a5db82edc176.svcp_1-0-4.20150218.somatic.indel.tar.gz-download_time": 76, 
                "b5cc4a6d-93a9-497c-a7bb-a5db82edc176.svcp_1-0-4.20150218.somatic.indel.tar.gz-md5sum_time": 3, 
                "b5cc4a6d-93a9-497c-a7bb-a5db82edc176.svcp_1-0-4.20150218.somatic.indel.vcf.gz-download_time": 18, 
                "b5cc4a6d-93a9-497c-a7bb-a5db82edc176.svcp_1-0-4.20150218.somatic.indel.vcf.gz-md5sum_time": 1, 
                "b5cc4a6d-93a9-497c-a7bb-a5db82edc176.svcp_1-0-4.20150218.somatic.indel.vcf.gz.tbi-download_time": 14, 
                "b5cc4a6d-93a9-497c-a7bb-a5db82edc176.svcp_1-0-4.20150218.somatic.indel.vcf.gz.tbi-md5sum_time": 0, 
                "b5cc4a6d-93a9-497c-a7bb-a5db82edc176.svcp_1-0-4.20150218.somatic.snv_mnv.tar.gz-download_time": 25, 
                "b5cc4a6d-93a9-497c-a7bb-a5db82edc176.svcp_1-0-4.20150218.somatic.snv_mnv.tar.gz-md5sum_time": 1, 
                "b5cc4a6d-93a9-497c-a7bb-a5db82edc176.svcp_1-0-4.20150218.somatic.snv_mnv.vcf.gz-download_time": 15, 
                "b5cc4a6d-93a9-497c-a7bb-a5db82edc176.svcp_1-0-4.20150218.somatic.snv_mnv.vcf.gz-md5sum_time": 0, 
                "b5cc4a6d-93a9-497c-a7bb-a5db82edc176.svcp_1-0-4.20150218.somatic.snv_mnv.vcf.gz.tbi-download_time": 14, 
                "b5cc4a6d-93a9-497c-a7bb-a5db82edc176.svcp_1-0-4.20150218.somatic.snv_mnv.vcf.gz.tbi-md5sum_time": 0, 
                "b5cc4a6d-93a9-497c-a7bb-a5db82edc176.svcp_1-0-4.20150218.somatic.verifyBamId.tar.gz-download_time": 15, 
                "b5cc4a6d-93a9-497c-a7bb-a5db82edc176.svcp_1-0-4.20150218.somatic.verifyBamId.tar.gz-md5sum_time": 0, 
                "b5cc4a6d-93a9-497c-a7bb-a5db82edc176.svfix_4-0-5.20160115.somatic.sv.tar.gz-download_time": 32, 
                "b5cc4a6d-93a9-497c-a7bb-a5db82edc176.svfix_4-0-5.20160115.somatic.sv.tar.gz-md5sum_time": 1, 
                "b5cc4a6d-93a9-497c-a7bb-a5db82edc176.svfix_4-0-5.20160115.somatic.sv.vcf.gz-download_time": 14, 
                "b5cc4a6d-93a9-497c-a7bb-a5db82edc176.svfix_4-0-5.20160115.somatic.sv.vcf.gz-md5sum_time": 0, 
                "b5cc4a6d-93a9-497c-a7bb-a5db82edc176.svfix_4-0-5.20160115.somatic.sv.vcf.gz.tbi-download_time": 14, 
                "b5cc4a6d-93a9-497c-a7bb-a5db82edc176.svfix_4-0-5.20160115.somatic.sv.vcf.gz.tbi-md5sum_time": 0, 
                "start": 1454552140, 
                "stop": 1454552505, 
                "time": 365
            }
        }
    }, 
    "aliquot_id": null, 
    "available_repos": [
        {
            "https://gtrepo-osdc-icgc.annailabs.com/": {
                "file_md5sum": "0602c5793a603c6136d04d42853ad149", 
                "file_size": 57874
            }
        }
    ], 
    "data_type": "Sanger-VCF", 
    "files": [
        {
            "file_md5sum": "4ac4b490f38fb371c51181807916c247", 
            "file_name": "b5cc4a6d-93a9-497c-a7bb-a5db82edc176.svcp_1-0-4.20150218.somatic.snv_mnv.vcf.gz", 
            "file_size": 2117759, 
            "object_id": "f2472e0d-6f3d-5988-bc87-1f5124b60194"
        }, 
        {
            "file_md5sum": "28f3d03c030f1c9a8ae386bbd0afe435", 
            "file_name": "b5cc4a6d-93a9-497c-a7bb-a5db82edc176.svcp_1-0-4.20150218.somatic.snv_mnv.vcf.gz.tbi", 
            "file_size": 349853, 
            "object_id": "69925af9-ac39-5923-b14e-b25a516b5d1f"
        }, 
        {
            "file_md5sum": "4a55f2ff4877b795c4ae54706030d3a8", 
            "file_name": "b5cc4a6d-93a9-497c-a7bb-a5db82edc176.svcp_1-0-4.20150218.somatic.cnv.vcf.gz", 
            "file_size": 2026, 
            "object_id": "7b70f696-e98c-58e9-a2f9-de553d363a6f"
        }, 
        {
            "file_md5sum": "b3b7eaddf721de99fa7fd5b3c3d45e9e", 
            "file_name": "b5cc4a6d-93a9-497c-a7bb-a5db82edc176.svcp_1-0-4.20150218.somatic.cnv.vcf.gz.tbi", 
            "file_size": 4196, 
            "object_id": "a8e82c0c-e218-5dcd-a7f7-794dec30c592"
        }, 
        {
            "file_md5sum": "0d6d18a3fb5a8d0726254105b9f4d533", 
            "file_name": "b5cc4a6d-93a9-497c-a7bb-a5db82edc176.svfix_4-0-5.20160115.somatic.sv.vcf.gz", 
            "file_size": 2825, 
            "object_id": "b04237a2-269c-5005-9424-436086c2bc6a"
        }, 
        {
            "file_md5sum": "2c1c21b084fdb0e4c72baaab021e7d87", 
            "file_name": "b5cc4a6d-93a9-497c-a7bb-a5db82edc176.svfix_4-0-5.20160115.somatic.sv.vcf.gz.tbi", 
            "file_size": 197, 
            "object_id": "df57dd01-b375-58f5-b595-e310b5e52536"
        }, 
        {
            "file_md5sum": "05bbfd89e2db52659cf001273a867709", 
            "file_name": "b5cc4a6d-93a9-497c-a7bb-a5db82edc176.svcp_1-0-4.20150218.somatic.indel.vcf.gz", 
            "file_size": 52398445, 
            "object_id": "8f17c734-da0a-5e08-afba-b09f09df275a"
        }, 
        {
            "file_md5sum": "7651a91550b0f42d58af3f355a16c437", 
            "file_name": "b5cc4a6d-93a9-497c-a7bb-a5db82edc176.svcp_1-0-4.20150218.somatic.indel.vcf.gz.tbi", 
            "file_size": 1459322, 
            "object_id": "51ad100a-68e7-5a46-a199-3b3deba07da6"
        }, 
        {
            "file_md5sum": "16b5ac933cce0935ed18e2553e9c36ba", 
            "file_name": "b5cc4a6d-93a9-497c-a7bb-a5db82edc176.svcp_1-0-4.20150218.somatic.snv_mnv.tar.gz", 
            "file_size": 167696891, 
            "object_id": "9bef1070-b48c-5d74-9644-709826bac0c7"
        }, 
        {
            "file_md5sum": "34ed1f7de3e241a6a23fd0af282d94a0", 
            "file_name": "b5cc4a6d-93a9-497c-a7bb-a5db82edc176.svcp_1-0-4.20150218.somatic.cnv.tar.gz", 
            "file_size": 26713624, 
            "object_id": "e52f6e87-23ed-5a00-8df3-cb9889d7ea03"
        }, 
        {
            "file_md5sum": "df63cc8a00509992270d96bb5b11af3f", 
            "file_name": "b5cc4a6d-93a9-497c-a7bb-a5db82edc176.svfix_4-0-5.20160115.somatic.sv.tar.gz", 
            "file_size": 297297269, 
            "object_id": "e12b5ccd-e69b-5dc5-8700-274b54d4423f"
        }, 
        {
            "file_md5sum": "69b4138e26cb58f5ee6924ec048d90a6",