{
    "_runs_": {
        "run_1453925803_40e3f436-ddbf-4a1b-84f7-04a3fb2180e2": {
            "downloading": {
                "gnos-download_time": 140, 
                "start": 1453935623, 
                "stop": 1453935763, 
                "time": 140
            }, 
            "uploading": {
                "copy_meta_time": 2, 
                "start": 1453935793, 
                "stop": 1453935919, 
                "time": 126, 
                "upload_time": 124
            }
        }, 
        "run_1454534865_ec967f0c-20d7-4c23-a0f7-b4bc3c626f23": {
            "downloading": {
                "351db483-a70e-496d-b70a-7449875121ee.svcp_1-0-5.20150625.somatic.cnv.tar.gz-download_time": 14, 
                "351db483-a70e-496d-b70a-7449875121ee.svcp_1-0-5.20150625.somatic.cnv.tar.gz-md5sum_time": 0, 
                "351db483-a70e-496d-b70a-7449875121ee.svcp_1-0-5.20150625.somatic.cnv.vcf.gz-download_time": 13, 
                "351db483-a70e-496d-b70a-7449875121ee.svcp_1-0-5.20150625.somatic.cnv.vcf.gz-md5sum_time": 0, 
                "351db483-a70e-496d-b70a-7449875121ee.svcp_1-0-5.20150625.somatic.cnv.vcf.gz.tbi-download_time": 12, 
                "351db483-a70e-496d-b70a-7449875121ee.svcp_1-0-5.20150625.somatic.cnv.vcf.gz.tbi-md5sum_time": 0, 
                "351db483-a70e-496d-b70a-7449875121ee.svcp_1-0-5.20150625.somatic.genotype.tar.gz-download_time": 13, 
                "351db483-a70e-496d-b70a-7449875121ee.svcp_1-0-5.20150625.somatic.genotype.tar.gz-md5sum_time": 0, 
                "351db483-a70e-496d-b70a-7449875121ee.svcp_1-0-5.20150625.somatic.imputeCounts.tar.gz-download_time": 41, 
                "351db483-a70e-496d-b70a-7449875121ee.svcp_1-0-5.20150625.somatic.imputeCounts.tar.gz-md5sum_time": 2, 
                "351db483-a70e-496d-b70a-7449875121ee.svcp_1-0-5.20150625.somatic.indel.tar.gz-download_time": 80, 
                "351db483-a70e-496d-b70a-7449875121ee.svcp_1-0-5.20150625.somatic.indel.tar.gz-md5sum_time": 3, 
                "351db483-a70e-496d-b70a-7449875121ee.svcp_1-0-5.20150625.somatic.indel.vcf.gz-download_time": 17, 
                "351db483-a70e-496d-b70a-7449875121ee.svcp_1-0-5.20150625.somatic.indel.vcf.gz-md5sum_time": 0, 
                "351db483-a70e-496d-b70a-7449875121ee.svcp_1-0-5.20150625.somatic.indel.vcf.gz.tbi-download_time": 12, 
                "351db483-a70e-496d-b70a-7449875121ee.svcp_1-0-5.20150625.somatic.indel.vcf.gz.tbi-md5sum_time": 0, 
                "351db483-a70e-496d-b70a-7449875121ee.svcp_1-0-5.20150625.somatic.snv_mnv.tar.gz-download_time": 24, 
                "351db483-a70e-496d-b70a-7449875121ee.svcp_1-0-5.20150625.somatic.snv_mnv.tar.gz-md5sum_time": 1, 
                "351db483-a70e-496d-b70a-7449875121ee.svcp_1-0-5.20150625.somatic.snv_mnv.vcf.gz-download_time": 14, 
                "351db483-a70e-496d-b70a-7449875121ee.svcp_1-0-5.20150625.somatic.snv_mnv.vcf.gz-md5sum_time": 0, 
                "351db483-a70e-496d-b70a-7449875121ee.svcp_1-0-5.20150625.somatic.snv_mnv.vcf.gz.tbi-download_time": 12, 
                "351db483-a70e-496d-b70a-7449875121ee.svcp_1-0-5.20150625.somatic.snv_mnv.vcf.gz.tbi-md5sum_time": 0, 
                "351db483-a70e-496d-b70a-7449875121ee.svcp_1-0-5.20150625.somatic.verifyBamId.tar.gz-download_time": 13, 
                "351db483-a70e-496d-b70a-7449875121ee.svcp_1-0-5.20150625.somatic.verifyBamId.tar.gz-md5sum_time": 0, 
                "351db483-a70e-496d-b70a-7449875121ee.svfix_4-0-5.20160114.somatic.sv.tar.gz-download_time": 32, 
                "351db483-a70e-496d-b70a-7449875121ee.svfix_4-0-5.20160114.somatic.sv.tar.gz-md5sum_time": 1, 
                "351db483-a70e-496d-b70a-7449875121ee.svfix_4-0-5.20160114.somatic.sv.vcf.gz-download_time": 13, 
                "351db483-a70e-496d-b70a-7449875121ee.svfix_4-0-5.20160114.somatic.sv.vcf.gz-md5sum_time": 0, 
                "351db483-a70e-496d-b70a-7449875121ee.svfix_4-0-5.20160114.somatic.sv.vcf.gz.tbi-download_time": 12, 
                "351db483-a70e-496d-b70a-7449875121ee.svfix_4-0-5.20160114.somatic.sv.vcf.gz.tbi-md5sum_time": 0, 
                "4fb36ac8-ba5a-11e5-80c4-eb86eac6e0c4.xml-download_time": 13, 
                "4fb36ac8-ba5a-11e5-80c4-eb86eac6e0c4.xml-md5sum_time": 0, 
                "start": 1454553491, 
                "stop": 1454553833, 
                "time": 342
            }
        }
    }, 
    "aliquot_id": null, 
    "available_repos": [
        {
            "https://gtrepo-osdc-icgc.annailabs.com/": {
                "file_md5sum": "030f7fa114f8baea92f088539b9ee5c0", 
                "file_size": 60817
            }
        }
    ], 
    "data_type": "Sanger-VCF", 
    "files": [
        {
            "file_md5sum": "95a5856fc6362ba7cb0c05abfe402c11", 
            "file_name": "351db483-a70e-496d-b70a-7449875121ee.svcp_1-0-5.20150625.somatic.snv_mnv.vcf.gz", 
            "file_size": 1644425, 
            "object_id": "db1494e2-68de-524e-94b1-1bff297daad5"
        }, 
        {
            "file_md5sum": "19918afdc6849f1af73397c905fa3009", 
            "file_name": "351db483-a70e-496d-b70a-7449875121ee.svcp_1-0-5.20150625.somatic.snv_mnv.vcf.gz.tbi", 
            "file_size": 264392, 
            "object_id": "7e809473-af8d-5c0f-8e93-458bba1e60b3"
        }, 
        {
            "file_md5sum": "13af461d74ac5dfb241334064cf92f7c", 
            "file_name": "351db483-a70e-496d-b70a-7449875121ee.svcp_1-0-5.20150625.somatic.cnv.vcf.gz", 
            "file_size": 5887, 
            "object_id": "8b272f08-638a-5734-96b0-50c56525d884"
        }, 
        {
            "file_md5sum": "f6f527b978d97ef5c7959039bb514b7c", 
            "file_name": "351db483-a70e-496d-b70a-7449875121ee.svcp_1-0-5.20150625.somatic.cnv.vcf.gz.tbi", 
            "file_size": 6574, 
            "object_id": "b7f71784-3399-54a5-a7e7-cc27ccd4c356"
        }, 
        {
            "file_md5sum": "e2e76922a98cdfa9a378b7e1d4815d07", 
            "file_name": "351db483-a70e-496d-b70a-7449875121ee.svfix_4-0-5.20160114.somatic.sv.vcf.gz", 
            "file_size": 1489817, 
            "object_id": "ebfac774-1480-5393-bc00-3c3f03a807b7"
        }, 
        {
            "file_md5sum": "1787e3cd56c86b5b52629670c65dd6e9", 
            "file_name": "351db483-a70e-496d-b70a-7449875121ee.svfix_4-0-5.20160114.somatic.sv.vcf.gz.tbi", 
            "file_size": 10812, 
            "object_id": "eef60fe7-f465-577f-a86f-d257595ac8fc"
        }, 
        {
            "file_md5sum": "957f2e0d7e48db5be442bc181846e5f1", 
            "file_name": "351db483-a70e-496d-b70a-7449875121ee.svcp_1-0-5.20150625.somatic.indel.vcf.gz", 
            "file_size": 50115832, 
            "object_id": "9a18e3a0-1b57-5267-8960-c8c1b6bc26e0"
        }, 
        {
            "file_md5sum": "8e2fc09e52d5b8cf916fc9fc728020ea", 
            "file_name": "351db483-a70e-496d-b70a-7449875121ee.svcp_1-0-5.20150625.somatic.indel.vcf.gz.tbi", 
            "file_size": 1440790, 
            "object_id": "2035f823-5c34-515a-a81b-4cbe6ac93d56"
        }, 
        {
            "file_md5sum": "79fa06750233e6806f95f4781916539e", 
            "file_name": "351db483-a70e-496d-b70a-7449875121ee.svcp_1-0-5.20150625.somatic.snv_mnv.tar.gz", 
            "file_size": 166136776, 
            "object_id": "6d290ee9-3dc5-57a5-895c-c3904e94a4c6"
        }, 
        {
            "file_md5sum": "b0ce4ba81907555a4487c4c472ccb61c", 
            "file_name": "351db483-a70e-496d-b70a-7449875121ee.svcp_1-0-5.20150625.somatic.cnv.tar.gz", 
            "file_size": 26749519, 
            "object_id": "b5226cc4-0da8-57e1-a656-6885eb466808"
        }, 
        {
            "file_md5sum": "01aa63b61b0f3e95998233278d42fa1a", 
            "file_name": "351db483-a70e-496d-b70a-7449875121ee.svfix_4-0-5.20160114.somatic.sv.tar.gz", 
            "file_size": 310350902, 
            "object_id": "daa1299b-ba54-5af8-b0cb-f3941141dcc2"
        }, 
        {
            "file_md5sum": "3753c0a7d7b88c315ac6b64529570153",