{
    "_runs_": {
        "run_1453925626_6d7b7fbf-a1b5-42ee-9dd2-728eb76cb7c0": {
            "downloading": {
                "gnos-download_time": 112, 
                "start": 1453940076, 
                "stop": 1453940188, 
                "time": 112
            }, 
            "uploading": {
                "copy_meta_time": 1, 
                "start": 1453940201, 
                "stop": 1453940296, 
                "time": 95, 
                "upload_time": 93
            }
        }, 
        "run_1454598279_c1e044ce-0a62-47c0-97f5-97c726ab1d09": {
            "downloading": {
                "1157a548-6770-4c89-a84c-bcf6f0e96ea8.svcp_1-0-4.20150128.somatic.cnv.tar.gz-download_time": 15, 
                "1157a548-6770-4c89-a84c-bcf6f0e96ea8.svcp_1-0-4.20150128.somatic.cnv.tar.gz-md5sum_time": 0, 
                "1157a548-6770-4c89-a84c-bcf6f0e96ea8.svcp_1-0-4.20150128.somatic.cnv.vcf.gz-download_time": 13, 
                "1157a548-6770-4c89-a84c-bcf6f0e96ea8.svcp_1-0-4.20150128.somatic.cnv.vcf.gz-md5sum_time": 0, 
                "1157a548-6770-4c89-a84c-bcf6f0e96ea8.svcp_1-0-4.20150128.somatic.cnv.vcf.gz.tbi-download_time": 12, 
                "1157a548-6770-4c89-a84c-bcf6f0e96ea8.svcp_1-0-4.20150128.somatic.cnv.vcf.gz.tbi-md5sum_time": 0, 
                "1157a548-6770-4c89-a84c-bcf6f0e96ea8.svcp_1-0-4.20150128.somatic.genotype.tar.gz-download_time": 16, 
                "1157a548-6770-4c89-a84c-bcf6f0e96ea8.svcp_1-0-4.20150128.somatic.genotype.tar.gz-md5sum_time": 0, 
                "1157a548-6770-4c89-a84c-bcf6f0e96ea8.svcp_1-0-4.20150128.somatic.imputeCounts.tar.gz-download_time": 47, 
                "1157a548-6770-4c89-a84c-bcf6f0e96ea8.svcp_1-0-4.20150128.somatic.imputeCounts.tar.gz-md5sum_time": 2, 
                "1157a548-6770-4c89-a84c-bcf6f0e96ea8.svcp_1-0-4.20150128.somatic.indel.tar.gz-download_time": 64, 
                "1157a548-6770-4c89-a84c-bcf6f0e96ea8.svcp_1-0-4.20150128.somatic.indel.tar.gz-md5sum_time": 3, 
                "1157a548-6770-4c89-a84c-bcf6f0e96ea8.svcp_1-0-4.20150128.somatic.indel.vcf.gz-download_time": 16, 
                "1157a548-6770-4c89-a84c-bcf6f0e96ea8.svcp_1-0-4.20150128.somatic.indel.vcf.gz-md5sum_time": 0, 
                "1157a548-6770-4c89-a84c-bcf6f0e96ea8.svcp_1-0-4.20150128.somatic.indel.vcf.gz.tbi-download_time": 13, 
                "1157a548-6770-4c89-a84c-bcf6f0e96ea8.svcp_1-0-4.20150128.somatic.indel.vcf.gz.tbi-md5sum_time": 0, 
                "1157a548-6770-4c89-a84c-bcf6f0e96ea8.svcp_1-0-4.20150128.somatic.snv_mnv.tar.gz-download_time": 22, 
                "1157a548-6770-4c89-a84c-bcf6f0e96ea8.svcp_1-0-4.20150128.somatic.snv_mnv.tar.gz-md5sum_time": 1, 
                "1157a548-6770-4c89-a84c-bcf6f0e96ea8.svcp_1-0-4.20150128.somatic.snv_mnv.vcf.gz-download_time": 13, 
                "1157a548-6770-4c89-a84c-bcf6f0e96ea8.svcp_1-0-4.20150128.somatic.snv_mnv.vcf.gz-md5sum_time": 0, 
                "1157a548-6770-4c89-a84c-bcf6f0e96ea8.svcp_1-0-4.20150128.somatic.snv_mnv.vcf.gz.tbi-download_time": 12, 
                "1157a548-6770-4c89-a84c-bcf6f0e96ea8.svcp_1-0-4.20150128.somatic.snv_mnv.vcf.gz.tbi-md5sum_time": 0, 
                "1157a548-6770-4c89-a84c-bcf6f0e96ea8.svcp_1-0-4.20150128.somatic.verifyBamId.tar.gz-download_time": 13, 
                "1157a548-6770-4c89-a84c-bcf6f0e96ea8.svcp_1-0-4.20150128.somatic.verifyBamId.tar.gz-md5sum_time": 0, 
                "1157a548-6770-4c89-a84c-bcf6f0e96ea8.svfix_4-0-5.20160114.somatic.sv.tar.gz-download_time": 30, 
                "1157a548-6770-4c89-a84c-bcf6f0e96ea8.svfix_4-0-5.20160114.somatic.sv.tar.gz-md5sum_time": 1, 
                "1157a548-6770-4c89-a84c-bcf6f0e96ea8.svfix_4-0-5.20160114.somatic.sv.vcf.gz-download_time": 12, 
                "1157a548-6770-4c89-a84c-bcf6f0e96ea8.svfix_4-0-5.20160114.somatic.sv.vcf.gz-md5sum_time": 0, 
                "1157a548-6770-4c89-a84c-bcf6f0e96ea8.svfix_4-0-5.20160114.somatic.sv.vcf.gz.tbi-download_time": 12, 
                "1157a548-6770-4c89-a84c-bcf6f0e96ea8.svfix_4-0-5.20160114.somatic.sv.vcf.gz.tbi-md5sum_time": 0, 
                "66b3d4a4-bad9-11e5-9285-ff6ceac6e0c4.xml-download_time": 12, 
                "66b3d4a4-bad9-11e5-9285-ff6ceac6e0c4.xml-md5sum_time": 0, 
                "start": 1454599971, 
                "stop": 1454600301, 
                "time": 330
            }
        }
    }, 
    "aliquot_id": null, 
    "available_repos": [
        {
            "https://gtrepo-osdc-icgc.annailabs.com/": {
                "file_md5sum": "1d9096a314218dcec0eeaae430e16d78", 
                "file_size": 68996
            }
        }
    ], 
    "data_type": "Sanger-VCF", 
    "files": [
        {
            "file_md5sum": "dae40d0616cd96d382ad54b78aed9c7d", 
            "file_name": "1157a548-6770-4c89-a84c-bcf6f0e96ea8.svcp_1-0-4.20150128.somatic.snv_mnv.vcf.gz", 
            "file_size": 4807059, 
            "object_id": "7373ee9b-21af-5686-bbb8-f150b628a55d"
        }, 
        {
            "file_md5sum": "df88e0fab17c0bcca2260e2e0b80ab31", 
            "file_name": "1157a548-6770-4c89-a84c-bcf6f0e96ea8.svcp_1-0-4.20150128.somatic.snv_mnv.vcf.gz.tbi", 
            "file_size": 703003, 
            "object_id": "a162ddd0-4ad7-518d-99a6-d74813dacdf2"
        }, 
        {
            "file_md5sum": "f226226ac30b5daf0014a98165df904e", 
            "file_name": "1157a548-6770-4c89-a84c-bcf6f0e96ea8.svcp_1-0-4.20150128.somatic.cnv.vcf.gz", 
            "file_size": 2538, 
            "object_id": "57e943d2-9451-51e0-94c3-81aa4e99ae27"
        }, 
        {
            "file_md5sum": "ea3c098cb0fe9d4bc3e2ede0b1d2d197", 
            "file_name": "1157a548-6770-4c89-a84c-bcf6f0e96ea8.svcp_1-0-4.20150128.somatic.cnv.vcf.gz.tbi", 
            "file_size": 4665, 
            "object_id": "ca741f2f-68f0-5bb1-9a45-e58202a8a252"
        }, 
        {
            "file_md5sum": "4aa902cd6e62357a06b49cabae8cfb6d", 
            "file_name": "1157a548-6770-4c89-a84c-bcf6f0e96ea8.svfix_4-0-5.20160114.somatic.sv.vcf.gz", 
            "file_size": 4245, 
            "object_id": "44f8c35f-8913-55ba-9104-8c24acfd5c22"
        }, 
        {
            "file_md5sum": "797b7acc1104ff935e6aeadcd61b0c97", 
            "file_name": "1157a548-6770-4c89-a84c-bcf6f0e96ea8.svfix_4-0-5.20160114.somatic.sv.vcf.gz.tbi", 
            "file_size": 632, 
            "object_id": "c8d5d813-fedb-5771-9ea6-45bffc022347"
        }, 
        {
            "file_md5sum": "80958f6ce636711688ea72eca8271528", 
            "file_name": "1157a548-6770-4c89-a84c-bcf6f0e96ea8.svcp_1-0-4.20150128.somatic.indel.vcf.gz", 
            "file_size": 50145334, 
            "object_id": "2f25274a-2f2c-5d46-8387-28afec6e4f7f"
        }, 
        {
            "file_md5sum": "7190447434a977408ffc614905d7f57c", 
            "file_name": "1157a548-6770-4c89-a84c-bcf6f0e96ea8.svcp_1-0-4.20150128.somatic.indel.vcf.gz.tbi", 
            "file_size": 1467482, 
            "object_id": "ca7fdc3e-69f4-57a4-bd68-c7e2a6866149"
        }, 
        {
            "file_md5sum": "1d0aa52c8c9dfcd69627347d309e65d3", 
            "file_name": "1157a548-6770-4c89-a84c-bcf6f0e96ea8.svcp_1-0-4.20150128.somatic.snv_mnv.tar.gz", 
            "file_size": 165857163, 
            "object_id": "5fd965e8-9bf9-58c7-9374-1f7e4558f1e1"
        }, 
        {
            "file_md5sum": "5b26191502575b8b3d7049241048e1a8", 
            "file_name": "1157a548-6770-4c89-a84c-bcf6f0e96ea8.svcp_1-0-4.20150128.somatic.cnv.tar.gz", 
            "file_size": 27128288, 
            "object_id": "45e11e7e-2959-5485-b011-8c081b64e0a9"
        }, 
        {
            "file_md5sum": "235dbb13809e2c680519574aa1844d8a", 
            "file_name": "1157a548-6770-4c89-a84c-bcf6f0e96ea8.svfix_4-0-5.20160114.somatic.sv.tar.gz", 
            "file_size": 296799644, 
            "object_id": "8e13cbdc-3ded-5efe-9641-464600b07b2a"
        }, 
        {
            "file_md5sum": "34ae483ad41f837d8f4ee46438e3feb5",