{
    "_runs_": {
        "run_1453925707_48c3c5ad-2118-4de3-b867-40dea8ad96eb": {
            "downloading": {
                "gnos-download_time": 114, 
                "start": 1453940309, 
                "stop": 1453940424, 
                "time": 115
            }, 
            "uploading": {
                "copy_meta_time": 2, 
                "start": 1453940441, 
                "stop": 1453940553, 
                "time": 112, 
                "upload_time": 110
            }
        }, 
        "run_1454598279_c1e044ce-0a62-47c0-97f5-97c726ab1d09": {
            "downloading": {
                "682e9060-b9ff-11e5-b6a8-1d80eac6e0c4.xml-download_time": 12, 
                "682e9060-b9ff-11e5-b6a8-1d80eac6e0c4.xml-md5sum_time": 0, 
                "e7048a93-a1ed-4cdc-a1ab-fa507408ca77.svcp_1-0-6.20150719.somatic.cnv.tar.gz-download_time": 14, 
                "e7048a93-a1ed-4cdc-a1ab-fa507408ca77.svcp_1-0-6.20150719.somatic.cnv.tar.gz-md5sum_time": 0, 
                "e7048a93-a1ed-4cdc-a1ab-fa507408ca77.svcp_1-0-6.20150719.somatic.cnv.vcf.gz-download_time": 13, 
                "e7048a93-a1ed-4cdc-a1ab-fa507408ca77.svcp_1-0-6.20150719.somatic.cnv.vcf.gz-md5sum_time": 0, 
                "e7048a93-a1ed-4cdc-a1ab-fa507408ca77.svcp_1-0-6.20150719.somatic.cnv.vcf.gz.tbi-download_time": 13, 
                "e7048a93-a1ed-4cdc-a1ab-fa507408ca77.svcp_1-0-6.20150719.somatic.cnv.vcf.gz.tbi-md5sum_time": 0, 
                "e7048a93-a1ed-4cdc-a1ab-fa507408ca77.svcp_1-0-6.20150719.somatic.genotype.tar.gz-download_time": 13, 
                "e7048a93-a1ed-4cdc-a1ab-fa507408ca77.svcp_1-0-6.20150719.somatic.genotype.tar.gz-md5sum_time": 0, 
                "e7048a93-a1ed-4cdc-a1ab-fa507408ca77.svcp_1-0-6.20150719.somatic.imputeCounts.tar.gz-download_time": 42, 
                "e7048a93-a1ed-4cdc-a1ab-fa507408ca77.svcp_1-0-6.20150719.somatic.imputeCounts.tar.gz-md5sum_time": 2, 
                "e7048a93-a1ed-4cdc-a1ab-fa507408ca77.svcp_1-0-6.20150719.somatic.indel.tar.gz-download_time": 82, 
                "e7048a93-a1ed-4cdc-a1ab-fa507408ca77.svcp_1-0-6.20150719.somatic.indel.tar.gz-md5sum_time": 3, 
                "e7048a93-a1ed-4cdc-a1ab-fa507408ca77.svcp_1-0-6.20150719.somatic.indel.vcf.gz-download_time": 17, 
                "e7048a93-a1ed-4cdc-a1ab-fa507408ca77.svcp_1-0-6.20150719.somatic.indel.vcf.gz-md5sum_time": 1, 
                "e7048a93-a1ed-4cdc-a1ab-fa507408ca77.svcp_1-0-6.20150719.somatic.indel.vcf.gz.tbi-download_time": 13, 
                "e7048a93-a1ed-4cdc-a1ab-fa507408ca77.svcp_1-0-6.20150719.somatic.indel.vcf.gz.tbi-md5sum_time": 0, 
                "e7048a93-a1ed-4cdc-a1ab-fa507408ca77.svcp_1-0-6.20150719.somatic.snv_mnv.tar.gz-download_time": 22, 
                "e7048a93-a1ed-4cdc-a1ab-fa507408ca77.svcp_1-0-6.20150719.somatic.snv_mnv.tar.gz-md5sum_time": 1, 
                "e7048a93-a1ed-4cdc-a1ab-fa507408ca77.svcp_1-0-6.20150719.somatic.snv_mnv.vcf.gz-download_time": 13, 
                "e7048a93-a1ed-4cdc-a1ab-fa507408ca77.svcp_1-0-6.20150719.somatic.snv_mnv.vcf.gz-md5sum_time": 0, 
                "e7048a93-a1ed-4cdc-a1ab-fa507408ca77.svcp_1-0-6.20150719.somatic.snv_mnv.vcf.gz.tbi-download_time": 12, 
                "e7048a93-a1ed-4cdc-a1ab-fa507408ca77.svcp_1-0-6.20150719.somatic.snv_mnv.vcf.gz.tbi-md5sum_time": 0, 
                "e7048a93-a1ed-4cdc-a1ab-fa507408ca77.svcp_1-0-6.20150719.somatic.verifyBamId.tar.gz-download_time": 13, 
                "e7048a93-a1ed-4cdc-a1ab-fa507408ca77.svcp_1-0-6.20150719.somatic.verifyBamId.tar.gz-md5sum_time": 0, 
                "e7048a93-a1ed-4cdc-a1ab-fa507408ca77.svfix_4-0-5.20160113.somatic.sv.tar.gz-download_time": 29, 
                "e7048a93-a1ed-4cdc-a1ab-fa507408ca77.svfix_4-0-5.20160113.somatic.sv.tar.gz-md5sum_time": 2, 
                "e7048a93-a1ed-4cdc-a1ab-fa507408ca77.svfix_4-0-5.20160113.somatic.sv.vcf.gz-download_time": 12, 
                "e7048a93-a1ed-4cdc-a1ab-fa507408ca77.svfix_4-0-5.20160113.somatic.sv.vcf.gz-md5sum_time": 0, 
                "e7048a93-a1ed-4cdc-a1ab-fa507408ca77.svfix_4-0-5.20160113.somatic.sv.vcf.gz.tbi-download_time": 13, 
                "e7048a93-a1ed-4cdc-a1ab-fa507408ca77.svfix_4-0-5.20160113.somatic.sv.vcf.gz.tbi-md5sum_time": 0, 
                "start": 1454600310, 
                "stop": 1454600653, 
                "time": 343
            }
        }
    }, 
    "aliquot_id": null, 
    "available_repos": [
        {
            "https://gtrepo-osdc-icgc.annailabs.com/": {
                "file_md5sum": "ea51d56cf600ba9a5da0b0d65db2f08e", 
                "file_size": 61245
            }
        }
    ], 
    "data_type": "Sanger-VCF", 
    "files": [
        {
            "file_md5sum": "ac2e54c885a4ed51b397d301eeaf58e0", 
            "file_name": "e7048a93-a1ed-4cdc-a1ab-fa507408ca77.svcp_1-0-6.20150719.somatic.snv_mnv.vcf.gz", 
            "file_size": 3006235, 
            "object_id": "917b4061-78ff-54cd-9493-137894254b73"
        }, 
        {
            "file_md5sum": "e9e9181dff1ac79b32a4a60946b9e1bb", 
            "file_name": "e7048a93-a1ed-4cdc-a1ab-fa507408ca77.svcp_1-0-6.20150719.somatic.snv_mnv.vcf.gz.tbi", 
            "file_size": 457993, 
            "object_id": "40edf62f-4714-5734-9977-1c02d86113d4"
        }, 
        {
            "file_md5sum": "b6015677596caa857e613af7e4a9226f", 
            "file_name": "e7048a93-a1ed-4cdc-a1ab-fa507408ca77.svcp_1-0-6.20150719.somatic.cnv.vcf.gz", 
            "file_size": 3570, 
            "object_id": "f3b9d2fe-91ba-5e2c-8c79-1a4e664f7a10"
        }, 
        {
            "file_md5sum": "f10dea12f253db15d69ff1d619413621", 
            "file_name": "e7048a93-a1ed-4cdc-a1ab-fa507408ca77.svcp_1-0-6.20150719.somatic.cnv.vcf.gz.tbi", 
            "file_size": 5351, 
            "object_id": "18b40128-7bc5-518d-94d4-768c89ecc068"
        }, 
        {
            "file_md5sum": "f5221f6e7ce6121e3aab5b91356f4310", 
            "file_name": "e7048a93-a1ed-4cdc-a1ab-fa507408ca77.svfix_4-0-5.20160113.somatic.sv.vcf.gz", 
            "file_size": 70847, 
            "object_id": "4a1277ce-9fea-5aa6-80cb-b7224b1fcb80"
        }, 
        {
            "file_md5sum": "9777021f395310a966e8517ca6b0c651", 
            "file_name": "e7048a93-a1ed-4cdc-a1ab-fa507408ca77.svfix_4-0-5.20160113.somatic.sv.vcf.gz.tbi", 
            "file_size": 3547, 
            "object_id": "4bf771ea-03ab-5de3-bae2-523fc2c272b0"
        }, 
        {
            "file_md5sum": "0ee86deb8c060ab838ac6f7bd70f125e", 
            "file_name": "e7048a93-a1ed-4cdc-a1ab-fa507408ca77.svcp_1-0-6.20150719.somatic.indel.vcf.gz", 
            "file_size": 69837101, 
            "object_id": "514b987b-666f-593c-b35c-ae95307bc379"
        }, 
        {
            "file_md5sum": "ac441439dd3457cf0d7c7b7babf7b5da", 
            "file_name": "e7048a93-a1ed-4cdc-a1ab-fa507408ca77.svcp_1-0-6.20150719.somatic.indel.vcf.gz.tbi", 
            "file_size": 1568471, 
            "object_id": "ddde2b3a-ed4b-5457-ac3d-ade4b5d8e85f"
        }, 
        {
            "file_md5sum": "6bee710d7cdf47bfdb0b04a3404893b0", 
            "file_name": "e7048a93-a1ed-4cdc-a1ab-fa507408ca77.svcp_1-0-6.20150719.somatic.snv_mnv.tar.gz", 
            "file_size": 171345710, 
            "object_id": "53a90395-b0eb-5788-b72e-9e747e2f8e50"
        }, 
        {
            "file_md5sum": "437cd231c5bc1fcd412005b544cb056d", 
            "file_name": "e7048a93-a1ed-4cdc-a1ab-fa507408ca77.svcp_1-0-6.20150719.somatic.cnv.tar.gz", 
            "file_size": 27065478, 
            "object_id": "c8b816b0-0ca1-5573-9e13-8985623436e3"
        }, 
        {
            "file_md5sum": "eb3a662e2288068b0b147be5dd50808a", 
            "file_name": "e7048a93-a1ed-4cdc-a1ab-fa507408ca77.svfix_4-0-5.20160113.somatic.sv.tar.gz", 
            "file_size": 295730259, 
            "object_id": "2f3bd618-e334-5f0b-8008-1a535320edca"
        }, 
        {
            "file_md5sum": "721c8673ac3dedd2901ee1022551f854",