{
    "_runs_": {
        "run_1453925707_48c3c5ad-2118-4de3-b867-40dea8ad96eb": {
            "downloading": {
                "gnos-download_time": 136, 
                "start": 1453941425, 
                "stop": 1453941561, 
                "time": 136
            }, 
            "uploading": {
                "copy_meta_time": 1, 
                "start": 1453941598, 
                "stop": 1453941709, 
                "time": 111, 
                "upload_time": 109
            }
        }, 
        "run_1454598413_3c185cae-f827-4907-acfc-2907c86d6d6a": {
            "downloading": {
                "69a6a2c8-ba1f-11e5-846a-2586eac6e0c4.xml-download_time": 12, 
                "69a6a2c8-ba1f-11e5-846a-2586eac6e0c4.xml-md5sum_time": 0, 
                "73058c80-607e-4b55-b112-8f8f6775d014.svcp_1-0-7.20150703.somatic.cnv.tar.gz-download_time": 14, 
                "73058c80-607e-4b55-b112-8f8f6775d014.svcp_1-0-7.20150703.somatic.cnv.tar.gz-md5sum_time": 1, 
                "73058c80-607e-4b55-b112-8f8f6775d014.svcp_1-0-7.20150703.somatic.cnv.vcf.gz-download_time": 12, 
                "73058c80-607e-4b55-b112-8f8f6775d014.svcp_1-0-7.20150703.somatic.cnv.vcf.gz-md5sum_time": 0, 
                "73058c80-607e-4b55-b112-8f8f6775d014.svcp_1-0-7.20150703.somatic.cnv.vcf.gz.tbi-download_time": 13, 
                "73058c80-607e-4b55-b112-8f8f6775d014.svcp_1-0-7.20150703.somatic.cnv.vcf.gz.tbi-md5sum_time": 0, 
                "73058c80-607e-4b55-b112-8f8f6775d014.svcp_1-0-7.20150703.somatic.genotype.tar.gz-download_time": 13, 
                "73058c80-607e-4b55-b112-8f8f6775d014.svcp_1-0-7.20150703.somatic.genotype.tar.gz-md5sum_time": 0, 
                "73058c80-607e-4b55-b112-8f8f6775d014.svcp_1-0-7.20150703.somatic.imputeCounts.tar.gz-download_time": 40, 
                "73058c80-607e-4b55-b112-8f8f6775d014.svcp_1-0-7.20150703.somatic.imputeCounts.tar.gz-md5sum_time": 2, 
                "73058c80-607e-4b55-b112-8f8f6775d014.svcp_1-0-7.20150703.somatic.indel.tar.gz-download_time": 91, 
                "73058c80-607e-4b55-b112-8f8f6775d014.svcp_1-0-7.20150703.somatic.indel.tar.gz-md5sum_time": 4, 
                "73058c80-607e-4b55-b112-8f8f6775d014.svcp_1-0-7.20150703.somatic.indel.vcf.gz-download_time": 17, 
                "73058c80-607e-4b55-b112-8f8f6775d014.svcp_1-0-7.20150703.somatic.indel.vcf.gz-md5sum_time": 0, 
                "73058c80-607e-4b55-b112-8f8f6775d014.svcp_1-0-7.20150703.somatic.indel.vcf.gz.tbi-download_time": 13, 
                "73058c80-607e-4b55-b112-8f8f6775d014.svcp_1-0-7.20150703.somatic.indel.vcf.gz.tbi-md5sum_time": 0, 
                "73058c80-607e-4b55-b112-8f8f6775d014.svcp_1-0-7.20150703.somatic.snv_mnv.tar.gz-download_time": 22, 
                "73058c80-607e-4b55-b112-8f8f6775d014.svcp_1-0-7.20150703.somatic.snv_mnv.tar.gz-md5sum_time": 1, 
                "73058c80-607e-4b55-b112-8f8f6775d014.svcp_1-0-7.20150703.somatic.snv_mnv.vcf.gz-download_time": 14, 
                "73058c80-607e-4b55-b112-8f8f6775d014.svcp_1-0-7.20150703.somatic.snv_mnv.vcf.gz-md5sum_time": 0, 
                "73058c80-607e-4b55-b112-8f8f6775d014.svcp_1-0-7.20150703.somatic.snv_mnv.vcf.gz.tbi-download_time": 12, 
                "73058c80-607e-4b55-b112-8f8f6775d014.svcp_1-0-7.20150703.somatic.snv_mnv.vcf.gz.tbi-md5sum_time": 0, 
                "73058c80-607e-4b55-b112-8f8f6775d014.svcp_1-0-7.20150703.somatic.verifyBamId.tar.gz-download_time": 13, 
                "73058c80-607e-4b55-b112-8f8f6775d014.svcp_1-0-7.20150703.somatic.verifyBamId.tar.gz-md5sum_time": 0, 
                "73058c80-607e-4b55-b112-8f8f6775d014.svfix_4-0-5.20160113.somatic.sv.tar.gz-download_time": 30, 
                "73058c80-607e-4b55-b112-8f8f6775d014.svfix_4-0-5.20160113.somatic.sv.tar.gz-md5sum_time": 1, 
                "73058c80-607e-4b55-b112-8f8f6775d014.svfix_4-0-5.20160113.somatic.sv.vcf.gz-download_time": 13, 
                "73058c80-607e-4b55-b112-8f8f6775d014.svfix_4-0-5.20160113.somatic.sv.vcf.gz-md5sum_time": 0, 
                "73058c80-607e-4b55-b112-8f8f6775d014.svfix_4-0-5.20160113.somatic.sv.vcf.gz.tbi-download_time": 12, 
                "73058c80-607e-4b55-b112-8f8f6775d014.svfix_4-0-5.20160113.somatic.sv.vcf.gz.tbi-md5sum_time": 0, 
                "start": 1454601055, 
                "stop": 1454601406, 
                "time": 351
            }
        }
    }, 
    "aliquot_id": null, 
    "available_repos": [
        {
            "https://gtrepo-osdc-icgc.annailabs.com/": {
                "file_md5sum": "36a0c3a846639688614c81d820703c07", 
                "file_size": 59999
            }
        }
    ], 
    "data_type": "Sanger-VCF", 
    "files": [
        {
            "file_md5sum": "d5dc9ba67520bbe30135bd25fcee0c3e", 
            "file_name": "73058c80-607e-4b55-b112-8f8f6775d014.svcp_1-0-7.20150703.somatic.snv_mnv.vcf.gz", 
            "file_size": 6051195, 
            "object_id": "502935a2-9d5b-55c5-b1d0-fa533a6f8932"
        }, 
        {
            "file_md5sum": "46bbdcb8eb5a30b6e05cedb0389cf564", 
            "file_name": "73058c80-607e-4b55-b112-8f8f6775d014.svcp_1-0-7.20150703.somatic.snv_mnv.vcf.gz.tbi", 
            "file_size": 617855, 
            "object_id": "58486eef-9393-5ab7-b4b7-a194c55c7ad9"
        }, 
        {
            "file_md5sum": "646c47f7b5b7a1793f8b2b0e8d58ce2a", 
            "file_name": "73058c80-607e-4b55-b112-8f8f6775d014.svcp_1-0-7.20150703.somatic.cnv.vcf.gz", 
            "file_size": 3969, 
            "object_id": "1cae2fa3-d73f-5979-85e9-d72f812e3717"
        }, 
        {
            "file_md5sum": "78e94a2b30e1010a83478e84262aaac4", 
            "file_name": "73058c80-607e-4b55-b112-8f8f6775d014.svcp_1-0-7.20150703.somatic.cnv.vcf.gz.tbi", 
            "file_size": 5580, 
            "object_id": "b705a534-32c4-50e1-a6f6-1025ada0e30d"
        }, 
        {
            "file_md5sum": "70851b0e6d15fb7f4d87bc647108d12a", 
            "file_name": "73058c80-607e-4b55-b112-8f8f6775d014.svfix_4-0-5.20160113.somatic.sv.vcf.gz", 
            "file_size": 10882, 
            "object_id": "617343f4-531c-50aa-8459-6559c112d094"
        }, 
        {
            "file_md5sum": "c55f36152f25f7aa9c976fb8430601ab", 
            "file_name": "73058c80-607e-4b55-b112-8f8f6775d014.svfix_4-0-5.20160113.somatic.sv.vcf.gz.tbi", 
            "file_size": 2934, 
            "object_id": "c0c982fd-c84c-5174-b695-5f92a47ff2e0"
        }, 
        {
            "file_md5sum": "40d677fc6850282b52d267283f54154c", 
            "file_name": "73058c80-607e-4b55-b112-8f8f6775d014.svcp_1-0-7.20150703.somatic.indel.vcf.gz", 
            "file_size": 67186353, 
            "object_id": "a95b9669-4fe7-57d6-b781-e87d82982932"
        }, 
        {
            "file_md5sum": "f615bc85d467ad675a9a2d58f9781cf8", 
            "file_name": "73058c80-607e-4b55-b112-8f8f6775d014.svcp_1-0-7.20150703.somatic.indel.vcf.gz.tbi", 
            "file_size": 1561393, 
            "object_id": "a8852454-fd1c-50e2-9735-a62e8cf37fa3"
        }, 
        {
            "file_md5sum": "0988578b6e63283efba07b8450b32170", 
            "file_name": "73058c80-607e-4b55-b112-8f8f6775d014.svcp_1-0-7.20150703.somatic.snv_mnv.tar.gz", 
            "file_size": 170684385, 
            "object_id": "f6186014-27ec-54b3-98df-4d7c2b9f079a"
        }, 
        {
            "file_md5sum": "3466fcf628f281d5e805ac9632cc79d6", 
            "file_name": "73058c80-607e-4b55-b112-8f8f6775d014.svcp_1-0-7.20150703.somatic.cnv.tar.gz", 
            "file_size": 27022866, 
            "object_id": "7e545d88-0042-5cf2-81ee-043d39c63922"
        }, 
        {
            "file_md5sum": "e85beb234a9929d37e8b090ac340c66d", 
            "file_name": "73058c80-607e-4b55-b112-8f8f6775d014.svfix_4-0-5.20160113.somatic.sv.tar.gz", 
            "file_size": 295395354, 
            "object_id": "58726fc2-c02e-5506-beaf-b2747e971cb8"
        }, 
        {
            "file_md5sum": "970cc2ffa3e03402fe52f8a95d273c23",