{
    "_runs_": {
        "run_1453925707_48c3c5ad-2118-4de3-b867-40dea8ad96eb": {
            "downloading": {
                "gnos-download_time": 132, 
                "start": 1453941771, 
                "stop": 1453941904, 
                "time": 133
            }, 
            "uploading": {
                "copy_meta_time": 1, 
                "start": 1453942076, 
                "stop": 1453942186, 
                "time": 110, 
                "upload_time": 108
            }
        }, 
        "run_1454598144_bbf70d33-7456-4244-8ce0-130a0632afb6": {
            "downloading": {
                "6ae191ac-ba56-11e5-80c4-eb86eac6e0c4.xml-download_time": 12, 
                "6ae191ac-ba56-11e5-80c4-eb86eac6e0c4.xml-md5sum_time": 0, 
                "ca004926-f3ac-4824-8ed5-d84e62efdfae.svcp_1-0-8.20150812.somatic.cnv.tar.gz-download_time": 16, 
                "ca004926-f3ac-4824-8ed5-d84e62efdfae.svcp_1-0-8.20150812.somatic.cnv.tar.gz-md5sum_time": 0, 
                "ca004926-f3ac-4824-8ed5-d84e62efdfae.svcp_1-0-8.20150812.somatic.cnv.vcf.gz-download_time": 12, 
                "ca004926-f3ac-4824-8ed5-d84e62efdfae.svcp_1-0-8.20150812.somatic.cnv.vcf.gz-md5sum_time": 0, 
                "ca004926-f3ac-4824-8ed5-d84e62efdfae.svcp_1-0-8.20150812.somatic.cnv.vcf.gz.tbi-download_time": 13, 
                "ca004926-f3ac-4824-8ed5-d84e62efdfae.svcp_1-0-8.20150812.somatic.cnv.vcf.gz.tbi-md5sum_time": 0, 
                "ca004926-f3ac-4824-8ed5-d84e62efdfae.svcp_1-0-8.20150812.somatic.genotype.tar.gz-download_time": 14, 
                "ca004926-f3ac-4824-8ed5-d84e62efdfae.svcp_1-0-8.20150812.somatic.genotype.tar.gz-md5sum_time": 0, 
                "ca004926-f3ac-4824-8ed5-d84e62efdfae.svcp_1-0-8.20150812.somatic.imputeCounts.tar.gz-download_time": 45, 
                "ca004926-f3ac-4824-8ed5-d84e62efdfae.svcp_1-0-8.20150812.somatic.imputeCounts.tar.gz-md5sum_time": 2, 
                "ca004926-f3ac-4824-8ed5-d84e62efdfae.svcp_1-0-8.20150812.somatic.indel.tar.gz-download_time": 76, 
                "ca004926-f3ac-4824-8ed5-d84e62efdfae.svcp_1-0-8.20150812.somatic.indel.tar.gz-md5sum_time": 4, 
                "ca004926-f3ac-4824-8ed5-d84e62efdfae.svcp_1-0-8.20150812.somatic.indel.vcf.gz-download_time": 16, 
                "ca004926-f3ac-4824-8ed5-d84e62efdfae.svcp_1-0-8.20150812.somatic.indel.vcf.gz-md5sum_time": 1, 
                "ca004926-f3ac-4824-8ed5-d84e62efdfae.svcp_1-0-8.20150812.somatic.indel.vcf.gz.tbi-download_time": 12, 
                "ca004926-f3ac-4824-8ed5-d84e62efdfae.svcp_1-0-8.20150812.somatic.indel.vcf.gz.tbi-md5sum_time": 0, 
                "ca004926-f3ac-4824-8ed5-d84e62efdfae.svcp_1-0-8.20150812.somatic.snv_mnv.tar.gz-download_time": 21, 
                "ca004926-f3ac-4824-8ed5-d84e62efdfae.svcp_1-0-8.20150812.somatic.snv_mnv.tar.gz-md5sum_time": 1, 
                "ca004926-f3ac-4824-8ed5-d84e62efdfae.svcp_1-0-8.20150812.somatic.snv_mnv.vcf.gz-download_time": 13, 
                "ca004926-f3ac-4824-8ed5-d84e62efdfae.svcp_1-0-8.20150812.somatic.snv_mnv.vcf.gz-md5sum_time": 0, 
                "ca004926-f3ac-4824-8ed5-d84e62efdfae.svcp_1-0-8.20150812.somatic.snv_mnv.vcf.gz.tbi-download_time": 12, 
                "ca004926-f3ac-4824-8ed5-d84e62efdfae.svcp_1-0-8.20150812.somatic.snv_mnv.vcf.gz.tbi-md5sum_time": 0, 
                "ca004926-f3ac-4824-8ed5-d84e62efdfae.svcp_1-0-8.20150812.somatic.verifyBamId.tar.gz-download_time": 13, 
                "ca004926-f3ac-4824-8ed5-d84e62efdfae.svcp_1-0-8.20150812.somatic.verifyBamId.tar.gz-md5sum_time": 0, 
                "ca004926-f3ac-4824-8ed5-d84e62efdfae.svfix_4-0-5.20160114.somatic.sv.tar.gz-download_time": 30, 
                "ca004926-f3ac-4824-8ed5-d84e62efdfae.svfix_4-0-5.20160114.somatic.sv.tar.gz-md5sum_time": 1, 
                "ca004926-f3ac-4824-8ed5-d84e62efdfae.svfix_4-0-5.20160114.somatic.sv.vcf.gz-download_time": 12, 
                "ca004926-f3ac-4824-8ed5-d84e62efdfae.svfix_4-0-5.20160114.somatic.sv.vcf.gz-md5sum_time": 0, 
                "ca004926-f3ac-4824-8ed5-d84e62efdfae.svfix_4-0-5.20160114.somatic.sv.vcf.gz.tbi-download_time": 12, 
                "ca004926-f3ac-4824-8ed5-d84e62efdfae.svfix_4-0-5.20160114.somatic.sv.vcf.gz.tbi-md5sum_time": 0, 
                "start": 1454601292, 
                "stop": 1454601630, 
                "time": 338
            }
        }
    }, 
    "aliquot_id": null, 
    "available_repos": [
        {
            "https://gtrepo-osdc-icgc.annailabs.com/": {
                "file_md5sum": "e777b2eda655c82a78774ae33e1f99e7", 
                "file_size": 60505
            }
        }
    ], 
    "data_type": "Sanger-VCF", 
    "files": [
        {
            "file_md5sum": "6c659afc72190f0d9e4eb1dbe94c88f2", 
            "file_name": "ca004926-f3ac-4824-8ed5-d84e62efdfae.svcp_1-0-8.20150812.somatic.snv_mnv.vcf.gz", 
            "file_size": 2934251, 
            "object_id": "d66ddc8d-e3df-55b0-afef-eb1516c4de70"
        }, 
        {
            "file_md5sum": "6af12960ac31b85d01113efa80ef5f75", 
            "file_name": "ca004926-f3ac-4824-8ed5-d84e62efdfae.svcp_1-0-8.20150812.somatic.snv_mnv.vcf.gz.tbi", 
            "file_size": 418314, 
            "object_id": "dc081bad-4cf5-5662-ab28-0218c19d1912"
        }, 
        {
            "file_md5sum": "7156c276f9736a1487e3cd9ceb87a63c", 
            "file_name": "ca004926-f3ac-4824-8ed5-d84e62efdfae.svcp_1-0-8.20150812.somatic.cnv.vcf.gz", 
            "file_size": 6312, 
            "object_id": "34084838-7d51-5d19-b8dd-a5045e92aefa"
        }, 
        {
            "file_md5sum": "ca844bba2f7c7f16a1d91bf6ae125a67", 
            "file_name": "ca004926-f3ac-4824-8ed5-d84e62efdfae.svcp_1-0-8.20150812.somatic.cnv.vcf.gz.tbi", 
            "file_size": 6998, 
            "object_id": "41106d8b-7ac1-5bd0-b2f6-033764fde106"
        }, 
        {
            "file_md5sum": "6a9ac40249fa197b5c9dbcfb4b423b70", 
            "file_name": "ca004926-f3ac-4824-8ed5-d84e62efdfae.svfix_4-0-5.20160114.somatic.sv.vcf.gz", 
            "file_size": 356561, 
            "object_id": "0a8577de-2e37-5911-8330-5aa369c0d9e7"
        }, 
        {
            "file_md5sum": "3625320f58f15fd767f710b3216604b3", 
            "file_name": "ca004926-f3ac-4824-8ed5-d84e62efdfae.svfix_4-0-5.20160114.somatic.sv.vcf.gz.tbi", 
            "file_size": 12873, 
            "object_id": "ea0c5970-3c17-5889-b002-0b79cc5a16c6"
        }, 
        {
            "file_md5sum": "6a47a47309ecdacd479d9c339dbfd08d", 
            "file_name": "ca004926-f3ac-4824-8ed5-d84e62efdfae.svcp_1-0-8.20150812.somatic.indel.vcf.gz", 
            "file_size": 50058516, 
            "object_id": "addaf1fb-e96f-5055-b78a-637f7c879ca9"
        }, 
        {
            "file_md5sum": "5347bbb6f35b49ea383981bac85db2cc", 
            "file_name": "ca004926-f3ac-4824-8ed5-d84e62efdfae.svcp_1-0-8.20150812.somatic.indel.vcf.gz.tbi", 
            "file_size": 1445985, 
            "object_id": "b1470297-b147-56a0-9c7f-2a8b97ee4c1a"
        }, 
        {
            "file_md5sum": "b8525c699b56690a6ff08e0552ad8051", 
            "file_name": "ca004926-f3ac-4824-8ed5-d84e62efdfae.svcp_1-0-8.20150812.somatic.snv_mnv.tar.gz", 
            "file_size": 168206922, 
            "object_id": "c47add61-0c29-5127-be76-fa1b25d6214a"
        }, 
        {
            "file_md5sum": "4631894af90f26d179be42284d063775", 
            "file_name": "ca004926-f3ac-4824-8ed5-d84e62efdfae.svcp_1-0-8.20150812.somatic.cnv.tar.gz", 
            "file_size": 26551289, 
            "object_id": "0f99440a-2f26-57fc-81c6-b46486a6ae55"
        }, 
        {
            "file_md5sum": "a66250fc22f369126474750f0ae1f5f7", 
            "file_name": "ca004926-f3ac-4824-8ed5-d84e62efdfae.svfix_4-0-5.20160114.somatic.sv.tar.gz", 
            "file_size": 296017722, 
            "object_id": "0c25c4cf-5067-551d-8a5f-053b69d3bd09"
        }, 
        {
            "file_md5sum": "47a310206c683420ac926f7de7ef3131",