{
    "_runs_": {
        "run_1453925560_6d0562d6-81f1-4b74-8cdf-3c59ab55d4ca": {
            "downloading": {
                "gnos-download_time": 116, 
                "start": 1453942069, 
                "stop": 1453942185, 
                "time": 116
            }, 
            "uploading": {
                "copy_meta_time": 1, 
                "start": 1453942269, 
                "stop": 1453942378, 
                "time": 109, 
                "upload_time": 107
            }
        }, 
        "run_1454598213_9c2515cf-3081-4764-b562-8001e55fe649": {
            "downloading": {
                "6b8152cc-bade-11e5-9285-ff6ceac6e0c4.xml-download_time": 13, 
                "6b8152cc-bade-11e5-9285-ff6ceac6e0c4.xml-md5sum_time": 0, 
                "fc806c50-2f6e-418d-e040-11ac0d485f01.svcp_1-0-4.20150225.somatic.cnv.tar.gz-download_time": 14, 
                "fc806c50-2f6e-418d-e040-11ac0d485f01.svcp_1-0-4.20150225.somatic.cnv.tar.gz-md5sum_time": 1, 
                "fc806c50-2f6e-418d-e040-11ac0d485f01.svcp_1-0-4.20150225.somatic.cnv.vcf.gz-download_time": 12, 
                "fc806c50-2f6e-418d-e040-11ac0d485f01.svcp_1-0-4.20150225.somatic.cnv.vcf.gz-md5sum_time": 0, 
                "fc806c50-2f6e-418d-e040-11ac0d485f01.svcp_1-0-4.20150225.somatic.cnv.vcf.gz.tbi-download_time": 13, 
                "fc806c50-2f6e-418d-e040-11ac0d485f01.svcp_1-0-4.20150225.somatic.cnv.vcf.gz.tbi-md5sum_time": 0, 
                "fc806c50-2f6e-418d-e040-11ac0d485f01.svcp_1-0-4.20150225.somatic.genotype.tar.gz-download_time": 14, 
                "fc806c50-2f6e-418d-e040-11ac0d485f01.svcp_1-0-4.20150225.somatic.genotype.tar.gz-md5sum_time": 0, 
                "fc806c50-2f6e-418d-e040-11ac0d485f01.svcp_1-0-4.20150225.somatic.imputeCounts.tar.gz-download_time": 40, 
                "fc806c50-2f6e-418d-e040-11ac0d485f01.svcp_1-0-4.20150225.somatic.imputeCounts.tar.gz-md5sum_time": 2, 
                "fc806c50-2f6e-418d-e040-11ac0d485f01.svcp_1-0-4.20150225.somatic.indel.tar.gz-download_time": 90, 
                "fc806c50-2f6e-418d-e040-11ac0d485f01.svcp_1-0-4.20150225.somatic.indel.tar.gz-md5sum_time": 4, 
                "fc806c50-2f6e-418d-e040-11ac0d485f01.svcp_1-0-4.20150225.somatic.indel.vcf.gz-download_time": 18, 
                "fc806c50-2f6e-418d-e040-11ac0d485f01.svcp_1-0-4.20150225.somatic.indel.vcf.gz-md5sum_time": 0, 
                "fc806c50-2f6e-418d-e040-11ac0d485f01.svcp_1-0-4.20150225.somatic.indel.vcf.gz.tbi-download_time": 13, 
                "fc806c50-2f6e-418d-e040-11ac0d485f01.svcp_1-0-4.20150225.somatic.indel.vcf.gz.tbi-md5sum_time": 0, 
                "fc806c50-2f6e-418d-e040-11ac0d485f01.svcp_1-0-4.20150225.somatic.snv_mnv.tar.gz-download_time": 23, 
                "fc806c50-2f6e-418d-e040-11ac0d485f01.svcp_1-0-4.20150225.somatic.snv_mnv.tar.gz-md5sum_time": 1, 
                "fc806c50-2f6e-418d-e040-11ac0d485f01.svcp_1-0-4.20150225.somatic.snv_mnv.vcf.gz-download_time": 14, 
                "fc806c50-2f6e-418d-e040-11ac0d485f01.svcp_1-0-4.20150225.somatic.snv_mnv.vcf.gz-md5sum_time": 0, 
                "fc806c50-2f6e-418d-e040-11ac0d485f01.svcp_1-0-4.20150225.somatic.snv_mnv.vcf.gz.tbi-download_time": 13, 
                "fc806c50-2f6e-418d-e040-11ac0d485f01.svcp_1-0-4.20150225.somatic.snv_mnv.vcf.gz.tbi-md5sum_time": 0, 
                "fc806c50-2f6e-418d-e040-11ac0d485f01.svcp_1-0-4.20150225.somatic.verifyBamId.tar.gz-download_time": 13, 
                "fc806c50-2f6e-418d-e040-11ac0d485f01.svcp_1-0-4.20150225.somatic.verifyBamId.tar.gz-md5sum_time": 0, 
                "fc806c50-2f6e-418d-e040-11ac0d485f01.svfix_4-0-5.20160114.somatic.sv.tar.gz-download_time": 30, 
                "fc806c50-2f6e-418d-e040-11ac0d485f01.svfix_4-0-5.20160114.somatic.sv.tar.gz-md5sum_time": 2, 
                "fc806c50-2f6e-418d-e040-11ac0d485f01.svfix_4-0-5.20160114.somatic.sv.vcf.gz-download_time": 13, 
                "fc806c50-2f6e-418d-e040-11ac0d485f01.svfix_4-0-5.20160114.somatic.sv.vcf.gz-md5sum_time": 0, 
                "fc806c50-2f6e-418d-e040-11ac0d485f01.svfix_4-0-5.20160114.somatic.sv.vcf.gz.tbi-download_time": 13, 
                "fc806c50-2f6e-418d-e040-11ac0d485f01.svfix_4-0-5.20160114.somatic.sv.vcf.gz.tbi-md5sum_time": 0, 
                "start": 1454601600, 
                "stop": 1454601956, 
                "time": 356
            }
        }
    }, 
    "aliquot_id": null, 
    "available_repos": [
        {
            "https://gtrepo-osdc-icgc.annailabs.com/": {
                "file_md5sum": "37dbe08d86c593cba0ff4eafc349d2b5", 
                "file_size": 59355
            }
        }
    ], 
    "data_type": "Sanger-VCF", 
    "files": [
        {
            "file_md5sum": "a1bc45fef6caec52fbabcaa71827ab8c", 
            "file_name": "fc806c50-2f6e-418d-e040-11ac0d485f01.svcp_1-0-4.20150225.somatic.snv_mnv.vcf.gz", 
            "file_size": 10094394, 
            "object_id": "0abc7784-3eaa-5274-93c4-71170474233f"
        }, 
        {
            "file_md5sum": "024ddfe9d6ad855678dd04c27aa5c376", 
            "file_name": "fc806c50-2f6e-418d-e040-11ac0d485f01.svcp_1-0-4.20150225.somatic.snv_mnv.vcf.gz.tbi", 
            "file_size": 988640, 
            "object_id": "18f8afd8-5f28-5263-9984-779826be0f87"
        }, 
        {
            "file_md5sum": "adcca222643bedc8285261c985681e01", 
            "file_name": "fc806c50-2f6e-418d-e040-11ac0d485f01.svcp_1-0-4.20150225.somatic.cnv.vcf.gz", 
            "file_size": 3988, 
            "object_id": "3d0158d8-3ebd-594d-af89-8feae1f87a16"
        }, 
        {
            "file_md5sum": "a75b83bf7acbbb23d11eb096fd0423b6", 
            "file_name": "fc806c50-2f6e-418d-e040-11ac0d485f01.svcp_1-0-4.20150225.somatic.cnv.vcf.gz.tbi", 
            "file_size": 5493, 
            "object_id": "d9d969e1-e0fa-58fc-b190-06b1d0b73fff"
        }, 
        {
            "file_md5sum": "a0ee75ec09378fa61746ba1bb1f9c345", 
            "file_name": "fc806c50-2f6e-418d-e040-11ac0d485f01.svfix_4-0-5.20160114.somatic.sv.vcf.gz", 
            "file_size": 66707, 
            "object_id": "b1a0d8d5-9570-51c2-a575-725d9fe40d72"
        }, 
        {
            "file_md5sum": "1e3c1e236c93bf110da11b835711808f", 
            "file_name": "fc806c50-2f6e-418d-e040-11ac0d485f01.svfix_4-0-5.20160114.somatic.sv.vcf.gz.tbi", 
            "file_size": 8959, 
            "object_id": "44ce8431-82c2-5798-aef4-173bbf390c1e"
        }, 
        {
            "file_md5sum": "1d0bdf6dbbbb79aadeafc6f7b24e806e", 
            "file_name": "fc806c50-2f6e-418d-e040-11ac0d485f01.svcp_1-0-4.20150225.somatic.indel.vcf.gz", 
            "file_size": 57236391, 
            "object_id": "2b642a64-3f16-58df-98db-29e50d4a6880"
        }, 
        {
            "file_md5sum": "5ddc46262e7b17720f509151a86f7a35", 
            "file_name": "fc806c50-2f6e-418d-e040-11ac0d485f01.svcp_1-0-4.20150225.somatic.indel.vcf.gz.tbi", 
            "file_size": 1494680, 
            "object_id": "b3cf5095-18af-5a2c-be20-10198273a32f"
        }, 
        {
            "file_md5sum": "58d3a971308db1818d914c0f06a01121", 
            "file_name": "fc806c50-2f6e-418d-e040-11ac0d485f01.svcp_1-0-4.20150225.somatic.snv_mnv.tar.gz", 
            "file_size": 180617814, 
            "object_id": "4adba1cf-8670-5e4e-8b95-23484dd0612a"
        }, 
        {
            "file_md5sum": "3f4082716c2565c1fcf9ccbf03f8528a", 
            "file_name": "fc806c50-2f6e-418d-e040-11ac0d485f01.svcp_1-0-4.20150225.somatic.cnv.tar.gz", 
            "file_size": 26765656, 
            "object_id": "2a829fa1-91ce-5715-afe7-977d6f1832e2"
        }, 
        {
            "file_md5sum": "5b6f4f42d082e1329b0c4a8e142e984f", 
            "file_name": "fc806c50-2f6e-418d-e040-11ac0d485f01.svfix_4-0-5.20160114.somatic.sv.tar.gz", 
            "file_size": 294752743, 
            "object_id": "d6701b15-7a6b-5e37-87a1-2fc7f618f421"
        }, 
        {
            "file_md5sum": "27f7da4a06af668f2aa78649da454172",