{
    "_runs_": {
        "run_1454096172_62349ac7-c920-456e-bba6-edfcfe6380eb": {
            "downloading": {
                "gnos-download_time": 77, 
                "start": 1454103489, 
                "stop": 1454103567, 
                "time": 78
            }, 
            "uploading": {
                "copy_meta_time": 2, 
                "start": 1454103571, 
                "stop": 1454103664, 
                "time": 93, 
                "upload_time": 91
            }
        }, 
        "run_1454598279_c1e044ce-0a62-47c0-97f5-97c726ab1d09": {
            "downloading": {
                "70b0ca3a-b66e-11e5-a67c-10b251327fcc.xml-download_time": 13, 
                "70b0ca3a-b66e-11e5-a67c-10b251327fcc.xml-md5sum_time": 0, 
                "f8733b80-c622-11e3-bf01-24c6515278c0.svcp_1-0-5.20150430.somatic.cnv.tar.gz-download_time": 15, 
                "f8733b80-c622-11e3-bf01-24c6515278c0.svcp_1-0-5.20150430.somatic.cnv.tar.gz-md5sum_time": 0, 
                "f8733b80-c622-11e3-bf01-24c6515278c0.svcp_1-0-5.20150430.somatic.cnv.vcf.gz-download_time": 12, 
                "f8733b80-c622-11e3-bf01-24c6515278c0.svcp_1-0-5.20150430.somatic.cnv.vcf.gz-md5sum_time": 0, 
                "f8733b80-c622-11e3-bf01-24c6515278c0.svcp_1-0-5.20150430.somatic.cnv.vcf.gz.tbi-download_time": 13, 
                "f8733b80-c622-11e3-bf01-24c6515278c0.svcp_1-0-5.20150430.somatic.cnv.vcf.gz.tbi-md5sum_time": 0, 
                "f8733b80-c622-11e3-bf01-24c6515278c0.svcp_1-0-5.20150430.somatic.genotype.tar.gz-download_time": 13, 
                "f8733b80-c622-11e3-bf01-24c6515278c0.svcp_1-0-5.20150430.somatic.genotype.tar.gz-md5sum_time": 0, 
                "f8733b80-c622-11e3-bf01-24c6515278c0.svcp_1-0-5.20150430.somatic.imputeCounts.tar.gz-download_time": 41, 
                "f8733b80-c622-11e3-bf01-24c6515278c0.svcp_1-0-5.20150430.somatic.imputeCounts.tar.gz-md5sum_time": 1, 
                "f8733b80-c622-11e3-bf01-24c6515278c0.svcp_1-0-5.20150430.somatic.indel.tar.gz-download_time": 48, 
                "f8733b80-c622-11e3-bf01-24c6515278c0.svcp_1-0-5.20150430.somatic.indel.tar.gz-md5sum_time": 2, 
                "f8733b80-c622-11e3-bf01-24c6515278c0.svcp_1-0-5.20150430.somatic.indel.vcf.gz-download_time": 15, 
                "f8733b80-c622-11e3-bf01-24c6515278c0.svcp_1-0-5.20150430.somatic.indel.vcf.gz-md5sum_time": 0, 
                "f8733b80-c622-11e3-bf01-24c6515278c0.svcp_1-0-5.20150430.somatic.indel.vcf.gz.tbi-download_time": 12, 
                "f8733b80-c622-11e3-bf01-24c6515278c0.svcp_1-0-5.20150430.somatic.indel.vcf.gz.tbi-md5sum_time": 0, 
                "f8733b80-c622-11e3-bf01-24c6515278c0.svcp_1-0-5.20150430.somatic.snv_mnv.tar.gz-download_time": 22, 
                "f8733b80-c622-11e3-bf01-24c6515278c0.svcp_1-0-5.20150430.somatic.snv_mnv.tar.gz-md5sum_time": 1, 
                "f8733b80-c622-11e3-bf01-24c6515278c0.svcp_1-0-5.20150430.somatic.snv_mnv.vcf.gz-download_time": 13, 
                "f8733b80-c622-11e3-bf01-24c6515278c0.svcp_1-0-5.20150430.somatic.snv_mnv.vcf.gz-md5sum_time": 0, 
                "f8733b80-c622-11e3-bf01-24c6515278c0.svcp_1-0-5.20150430.somatic.snv_mnv.vcf.gz.tbi-download_time": 12, 
                "f8733b80-c622-11e3-bf01-24c6515278c0.svcp_1-0-5.20150430.somatic.snv_mnv.vcf.gz.tbi-md5sum_time": 0, 
                "f8733b80-c622-11e3-bf01-24c6515278c0.svcp_1-0-5.20150430.somatic.verifyBamId.tar.gz-download_time": 12, 
                "f8733b80-c622-11e3-bf01-24c6515278c0.svcp_1-0-5.20150430.somatic.verifyBamId.tar.gz-md5sum_time": 0, 
                "f8733b80-c622-11e3-bf01-24c6515278c0.svfix_4-0-5.20160109.somatic.sv.tar.gz-download_time": 30, 
                "f8733b80-c622-11e3-bf01-24c6515278c0.svfix_4-0-5.20160109.somatic.sv.tar.gz-md5sum_time": 1, 
                "f8733b80-c622-11e3-bf01-24c6515278c0.svfix_4-0-5.20160109.somatic.sv.vcf.gz-download_time": 12, 
                "f8733b80-c622-11e3-bf01-24c6515278c0.svfix_4-0-5.20160109.somatic.sv.vcf.gz-md5sum_time": 0, 
                "f8733b80-c622-11e3-bf01-24c6515278c0.svfix_4-0-5.20160109.somatic.sv.vcf.gz.tbi-download_time": 12, 
                "f8733b80-c622-11e3-bf01-24c6515278c0.svfix_4-0-5.20160109.somatic.sv.vcf.gz.tbi-md5sum_time": 1, 
                "start": 1454603635, 
                "stop": 1454603936, 
                "time": 301
            }
        }
    }, 
    "aliquot_id": null, 
    "available_repos": [
        {
            "https://gtrepo-dkfz.annailabs.com/": {
                "file_md5sum": "a759648f5d9959b84b1bb134c0070330", 
                "file_size": 58139
            }
        }
    ], 
    "data_type": "Sanger-VCF", 
    "files": [
        {
            "file_md5sum": "65adc4f9a69b95b5e3c91431e96ad215", 
            "file_name": "f8733b80-c622-11e3-bf01-24c6515278c0.svcp_1-0-5.20150430.somatic.snv_mnv.vcf.gz", 
            "file_size": 2233442, 
            "object_id": "ad44909e-8bf3-57f5-a224-09336400448c"
        }, 
        {
            "file_md5sum": "4ebecef99a877a18db8c58e0308d1127", 
            "file_name": "f8733b80-c622-11e3-bf01-24c6515278c0.svcp_1-0-5.20150430.somatic.snv_mnv.vcf.gz.tbi", 
            "file_size": 337172, 
            "object_id": "1dcc5740-85e5-504e-abf5-c2bbfc393962"
        }, 
        {
            "file_md5sum": "ef91c955800a4f06417ba8588b269814", 
            "file_name": "f8733b80-c622-11e3-bf01-24c6515278c0.svcp_1-0-5.20150430.somatic.cnv.vcf.gz", 
            "file_size": 3042, 
            "object_id": "51130f31-3792-57b3-8557-2716908b804c"
        }, 
        {
            "file_md5sum": "d4061bd322275a56494d864a2bac137c", 
            "file_name": "f8733b80-c622-11e3-bf01-24c6515278c0.svcp_1-0-5.20150430.somatic.cnv.vcf.gz.tbi", 
            "file_size": 4986, 
            "object_id": "5da9d754-d11d-5607-91ac-4fc6c5c95aec"
        }, 
        {
            "file_md5sum": "469890ebe6ede12321e76af2ca945a8b", 
            "file_name": "f8733b80-c622-11e3-bf01-24c6515278c0.svfix_4-0-5.20160109.somatic.sv.vcf.gz", 
            "file_size": 79648, 
            "object_id": "c84289ba-7752-5315-acde-31db90e8dbbb"
        }, 
        {
            "file_md5sum": "bc1e84b6c9d60dd7d9bb8da0a6422dc1", 
            "file_name": "f8733b80-c622-11e3-bf01-24c6515278c0.svfix_4-0-5.20160109.somatic.sv.vcf.gz.tbi", 
            "file_size": 3247, 
            "object_id": "02eb976b-6a9c-55ef-b7ae-a9086e44e2a0"
        }, 
        {
            "file_md5sum": "33b7d0541982ddf52babcdd630da0846", 
            "file_name": "f8733b80-c622-11e3-bf01-24c6515278c0.svcp_1-0-5.20150430.somatic.indel.vcf.gz", 
            "file_size": 44807888, 
            "object_id": "ffafaae3-d9c2-5de8-bdf7-ae1e7354d434"
        }, 
        {
            "file_md5sum": "2bc935dd48d30a3a7b5f03ef2b892203", 
            "file_name": "f8733b80-c622-11e3-bf01-24c6515278c0.svcp_1-0-5.20150430.somatic.indel.vcf.gz.tbi", 
            "file_size": 1457487, 
            "object_id": "9da28f5a-6d90-5728-b7aa-76366a8edca8"
        }, 
        {
            "file_md5sum": "5d964ebea1d4382d5e06af119aa70c96", 
            "file_name": "f8733b80-c622-11e3-bf01-24c6515278c0.svcp_1-0-5.20150430.somatic.snv_mnv.tar.gz", 
            "file_size": 157449913, 
            "object_id": "1f5a2058-9897-532d-9832-aced4743c94e"
        }, 
        {
            "file_md5sum": "e26c1c6a93901ffc2e24159e96daf8d2", 
            "file_name": "f8733b80-c622-11e3-bf01-24c6515278c0.svcp_1-0-5.20150430.somatic.cnv.tar.gz", 
            "file_size": 27077894, 
            "object_id": "c352fe26-8a2a-51e4-8322-43824f35d00c"
        }, 
        {
            "file_md5sum": "5ded06758784ca0e87b1305fc94d6cc6", 
            "file_name": "f8733b80-c622-11e3-bf01-24c6515278c0.svfix_4-0-5.20160109.somatic.sv.tar.gz", 
            "file_size": 298185053, 
            "object_id": "1edd5909-c28b-56db-a841-572f5a87e66f"
        }, 
        {
            "file_md5sum": "f98cbfd18637cb04f8126581f9d488f6",