{
    "_runs_": {
        "run_1453954910_5609ae24-c8e4-4bbb-a25d-d0836c411348": {
            "downloading": {
                "gnos-download_time": 114, 
                "start": 1453955584, 
                "stop": 1453955698, 
                "time": 114
            }, 
            "uploading": {
                "copy_meta_time": 2, 
                "start": 1453955708, 
                "stop": 1453955816, 
                "time": 108, 
                "upload_time": 106
            }
        }, 
        "run_1454598413_3c185cae-f827-4907-acfc-2907c86d6d6a": {
            "downloading": {
                "4b5d9d8c-ff95-45f4-9287-2804e8a98ade.svcp_1-0-4.20150218.somatic.cnv.tar.gz-download_time": 14, 
                "4b5d9d8c-ff95-45f4-9287-2804e8a98ade.svcp_1-0-4.20150218.somatic.cnv.tar.gz-md5sum_time": 0, 
                "4b5d9d8c-ff95-45f4-9287-2804e8a98ade.svcp_1-0-4.20150218.somatic.cnv.vcf.gz-download_time": 13, 
                "4b5d9d8c-ff95-45f4-9287-2804e8a98ade.svcp_1-0-4.20150218.somatic.cnv.vcf.gz-md5sum_time": 0, 
                "4b5d9d8c-ff95-45f4-9287-2804e8a98ade.svcp_1-0-4.20150218.somatic.cnv.vcf.gz.tbi-download_time": 12, 
                "4b5d9d8c-ff95-45f4-9287-2804e8a98ade.svcp_1-0-4.20150218.somatic.cnv.vcf.gz.tbi-md5sum_time": 0, 
                "4b5d9d8c-ff95-45f4-9287-2804e8a98ade.svcp_1-0-4.20150218.somatic.genotype.tar.gz-download_time": 14, 
                "4b5d9d8c-ff95-45f4-9287-2804e8a98ade.svcp_1-0-4.20150218.somatic.genotype.tar.gz-md5sum_time": 0, 
                "4b5d9d8c-ff95-45f4-9287-2804e8a98ade.svcp_1-0-4.20150218.somatic.imputeCounts.tar.gz-download_time": 44, 
                "4b5d9d8c-ff95-45f4-9287-2804e8a98ade.svcp_1-0-4.20150218.somatic.imputeCounts.tar.gz-md5sum_time": 1, 
                "4b5d9d8c-ff95-45f4-9287-2804e8a98ade.svcp_1-0-4.20150218.somatic.indel.tar.gz-download_time": 93, 
                "4b5d9d8c-ff95-45f4-9287-2804e8a98ade.svcp_1-0-4.20150218.somatic.indel.tar.gz-md5sum_time": 4, 
                "4b5d9d8c-ff95-45f4-9287-2804e8a98ade.svcp_1-0-4.20150218.somatic.indel.vcf.gz-download_time": 16, 
                "4b5d9d8c-ff95-45f4-9287-2804e8a98ade.svcp_1-0-4.20150218.somatic.indel.vcf.gz-md5sum_time": 0, 
                "4b5d9d8c-ff95-45f4-9287-2804e8a98ade.svcp_1-0-4.20150218.somatic.indel.vcf.gz.tbi-download_time": 13, 
                "4b5d9d8c-ff95-45f4-9287-2804e8a98ade.svcp_1-0-4.20150218.somatic.indel.vcf.gz.tbi-md5sum_time": 0, 
                "4b5d9d8c-ff95-45f4-9287-2804e8a98ade.svcp_1-0-4.20150218.somatic.snv_mnv.tar.gz-download_time": 23, 
                "4b5d9d8c-ff95-45f4-9287-2804e8a98ade.svcp_1-0-4.20150218.somatic.snv_mnv.tar.gz-md5sum_time": 1, 
                "4b5d9d8c-ff95-45f4-9287-2804e8a98ade.svcp_1-0-4.20150218.somatic.snv_mnv.vcf.gz-download_time": 14, 
                "4b5d9d8c-ff95-45f4-9287-2804e8a98ade.svcp_1-0-4.20150218.somatic.snv_mnv.vcf.gz-md5sum_time": 0, 
                "4b5d9d8c-ff95-45f4-9287-2804e8a98ade.svcp_1-0-4.20150218.somatic.snv_mnv.vcf.gz.tbi-download_time": 13, 
                "4b5d9d8c-ff95-45f4-9287-2804e8a98ade.svcp_1-0-4.20150218.somatic.snv_mnv.vcf.gz.tbi-md5sum_time": 0, 
                "4b5d9d8c-ff95-45f4-9287-2804e8a98ade.svcp_1-0-4.20150218.somatic.verifyBamId.tar.gz-download_time": 13, 
                "4b5d9d8c-ff95-45f4-9287-2804e8a98ade.svcp_1-0-4.20150218.somatic.verifyBamId.tar.gz-md5sum_time": 0, 
                "4b5d9d8c-ff95-45f4-9287-2804e8a98ade.svfix_4-0-5.20160115.somatic.sv.tar.gz-download_time": 34, 
                "4b5d9d8c-ff95-45f4-9287-2804e8a98ade.svfix_4-0-5.20160115.somatic.sv.tar.gz-md5sum_time": 1, 
                "4b5d9d8c-ff95-45f4-9287-2804e8a98ade.svfix_4-0-5.20160115.somatic.sv.vcf.gz-download_time": 13, 
                "4b5d9d8c-ff95-45f4-9287-2804e8a98ade.svfix_4-0-5.20160115.somatic.sv.vcf.gz-md5sum_time": 0, 
                "4b5d9d8c-ff95-45f4-9287-2804e8a98ade.svfix_4-0-5.20160115.somatic.sv.vcf.gz.tbi-download_time": 13, 
                "4b5d9d8c-ff95-45f4-9287-2804e8a98ade.svfix_4-0-5.20160115.somatic.sv.vcf.gz.tbi-md5sum_time": 0, 
                "7197d0c4-bb6e-11e5-970c-81cbeac6e0c4.xml-download_time": 12, 
                "7197d0c4-bb6e-11e5-970c-81cbeac6e0c4.xml-md5sum_time": 0, 
                "start": 1454604227, 
                "stop": 1454604589, 
                "time": 362
            }
        }
    }, 
    "aliquot_id": null, 
    "available_repos": [
        {
            "https://gtrepo-osdc-icgc.annailabs.com/": {
                "file_md5sum": "9e78bcbdac2d0597b915bddf06fdf6fd", 
                "file_size": 57974
            }
        }
    ], 
    "data_type": "Sanger-VCF", 
    "files": [
        {
            "file_md5sum": "37f3d56113c1fc7691b02cb06e5604e3", 
            "file_name": "4b5d9d8c-ff95-45f4-9287-2804e8a98ade.svcp_1-0-4.20150218.somatic.snv_mnv.vcf.gz", 
            "file_size": 4933381, 
            "object_id": "0832bd12-79af-5e11-9d6e-74c77de56bab"
        }, 
        {
            "file_md5sum": "694bae97590c9f8d92e8825ff18ac870", 
            "file_name": "4b5d9d8c-ff95-45f4-9287-2804e8a98ade.svcp_1-0-4.20150218.somatic.snv_mnv.vcf.gz.tbi", 
            "file_size": 573537, 
            "object_id": "6bb3c4d1-aee4-5cff-b741-4ff550de6e62"
        }, 
        {
            "file_md5sum": "4409a542660008fe218e9d7fd53ae5ec", 
            "file_name": "4b5d9d8c-ff95-45f4-9287-2804e8a98ade.svcp_1-0-4.20150218.somatic.cnv.vcf.gz", 
            "file_size": 2678, 
            "object_id": "fbb5704d-d092-595e-a34f-b2229270eef9"
        }, 
        {
            "file_md5sum": "47c2a5ce5f52c213379624c8a3e0d46f", 
            "file_name": "4b5d9d8c-ff95-45f4-9287-2804e8a98ade.svcp_1-0-4.20150218.somatic.cnv.vcf.gz.tbi", 
            "file_size": 4716, 
            "object_id": "932eb930-472d-5568-892d-b32dd7a2a2b7"
        }, 
        {
            "file_md5sum": "0b6c8636b793689a334ba91e951a4676", 
            "file_name": "4b5d9d8c-ff95-45f4-9287-2804e8a98ade.svfix_4-0-5.20160115.somatic.sv.vcf.gz", 
            "file_size": 12953, 
            "object_id": "142cbdf5-02dc-5475-a73d-d10483b9acb7"
        }, 
        {
            "file_md5sum": "1a25dede4a46ef31c93b156734878936", 
            "file_name": "4b5d9d8c-ff95-45f4-9287-2804e8a98ade.svfix_4-0-5.20160115.somatic.sv.vcf.gz.tbi", 
            "file_size": 1520, 
            "object_id": "8ffc397d-4046-5c36-b930-ed5abf8ec487"
        }, 
        {
            "file_md5sum": "3103b0d0653ab95aeb683dbbf90c0273", 
            "file_name": "4b5d9d8c-ff95-45f4-9287-2804e8a98ade.svcp_1-0-4.20150218.somatic.indel.vcf.gz", 
            "file_size": 56727450, 
            "object_id": "59822900-b7b0-55c1-bf69-f0f74d14f62b"
        }, 
        {
            "file_md5sum": "b7583114d3a79d327c54030d322867d5", 
            "file_name": "4b5d9d8c-ff95-45f4-9287-2804e8a98ade.svcp_1-0-4.20150218.somatic.indel.vcf.gz.tbi", 
            "file_size": 1511114, 
            "object_id": "25b4644f-073e-5b44-a001-ab277fe10ca3"
        }, 
        {
            "file_md5sum": "975342f96e3b6ab65590e99e53e652fd", 
            "file_name": "4b5d9d8c-ff95-45f4-9287-2804e8a98ade.svcp_1-0-4.20150218.somatic.snv_mnv.tar.gz", 
            "file_size": 175426256, 
            "object_id": "1d0910d7-0c50-5324-b46a-e4655dd39400"
        }, 
        {
            "file_md5sum": "af9816a8ad01f28c09236fce1e63aeeb", 
            "file_name": "4b5d9d8c-ff95-45f4-9287-2804e8a98ade.svcp_1-0-4.20150218.somatic.cnv.tar.gz", 
            "file_size": 26898855, 
            "object_id": "ce52a1e8-a26b-5c3a-a5cb-4d8770948b1e"
        }, 
        {
            "file_md5sum": "dc7919f041cac8405cfdc03c2c5a0b28", 
            "file_name": "4b5d9d8c-ff95-45f4-9287-2804e8a98ade.svfix_4-0-5.20160115.somatic.sv.tar.gz", 
            "file_size": 293794466, 
            "object_id": "6e50cc47-8700-5d9d-a937-3845ed40473d"
        }, 
        {
            "file_md5sum": "50c74c52b263b27593cd74010a5300b5",