{
    "_runs_": {
        "run_1453954967_deb85559-d172-4052-a892-08f8eadbcd71": {
            "downloading": {
                "gnos-download_time": 87, 
                "start": 1453956713, 
                "stop": 1453956800, 
                "time": 87
            }, 
            "uploading": {
                "copy_meta_time": 1, 
                "start": 1453956813, 
                "stop": 1453956905, 
                "time": 92, 
                "upload_time": 91
            }
        }, 
        "run_1454598213_9c2515cf-3081-4764-b562-8001e55fe649": {
            "downloading": {
                "74ec279a-c622-11e3-bf01-24c6515278c0.svcp_1-0-5.20150414.somatic.cnv.tar.gz-download_time": 15, 
                "74ec279a-c622-11e3-bf01-24c6515278c0.svcp_1-0-5.20150414.somatic.cnv.tar.gz-md5sum_time": 0, 
                "74ec279a-c622-11e3-bf01-24c6515278c0.svcp_1-0-5.20150414.somatic.cnv.vcf.gz-download_time": 13, 
                "74ec279a-c622-11e3-bf01-24c6515278c0.svcp_1-0-5.20150414.somatic.cnv.vcf.gz-md5sum_time": 0, 
                "74ec279a-c622-11e3-bf01-24c6515278c0.svcp_1-0-5.20150414.somatic.cnv.vcf.gz.tbi-download_time": 12, 
                "74ec279a-c622-11e3-bf01-24c6515278c0.svcp_1-0-5.20150414.somatic.cnv.vcf.gz.tbi-md5sum_time": 0, 
                "74ec279a-c622-11e3-bf01-24c6515278c0.svcp_1-0-5.20150414.somatic.genotype.tar.gz-download_time": 12, 
                "74ec279a-c622-11e3-bf01-24c6515278c0.svcp_1-0-5.20150414.somatic.genotype.tar.gz-md5sum_time": 0, 
                "74ec279a-c622-11e3-bf01-24c6515278c0.svcp_1-0-5.20150414.somatic.imputeCounts.tar.gz-download_time": 41, 
                "74ec279a-c622-11e3-bf01-24c6515278c0.svcp_1-0-5.20150414.somatic.imputeCounts.tar.gz-md5sum_time": 2, 
                "74ec279a-c622-11e3-bf01-24c6515278c0.svcp_1-0-5.20150414.somatic.indel.tar.gz-download_time": 52, 
                "74ec279a-c622-11e3-bf01-24c6515278c0.svcp_1-0-5.20150414.somatic.indel.tar.gz-md5sum_time": 2, 
                "74ec279a-c622-11e3-bf01-24c6515278c0.svcp_1-0-5.20150414.somatic.indel.vcf.gz-download_time": 16, 
                "74ec279a-c622-11e3-bf01-24c6515278c0.svcp_1-0-5.20150414.somatic.indel.vcf.gz-md5sum_time": 0, 
                "74ec279a-c622-11e3-bf01-24c6515278c0.svcp_1-0-5.20150414.somatic.indel.vcf.gz.tbi-download_time": 13, 
                "74ec279a-c622-11e3-bf01-24c6515278c0.svcp_1-0-5.20150414.somatic.indel.vcf.gz.tbi-md5sum_time": 0, 
                "74ec279a-c622-11e3-bf01-24c6515278c0.svcp_1-0-5.20150414.somatic.snv_mnv.tar.gz-download_time": 21, 
                "74ec279a-c622-11e3-bf01-24c6515278c0.svcp_1-0-5.20150414.somatic.snv_mnv.tar.gz-md5sum_time": 1, 
                "74ec279a-c622-11e3-bf01-24c6515278c0.svcp_1-0-5.20150414.somatic.snv_mnv.vcf.gz-download_time": 13, 
                "74ec279a-c622-11e3-bf01-24c6515278c0.svcp_1-0-5.20150414.somatic.snv_mnv.vcf.gz-md5sum_time": 0, 
                "74ec279a-c622-11e3-bf01-24c6515278c0.svcp_1-0-5.20150414.somatic.snv_mnv.vcf.gz.tbi-download_time": 14, 
                "74ec279a-c622-11e3-bf01-24c6515278c0.svcp_1-0-5.20150414.somatic.snv_mnv.vcf.gz.tbi-md5sum_time": 0, 
                "74ec279a-c622-11e3-bf01-24c6515278c0.svcp_1-0-5.20150414.somatic.verifyBamId.tar.gz-download_time": 14, 
                "74ec279a-c622-11e3-bf01-24c6515278c0.svcp_1-0-5.20150414.somatic.verifyBamId.tar.gz-md5sum_time": 0, 
                "74ec279a-c622-11e3-bf01-24c6515278c0.svfix_4-0-5.20160113.somatic.sv.tar.gz-download_time": 31, 
                "74ec279a-c622-11e3-bf01-24c6515278c0.svfix_4-0-5.20160113.somatic.sv.tar.gz-md5sum_time": 1, 
                "74ec279a-c622-11e3-bf01-24c6515278c0.svfix_4-0-5.20160113.somatic.sv.vcf.gz-download_time": 20, 
                "74ec279a-c622-11e3-bf01-24c6515278c0.svfix_4-0-5.20160113.somatic.sv.vcf.gz-md5sum_time": 0, 
                "74ec279a-c622-11e3-bf01-24c6515278c0.svfix_4-0-5.20160113.somatic.sv.vcf.gz.tbi-download_time": 13, 
                "74ec279a-c622-11e3-bf01-24c6515278c0.svfix_4-0-5.20160113.somatic.sv.vcf.gz.tbi-md5sum_time": 0, 
                "764f3616-b9d9-11e5-bc43-157aeac6e0c4.xml-download_time": 13, 
                "764f3616-b9d9-11e5-bc43-157aeac6e0c4.xml-md5sum_time": 0, 
                "start": 1454606700, 
                "stop": 1454607019, 
                "time": 319
            }
        }
    }, 
    "aliquot_id": null, 
    "available_repos": [
        {
            "https://gtrepo-osdc-icgc.annailabs.com/": {
                "file_md5sum": "bec3a333e6154d1d5f6ddb9f630a0cb7", 
                "file_size": 59796
            }
        }
    ], 
    "data_type": "Sanger-VCF", 
    "files": [
        {
            "file_md5sum": "dbee5261f04c1f15262b93cea2e27c37", 
            "file_name": "74ec279a-c622-11e3-bf01-24c6515278c0.svcp_1-0-5.20150414.somatic.snv_mnv.vcf.gz", 
            "file_size": 3473901, 
            "object_id": "6eb3bbfb-6113-5a16-8063-513cca39e660"
        }, 
        {
            "file_md5sum": "58bf8f30041378e57e39fab70542a9ef", 
            "file_name": "74ec279a-c622-11e3-bf01-24c6515278c0.svcp_1-0-5.20150414.somatic.snv_mnv.vcf.gz.tbi", 
            "file_size": 514155, 
            "object_id": "9728627c-1f11-5d19-9109-8c350e0ed6f8"
        }, 
        {
            "file_md5sum": "982ef22cc845d4f7efc1bbae5449505d", 
            "file_name": "74ec279a-c622-11e3-bf01-24c6515278c0.svcp_1-0-5.20150414.somatic.cnv.vcf.gz", 
            "file_size": 7573, 
            "object_id": "b0eb4170-58e1-5322-b281-aebfdd422450"
        }, 
        {
            "file_md5sum": "2a3a992b883d338c354b0b7f58534141", 
            "file_name": "74ec279a-c622-11e3-bf01-24c6515278c0.svcp_1-0-5.20150414.somatic.cnv.vcf.gz.tbi", 
            "file_size": 8175, 
            "object_id": "60805d88-c8d3-564c-a778-6d56cdc0d2fb"
        }, 
        {
            "file_md5sum": "191a2e010ba4faed9cd4e616aac3bfa8", 
            "file_name": "74ec279a-c622-11e3-bf01-24c6515278c0.svfix_4-0-5.20160113.somatic.sv.vcf.gz", 
            "file_size": 6740, 
            "object_id": "8e8aaf82-74db-5383-a57f-d123ce203d39"
        }, 
        {
            "file_md5sum": "145f62d23540834197820355e64a59e0", 
            "file_name": "74ec279a-c622-11e3-bf01-24c6515278c0.svfix_4-0-5.20160113.somatic.sv.vcf.gz.tbi", 
            "file_size": 1947, 
            "object_id": "d310069e-a333-5ce2-8a8a-dec3ca7f8559"
        }, 
        {
            "file_md5sum": "c267ee834f2acd50942afd21c1d2b95e", 
            "file_name": "74ec279a-c622-11e3-bf01-24c6515278c0.svcp_1-0-5.20150414.somatic.indel.vcf.gz", 
            "file_size": 44995152, 
            "object_id": "4a87e6d0-92b9-5ed9-a579-9043abe7df8b"
        }, 
        {
            "file_md5sum": "46937d04e4efc666f9e81be500da6f1a", 
            "file_name": "74ec279a-c622-11e3-bf01-24c6515278c0.svcp_1-0-5.20150414.somatic.indel.vcf.gz.tbi", 
            "file_size": 1465162, 
            "object_id": "1845af8e-06d7-5c5c-8be4-9b8067ee53b8"
        }, 
        {
            "file_md5sum": "fab6b72920125f493e40dfafa53ff59e", 
            "file_name": "74ec279a-c622-11e3-bf01-24c6515278c0.svcp_1-0-5.20150414.somatic.snv_mnv.tar.gz", 
            "file_size": 161603078, 
            "object_id": "d6373fae-ef9e-5113-9b79-b5ce5a8319fa"
        }, 
        {
            "file_md5sum": "89a43d4911b49d0b9052cd64dd40edbc", 
            "file_name": "74ec279a-c622-11e3-bf01-24c6515278c0.svcp_1-0-5.20150414.somatic.cnv.tar.gz", 
            "file_size": 27270207, 
            "object_id": "ade255e2-a3cf-5e50-a687-f43811240e18"
        }, 
        {
            "file_md5sum": "e7fc826922a8db4e53cbbff7f14e6b74", 
            "file_name": "74ec279a-c622-11e3-bf01-24c6515278c0.svfix_4-0-5.20160113.somatic.sv.tar.gz", 
            "file_size": 305926499, 
            "object_id": "6aaa223c-de27-57c0-ae4f-c06e759d138f"
        }, 
        {
            "file_md5sum": "5d5aa26f52126c1a50e1a48385df0f48",