{
    "_runs_": {
        "run_1453954910_5609ae24-c8e4-4bbb-a25d-d0836c411348": {
            "downloading": {
                "gnos-download_time": 101, 
                "start": 1453957195, 
                "stop": 1453957296, 
                "time": 101
            }, 
            "uploading": {
                "copy_meta_time": 1, 
                "start": 1453957303, 
                "stop": 1453957401, 
                "time": 98, 
                "upload_time": 97
            }
        }, 
        "run_1454598413_3c185cae-f827-4907-acfc-2907c86d6d6a": {
            "downloading": {
                "7882c71c-bb88-11e5-970c-81cbeac6e0c4.xml-download_time": 12, 
                "7882c71c-bb88-11e5-970c-81cbeac6e0c4.xml-md5sum_time": 0, 
                "79353875-9d86-4063-a8ea-1d998acb1e81.svcp_1-0-4.20150217.somatic.cnv.tar.gz-download_time": 14, 
                "79353875-9d86-4063-a8ea-1d998acb1e81.svcp_1-0-4.20150217.somatic.cnv.tar.gz-md5sum_time": 0, 
                "79353875-9d86-4063-a8ea-1d998acb1e81.svcp_1-0-4.20150217.somatic.cnv.vcf.gz-download_time": 13, 
                "79353875-9d86-4063-a8ea-1d998acb1e81.svcp_1-0-4.20150217.somatic.cnv.vcf.gz-md5sum_time": 0, 
                "79353875-9d86-4063-a8ea-1d998acb1e81.svcp_1-0-4.20150217.somatic.cnv.vcf.gz.tbi-download_time": 13, 
                "79353875-9d86-4063-a8ea-1d998acb1e81.svcp_1-0-4.20150217.somatic.cnv.vcf.gz.tbi-md5sum_time": 0, 
                "79353875-9d86-4063-a8ea-1d998acb1e81.svcp_1-0-4.20150217.somatic.genotype.tar.gz-download_time": 14, 
                "79353875-9d86-4063-a8ea-1d998acb1e81.svcp_1-0-4.20150217.somatic.genotype.tar.gz-md5sum_time": 0, 
                "79353875-9d86-4063-a8ea-1d998acb1e81.svcp_1-0-4.20150217.somatic.imputeCounts.tar.gz-download_time": 44, 
                "79353875-9d86-4063-a8ea-1d998acb1e81.svcp_1-0-4.20150217.somatic.imputeCounts.tar.gz-md5sum_time": 2, 
                "79353875-9d86-4063-a8ea-1d998acb1e81.svcp_1-0-4.20150217.somatic.indel.tar.gz-download_time": 79, 
                "79353875-9d86-4063-a8ea-1d998acb1e81.svcp_1-0-4.20150217.somatic.indel.tar.gz-md5sum_time": 3, 
                "79353875-9d86-4063-a8ea-1d998acb1e81.svcp_1-0-4.20150217.somatic.indel.vcf.gz-download_time": 16, 
                "79353875-9d86-4063-a8ea-1d998acb1e81.svcp_1-0-4.20150217.somatic.indel.vcf.gz-md5sum_time": 0, 
                "79353875-9d86-4063-a8ea-1d998acb1e81.svcp_1-0-4.20150217.somatic.indel.vcf.gz.tbi-download_time": 12, 
                "79353875-9d86-4063-a8ea-1d998acb1e81.svcp_1-0-4.20150217.somatic.indel.vcf.gz.tbi-md5sum_time": 0, 
                "79353875-9d86-4063-a8ea-1d998acb1e81.svcp_1-0-4.20150217.somatic.snv_mnv.tar.gz-download_time": 23, 
                "79353875-9d86-4063-a8ea-1d998acb1e81.svcp_1-0-4.20150217.somatic.snv_mnv.tar.gz-md5sum_time": 1, 
                "79353875-9d86-4063-a8ea-1d998acb1e81.svcp_1-0-4.20150217.somatic.snv_mnv.vcf.gz-download_time": 13, 
                "79353875-9d86-4063-a8ea-1d998acb1e81.svcp_1-0-4.20150217.somatic.snv_mnv.vcf.gz-md5sum_time": 0, 
                "79353875-9d86-4063-a8ea-1d998acb1e81.svcp_1-0-4.20150217.somatic.snv_mnv.vcf.gz.tbi-download_time": 13, 
                "79353875-9d86-4063-a8ea-1d998acb1e81.svcp_1-0-4.20150217.somatic.snv_mnv.vcf.gz.tbi-md5sum_time": 0, 
                "79353875-9d86-4063-a8ea-1d998acb1e81.svcp_1-0-4.20150217.somatic.verifyBamId.tar.gz-download_time": 13, 
                "79353875-9d86-4063-a8ea-1d998acb1e81.svcp_1-0-4.20150217.somatic.verifyBamId.tar.gz-md5sum_time": 0, 
                "79353875-9d86-4063-a8ea-1d998acb1e81.svfix_4-0-5.20160115.somatic.sv.tar.gz-download_time": 30, 
                "79353875-9d86-4063-a8ea-1d998acb1e81.svfix_4-0-5.20160115.somatic.sv.tar.gz-md5sum_time": 1, 
                "79353875-9d86-4063-a8ea-1d998acb1e81.svfix_4-0-5.20160115.somatic.sv.vcf.gz-download_time": 12, 
                "79353875-9d86-4063-a8ea-1d998acb1e81.svfix_4-0-5.20160115.somatic.sv.vcf.gz-md5sum_time": 0, 
                "79353875-9d86-4063-a8ea-1d998acb1e81.svfix_4-0-5.20160115.somatic.sv.vcf.gz.tbi-download_time": 13, 
                "79353875-9d86-4063-a8ea-1d998acb1e81.svfix_4-0-5.20160115.somatic.sv.vcf.gz.tbi-md5sum_time": 0, 
                "start": 1454608402, 
                "stop": 1454608743, 
                "time": 341
            }
        }
    }, 
    "aliquot_id": null, 
    "available_repos": [
        {
            "https://gtrepo-osdc-icgc.annailabs.com/": {
                "file_md5sum": "cfe78eaa5e6f0c93073e77e9f6c9631a", 
                "file_size": 57968
            }
        }
    ], 
    "data_type": "Sanger-VCF", 
    "files": [
        {
            "file_md5sum": "b15b96ffd1485775e69f9c0ab93e3953", 
            "file_name": "79353875-9d86-4063-a8ea-1d998acb1e81.svcp_1-0-4.20150217.somatic.snv_mnv.vcf.gz", 
            "file_size": 4096187, 
            "object_id": "9799fbd0-293e-55a1-b3ee-4cf15befb39b"
        }, 
        {
            "file_md5sum": "0d2eea7438eb2d0de69a4e4122e29819", 
            "file_name": "79353875-9d86-4063-a8ea-1d998acb1e81.svcp_1-0-4.20150217.somatic.snv_mnv.vcf.gz.tbi", 
            "file_size": 550393, 
            "object_id": "430bcb06-8a82-5ace-82f4-ec60b0c6e8d0"
        }, 
        {
            "file_md5sum": "fa58842feefe0806f8691f238144bc4b", 
            "file_name": "79353875-9d86-4063-a8ea-1d998acb1e81.svcp_1-0-4.20150217.somatic.cnv.vcf.gz", 
            "file_size": 2187, 
            "object_id": "d0b09c4c-47d5-535e-9b2c-2eeda80fee9b"
        }, 
        {
            "file_md5sum": "6c455c65ae5aa2f583b0a24274a20e73", 
            "file_name": "79353875-9d86-4063-a8ea-1d998acb1e81.svcp_1-0-4.20150217.somatic.cnv.vcf.gz.tbi", 
            "file_size": 4297, 
            "object_id": "7fa3b7a4-36ff-5989-97cb-ed82d69ddf02"
        }, 
        {
            "file_md5sum": "61889d9ee970e89a12da911b6ca5b25a", 
            "file_name": "79353875-9d86-4063-a8ea-1d998acb1e81.svfix_4-0-5.20160115.somatic.sv.vcf.gz", 
            "file_size": 6907, 
            "object_id": "4605f1c9-9e50-5dc8-b4bb-a26656c4e97a"
        }, 
        {
            "file_md5sum": "7ea33ed391261e490b9b87ee1c50a541", 
            "file_name": "79353875-9d86-4063-a8ea-1d998acb1e81.svfix_4-0-5.20160115.somatic.sv.vcf.gz.tbi", 
            "file_size": 1333, 
            "object_id": "1b87f099-1c09-5286-97dc-0dc3feb04f89"
        }, 
        {
            "file_md5sum": "2282c29006a6fcfddb6b222eb3988bb2", 
            "file_name": "79353875-9d86-4063-a8ea-1d998acb1e81.svcp_1-0-4.20150217.somatic.indel.vcf.gz", 
            "file_size": 51349970, 
            "object_id": "e0fef5e0-009d-5955-aa1d-61e9fae92888"
        }, 
        {
            "file_md5sum": "d0c7cf2bcbfda5f8968f1e28a28dfe5e", 
            "file_name": "79353875-9d86-4063-a8ea-1d998acb1e81.svcp_1-0-4.20150217.somatic.indel.vcf.gz.tbi", 
            "file_size": 1481763, 
            "object_id": "90d03591-682f-5c2a-84e2-029c4554daa1"
        }, 
        {
            "file_md5sum": "6c54072fe22add2766af346ec66cdbfc", 
            "file_name": "79353875-9d86-4063-a8ea-1d998acb1e81.svcp_1-0-4.20150217.somatic.snv_mnv.tar.gz", 
            "file_size": 173890893, 
            "object_id": "9b4c0556-8e9c-5f44-a97d-d8ce01ed3219"
        }, 
        {
            "file_md5sum": "6831df1f0b6894bcec34990c47e62cb3", 
            "file_name": "79353875-9d86-4063-a8ea-1d998acb1e81.svcp_1-0-4.20150217.somatic.cnv.tar.gz", 
            "file_size": 26928802, 
            "object_id": "b7d9fb67-5471-580b-b1fa-4a87abf0b114"
        }, 
        {
            "file_md5sum": "b28e980d8ae5df08e1ba88f9f9e8271f", 
            "file_name": "79353875-9d86-4063-a8ea-1d998acb1e81.svfix_4-0-5.20160115.somatic.sv.tar.gz", 
            "file_size": 288911984, 
            "object_id": "2dea238a-debe-5a42-ae18-2b826cc41c94"
        }, 
        {
            "file_md5sum": "dd36a3bccd68062c3bd05fb7019d38bb",