{
    "_runs_": {
        "run_1453954803_4800c167-7c4d-4303-8d07-93611ce411e7": {
            "downloading": {
                "gnos-download_time": 124, 
                "start": 1453957612, 
                "stop": 1453957736, 
                "time": 124
            }, 
            "uploading": {
                "copy_meta_time": 2, 
                "start": 1453957748, 
                "stop": 1453957848, 
                "time": 100, 
                "upload_time": 98
            }
        }, 
        "run_1454598413_3c185cae-f827-4907-acfc-2907c86d6d6a": {
            "downloading": {
                "5935dd9d-d411-48f8-8512-aa73a63878b0.svcp_1-0-5.20150324.somatic.cnv.tar.gz-download_time": 15, 
                "5935dd9d-d411-48f8-8512-aa73a63878b0.svcp_1-0-5.20150324.somatic.cnv.tar.gz-md5sum_time": 0, 
                "5935dd9d-d411-48f8-8512-aa73a63878b0.svcp_1-0-5.20150324.somatic.cnv.vcf.gz-download_time": 13, 
                "5935dd9d-d411-48f8-8512-aa73a63878b0.svcp_1-0-5.20150324.somatic.cnv.vcf.gz-md5sum_time": 0, 
                "5935dd9d-d411-48f8-8512-aa73a63878b0.svcp_1-0-5.20150324.somatic.cnv.vcf.gz.tbi-download_time": 14, 
                "5935dd9d-d411-48f8-8512-aa73a63878b0.svcp_1-0-5.20150324.somatic.cnv.vcf.gz.tbi-md5sum_time": 0, 
                "5935dd9d-d411-48f8-8512-aa73a63878b0.svcp_1-0-5.20150324.somatic.genotype.tar.gz-download_time": 14, 
                "5935dd9d-d411-48f8-8512-aa73a63878b0.svcp_1-0-5.20150324.somatic.genotype.tar.gz-md5sum_time": 0, 
                "5935dd9d-d411-48f8-8512-aa73a63878b0.svcp_1-0-5.20150324.somatic.imputeCounts.tar.gz-download_time": 167, 
                "5935dd9d-d411-48f8-8512-aa73a63878b0.svcp_1-0-5.20150324.somatic.imputeCounts.tar.gz-md5sum_time": 2, 
                "5935dd9d-d411-48f8-8512-aa73a63878b0.svcp_1-0-5.20150324.somatic.indel.tar.gz-download_time": 77, 
                "5935dd9d-d411-48f8-8512-aa73a63878b0.svcp_1-0-5.20150324.somatic.indel.tar.gz-md5sum_time": 4, 
                "5935dd9d-d411-48f8-8512-aa73a63878b0.svcp_1-0-5.20150324.somatic.indel.vcf.gz-download_time": 16, 
                "5935dd9d-d411-48f8-8512-aa73a63878b0.svcp_1-0-5.20150324.somatic.indel.vcf.gz-md5sum_time": 0, 
                "5935dd9d-d411-48f8-8512-aa73a63878b0.svcp_1-0-5.20150324.somatic.indel.vcf.gz.tbi-download_time": 13, 
                "5935dd9d-d411-48f8-8512-aa73a63878b0.svcp_1-0-5.20150324.somatic.indel.vcf.gz.tbi-md5sum_time": 0, 
                "5935dd9d-d411-48f8-8512-aa73a63878b0.svcp_1-0-5.20150324.somatic.snv_mnv.tar.gz-download_time": 23, 
                "5935dd9d-d411-48f8-8512-aa73a63878b0.svcp_1-0-5.20150324.somatic.snv_mnv.tar.gz-md5sum_time": 1, 
                "5935dd9d-d411-48f8-8512-aa73a63878b0.svcp_1-0-5.20150324.somatic.snv_mnv.vcf.gz-download_time": 14, 
                "5935dd9d-d411-48f8-8512-aa73a63878b0.svcp_1-0-5.20150324.somatic.snv_mnv.vcf.gz-md5sum_time": 0, 
                "5935dd9d-d411-48f8-8512-aa73a63878b0.svcp_1-0-5.20150324.somatic.snv_mnv.vcf.gz.tbi-download_time": 12, 
                "5935dd9d-d411-48f8-8512-aa73a63878b0.svcp_1-0-5.20150324.somatic.snv_mnv.vcf.gz.tbi-md5sum_time": 0, 
                "5935dd9d-d411-48f8-8512-aa73a63878b0.svcp_1-0-5.20150324.somatic.verifyBamId.tar.gz-download_time": 16, 
                "5935dd9d-d411-48f8-8512-aa73a63878b0.svcp_1-0-5.20150324.somatic.verifyBamId.tar.gz-md5sum_time": 0, 
                "5935dd9d-d411-48f8-8512-aa73a63878b0.svfix_4-0-5.20160115.somatic.sv.tar.gz-download_time": 33, 
                "5935dd9d-d411-48f8-8512-aa73a63878b0.svfix_4-0-5.20160115.somatic.sv.tar.gz-md5sum_time": 1, 
                "5935dd9d-d411-48f8-8512-aa73a63878b0.svfix_4-0-5.20160115.somatic.sv.vcf.gz-download_time": 13, 
                "5935dd9d-d411-48f8-8512-aa73a63878b0.svfix_4-0-5.20160115.somatic.sv.vcf.gz-md5sum_time": 0, 
                "5935dd9d-d411-48f8-8512-aa73a63878b0.svfix_4-0-5.20160115.somatic.sv.vcf.gz.tbi-download_time": 12, 
                "5935dd9d-d411-48f8-8512-aa73a63878b0.svfix_4-0-5.20160115.somatic.sv.vcf.gz.tbi-md5sum_time": 0, 
                "7a1d8706-bb83-11e5-970c-81cbeac6e0c4.xml-download_time": 12, 
                "7a1d8706-bb83-11e5-970c-81cbeac6e0c4.xml-md5sum_time": 0, 
                "start": 1454609105, 
                "stop": 1454609578, 
                "time": 473
            }
        }
    }, 
    "aliquot_id": null, 
    "available_repos": [
        {
            "https://gtrepo-osdc-icgc.annailabs.com/": {
                "file_md5sum": "29629140d64936dc68264a251543d923", 
                "file_size": 58312
            }
        }
    ], 
    "data_type": "Sanger-VCF", 
    "files": [
        {
            "file_md5sum": "41949301d2da8c1905a283349359a90a", 
            "file_name": "5935dd9d-d411-48f8-8512-aa73a63878b0.svcp_1-0-5.20150324.somatic.snv_mnv.vcf.gz", 
            "file_size": 5791793, 
            "object_id": "d30b6d8d-b4d5-52ba-9f63-b5f23b5ed03b"
        }, 
        {
            "file_md5sum": "fe35ca7cd4fed76823ac8ce0980e1a3b", 
            "file_name": "5935dd9d-d411-48f8-8512-aa73a63878b0.svcp_1-0-5.20150324.somatic.snv_mnv.vcf.gz.tbi", 
            "file_size": 658243, 
            "object_id": "94b29490-89ca-5b51-a016-17b3787d9256"
        }, 
        {
            "file_md5sum": "e5f587a2a3f9c6102797d21ab06a8d20", 
            "file_name": "5935dd9d-d411-48f8-8512-aa73a63878b0.svcp_1-0-5.20150324.somatic.cnv.vcf.gz", 
            "file_size": 1987, 
            "object_id": "5d0045e6-52c6-5019-b948-20c1bf8fcb57"
        }, 
        {
            "file_md5sum": "9354297b880c622248a15641926c3bc5", 
            "file_name": "5935dd9d-d411-48f8-8512-aa73a63878b0.svcp_1-0-5.20150324.somatic.cnv.vcf.gz.tbi", 
            "file_size": 4162, 
            "object_id": "afe879e3-7981-5d4a-aa1a-71a732819966"
        }, 
        {
            "file_md5sum": "832a694c87f5c76b4d6b0c8e20bb8785", 
            "file_name": "5935dd9d-d411-48f8-8512-aa73a63878b0.svfix_4-0-5.20160115.somatic.sv.vcf.gz", 
            "file_size": 2682, 
            "object_id": "7d2c7c30-1d2e-5570-a089-90f130e22137"
        }, 
        {
            "file_md5sum": "a11f8f4e91548e62772f35d2269de9ef", 
            "file_name": "5935dd9d-d411-48f8-8512-aa73a63878b0.svfix_4-0-5.20160115.somatic.sv.vcf.gz.tbi", 
            "file_size": 138, 
            "object_id": "1c1352c9-31b9-5870-babc-838e2f40b5cf"
        }, 
        {
            "file_md5sum": "09ebd5843d72c7a8e9745a33e5635e65", 
            "file_name": "5935dd9d-d411-48f8-8512-aa73a63878b0.svcp_1-0-5.20150324.somatic.indel.vcf.gz", 
            "file_size": 52859023, 
            "object_id": "d0bb4454-528b-599a-9bbd-15ec16ccb10f"
        }, 
        {
            "file_md5sum": "573577ab5ddda698def7d7e3a63a9244", 
            "file_name": "5935dd9d-d411-48f8-8512-aa73a63878b0.svcp_1-0-5.20150324.somatic.indel.vcf.gz.tbi", 
            "file_size": 1464126, 
            "object_id": "4c9a4637-d9ec-5a55-8100-7de47fd739ba"
        }, 
        {
            "file_md5sum": "8c8a624b044293ebb18099a18ecd6f5a", 
            "file_name": "5935dd9d-d411-48f8-8512-aa73a63878b0.svcp_1-0-5.20150324.somatic.snv_mnv.tar.gz", 
            "file_size": 176123424, 
            "object_id": "92045d6e-d8c1-5a33-860f-388d7cb8706b"
        }, 
        {
            "file_md5sum": "66bbbccd4b6b5e4f79d30421ead808d2", 
            "file_name": "5935dd9d-d411-48f8-8512-aa73a63878b0.svcp_1-0-5.20150324.somatic.cnv.tar.gz", 
            "file_size": 26804833, 
            "object_id": "8bcb1bf5-fa8c-5fc6-aa2c-9d4034067865"
        }, 
        {
            "file_md5sum": "009f587a1686224cf8cdccd2a3757896", 
            "file_name": "5935dd9d-d411-48f8-8512-aa73a63878b0.svfix_4-0-5.20160115.somatic.sv.tar.gz", 
            "file_size": 291091911, 
            "object_id": "ba951a55-e454-5521-bbc5-53647d4d06f8"
        }, 
        {
            "file_md5sum": "443fb5856f70794b5c0c5a3faaa7c6c0",