{
    "_runs_": {
        "run_1453954967_deb85559-d172-4052-a892-08f8eadbcd71": {
            "downloading": {
                "gnos-download_time": 102, 
                "start": 1453958156, 
                "stop": 1453958259, 
                "time": 103
            }, 
            "uploading": {
                "copy_meta_time": 2, 
                "start": 1453958288, 
                "stop": 1453958407, 
                "time": 119, 
                "upload_time": 117
            }
        }, 
        "run_1454598348_2b57db50-df57-4d2e-a686-49adc54172d4": {
            "downloading": {
                "7c55000a-bb6d-11e5-970c-81cbeac6e0c4.xml-download_time": 12, 
                "7c55000a-bb6d-11e5-970c-81cbeac6e0c4.xml-md5sum_time": 0, 
                "e07affb1-b6b2-40a4-9c54-0e72f5ea5045.svcp_1-0-6.20150421.somatic.cnv.tar.gz-download_time": 15, 
                "e07affb1-b6b2-40a4-9c54-0e72f5ea5045.svcp_1-0-6.20150421.somatic.cnv.tar.gz-md5sum_time": 0, 
                "e07affb1-b6b2-40a4-9c54-0e72f5ea5045.svcp_1-0-6.20150421.somatic.cnv.vcf.gz-download_time": 12, 
                "e07affb1-b6b2-40a4-9c54-0e72f5ea5045.svcp_1-0-6.20150421.somatic.cnv.vcf.gz-md5sum_time": 0, 
                "e07affb1-b6b2-40a4-9c54-0e72f5ea5045.svcp_1-0-6.20150421.somatic.cnv.vcf.gz.tbi-download_time": 13, 
                "e07affb1-b6b2-40a4-9c54-0e72f5ea5045.svcp_1-0-6.20150421.somatic.cnv.vcf.gz.tbi-md5sum_time": 0, 
                "e07affb1-b6b2-40a4-9c54-0e72f5ea5045.svcp_1-0-6.20150421.somatic.genotype.tar.gz-download_time": 13, 
                "e07affb1-b6b2-40a4-9c54-0e72f5ea5045.svcp_1-0-6.20150421.somatic.genotype.tar.gz-md5sum_time": 0, 
                "e07affb1-b6b2-40a4-9c54-0e72f5ea5045.svcp_1-0-6.20150421.somatic.imputeCounts.tar.gz-download_time": 41, 
                "e07affb1-b6b2-40a4-9c54-0e72f5ea5045.svcp_1-0-6.20150421.somatic.imputeCounts.tar.gz-md5sum_time": 2, 
                "e07affb1-b6b2-40a4-9c54-0e72f5ea5045.svcp_1-0-6.20150421.somatic.indel.tar.gz-download_time": 71, 
                "e07affb1-b6b2-40a4-9c54-0e72f5ea5045.svcp_1-0-6.20150421.somatic.indel.tar.gz-md5sum_time": 3, 
                "e07affb1-b6b2-40a4-9c54-0e72f5ea5045.svcp_1-0-6.20150421.somatic.indel.vcf.gz-download_time": 15, 
                "e07affb1-b6b2-40a4-9c54-0e72f5ea5045.svcp_1-0-6.20150421.somatic.indel.vcf.gz-md5sum_time": 1, 
                "e07affb1-b6b2-40a4-9c54-0e72f5ea5045.svcp_1-0-6.20150421.somatic.indel.vcf.gz.tbi-download_time": 12, 
                "e07affb1-b6b2-40a4-9c54-0e72f5ea5045.svcp_1-0-6.20150421.somatic.indel.vcf.gz.tbi-md5sum_time": 0, 
                "e07affb1-b6b2-40a4-9c54-0e72f5ea5045.svcp_1-0-6.20150421.somatic.snv_mnv.tar.gz-download_time": 23, 
                "e07affb1-b6b2-40a4-9c54-0e72f5ea5045.svcp_1-0-6.20150421.somatic.snv_mnv.tar.gz-md5sum_time": 1, 
                "e07affb1-b6b2-40a4-9c54-0e72f5ea5045.svcp_1-0-6.20150421.somatic.snv_mnv.vcf.gz-download_time": 13, 
                "e07affb1-b6b2-40a4-9c54-0e72f5ea5045.svcp_1-0-6.20150421.somatic.snv_mnv.vcf.gz-md5sum_time": 0, 
                "e07affb1-b6b2-40a4-9c54-0e72f5ea5045.svcp_1-0-6.20150421.somatic.snv_mnv.vcf.gz.tbi-download_time": 12, 
                "e07affb1-b6b2-40a4-9c54-0e72f5ea5045.svcp_1-0-6.20150421.somatic.snv_mnv.vcf.gz.tbi-md5sum_time": 0, 
                "e07affb1-b6b2-40a4-9c54-0e72f5ea5045.svcp_1-0-6.20150421.somatic.verifyBamId.tar.gz-download_time": 14, 
                "e07affb1-b6b2-40a4-9c54-0e72f5ea5045.svcp_1-0-6.20150421.somatic.verifyBamId.tar.gz-md5sum_time": 0, 
                "e07affb1-b6b2-40a4-9c54-0e72f5ea5045.svfix_4-0-5.20160115.somatic.sv.tar.gz-download_time": 63, 
                "e07affb1-b6b2-40a4-9c54-0e72f5ea5045.svfix_4-0-5.20160115.somatic.sv.tar.gz-md5sum_time": 1, 
                "e07affb1-b6b2-40a4-9c54-0e72f5ea5045.svfix_4-0-5.20160115.somatic.sv.vcf.gz-download_time": 12, 
                "e07affb1-b6b2-40a4-9c54-0e72f5ea5045.svfix_4-0-5.20160115.somatic.sv.vcf.gz-md5sum_time": 0, 
                "e07affb1-b6b2-40a4-9c54-0e72f5ea5045.svfix_4-0-5.20160115.somatic.sv.vcf.gz.tbi-download_time": 13, 
                "e07affb1-b6b2-40a4-9c54-0e72f5ea5045.svfix_4-0-5.20160115.somatic.sv.vcf.gz.tbi-md5sum_time": 0, 
                "start": 1454611003, 
                "stop": 1454611366, 
                "time": 363
            }
        }
    }, 
    "aliquot_id": null, 
    "available_repos": [
        {
            "https://gtrepo-osdc-icgc.annailabs.com/": {
                "file_md5sum": "df8eebbdc7c388f055083df89f3e950a", 
                "file_size": 58573
            }
        }
    ], 
    "data_type": "Sanger-VCF", 
    "files": [
        {
            "file_md5sum": "4b3cc15fb2dd81ab7cabf42c82b7adb1", 
            "file_name": "e07affb1-b6b2-40a4-9c54-0e72f5ea5045.svcp_1-0-6.20150421.somatic.snv_mnv.vcf.gz", 
            "file_size": 3890054, 
            "object_id": "8e8ad28a-60eb-5ac1-b817-ffab26db8c0c"
        }, 
        {
            "file_md5sum": "99ea93771aeecebac0fe5c718780faf6", 
            "file_name": "e07affb1-b6b2-40a4-9c54-0e72f5ea5045.svcp_1-0-6.20150421.somatic.snv_mnv.vcf.gz.tbi", 
            "file_size": 506006, 
            "object_id": "0df4a1aa-17dd-54ca-b410-458aaec92b0e"
        }, 
        {
            "file_md5sum": "b012b5a8790a7f2d7f2f52aea50b9a4f", 
            "file_name": "e07affb1-b6b2-40a4-9c54-0e72f5ea5045.svcp_1-0-6.20150421.somatic.cnv.vcf.gz", 
            "file_size": 2487, 
            "object_id": "c817d9d1-afc8-5a3c-9295-d7ebcfd9cc02"
        }, 
        {
            "file_md5sum": "1e3a8fa9e4fae27d687fbb092ccbf6f6", 
            "file_name": "e07affb1-b6b2-40a4-9c54-0e72f5ea5045.svcp_1-0-6.20150421.somatic.cnv.vcf.gz.tbi", 
            "file_size": 4512, 
            "object_id": "08c9a467-060f-57c4-b660-7a72f666452c"
        }, 
        {
            "file_md5sum": "c9c416b40a792e948c8c4f16bd0918c4", 
            "file_name": "e07affb1-b6b2-40a4-9c54-0e72f5ea5045.svfix_4-0-5.20160115.somatic.sv.vcf.gz", 
            "file_size": 19325, 
            "object_id": "f4d9e750-bff4-5f8a-a68f-424c2f74637c"
        }, 
        {
            "file_md5sum": "26ebb26f1151e023362571adfb8a79eb", 
            "file_name": "e07affb1-b6b2-40a4-9c54-0e72f5ea5045.svfix_4-0-5.20160115.somatic.sv.vcf.gz.tbi", 
            "file_size": 2164, 
            "object_id": "3fb054c7-0466-556c-bbf7-b589bc16d16c"
        }, 
        {
            "file_md5sum": "90261055b3ef889d99a65c69b529843d", 
            "file_name": "e07affb1-b6b2-40a4-9c54-0e72f5ea5045.svcp_1-0-6.20150421.somatic.indel.vcf.gz", 
            "file_size": 51160655, 
            "object_id": "01356df8-bcc0-52b3-b600-bbf949afe1ce"
        }, 
        {
            "file_md5sum": "e5fe2f7242a791f45974a4e0261290f2", 
            "file_name": "e07affb1-b6b2-40a4-9c54-0e72f5ea5045.svcp_1-0-6.20150421.somatic.indel.vcf.gz.tbi", 
            "file_size": 1473064, 
            "object_id": "b07ef3be-2a16-5fdf-850b-90dab23f9738"
        }, 
        {
            "file_md5sum": "f24ac96ab17bc9fb527ebe657be6f7a2", 
            "file_name": "e07affb1-b6b2-40a4-9c54-0e72f5ea5045.svcp_1-0-6.20150421.somatic.snv_mnv.tar.gz", 
            "file_size": 171206147, 
            "object_id": "0dd01350-8ca8-5da0-bf18-3f7fbbc48ab7"
        }, 
        {
            "file_md5sum": "c2468edf6f74a48b0eb9091cf1065f0d", 
            "file_name": "e07affb1-b6b2-40a4-9c54-0e72f5ea5045.svcp_1-0-6.20150421.somatic.cnv.tar.gz", 
            "file_size": 26869068, 
            "object_id": "b1b125c1-8a9f-5ab8-841a-0edf0188a855"
        }, 
        {
            "file_md5sum": "a735dd00c65412b075c185d790c5a273", 
            "file_name": "e07affb1-b6b2-40a4-9c54-0e72f5ea5045.svfix_4-0-5.20160115.somatic.sv.tar.gz", 
            "file_size": 291509115, 
            "object_id": "233c8648-b33e-59df-8c3c-50a49bd82e6f"
        }, 
        {
            "file_md5sum": "9c71c7087d5ef12d1b85c5e0db4e995a",