{
    "_runs_": {
        "run_1453954855_ec8b3200-ece3-4876-b26c-61d25a8034bf": {
            "downloading": {
                "gnos-download_time": 109, 
                "start": 1453959986, 
                "stop": 1453960095, 
                "time": 109
            }, 
            "uploading": {
                "copy_meta_time": 2, 
                "start": 1453960106, 
                "stop": 1453960237, 
                "time": 131, 
                "upload_time": 129
            }
        }, 
        "run_1454598213_9c2515cf-3081-4764-b562-8001e55fe649": {
            "downloading": {
                "2c9c50ff-01d9-4703-931b-04119178706f.svcp_1-0-7.20150628.somatic.cnv.tar.gz-download_time": 15, 
                "2c9c50ff-01d9-4703-931b-04119178706f.svcp_1-0-7.20150628.somatic.cnv.tar.gz-md5sum_time": 0, 
                "2c9c50ff-01d9-4703-931b-04119178706f.svcp_1-0-7.20150628.somatic.cnv.vcf.gz-download_time": 13, 
                "2c9c50ff-01d9-4703-931b-04119178706f.svcp_1-0-7.20150628.somatic.cnv.vcf.gz-md5sum_time": 0, 
                "2c9c50ff-01d9-4703-931b-04119178706f.svcp_1-0-7.20150628.somatic.cnv.vcf.gz.tbi-download_time": 13, 
                "2c9c50ff-01d9-4703-931b-04119178706f.svcp_1-0-7.20150628.somatic.cnv.vcf.gz.tbi-md5sum_time": 0, 
                "2c9c50ff-01d9-4703-931b-04119178706f.svcp_1-0-7.20150628.somatic.genotype.tar.gz-download_time": 14, 
                "2c9c50ff-01d9-4703-931b-04119178706f.svcp_1-0-7.20150628.somatic.genotype.tar.gz-md5sum_time": 0, 
                "2c9c50ff-01d9-4703-931b-04119178706f.svcp_1-0-7.20150628.somatic.imputeCounts.tar.gz-download_time": 44, 
                "2c9c50ff-01d9-4703-931b-04119178706f.svcp_1-0-7.20150628.somatic.imputeCounts.tar.gz-md5sum_time": 1, 
                "2c9c50ff-01d9-4703-931b-04119178706f.svcp_1-0-7.20150628.somatic.indel.tar.gz-download_time": 79, 
                "2c9c50ff-01d9-4703-931b-04119178706f.svcp_1-0-7.20150628.somatic.indel.tar.gz-md5sum_time": 4, 
                "2c9c50ff-01d9-4703-931b-04119178706f.svcp_1-0-7.20150628.somatic.indel.vcf.gz-download_time": 17, 
                "2c9c50ff-01d9-4703-931b-04119178706f.svcp_1-0-7.20150628.somatic.indel.vcf.gz-md5sum_time": 0, 
                "2c9c50ff-01d9-4703-931b-04119178706f.svcp_1-0-7.20150628.somatic.indel.vcf.gz.tbi-download_time": 14, 
                "2c9c50ff-01d9-4703-931b-04119178706f.svcp_1-0-7.20150628.somatic.indel.vcf.gz.tbi-md5sum_time": 0, 
                "2c9c50ff-01d9-4703-931b-04119178706f.svcp_1-0-7.20150628.somatic.snv_mnv.tar.gz-download_time": 22, 
                "2c9c50ff-01d9-4703-931b-04119178706f.svcp_1-0-7.20150628.somatic.snv_mnv.tar.gz-md5sum_time": 0, 
                "2c9c50ff-01d9-4703-931b-04119178706f.svcp_1-0-7.20150628.somatic.snv_mnv.vcf.gz-download_time": 13, 
                "2c9c50ff-01d9-4703-931b-04119178706f.svcp_1-0-7.20150628.somatic.snv_mnv.vcf.gz-md5sum_time": 0, 
                "2c9c50ff-01d9-4703-931b-04119178706f.svcp_1-0-7.20150628.somatic.snv_mnv.vcf.gz.tbi-download_time": 13, 
                "2c9c50ff-01d9-4703-931b-04119178706f.svcp_1-0-7.20150628.somatic.snv_mnv.vcf.gz.tbi-md5sum_time": 0, 
                "2c9c50ff-01d9-4703-931b-04119178706f.svcp_1-0-7.20150628.somatic.verifyBamId.tar.gz-download_time": 14, 
                "2c9c50ff-01d9-4703-931b-04119178706f.svcp_1-0-7.20150628.somatic.verifyBamId.tar.gz-md5sum_time": 0, 
                "2c9c50ff-01d9-4703-931b-04119178706f.svfix_4-0-5.20160113.somatic.sv.tar.gz-download_time": 32, 
                "2c9c50ff-01d9-4703-931b-04119178706f.svfix_4-0-5.20160113.somatic.sv.tar.gz-md5sum_time": 1, 
                "2c9c50ff-01d9-4703-931b-04119178706f.svfix_4-0-5.20160113.somatic.sv.vcf.gz-download_time": 12, 
                "2c9c50ff-01d9-4703-931b-04119178706f.svfix_4-0-5.20160113.somatic.sv.vcf.gz-md5sum_time": 0, 
                "2c9c50ff-01d9-4703-931b-04119178706f.svfix_4-0-5.20160113.somatic.sv.vcf.gz.tbi-download_time": 13, 
                "2c9c50ff-01d9-4703-931b-04119178706f.svfix_4-0-5.20160113.somatic.sv.vcf.gz.tbi-md5sum_time": 0, 
                "85fb1cdc-b9f3-11e5-b5b4-1d80eac6e0c4.xml-download_time": 13, 
                "85fb1cdc-b9f3-11e5-b5b4-1d80eac6e0c4.xml-md5sum_time": 0, 
                "start": 1454616791, 
                "stop": 1454617139, 
                "time": 348
            }
        }
    }, 
    "aliquot_id": null, 
    "available_repos": [
        {
            "https://gtrepo-osdc-icgc.annailabs.com/": {
                "file_md5sum": "20e701d6c6dcbb00ca6073eaa1a325eb", 
                "file_size": 59192
            }
        }
    ], 
    "data_type": "Sanger-VCF", 
    "files": [
        {
            "file_md5sum": "61bce1da9ce17959e7b2a6f13c7a99e7", 
            "file_name": "2c9c50ff-01d9-4703-931b-04119178706f.svcp_1-0-7.20150628.somatic.snv_mnv.vcf.gz", 
            "file_size": 4174521, 
            "object_id": "d27312b4-0c92-51ad-8ed9-c5416a0631ab"
        }, 
        {
            "file_md5sum": "200c98f6db351f06deb2471cb14ce3de", 
            "file_name": "2c9c50ff-01d9-4703-931b-04119178706f.svcp_1-0-7.20150628.somatic.snv_mnv.vcf.gz.tbi", 
            "file_size": 540170, 
            "object_id": "627fcf2c-95a9-525a-9336-61d066c70307"
        }, 
        {
            "file_md5sum": "2d5e3716bc66a61b02c587365767ea0c", 
            "file_name": "2c9c50ff-01d9-4703-931b-04119178706f.svcp_1-0-7.20150628.somatic.cnv.vcf.gz", 
            "file_size": 2653, 
            "object_id": "9b509a47-92ea-5aa3-bc14-57c45ea92e23"
        }, 
        {
            "file_md5sum": "12e21bca3835046eab1b9144aaf70e61", 
            "file_name": "2c9c50ff-01d9-4703-931b-04119178706f.svcp_1-0-7.20150628.somatic.cnv.vcf.gz.tbi", 
            "file_size": 4673, 
            "object_id": "a17e1fbc-13c5-58fc-875d-cabf2b0cdb38"
        }, 
        {
            "file_md5sum": "f70e5889d08f1baa6d8563be9703e260", 
            "file_name": "2c9c50ff-01d9-4703-931b-04119178706f.svfix_4-0-5.20160113.somatic.sv.vcf.gz", 
            "file_size": 42400, 
            "object_id": "6b8c83a5-67d0-541f-bf2c-0ccd6d2ae424"
        }, 
        {
            "file_md5sum": "b5ae688502e15d7c028488496ed045d2", 
            "file_name": "2c9c50ff-01d9-4703-931b-04119178706f.svfix_4-0-5.20160113.somatic.sv.vcf.gz.tbi", 
            "file_size": 4141, 
            "object_id": "9fd9259f-213a-55bd-9804-70910eaef254"
        }, 
        {
            "file_md5sum": "b7e45edd4f7f2532a7b4b3b7d0885a32", 
            "file_name": "2c9c50ff-01d9-4703-931b-04119178706f.svcp_1-0-7.20150628.somatic.indel.vcf.gz", 
            "file_size": 62841116, 
            "object_id": "ee640804-4e52-58cf-89f8-a6a903be825a"
        }, 
        {
            "file_md5sum": "dad531205c827fc91298437d1fbd7192", 
            "file_name": "2c9c50ff-01d9-4703-931b-04119178706f.svcp_1-0-7.20150628.somatic.indel.vcf.gz.tbi", 
            "file_size": 1547812, 
            "object_id": "c53a6b83-33ae-5642-baa0-9e3403bfa3a7"
        }, 
        {
            "file_md5sum": "c5d4682161e16b2c0395d5948f3070b9", 
            "file_name": "2c9c50ff-01d9-4703-931b-04119178706f.svcp_1-0-7.20150628.somatic.snv_mnv.tar.gz", 
            "file_size": 167229032, 
            "object_id": "2d9d5979-53a1-5ccf-992e-347a5c2585c8"
        }, 
        {
            "file_md5sum": "7f4af73c9ed3f952b0d0cb1b4d8fb961", 
            "file_name": "2c9c50ff-01d9-4703-931b-04119178706f.svcp_1-0-7.20150628.somatic.cnv.tar.gz", 
            "file_size": 26857466, 
            "object_id": "a9d31f62-c2e8-5188-a760-61a7a49d25ea"
        }, 
        {
            "file_md5sum": "74ca528aed587369567cce0a51e4f6e5", 
            "file_name": "2c9c50ff-01d9-4703-931b-04119178706f.svfix_4-0-5.20160113.somatic.sv.tar.gz", 
            "file_size": 294864926, 
            "object_id": "2133163e-9584-529e-85c9-5a0f3081c83c"
        }, 
        {
            "file_md5sum": "7b66fff6554fb978aa887b382929acae",