{
    "_runs_": {
        "run_1453954910_5609ae24-c8e4-4bbb-a25d-d0836c411348": {
            "downloading": {
                "gnos-download_time": 97, 
                "start": 1453961094, 
                "stop": 1453961191, 
                "time": 97
            }, 
            "uploading": {
                "copy_meta_time": 1, 
                "start": 1453961201, 
                "stop": 1453961318, 
                "time": 117, 
                "upload_time": 115
            }
        }, 
        "run_1454598413_3c185cae-f827-4907-acfc-2907c86d6d6a": {
            "downloading": {
                "441d2f21-b448-4fc8-8c54-9b85aca56237.svcp_1-0-3.20150114.somatic.cnv.tar.gz-download_time": 14, 
                "441d2f21-b448-4fc8-8c54-9b85aca56237.svcp_1-0-3.20150114.somatic.cnv.tar.gz-md5sum_time": 0, 
                "441d2f21-b448-4fc8-8c54-9b85aca56237.svcp_1-0-3.20150114.somatic.cnv.vcf.gz-download_time": 13, 
                "441d2f21-b448-4fc8-8c54-9b85aca56237.svcp_1-0-3.20150114.somatic.cnv.vcf.gz-md5sum_time": 0, 
                "441d2f21-b448-4fc8-8c54-9b85aca56237.svcp_1-0-3.20150114.somatic.cnv.vcf.gz.tbi-download_time": 12, 
                "441d2f21-b448-4fc8-8c54-9b85aca56237.svcp_1-0-3.20150114.somatic.cnv.vcf.gz.tbi-md5sum_time": 0, 
                "441d2f21-b448-4fc8-8c54-9b85aca56237.svcp_1-0-3.20150114.somatic.genotype.tar.gz-download_time": 14, 
                "441d2f21-b448-4fc8-8c54-9b85aca56237.svcp_1-0-3.20150114.somatic.genotype.tar.gz-md5sum_time": 0, 
                "441d2f21-b448-4fc8-8c54-9b85aca56237.svcp_1-0-3.20150114.somatic.imputeCounts.tar.gz-download_time": 44, 
                "441d2f21-b448-4fc8-8c54-9b85aca56237.svcp_1-0-3.20150114.somatic.imputeCounts.tar.gz-md5sum_time": 1, 
                "441d2f21-b448-4fc8-8c54-9b85aca56237.svcp_1-0-3.20150114.somatic.indel.tar.gz-download_time": 72, 
                "441d2f21-b448-4fc8-8c54-9b85aca56237.svcp_1-0-3.20150114.somatic.indel.tar.gz-md5sum_time": 3, 
                "441d2f21-b448-4fc8-8c54-9b85aca56237.svcp_1-0-3.20150114.somatic.indel.vcf.gz-download_time": 17, 
                "441d2f21-b448-4fc8-8c54-9b85aca56237.svcp_1-0-3.20150114.somatic.indel.vcf.gz-md5sum_time": 1, 
                "441d2f21-b448-4fc8-8c54-9b85aca56237.svcp_1-0-3.20150114.somatic.indel.vcf.gz.tbi-download_time": 12, 
                "441d2f21-b448-4fc8-8c54-9b85aca56237.svcp_1-0-3.20150114.somatic.indel.vcf.gz.tbi-md5sum_time": 0, 
                "441d2f21-b448-4fc8-8c54-9b85aca56237.svcp_1-0-3.20150114.somatic.snv_mnv.tar.gz-download_time": 23, 
                "441d2f21-b448-4fc8-8c54-9b85aca56237.svcp_1-0-3.20150114.somatic.snv_mnv.tar.gz-md5sum_time": 1, 
                "441d2f21-b448-4fc8-8c54-9b85aca56237.svcp_1-0-3.20150114.somatic.snv_mnv.vcf.gz-download_time": 13, 
                "441d2f21-b448-4fc8-8c54-9b85aca56237.svcp_1-0-3.20150114.somatic.snv_mnv.vcf.gz-md5sum_time": 0, 
                "441d2f21-b448-4fc8-8c54-9b85aca56237.svcp_1-0-3.20150114.somatic.snv_mnv.vcf.gz.tbi-download_time": 13, 
                "441d2f21-b448-4fc8-8c54-9b85aca56237.svcp_1-0-3.20150114.somatic.snv_mnv.vcf.gz.tbi-md5sum_time": 0, 
                "441d2f21-b448-4fc8-8c54-9b85aca56237.svcp_1-0-3.20150114.somatic.verifyBamId.tar.gz-download_time": 14, 
                "441d2f21-b448-4fc8-8c54-9b85aca56237.svcp_1-0-3.20150114.somatic.verifyBamId.tar.gz-md5sum_time": 0, 
                "441d2f21-b448-4fc8-8c54-9b85aca56237.svfix_4-0-5.20160113.somatic.sv.tar.gz-download_time": 31, 
                "441d2f21-b448-4fc8-8c54-9b85aca56237.svfix_4-0-5.20160113.somatic.sv.tar.gz-md5sum_time": 2, 
                "441d2f21-b448-4fc8-8c54-9b85aca56237.svfix_4-0-5.20160113.somatic.sv.vcf.gz-download_time": 13, 
                "441d2f21-b448-4fc8-8c54-9b85aca56237.svfix_4-0-5.20160113.somatic.sv.vcf.gz-md5sum_time": 0, 
                "441d2f21-b448-4fc8-8c54-9b85aca56237.svfix_4-0-5.20160113.somatic.sv.vcf.gz.tbi-download_time": 12, 
                "441d2f21-b448-4fc8-8c54-9b85aca56237.svfix_4-0-5.20160113.somatic.sv.vcf.gz.tbi-md5sum_time": 0, 
                "8aec36ac-ba04-11e5-8d05-1d80eac6e0c4.xml-download_time": 12, 
                "8aec36ac-ba04-11e5-8d05-1d80eac6e0c4.xml-md5sum_time": 0, 
                "start": 1454620052, 
                "stop": 1454620390, 
                "time": 338
            }
        }
    }, 
    "aliquot_id": null, 
    "available_repos": [
        {
            "https://gtrepo-osdc-icgc.annailabs.com/": {
                "file_md5sum": "dfc46c7ddb4ace235a91fc0918f00fa3", 
                "file_size": 60910
            }
        }
    ], 
    "data_type": "Sanger-VCF", 
    "files": [
        {
            "file_md5sum": "b9ddd391d83a2a51859b6090707b171c", 
            "file_name": "441d2f21-b448-4fc8-8c54-9b85aca56237.svcp_1-0-3.20150114.somatic.snv_mnv.vcf.gz", 
            "file_size": 3665894, 
            "object_id": "fd73813e-affc-5efd-97d2-c1b0a5a4f6db"
        }, 
        {
            "file_md5sum": "b38e92de1bdd0d163e4938979a23038c", 
            "file_name": "441d2f21-b448-4fc8-8c54-9b85aca56237.svcp_1-0-3.20150114.somatic.snv_mnv.vcf.gz.tbi", 
            "file_size": 510981, 
            "object_id": "26a0e7bd-dc5c-508a-ac52-f14201d05b40"
        }, 
        {
            "file_md5sum": "d4996ed22c6d645b174b9fcd66b8c0f4", 
            "file_name": "441d2f21-b448-4fc8-8c54-9b85aca56237.svcp_1-0-3.20150114.somatic.cnv.vcf.gz", 
            "file_size": 3271, 
            "object_id": "db1ac3e8-f52c-5bda-8506-08eaa40e7f59"
        }, 
        {
            "file_md5sum": "a95800dec5598da6583bb9418e17f1c9", 
            "file_name": "441d2f21-b448-4fc8-8c54-9b85aca56237.svcp_1-0-3.20150114.somatic.cnv.vcf.gz.tbi", 
            "file_size": 4927, 
            "object_id": "fcf94591-ad09-52c5-8024-9120fc9fbfd2"
        }, 
        {
            "file_md5sum": "b5355fa3ebd37489a9a4a312f02e4fae", 
            "file_name": "441d2f21-b448-4fc8-8c54-9b85aca56237.svfix_4-0-5.20160113.somatic.sv.vcf.gz", 
            "file_size": 68839, 
            "object_id": "999afe63-2cd0-517e-b701-e8c9857efa0d"
        }, 
        {
            "file_md5sum": "59f6c1d049fb8ea1accb450e10b4424b", 
            "file_name": "441d2f21-b448-4fc8-8c54-9b85aca56237.svfix_4-0-5.20160113.somatic.sv.vcf.gz.tbi", 
            "file_size": 4367, 
            "object_id": "f7cde2ca-fb83-5233-ba1e-61a6f1c531e3"
        }, 
        {
            "file_md5sum": "82a532d6bb2ebcccf44988ce35fa80e2", 
            "file_name": "441d2f21-b448-4fc8-8c54-9b85aca56237.svcp_1-0-3.20150114.somatic.indel.vcf.gz", 
            "file_size": 68824548, 
            "object_id": "4532ea11-18fe-55af-9527-8ba8a0ac9faa"
        }, 
        {
            "file_md5sum": "607644227e815f07b53eda536cbe7c46", 
            "file_name": "441d2f21-b448-4fc8-8c54-9b85aca56237.svcp_1-0-3.20150114.somatic.indel.vcf.gz.tbi", 
            "file_size": 1565525, 
            "object_id": "bc60bd58-dc4e-5f63-b9bf-9d74f98bc346"
        }, 
        {
            "file_md5sum": "c06c3850eb2fb812ee851507756c778b", 
            "file_name": "441d2f21-b448-4fc8-8c54-9b85aca56237.svcp_1-0-3.20150114.somatic.snv_mnv.tar.gz", 
            "file_size": 171012795, 
            "object_id": "6b9fe938-9d1d-5a52-a149-747ff71183eb"
        }, 
        {
            "file_md5sum": "42ca7142af249b0ad4bd5eaceda21dcc", 
            "file_name": "441d2f21-b448-4fc8-8c54-9b85aca56237.svcp_1-0-3.20150114.somatic.cnv.tar.gz", 
            "file_size": 26641965, 
            "object_id": "17bc5135-0ad2-5918-bda4-53f47b220860"
        }, 
        {
            "file_md5sum": "5e6bce4aa6d95ba0d9f484bafe1b74ed", 
            "file_name": "441d2f21-b448-4fc8-8c54-9b85aca56237.svfix_4-0-5.20160113.somatic.sv.tar.gz", 
            "file_size": 291300287, 
            "object_id": "42566bd5-0929-5603-bc58-77b0db7517a6"
        }, 
        {
            "file_md5sum": "40ed7f11326c9c71e834b1985aef7584",