{
    "_runs_": {
        "run_1454285764_f0bb0d9b-b6aa-4910-82ec-98267388a489": {
            "downloading": {
                "gnos-download_time": 159, 
                "start": 1454290524, 
                "stop": 1454290683, 
                "time": 159
            }, 
            "uploading": {
                "copy_meta_time": 1, 
                "start": 1454290697, 
                "stop": 1454290808, 
                "time": 111, 
                "upload_time": 109
            }
        }, 
        "run_1454598213_9c2515cf-3081-4764-b562-8001e55fe649": {
            "downloading": {
                "5f60b0a0-03cc-4923-a7f3-d16e101a0876.svcp_1-0-5.20150821.somatic.cnv.tar.gz-download_time": 15, 
                "5f60b0a0-03cc-4923-a7f3-d16e101a0876.svcp_1-0-5.20150821.somatic.cnv.tar.gz-md5sum_time": 0, 
                "5f60b0a0-03cc-4923-a7f3-d16e101a0876.svcp_1-0-5.20150821.somatic.cnv.vcf.gz-download_time": 13, 
                "5f60b0a0-03cc-4923-a7f3-d16e101a0876.svcp_1-0-5.20150821.somatic.cnv.vcf.gz-md5sum_time": 0, 
                "5f60b0a0-03cc-4923-a7f3-d16e101a0876.svcp_1-0-5.20150821.somatic.cnv.vcf.gz.tbi-download_time": 13, 
                "5f60b0a0-03cc-4923-a7f3-d16e101a0876.svcp_1-0-5.20150821.somatic.cnv.vcf.gz.tbi-md5sum_time": 0, 
                "5f60b0a0-03cc-4923-a7f3-d16e101a0876.svcp_1-0-5.20150821.somatic.genotype.tar.gz-download_time": 13, 
                "5f60b0a0-03cc-4923-a7f3-d16e101a0876.svcp_1-0-5.20150821.somatic.genotype.tar.gz-md5sum_time": 0, 
                "5f60b0a0-03cc-4923-a7f3-d16e101a0876.svcp_1-0-5.20150821.somatic.imputeCounts.tar.gz-download_time": 48, 
                "5f60b0a0-03cc-4923-a7f3-d16e101a0876.svcp_1-0-5.20150821.somatic.imputeCounts.tar.gz-md5sum_time": 1, 
                "5f60b0a0-03cc-4923-a7f3-d16e101a0876.svcp_1-0-5.20150821.somatic.indel.tar.gz-download_time": 80, 
                "5f60b0a0-03cc-4923-a7f3-d16e101a0876.svcp_1-0-5.20150821.somatic.indel.tar.gz-md5sum_time": 4, 
                "5f60b0a0-03cc-4923-a7f3-d16e101a0876.svcp_1-0-5.20150821.somatic.indel.vcf.gz-download_time": 17, 
                "5f60b0a0-03cc-4923-a7f3-d16e101a0876.svcp_1-0-5.20150821.somatic.indel.vcf.gz-md5sum_time": 0, 
                "5f60b0a0-03cc-4923-a7f3-d16e101a0876.svcp_1-0-5.20150821.somatic.indel.vcf.gz.tbi-download_time": 13, 
                "5f60b0a0-03cc-4923-a7f3-d16e101a0876.svcp_1-0-5.20150821.somatic.indel.vcf.gz.tbi-md5sum_time": 0, 
                "5f60b0a0-03cc-4923-a7f3-d16e101a0876.svcp_1-0-5.20150821.somatic.snv_mnv.tar.gz-download_time": 24, 
                "5f60b0a0-03cc-4923-a7f3-d16e101a0876.svcp_1-0-5.20150821.somatic.snv_mnv.tar.gz-md5sum_time": 0, 
                "5f60b0a0-03cc-4923-a7f3-d16e101a0876.svcp_1-0-5.20150821.somatic.snv_mnv.vcf.gz-download_time": 14, 
                "5f60b0a0-03cc-4923-a7f3-d16e101a0876.svcp_1-0-5.20150821.somatic.snv_mnv.vcf.gz-md5sum_time": 0, 
                "5f60b0a0-03cc-4923-a7f3-d16e101a0876.svcp_1-0-5.20150821.somatic.snv_mnv.vcf.gz.tbi-download_time": 13, 
                "5f60b0a0-03cc-4923-a7f3-d16e101a0876.svcp_1-0-5.20150821.somatic.snv_mnv.vcf.gz.tbi-md5sum_time": 0, 
                "5f60b0a0-03cc-4923-a7f3-d16e101a0876.svcp_1-0-5.20150821.somatic.verifyBamId.tar.gz-download_time": 14, 
                "5f60b0a0-03cc-4923-a7f3-d16e101a0876.svcp_1-0-5.20150821.somatic.verifyBamId.tar.gz-md5sum_time": 0, 
                "5f60b0a0-03cc-4923-a7f3-d16e101a0876.svfix_4-0-5.20160126.somatic.sv.tar.gz-download_time": 29, 
                "5f60b0a0-03cc-4923-a7f3-d16e101a0876.svfix_4-0-5.20160126.somatic.sv.tar.gz-md5sum_time": 2, 
                "5f60b0a0-03cc-4923-a7f3-d16e101a0876.svfix_4-0-5.20160126.somatic.sv.vcf.gz-download_time": 12, 
                "5f60b0a0-03cc-4923-a7f3-d16e101a0876.svfix_4-0-5.20160126.somatic.sv.vcf.gz-md5sum_time": 0, 
                "5f60b0a0-03cc-4923-a7f3-d16e101a0876.svfix_4-0-5.20160126.somatic.sv.vcf.gz.tbi-download_time": 12, 
                "5f60b0a0-03cc-4923-a7f3-d16e101a0876.svfix_4-0-5.20160126.somatic.sv.vcf.gz.tbi-md5sum_time": 0, 
                "94650a78-c414-11e5-8fed-deaad7f783dd.xml-download_time": 13, 
                "94650a78-c414-11e5-8fed-deaad7f783dd.xml-md5sum_time": 0, 
                "start": 1454626438, 
                "stop": 1454626788, 
                "time": 350
            }
        }
    }, 
    "aliquot_id": null, 
    "available_repos": [
        {
            "https://gtrepo-osdc-icgc.annailabs.com/": {
                "file_md5sum": "a1f261b5dba6eaff88ad2bdb21e80d57", 
                "file_size": 60933
            }
        }
    ], 
    "data_type": "Sanger-VCF", 
    "files": [
        {
            "file_md5sum": "3596ea2e2fa06ce2c0a136dcc08de7a7", 
            "file_name": "5f60b0a0-03cc-4923-a7f3-d16e101a0876.svcp_1-0-5.20150821.somatic.snv_mnv.vcf.gz", 
            "file_size": 4729757, 
            "object_id": "85963712-2cc1-5296-aa5f-5fd60775bfc2"
        }, 
        {
            "file_md5sum": "9844c935e5ecfff990be375838a8474a", 
            "file_name": "5f60b0a0-03cc-4923-a7f3-d16e101a0876.svcp_1-0-5.20150821.somatic.snv_mnv.vcf.gz.tbi", 
            "file_size": 535061, 
            "object_id": "15cd126d-fa9d-51e1-adaa-7db6e48e5695"
        }, 
        {
            "file_md5sum": "27b8eb218d74612837c12eaf8533bdc5", 
            "file_name": "5f60b0a0-03cc-4923-a7f3-d16e101a0876.svcp_1-0-5.20150821.somatic.cnv.vcf.gz", 
            "file_size": 2351, 
            "object_id": "3cc6d084-58d7-5959-b05c-fb821f2b531b"
        }, 
        {
            "file_md5sum": "9ff47d9bd973e68e7ea19bea19316fd3", 
            "file_name": "5f60b0a0-03cc-4923-a7f3-d16e101a0876.svcp_1-0-5.20150821.somatic.cnv.vcf.gz.tbi", 
            "file_size": 4497, 
            "object_id": "5bea0fb1-d3e7-5e18-bb4d-0abc9ce2dc7a"
        }, 
        {
            "file_md5sum": "f32e9596669373425b3f3482e82a159a", 
            "file_name": "5f60b0a0-03cc-4923-a7f3-d16e101a0876.svfix_4-0-5.20160126.somatic.sv.vcf.gz", 
            "file_size": 7134, 
            "object_id": "483d11e0-0445-575f-8fe6-785b2cec6755"
        }, 
        {
            "file_md5sum": "5590809e9e7b848866531774a0b14d74", 
            "file_name": "5f60b0a0-03cc-4923-a7f3-d16e101a0876.svfix_4-0-5.20160126.somatic.sv.vcf.gz.tbi", 
            "file_size": 1438, 
            "object_id": "4f97b814-689d-5e84-8c91-17d40b4821ac"
        }, 
        {
            "file_md5sum": "0f4997b7722c314ee84370b1cb02d546", 
            "file_name": "5f60b0a0-03cc-4923-a7f3-d16e101a0876.svcp_1-0-5.20150821.somatic.indel.vcf.gz", 
            "file_size": 57975059, 
            "object_id": "c95ab588-6644-539e-ba17-8a08a2ebd597"
        }, 
        {
            "file_md5sum": "7f81926252ba09d05bb7b0d4cff36170", 
            "file_name": "5f60b0a0-03cc-4923-a7f3-d16e101a0876.svcp_1-0-5.20150821.somatic.indel.vcf.gz.tbi", 
            "file_size": 1512195, 
            "object_id": "9688aa75-4ada-5e1a-bf4f-a9d53d03d3d5"
        }, 
        {
            "file_md5sum": "e236521420d4862c308c983a7f8c7bcd", 
            "file_name": "5f60b0a0-03cc-4923-a7f3-d16e101a0876.svcp_1-0-5.20150821.somatic.snv_mnv.tar.gz", 
            "file_size": 173925553, 
            "object_id": "f417a901-a00f-5d10-8723-bdfe52d548a8"
        }, 
        {
            "file_md5sum": "c1ac7663bd0181e2dd68919c871b3aaa", 
            "file_name": "5f60b0a0-03cc-4923-a7f3-d16e101a0876.svcp_1-0-5.20150821.somatic.cnv.tar.gz", 
            "file_size": 26859041, 
            "object_id": "1a292ea9-5425-5a54-88d5-6438c974448f"
        }, 
        {
            "file_md5sum": "2fff08e491bd828a9441767a4aebab62", 
            "file_name": "5f60b0a0-03cc-4923-a7f3-d16e101a0876.svfix_4-0-5.20160126.somatic.sv.tar.gz", 
            "file_size": 302491235, 
            "object_id": "6bf77eb5-418b-559e-ab1a-34040e905207"
        }, 
        {
            "file_md5sum": "c3ade535f73564d39dd1b690a6d412dd",