{
    "_runs_": {
        "run_1453954855_ec8b3200-ece3-4876-b26c-61d25a8034bf": {
            "downloading": {
                "gnos-download_time": 94, 
                "start": 1453963216, 
                "stop": 1453963311, 
                "time": 95
            }, 
            "uploading": {
                "copy_meta_time": 2, 
                "start": 1453963324, 
                "stop": 1453963422, 
                "time": 98, 
                "upload_time": 95
            }
        }, 
        "run_1454598348_2b57db50-df57-4d2e-a686-49adc54172d4": {
            "downloading": {
                "94dd86ea-bb92-11e5-970c-81cbeac6e0c4.xml-download_time": 13, 
                "94dd86ea-bb92-11e5-970c-81cbeac6e0c4.xml-md5sum_time": 0, 
                "e84debc4-b47d-48ed-a0d0-2859f0ebf987.svcp_1-0-4.20150203.somatic.cnv.tar.gz-download_time": 15, 
                "e84debc4-b47d-48ed-a0d0-2859f0ebf987.svcp_1-0-4.20150203.somatic.cnv.tar.gz-md5sum_time": 0, 
                "e84debc4-b47d-48ed-a0d0-2859f0ebf987.svcp_1-0-4.20150203.somatic.cnv.vcf.gz-download_time": 13, 
                "e84debc4-b47d-48ed-a0d0-2859f0ebf987.svcp_1-0-4.20150203.somatic.cnv.vcf.gz-md5sum_time": 0, 
                "e84debc4-b47d-48ed-a0d0-2859f0ebf987.svcp_1-0-4.20150203.somatic.cnv.vcf.gz.tbi-download_time": 12, 
                "e84debc4-b47d-48ed-a0d0-2859f0ebf987.svcp_1-0-4.20150203.somatic.cnv.vcf.gz.tbi-md5sum_time": 0, 
                "e84debc4-b47d-48ed-a0d0-2859f0ebf987.svcp_1-0-4.20150203.somatic.genotype.tar.gz-download_time": 14, 
                "e84debc4-b47d-48ed-a0d0-2859f0ebf987.svcp_1-0-4.20150203.somatic.genotype.tar.gz-md5sum_time": 0, 
                "e84debc4-b47d-48ed-a0d0-2859f0ebf987.svcp_1-0-4.20150203.somatic.imputeCounts.tar.gz-download_time": 42, 
                "e84debc4-b47d-48ed-a0d0-2859f0ebf987.svcp_1-0-4.20150203.somatic.imputeCounts.tar.gz-md5sum_time": 2, 
                "e84debc4-b47d-48ed-a0d0-2859f0ebf987.svcp_1-0-4.20150203.somatic.indel.tar.gz-download_time": 69, 
                "e84debc4-b47d-48ed-a0d0-2859f0ebf987.svcp_1-0-4.20150203.somatic.indel.tar.gz-md5sum_time": 3, 
                "e84debc4-b47d-48ed-a0d0-2859f0ebf987.svcp_1-0-4.20150203.somatic.indel.vcf.gz-download_time": 16, 
                "e84debc4-b47d-48ed-a0d0-2859f0ebf987.svcp_1-0-4.20150203.somatic.indel.vcf.gz-md5sum_time": 0, 
                "e84debc4-b47d-48ed-a0d0-2859f0ebf987.svcp_1-0-4.20150203.somatic.indel.vcf.gz.tbi-download_time": 13, 
                "e84debc4-b47d-48ed-a0d0-2859f0ebf987.svcp_1-0-4.20150203.somatic.indel.vcf.gz.tbi-md5sum_time": 0, 
                "e84debc4-b47d-48ed-a0d0-2859f0ebf987.svcp_1-0-4.20150203.somatic.snv_mnv.tar.gz-download_time": 22, 
                "e84debc4-b47d-48ed-a0d0-2859f0ebf987.svcp_1-0-4.20150203.somatic.snv_mnv.tar.gz-md5sum_time": 0, 
                "e84debc4-b47d-48ed-a0d0-2859f0ebf987.svcp_1-0-4.20150203.somatic.snv_mnv.vcf.gz-download_time": 13, 
                "e84debc4-b47d-48ed-a0d0-2859f0ebf987.svcp_1-0-4.20150203.somatic.snv_mnv.vcf.gz-md5sum_time": 0, 
                "e84debc4-b47d-48ed-a0d0-2859f0ebf987.svcp_1-0-4.20150203.somatic.snv_mnv.vcf.gz.tbi-download_time": 12, 
                "e84debc4-b47d-48ed-a0d0-2859f0ebf987.svcp_1-0-4.20150203.somatic.snv_mnv.vcf.gz.tbi-md5sum_time": 0, 
                "e84debc4-b47d-48ed-a0d0-2859f0ebf987.svcp_1-0-4.20150203.somatic.verifyBamId.tar.gz-download_time": 12, 
                "e84debc4-b47d-48ed-a0d0-2859f0ebf987.svcp_1-0-4.20150203.somatic.verifyBamId.tar.gz-md5sum_time": 0, 
                "e84debc4-b47d-48ed-a0d0-2859f0ebf987.svfix_4-0-5.20160115.somatic.sv.tar.gz-download_time": 30, 
                "e84debc4-b47d-48ed-a0d0-2859f0ebf987.svfix_4-0-5.20160115.somatic.sv.tar.gz-md5sum_time": 1, 
                "e84debc4-b47d-48ed-a0d0-2859f0ebf987.svfix_4-0-5.20160115.somatic.sv.vcf.gz-download_time": 12, 
                "e84debc4-b47d-48ed-a0d0-2859f0ebf987.svfix_4-0-5.20160115.somatic.sv.vcf.gz-md5sum_time": 0, 
                "e84debc4-b47d-48ed-a0d0-2859f0ebf987.svfix_4-0-5.20160115.somatic.sv.vcf.gz.tbi-download_time": 13, 
                "e84debc4-b47d-48ed-a0d0-2859f0ebf987.svfix_4-0-5.20160115.somatic.sv.vcf.gz.tbi-md5sum_time": 0, 
                "start": 1454626836, 
                "stop": 1454627163, 
                "time": 327
            }
        }
    }, 
    "aliquot_id": null, 
    "available_repos": [
        {
            "https://gtrepo-osdc-icgc.annailabs.com/": {
                "file_md5sum": "1b5aeb1e6f0c592d9ed6614f28af33fc", 
                "file_size": 57721
            }
        }
    ], 
    "data_type": "Sanger-VCF", 
    "files": [
        {
            "file_md5sum": "cb2263cfa0c963014f3e25f8eb534389", 
            "file_name": "e84debc4-b47d-48ed-a0d0-2859f0ebf987.svcp_1-0-4.20150203.somatic.snv_mnv.vcf.gz", 
            "file_size": 3903032, 
            "object_id": "e2040cfe-01b8-5102-aa9e-a0c9124a6bd4"
        }, 
        {
            "file_md5sum": "bf0348ea6bea71eaa920463264cc4645", 
            "file_name": "e84debc4-b47d-48ed-a0d0-2859f0ebf987.svcp_1-0-4.20150203.somatic.snv_mnv.vcf.gz.tbi", 
            "file_size": 492739, 
            "object_id": "c27071a0-40ae-50ab-88ba-e712dabcf050"
        }, 
        {
            "file_md5sum": "e95f449bfd47e507f4500eda07920fba", 
            "file_name": "e84debc4-b47d-48ed-a0d0-2859f0ebf987.svcp_1-0-4.20150203.somatic.cnv.vcf.gz", 
            "file_size": 3202, 
            "object_id": "eb41c154-9172-5c17-8147-3666192c5fb7"
        }, 
        {
            "file_md5sum": "8cbc02b0507e0572202497b935201993", 
            "file_name": "e84debc4-b47d-48ed-a0d0-2859f0ebf987.svcp_1-0-4.20150203.somatic.cnv.vcf.gz.tbi", 
            "file_size": 5010, 
            "object_id": "f8a033d8-7e1e-546d-9041-866a874b6801"
        }, 
        {
            "file_md5sum": "075820522ea9f4e9bb86d13b3911dd10", 
            "file_name": "e84debc4-b47d-48ed-a0d0-2859f0ebf987.svfix_4-0-5.20160115.somatic.sv.vcf.gz", 
            "file_size": 48640, 
            "object_id": "aab43bf3-9a4a-5417-a300-d8315725b4eb"
        }, 
        {
            "file_md5sum": "438cedda300dafd26b91956082b22868", 
            "file_name": "e84debc4-b47d-48ed-a0d0-2859f0ebf987.svfix_4-0-5.20160115.somatic.sv.vcf.gz.tbi", 
            "file_size": 6800, 
            "object_id": "5e6eb6c1-1b51-5860-b138-5952bddb59b0"
        }, 
        {
            "file_md5sum": "8a320ce7782ad13265b609d40b5e84f2", 
            "file_name": "e84debc4-b47d-48ed-a0d0-2859f0ebf987.svcp_1-0-4.20150203.somatic.indel.vcf.gz", 
            "file_size": 47265770, 
            "object_id": "3f0237e5-18b9-53fd-87a7-3ad5e5724c3d"
        }, 
        {
            "file_md5sum": "915834678d01e3414d02864ebe8a37c1", 
            "file_name": "e84debc4-b47d-48ed-a0d0-2859f0ebf987.svcp_1-0-4.20150203.somatic.indel.vcf.gz.tbi", 
            "file_size": 1432934, 
            "object_id": "c1cdae35-e934-5c49-a700-ed7fa388606e"
        }, 
        {
            "file_md5sum": "d495c86cd114640f1dd7922bf179a9cf", 
            "file_name": "e84debc4-b47d-48ed-a0d0-2859f0ebf987.svcp_1-0-4.20150203.somatic.snv_mnv.tar.gz", 
            "file_size": 168590589, 
            "object_id": "e3596c1a-8cbe-5983-a8f0-9b39dcd40d63"
        }, 
        {
            "file_md5sum": "3f585cb3e24b9457f01b9ca3c33afbcd", 
            "file_name": "e84debc4-b47d-48ed-a0d0-2859f0ebf987.svcp_1-0-4.20150203.somatic.cnv.tar.gz", 
            "file_size": 26621327, 
            "object_id": "b5217d15-ca30-5a65-b0a6-0fb4a5c2e6d0"
        }, 
        {
            "file_md5sum": "5194a664bd4e38e167fa40a1b8d36060", 
            "file_name": "e84debc4-b47d-48ed-a0d0-2859f0ebf987.svfix_4-0-5.20160115.somatic.sv.tar.gz", 
            "file_size": 290596910, 
            "object_id": "82531d00-feed-50c3-9afe-ac8450b2b976"
        }, 
        {
            "file_md5sum": "2d0a5ba56d58055853119b209c85769e",