{
    "_runs_": {
        "run_1453954478_6fbbb9b2-9779-4aa5-981e-84cae8d8b713": {
            "downloading": {
                "gnos-download_time": 153, 
                "start": 1453964677, 
                "stop": 1453964830, 
                "time": 153
            }, 
            "uploading": {
                "copy_meta_time": 2, 
                "start": 1453964847, 
                "stop": 1453964959, 
                "time": 112, 
                "upload_time": 110
            }
        }, 
        "run_1454598413_3c185cae-f827-4907-acfc-2907c86d6d6a": {
            "downloading": {
                "9a581fc0-b9ff-11e5-b6a8-1d80eac6e0c4.xml-download_time": 13, 
                "9a581fc0-b9ff-11e5-b6a8-1d80eac6e0c4.xml-md5sum_time": 0, 
                "efacd7d6-56cf-4f6a-87f0-1a7ab6b1a643.svcp_1-0-3.20150117.somatic.cnv.tar.gz-download_time": 16, 
                "efacd7d6-56cf-4f6a-87f0-1a7ab6b1a643.svcp_1-0-3.20150117.somatic.cnv.tar.gz-md5sum_time": 0, 
                "efacd7d6-56cf-4f6a-87f0-1a7ab6b1a643.svcp_1-0-3.20150117.somatic.cnv.vcf.gz-download_time": 13, 
                "efacd7d6-56cf-4f6a-87f0-1a7ab6b1a643.svcp_1-0-3.20150117.somatic.cnv.vcf.gz-md5sum_time": 0, 
                "efacd7d6-56cf-4f6a-87f0-1a7ab6b1a643.svcp_1-0-3.20150117.somatic.cnv.vcf.gz.tbi-download_time": 13, 
                "efacd7d6-56cf-4f6a-87f0-1a7ab6b1a643.svcp_1-0-3.20150117.somatic.cnv.vcf.gz.tbi-md5sum_time": 0, 
                "efacd7d6-56cf-4f6a-87f0-1a7ab6b1a643.svcp_1-0-3.20150117.somatic.genotype.tar.gz-download_time": 14, 
                "efacd7d6-56cf-4f6a-87f0-1a7ab6b1a643.svcp_1-0-3.20150117.somatic.genotype.tar.gz-md5sum_time": 0, 
                "efacd7d6-56cf-4f6a-87f0-1a7ab6b1a643.svcp_1-0-3.20150117.somatic.imputeCounts.tar.gz-download_time": 43, 
                "efacd7d6-56cf-4f6a-87f0-1a7ab6b1a643.svcp_1-0-3.20150117.somatic.imputeCounts.tar.gz-md5sum_time": 1, 
                "efacd7d6-56cf-4f6a-87f0-1a7ab6b1a643.svcp_1-0-3.20150117.somatic.indel.tar.gz-download_time": 95, 
                "efacd7d6-56cf-4f6a-87f0-1a7ab6b1a643.svcp_1-0-3.20150117.somatic.indel.tar.gz-md5sum_time": 4, 
                "efacd7d6-56cf-4f6a-87f0-1a7ab6b1a643.svcp_1-0-3.20150117.somatic.indel.vcf.gz-download_time": 18, 
                "efacd7d6-56cf-4f6a-87f0-1a7ab6b1a643.svcp_1-0-3.20150117.somatic.indel.vcf.gz-md5sum_time": 1, 
                "efacd7d6-56cf-4f6a-87f0-1a7ab6b1a643.svcp_1-0-3.20150117.somatic.indel.vcf.gz.tbi-download_time": 13, 
                "efacd7d6-56cf-4f6a-87f0-1a7ab6b1a643.svcp_1-0-3.20150117.somatic.indel.vcf.gz.tbi-md5sum_time": 0, 
                "efacd7d6-56cf-4f6a-87f0-1a7ab6b1a643.svcp_1-0-3.20150117.somatic.snv_mnv.tar.gz-download_time": 23, 
                "efacd7d6-56cf-4f6a-87f0-1a7ab6b1a643.svcp_1-0-3.20150117.somatic.snv_mnv.tar.gz-md5sum_time": 0, 
                "efacd7d6-56cf-4f6a-87f0-1a7ab6b1a643.svcp_1-0-3.20150117.somatic.snv_mnv.vcf.gz-download_time": 13, 
                "efacd7d6-56cf-4f6a-87f0-1a7ab6b1a643.svcp_1-0-3.20150117.somatic.snv_mnv.vcf.gz-md5sum_time": 0, 
                "efacd7d6-56cf-4f6a-87f0-1a7ab6b1a643.svcp_1-0-3.20150117.somatic.snv_mnv.vcf.gz.tbi-download_time": 12, 
                "efacd7d6-56cf-4f6a-87f0-1a7ab6b1a643.svcp_1-0-3.20150117.somatic.snv_mnv.vcf.gz.tbi-md5sum_time": 0, 
                "efacd7d6-56cf-4f6a-87f0-1a7ab6b1a643.svcp_1-0-3.20150117.somatic.verifyBamId.tar.gz-download_time": 12, 
                "efacd7d6-56cf-4f6a-87f0-1a7ab6b1a643.svcp_1-0-3.20150117.somatic.verifyBamId.tar.gz-md5sum_time": 0, 
                "efacd7d6-56cf-4f6a-87f0-1a7ab6b1a643.svfix_4-0-5.20160113.somatic.sv.tar.gz-download_time": 30, 
                "efacd7d6-56cf-4f6a-87f0-1a7ab6b1a643.svfix_4-0-5.20160113.somatic.sv.tar.gz-md5sum_time": 1, 
                "efacd7d6-56cf-4f6a-87f0-1a7ab6b1a643.svfix_4-0-5.20160113.somatic.sv.vcf.gz-download_time": 12, 
                "efacd7d6-56cf-4f6a-87f0-1a7ab6b1a643.svfix_4-0-5.20160113.somatic.sv.vcf.gz-md5sum_time": 0, 
                "efacd7d6-56cf-4f6a-87f0-1a7ab6b1a643.svfix_4-0-5.20160113.somatic.sv.vcf.gz.tbi-download_time": 14, 
                "efacd7d6-56cf-4f6a-87f0-1a7ab6b1a643.svfix_4-0-5.20160113.somatic.sv.vcf.gz.tbi-md5sum_time": 0, 
                "start": 1454632087, 
                "stop": 1454632449, 
                "time": 362
            }
        }
    }, 
    "aliquot_id": null, 
    "available_repos": [
        {
            "https://gtrepo-osdc-icgc.annailabs.com/": {
                "file_md5sum": "006c99d1b20201d81bd6fc32794ecec3", 
                "file_size": 60649
            }
        }
    ], 
    "data_type": "Sanger-VCF", 
    "files": [
        {
            "file_md5sum": "7cd6aadb04c28d000ba89c5a859c74ad", 
            "file_name": "efacd7d6-56cf-4f6a-87f0-1a7ab6b1a643.svcp_1-0-3.20150117.somatic.snv_mnv.vcf.gz", 
            "file_size": 2238438, 
            "object_id": "6095d7c6-b042-590a-a551-454f2741ade2"
        }, 
        {
            "file_md5sum": "4a5ed1ff2f7e2e2416a97512a5b31fa0", 
            "file_name": "efacd7d6-56cf-4f6a-87f0-1a7ab6b1a643.svcp_1-0-3.20150117.somatic.snv_mnv.vcf.gz.tbi", 
            "file_size": 371118, 
            "object_id": "e91934fc-4f53-5841-9f94-f33b343fd4af"
        }, 
        {
            "file_md5sum": "f88824a042a6fa60446cd7e17ee88e27", 
            "file_name": "efacd7d6-56cf-4f6a-87f0-1a7ab6b1a643.svcp_1-0-3.20150117.somatic.cnv.vcf.gz", 
            "file_size": 4131, 
            "object_id": "1e280792-9d8c-5f08-84a0-c18abb33c42f"
        }, 
        {
            "file_md5sum": "df9a231a7b4006d0f80b526db0210c0d", 
            "file_name": "efacd7d6-56cf-4f6a-87f0-1a7ab6b1a643.svcp_1-0-3.20150117.somatic.cnv.vcf.gz.tbi", 
            "file_size": 5805, 
            "object_id": "e2251bfa-ac54-57c1-bf12-82686bca3fea"
        }, 
        {
            "file_md5sum": "8de0bc10dd17a10a2e939661b49c18b1", 
            "file_name": "efacd7d6-56cf-4f6a-87f0-1a7ab6b1a643.svfix_4-0-5.20160113.somatic.sv.vcf.gz", 
            "file_size": 13380, 
            "object_id": "b0ccdf75-53b7-56f8-a453-43cc3e62a3f3"
        }, 
        {
            "file_md5sum": "395c50008c120b246c34d318911e579e", 
            "file_name": "efacd7d6-56cf-4f6a-87f0-1a7ab6b1a643.svfix_4-0-5.20160113.somatic.sv.vcf.gz.tbi", 
            "file_size": 1367, 
            "object_id": "08d2802d-9967-543e-a4af-6ab3f117fc47"
        }, 
        {
            "file_md5sum": "f9430da2086f6edae2487771a1bbf517", 
            "file_name": "efacd7d6-56cf-4f6a-87f0-1a7ab6b1a643.svcp_1-0-3.20150117.somatic.indel.vcf.gz", 
            "file_size": 77433089, 
            "object_id": "1a4dd39e-c3c5-5dfc-9e32-52fd388aa298"
        }, 
        {
            "file_md5sum": "5de4ef5ad6838d1fd254a5976af68074", 
            "file_name": "efacd7d6-56cf-4f6a-87f0-1a7ab6b1a643.svcp_1-0-3.20150117.somatic.indel.vcf.gz.tbi", 
            "file_size": 1579754, 
            "object_id": "a17f5152-98e0-51e9-be27-bf16ca7332d4"
        }, 
        {
            "file_md5sum": "3bb76514b3a873f3ba847cc196331882", 
            "file_name": "efacd7d6-56cf-4f6a-87f0-1a7ab6b1a643.svcp_1-0-3.20150117.somatic.snv_mnv.tar.gz", 
            "file_size": 167812061, 
            "object_id": "16adc098-22c6-583a-8592-0aa015742dcb"
        }, 
        {
            "file_md5sum": "8ee0216a603ecfe94b395473d87a00cc", 
            "file_name": "efacd7d6-56cf-4f6a-87f0-1a7ab6b1a643.svcp_1-0-3.20150117.somatic.cnv.tar.gz", 
            "file_size": 27085632, 
            "object_id": "cae80248-7067-5f66-b2fa-3c42d4def162"
        }, 
        {
            "file_md5sum": "7217707353eb9a1749453dd8f18ffe9b", 
            "file_name": "efacd7d6-56cf-4f6a-87f0-1a7ab6b1a643.svfix_4-0-5.20160113.somatic.sv.tar.gz", 
            "file_size": 267652010, 
            "object_id": "93782ed9-4af7-55b2-8cb8-3f393e3155d7"
        }, 
        {
            "file_md5sum": "55aba67163325e423829754bb843db1f",