{
    "_runs_": {
        "run_1453954803_4800c167-7c4d-4303-8d07-93611ce411e7": {
            "downloading": {
                "gnos-download_time": 97, 
                "start": 1453965520, 
                "stop": 1453965617, 
                "time": 97
            }, 
            "uploading": {
                "copy_meta_time": 2, 
                "start": 1453965635, 
                "stop": 1453965742, 
                "time": 107, 
                "upload_time": 104
            }
        }, 
        "run_1454698888_5069c0b3-ffbf-4c39-89a5-f83edddf434c": {
            "downloading": {
                "2e69c886-535b-4ff0-9236-abf6799acdbd.svcp_1-0-6.20150428.somatic.cnv.tar.gz-download_time": 14, 
                "2e69c886-535b-4ff0-9236-abf6799acdbd.svcp_1-0-6.20150428.somatic.cnv.tar.gz-md5sum_time": 0, 
                "2e69c886-535b-4ff0-9236-abf6799acdbd.svcp_1-0-6.20150428.somatic.cnv.vcf.gz-download_time": 12, 
                "2e69c886-535b-4ff0-9236-abf6799acdbd.svcp_1-0-6.20150428.somatic.cnv.vcf.gz-md5sum_time": 0, 
                "2e69c886-535b-4ff0-9236-abf6799acdbd.svcp_1-0-6.20150428.somatic.cnv.vcf.gz.tbi-download_time": 13, 
                "2e69c886-535b-4ff0-9236-abf6799acdbd.svcp_1-0-6.20150428.somatic.cnv.vcf.gz.tbi-md5sum_time": 0, 
                "2e69c886-535b-4ff0-9236-abf6799acdbd.svcp_1-0-6.20150428.somatic.genotype.tar.gz-download_time": 14, 
                "2e69c886-535b-4ff0-9236-abf6799acdbd.svcp_1-0-6.20150428.somatic.genotype.tar.gz-md5sum_time": 0, 
                "2e69c886-535b-4ff0-9236-abf6799acdbd.svcp_1-0-6.20150428.somatic.imputeCounts.tar.gz-download_time": 40, 
                "2e69c886-535b-4ff0-9236-abf6799acdbd.svcp_1-0-6.20150428.somatic.imputeCounts.tar.gz-md5sum_time": 2, 
                "2e69c886-535b-4ff0-9236-abf6799acdbd.svcp_1-0-6.20150428.somatic.indel.tar.gz-download_time": 73, 
                "2e69c886-535b-4ff0-9236-abf6799acdbd.svcp_1-0-6.20150428.somatic.indel.tar.gz-md5sum_time": 4, 
                "2e69c886-535b-4ff0-9236-abf6799acdbd.svcp_1-0-6.20150428.somatic.indel.vcf.gz-download_time": 16, 
                "2e69c886-535b-4ff0-9236-abf6799acdbd.svcp_1-0-6.20150428.somatic.indel.vcf.gz-md5sum_time": 0, 
                "2e69c886-535b-4ff0-9236-abf6799acdbd.svcp_1-0-6.20150428.somatic.indel.vcf.gz.tbi-download_time": 13, 
                "2e69c886-535b-4ff0-9236-abf6799acdbd.svcp_1-0-6.20150428.somatic.indel.vcf.gz.tbi-md5sum_time": 0, 
                "2e69c886-535b-4ff0-9236-abf6799acdbd.svcp_1-0-6.20150428.somatic.snv_mnv.tar.gz-download_time": 25, 
                "2e69c886-535b-4ff0-9236-abf6799acdbd.svcp_1-0-6.20150428.somatic.snv_mnv.tar.gz-md5sum_time": 1, 
                "2e69c886-535b-4ff0-9236-abf6799acdbd.svcp_1-0-6.20150428.somatic.snv_mnv.vcf.gz-download_time": 13, 
                "2e69c886-535b-4ff0-9236-abf6799acdbd.svcp_1-0-6.20150428.somatic.snv_mnv.vcf.gz-md5sum_time": 0, 
                "2e69c886-535b-4ff0-9236-abf6799acdbd.svcp_1-0-6.20150428.somatic.snv_mnv.vcf.gz.tbi-download_time": 13, 
                "2e69c886-535b-4ff0-9236-abf6799acdbd.svcp_1-0-6.20150428.somatic.snv_mnv.vcf.gz.tbi-md5sum_time": 0, 
                "2e69c886-535b-4ff0-9236-abf6799acdbd.svcp_1-0-6.20150428.somatic.verifyBamId.tar.gz-download_time": 12, 
                "2e69c886-535b-4ff0-9236-abf6799acdbd.svcp_1-0-6.20150428.somatic.verifyBamId.tar.gz-md5sum_time": 0, 
                "2e69c886-535b-4ff0-9236-abf6799acdbd.svfix_4-0-5.20160113.somatic.sv.tar.gz-download_time": 30, 
                "2e69c886-535b-4ff0-9236-abf6799acdbd.svfix_4-0-5.20160113.somatic.sv.tar.gz-md5sum_time": 1, 
                "2e69c886-535b-4ff0-9236-abf6799acdbd.svfix_4-0-5.20160113.somatic.sv.vcf.gz-download_time": 12, 
                "2e69c886-535b-4ff0-9236-abf6799acdbd.svfix_4-0-5.20160113.somatic.sv.vcf.gz-md5sum_time": 0, 
                "2e69c886-535b-4ff0-9236-abf6799acdbd.svfix_4-0-5.20160113.somatic.sv.vcf.gz.tbi-download_time": 12, 
                "2e69c886-535b-4ff0-9236-abf6799acdbd.svfix_4-0-5.20160113.somatic.sv.vcf.gz.tbi-md5sum_time": 0, 
                "9e2854e0-ba21-11e5-8878-2586eac6e0c4.xml-download_time": 13, 
                "9e2854e0-ba21-11e5-8878-2586eac6e0c4.xml-md5sum_time": 0, 
                "start": 1454699303, 
                "stop": 1454699636, 
                "time": 333
            }
        }
    }, 
    "aliquot_id": null, 
    "available_repos": [
        {
            "https://gtrepo-osdc-icgc.annailabs.com/": {
                "file_md5sum": "615fe459b3ca4686edad34bae2573551", 
                "file_size": 58662
            }
        }
    ], 
    "data_type": "Sanger-VCF", 
    "files": [
        {
            "file_md5sum": "6325fe11bc551c3af7cdd0189f33f90e", 
            "file_name": "2e69c886-535b-4ff0-9236-abf6799acdbd.svcp_1-0-6.20150428.somatic.snv_mnv.vcf.gz", 
            "file_size": 7575282, 
            "object_id": "1c33bc0e-1404-551c-9b62-f9044ec1c160"
        }, 
        {
            "file_md5sum": "28cae5bbd5bff3062d84221d5c9270db", 
            "file_name": "2e69c886-535b-4ff0-9236-abf6799acdbd.svcp_1-0-6.20150428.somatic.snv_mnv.vcf.gz.tbi", 
            "file_size": 742481, 
            "object_id": "519be1ed-f530-51ca-8c99-7b2ca3af389a"
        }, 
        {
            "file_md5sum": "7b7879fe415c0e531367194ee6d152c5", 
            "file_name": "2e69c886-535b-4ff0-9236-abf6799acdbd.svcp_1-0-6.20150428.somatic.cnv.vcf.gz", 
            "file_size": 7168, 
            "object_id": "ba02c58d-f701-5a6a-bf19-5f4cc8e5604c"
        }, 
        {
            "file_md5sum": "4c9e1d320def6e5f1c6e974f3264d67b", 
            "file_name": "2e69c886-535b-4ff0-9236-abf6799acdbd.svcp_1-0-6.20150428.somatic.cnv.vcf.gz.tbi", 
            "file_size": 7433, 
            "object_id": "1a47c3e4-782b-5664-aa17-134c4e3d44c4"
        }, 
        {
            "file_md5sum": "0b3a75e17aa18f3a7f813082e47e2d44", 
            "file_name": "2e69c886-535b-4ff0-9236-abf6799acdbd.svfix_4-0-5.20160113.somatic.sv.vcf.gz", 
            "file_size": 28251, 
            "object_id": "da69dde3-8962-5ddb-8a86-16d68b3626e8"
        }, 
        {
            "file_md5sum": "62e1e28ad1f29f77e7120ba1240cd9f9", 
            "file_name": "2e69c886-535b-4ff0-9236-abf6799acdbd.svfix_4-0-5.20160113.somatic.sv.vcf.gz.tbi", 
            "file_size": 5146, 
            "object_id": "633d43c5-a7fb-5bf2-832f-58e9b513fa83"
        }, 
        {
            "file_md5sum": "49f495efad37e3dc0890f64e97d5c0a1", 
            "file_name": "2e69c886-535b-4ff0-9236-abf6799acdbd.svcp_1-0-6.20150428.somatic.indel.vcf.gz", 
            "file_size": 48875066, 
            "object_id": "13024317-a4cb-5a8f-968c-14aae6a702c0"
        }, 
        {
            "file_md5sum": "042ba467e700e27aedeb0e589cde35c4", 
            "file_name": "2e69c886-535b-4ff0-9236-abf6799acdbd.svcp_1-0-6.20150428.somatic.indel.vcf.gz.tbi", 
            "file_size": 1444437, 
            "object_id": "61a13c93-440c-5814-bb86-b8a8facfd5be"
        }, 
        {
            "file_md5sum": "5578a464eb217014b61d1caaf2f0bf7c", 
            "file_name": "2e69c886-535b-4ff0-9236-abf6799acdbd.svcp_1-0-6.20150428.somatic.snv_mnv.tar.gz", 
            "file_size": 173727272, 
            "object_id": "572c379d-ffe6-58ed-9325-47d5baa8b2f7"
        }, 
        {
            "file_md5sum": "903f48e16bee83ba115999f724b3f8e1", 
            "file_name": "2e69c886-535b-4ff0-9236-abf6799acdbd.svcp_1-0-6.20150428.somatic.cnv.tar.gz", 
            "file_size": 27017216, 
            "object_id": "a2e43fb5-68b0-55f4-86ca-45289e200e9a"
        }, 
        {
            "file_md5sum": "81d2037bdafe6390614517d845b43da8", 
            "file_name": "2e69c886-535b-4ff0-9236-abf6799acdbd.svfix_4-0-5.20160113.somatic.sv.tar.gz", 
            "file_size": 292723744, 
            "object_id": "ab1d55d3-9af3-55db-91e2-fdb48adbabd2"
        }, 
        {
            "file_md5sum": "22ccbe1736d7142e5a124965a24d509b",