{
    "_runs_": {
        "run_1453954855_ec8b3200-ece3-4876-b26c-61d25a8034bf": {
            "downloading": {
                "gnos-download_time": 123, 
                "start": 1453967224, 
                "stop": 1453967347, 
                "time": 123
            }, 
            "uploading": {
                "copy_meta_time": 2, 
                "start": 1453967361, 
                "stop": 1453967469, 
                "time": 108, 
                "upload_time": 106
            }
        }, 
        "run_1454698755_903b0f92-d9ee-49d4-8095-339a44ab6782": {
            "downloading": {
                "a72a1cec-ba24-11e5-9212-2586eac6e0c4.xml-download_time": 13, 
                "a72a1cec-ba24-11e5-9212-2586eac6e0c4.xml-md5sum_time": 0, 
                "a89a2341-263d-4e7f-87fa-18d9692d6b2b.svcp_1-0-7.20150701.somatic.cnv.tar.gz-download_time": 14, 
                "a89a2341-263d-4e7f-87fa-18d9692d6b2b.svcp_1-0-7.20150701.somatic.cnv.tar.gz-md5sum_time": 1, 
                "a89a2341-263d-4e7f-87fa-18d9692d6b2b.svcp_1-0-7.20150701.somatic.cnv.vcf.gz-download_time": 13, 
                "a89a2341-263d-4e7f-87fa-18d9692d6b2b.svcp_1-0-7.20150701.somatic.cnv.vcf.gz-md5sum_time": 0, 
                "a89a2341-263d-4e7f-87fa-18d9692d6b2b.svcp_1-0-7.20150701.somatic.cnv.vcf.gz.tbi-download_time": 12, 
                "a89a2341-263d-4e7f-87fa-18d9692d6b2b.svcp_1-0-7.20150701.somatic.cnv.vcf.gz.tbi-md5sum_time": 0, 
                "a89a2341-263d-4e7f-87fa-18d9692d6b2b.svcp_1-0-7.20150701.somatic.genotype.tar.gz-download_time": 14, 
                "a89a2341-263d-4e7f-87fa-18d9692d6b2b.svcp_1-0-7.20150701.somatic.genotype.tar.gz-md5sum_time": 0, 
                "a89a2341-263d-4e7f-87fa-18d9692d6b2b.svcp_1-0-7.20150701.somatic.imputeCounts.tar.gz-download_time": 42, 
                "a89a2341-263d-4e7f-87fa-18d9692d6b2b.svcp_1-0-7.20150701.somatic.imputeCounts.tar.gz-md5sum_time": 2, 
                "a89a2341-263d-4e7f-87fa-18d9692d6b2b.svcp_1-0-7.20150701.somatic.indel.tar.gz-download_time": 89, 
                "a89a2341-263d-4e7f-87fa-18d9692d6b2b.svcp_1-0-7.20150701.somatic.indel.tar.gz-md5sum_time": 4, 
                "a89a2341-263d-4e7f-87fa-18d9692d6b2b.svcp_1-0-7.20150701.somatic.indel.vcf.gz-download_time": 18, 
                "a89a2341-263d-4e7f-87fa-18d9692d6b2b.svcp_1-0-7.20150701.somatic.indel.vcf.gz-md5sum_time": 0, 
                "a89a2341-263d-4e7f-87fa-18d9692d6b2b.svcp_1-0-7.20150701.somatic.indel.vcf.gz.tbi-download_time": 13, 
                "a89a2341-263d-4e7f-87fa-18d9692d6b2b.svcp_1-0-7.20150701.somatic.indel.vcf.gz.tbi-md5sum_time": 0, 
                "a89a2341-263d-4e7f-87fa-18d9692d6b2b.svcp_1-0-7.20150701.somatic.snv_mnv.tar.gz-download_time": 23, 
                "a89a2341-263d-4e7f-87fa-18d9692d6b2b.svcp_1-0-7.20150701.somatic.snv_mnv.tar.gz-md5sum_time": 1, 
                "a89a2341-263d-4e7f-87fa-18d9692d6b2b.svcp_1-0-7.20150701.somatic.snv_mnv.vcf.gz-download_time": 14, 
                "a89a2341-263d-4e7f-87fa-18d9692d6b2b.svcp_1-0-7.20150701.somatic.snv_mnv.vcf.gz-md5sum_time": 0, 
                "a89a2341-263d-4e7f-87fa-18d9692d6b2b.svcp_1-0-7.20150701.somatic.snv_mnv.vcf.gz.tbi-download_time": 13, 
                "a89a2341-263d-4e7f-87fa-18d9692d6b2b.svcp_1-0-7.20150701.somatic.snv_mnv.vcf.gz.tbi-md5sum_time": 0, 
                "a89a2341-263d-4e7f-87fa-18d9692d6b2b.svcp_1-0-7.20150701.somatic.verifyBamId.tar.gz-download_time": 13, 
                "a89a2341-263d-4e7f-87fa-18d9692d6b2b.svcp_1-0-7.20150701.somatic.verifyBamId.tar.gz-md5sum_time": 0, 
                "a89a2341-263d-4e7f-87fa-18d9692d6b2b.svfix_4-0-5.20160113.somatic.sv.tar.gz-download_time": 29, 
                "a89a2341-263d-4e7f-87fa-18d9692d6b2b.svfix_4-0-5.20160113.somatic.sv.tar.gz-md5sum_time": 1, 
                "a89a2341-263d-4e7f-87fa-18d9692d6b2b.svfix_4-0-5.20160113.somatic.sv.vcf.gz-download_time": 13, 
                "a89a2341-263d-4e7f-87fa-18d9692d6b2b.svfix_4-0-5.20160113.somatic.sv.vcf.gz-md5sum_time": 0, 
                "a89a2341-263d-4e7f-87fa-18d9692d6b2b.svfix_4-0-5.20160113.somatic.sv.vcf.gz.tbi-download_time": 13, 
                "a89a2341-263d-4e7f-87fa-18d9692d6b2b.svfix_4-0-5.20160113.somatic.sv.vcf.gz.tbi-md5sum_time": 0, 
                "start": 1454702164, 
                "stop": 1454702519, 
                "time": 355
            }
        }
    }, 
    "aliquot_id": null, 
    "available_repos": [
        {
            "https://gtrepo-osdc-icgc.annailabs.com/": {
                "file_md5sum": "be087b5af956c37f84a56a30ccf8d4f5", 
                "file_size": 60047
            }
        }
    ], 
    "data_type": "Sanger-VCF", 
    "files": [
        {
            "file_md5sum": "0c84a54965aa364d6b9d13db9b0cc289", 
            "file_name": "a89a2341-263d-4e7f-87fa-18d9692d6b2b.svcp_1-0-7.20150701.somatic.snv_mnv.vcf.gz", 
            "file_size": 3278133, 
            "object_id": "0db7aab3-d664-584e-9c77-3a1f94e7b923"
        }, 
        {
            "file_md5sum": "76af9dfcc05da707bdea133fa121650e", 
            "file_name": "a89a2341-263d-4e7f-87fa-18d9692d6b2b.svcp_1-0-7.20150701.somatic.snv_mnv.vcf.gz.tbi", 
            "file_size": 431816, 
            "object_id": "a8d6998f-b7ed-5ba6-9a55-2583bcb8ea0c"
        }, 
        {
            "file_md5sum": "b8be86e75c10063703035c68c4da0603", 
            "file_name": "a89a2341-263d-4e7f-87fa-18d9692d6b2b.svcp_1-0-7.20150701.somatic.cnv.vcf.gz", 
            "file_size": 2091, 
            "object_id": "7d168276-ef20-58a4-820a-4a4ef98edfea"
        }, 
        {
            "file_md5sum": "bd43b88f332660d17916bd2684ebe080", 
            "file_name": "a89a2341-263d-4e7f-87fa-18d9692d6b2b.svcp_1-0-7.20150701.somatic.cnv.vcf.gz.tbi", 
            "file_size": 4321, 
            "object_id": "5077024f-4d05-5218-8ba9-5b448cdde56e"
        }, 
        {
            "file_md5sum": "789a885b7eac0e563b3f20d8a0db65b8", 
            "file_name": "a89a2341-263d-4e7f-87fa-18d9692d6b2b.svfix_4-0-5.20160113.somatic.sv.vcf.gz", 
            "file_size": 3726, 
            "object_id": "6b3008f3-ff15-5cab-8ae5-58ac4676526a"
        }, 
        {
            "file_md5sum": "bfd1a63967d02ea684b622287e2d9fca", 
            "file_name": "a89a2341-263d-4e7f-87fa-18d9692d6b2b.svfix_4-0-5.20160113.somatic.sv.vcf.gz.tbi", 
            "file_size": 628, 
            "object_id": "249c7ee3-fa2a-50fb-8bd6-1dcf0ac18b8e"
        }, 
        {
            "file_md5sum": "e863648d5de921eb08b03e2e32a704c3", 
            "file_name": "a89a2341-263d-4e7f-87fa-18d9692d6b2b.svcp_1-0-7.20150701.somatic.indel.vcf.gz", 
            "file_size": 70081501, 
            "object_id": "153bfa4b-3d7a-5b1b-9012-9220ead71843"
        }, 
        {
            "file_md5sum": "8694b22491f6aa5fdd2845fcd16deb46", 
            "file_name": "a89a2341-263d-4e7f-87fa-18d9692d6b2b.svcp_1-0-7.20150701.somatic.indel.vcf.gz.tbi", 
            "file_size": 1566800, 
            "object_id": "c58ac194-322d-5fa7-8ece-9b0687e2aa57"
        }, 
        {
            "file_md5sum": "437312fec60bfa2c81bd54dbd2faab62", 
            "file_name": "a89a2341-263d-4e7f-87fa-18d9692d6b2b.svcp_1-0-7.20150701.somatic.snv_mnv.tar.gz", 
            "file_size": 164849673, 
            "object_id": "f7c76509-bfd6-5ce2-9b1c-f3421bcc17a0"
        }, 
        {
            "file_md5sum": "1cdb5fe4b1a0d0bb22150590c5d06ada", 
            "file_name": "a89a2341-263d-4e7f-87fa-18d9692d6b2b.svcp_1-0-7.20150701.somatic.cnv.tar.gz", 
            "file_size": 26797152, 
            "object_id": "dd71e6be-0254-558e-a1fa-be69fe122060"
        }, 
        {
            "file_md5sum": "03a465b0fe02900dfcab52c62b213a4d", 
            "file_name": "a89a2341-263d-4e7f-87fa-18d9692d6b2b.svfix_4-0-5.20160113.somatic.sv.tar.gz", 
            "file_size": 300700337, 
            "object_id": "96a61e27-a27d-58cf-b5bf-7a0c4ccbd9e1"
        }, 
        {
            "file_md5sum": "fa6ecefa5f4d36030946ea960b142aec",