{
    "_runs_": {
        "run_1453954803_4800c167-7c4d-4303-8d07-93611ce411e7": {
            "downloading": {
                "gnos-download_time": 129, 
                "start": 1453967641, 
                "stop": 1453967770, 
                "time": 129
            }, 
            "uploading": {
                "copy_meta_time": 1, 
                "start": 1453967787, 
                "stop": 1453967910, 
                "time": 123, 
                "upload_time": 121
            }
        }, 
        "run_1454698952_d058bae5-5e42-417a-bcd7-9a6997a804ed": {
            "downloading": {
                "08e1d976-6c39-428e-a4c2-f655b675683e.svcp_1-0-7.20150714.somatic.cnv.tar.gz-download_time": 15, 
                "08e1d976-6c39-428e-a4c2-f655b675683e.svcp_1-0-7.20150714.somatic.cnv.tar.gz-md5sum_time": 0, 
                "08e1d976-6c39-428e-a4c2-f655b675683e.svcp_1-0-7.20150714.somatic.cnv.vcf.gz-download_time": 12, 
                "08e1d976-6c39-428e-a4c2-f655b675683e.svcp_1-0-7.20150714.somatic.cnv.vcf.gz-md5sum_time": 0, 
                "08e1d976-6c39-428e-a4c2-f655b675683e.svcp_1-0-7.20150714.somatic.cnv.vcf.gz.tbi-download_time": 12, 
                "08e1d976-6c39-428e-a4c2-f655b675683e.svcp_1-0-7.20150714.somatic.cnv.vcf.gz.tbi-md5sum_time": 0, 
                "08e1d976-6c39-428e-a4c2-f655b675683e.svcp_1-0-7.20150714.somatic.genotype.tar.gz-download_time": 13, 
                "08e1d976-6c39-428e-a4c2-f655b675683e.svcp_1-0-7.20150714.somatic.genotype.tar.gz-md5sum_time": 0, 
                "08e1d976-6c39-428e-a4c2-f655b675683e.svcp_1-0-7.20150714.somatic.imputeCounts.tar.gz-download_time": 39, 
                "08e1d976-6c39-428e-a4c2-f655b675683e.svcp_1-0-7.20150714.somatic.imputeCounts.tar.gz-md5sum_time": 2, 
                "08e1d976-6c39-428e-a4c2-f655b675683e.svcp_1-0-7.20150714.somatic.indel.tar.gz-download_time": 84, 
                "08e1d976-6c39-428e-a4c2-f655b675683e.svcp_1-0-7.20150714.somatic.indel.tar.gz-md5sum_time": 4, 
                "08e1d976-6c39-428e-a4c2-f655b675683e.svcp_1-0-7.20150714.somatic.indel.vcf.gz-download_time": 17, 
                "08e1d976-6c39-428e-a4c2-f655b675683e.svcp_1-0-7.20150714.somatic.indel.vcf.gz-md5sum_time": 1, 
                "08e1d976-6c39-428e-a4c2-f655b675683e.svcp_1-0-7.20150714.somatic.indel.vcf.gz.tbi-download_time": 12, 
                "08e1d976-6c39-428e-a4c2-f655b675683e.svcp_1-0-7.20150714.somatic.indel.vcf.gz.tbi-md5sum_time": 0, 
                "08e1d976-6c39-428e-a4c2-f655b675683e.svcp_1-0-7.20150714.somatic.snv_mnv.tar.gz-download_time": 22, 
                "08e1d976-6c39-428e-a4c2-f655b675683e.svcp_1-0-7.20150714.somatic.snv_mnv.tar.gz-md5sum_time": 1, 
                "08e1d976-6c39-428e-a4c2-f655b675683e.svcp_1-0-7.20150714.somatic.snv_mnv.vcf.gz-download_time": 13, 
                "08e1d976-6c39-428e-a4c2-f655b675683e.svcp_1-0-7.20150714.somatic.snv_mnv.vcf.gz-md5sum_time": 0, 
                "08e1d976-6c39-428e-a4c2-f655b675683e.svcp_1-0-7.20150714.somatic.snv_mnv.vcf.gz.tbi-download_time": 13, 
                "08e1d976-6c39-428e-a4c2-f655b675683e.svcp_1-0-7.20150714.somatic.snv_mnv.vcf.gz.tbi-md5sum_time": 0, 
                "08e1d976-6c39-428e-a4c2-f655b675683e.svcp_1-0-7.20150714.somatic.verifyBamId.tar.gz-download_time": 13, 
                "08e1d976-6c39-428e-a4c2-f655b675683e.svcp_1-0-7.20150714.somatic.verifyBamId.tar.gz-md5sum_time": 0, 
                "08e1d976-6c39-428e-a4c2-f655b675683e.svfix_4-0-5.20160113.somatic.sv.tar.gz-download_time": 33, 
                "08e1d976-6c39-428e-a4c2-f655b675683e.svfix_4-0-5.20160113.somatic.sv.tar.gz-md5sum_time": 1, 
                "08e1d976-6c39-428e-a4c2-f655b675683e.svfix_4-0-5.20160113.somatic.sv.vcf.gz-download_time": 13, 
                "08e1d976-6c39-428e-a4c2-f655b675683e.svfix_4-0-5.20160113.somatic.sv.vcf.gz-md5sum_time": 0, 
                "08e1d976-6c39-428e-a4c2-f655b675683e.svfix_4-0-5.20160113.somatic.sv.vcf.gz.tbi-download_time": 12, 
                "08e1d976-6c39-428e-a4c2-f655b675683e.svfix_4-0-5.20160113.somatic.sv.vcf.gz.tbi-md5sum_time": 0, 
                "a7b7cde6-b9f0-11e5-9849-1d80eac6e0c4.xml-download_time": 12, 
                "a7b7cde6-b9f0-11e5-9849-1d80eac6e0c4.xml-md5sum_time": 0, 
                "start": 1454702578, 
                "stop": 1454702922, 
                "time": 344
            }
        }
    }, 
    "aliquot_id": null, 
    "available_repos": [
        {
            "https://gtrepo-osdc-icgc.annailabs.com/": {
                "file_md5sum": "a2551c71717303d1087b9ddfae733915", 
                "file_size": 59523
            }
        }
    ], 
    "data_type": "Sanger-VCF", 
    "files": [
        {
            "file_md5sum": "23d215e6c698d24b1e4565cd326f16a3", 
            "file_name": "08e1d976-6c39-428e-a4c2-f655b675683e.svcp_1-0-7.20150714.somatic.snv_mnv.vcf.gz", 
            "file_size": 1843718, 
            "object_id": "13f9bf64-03f2-51bd-9b54-2e30b915c67c"
        }, 
        {
            "file_md5sum": "623a1120ad0bfebfa4b30ce78f90f3da", 
            "file_name": "08e1d976-6c39-428e-a4c2-f655b675683e.svcp_1-0-7.20150714.somatic.snv_mnv.vcf.gz.tbi", 
            "file_size": 330923, 
            "object_id": "297f4f71-0777-5568-8e22-ee473dc43a29"
        }, 
        {
            "file_md5sum": "738451a453e19b8aad233be02343453a", 
            "file_name": "08e1d976-6c39-428e-a4c2-f655b675683e.svcp_1-0-7.20150714.somatic.cnv.vcf.gz", 
            "file_size": 8998, 
            "object_id": "0dc1580e-e4a9-548d-a448-0602718ae7b6"
        }, 
        {
            "file_md5sum": "840272e5e8e9a1861ff7eda34e1df4a2", 
            "file_name": "08e1d976-6c39-428e-a4c2-f655b675683e.svcp_1-0-7.20150714.somatic.cnv.vcf.gz.tbi", 
            "file_size": 9448, 
            "object_id": "7d277d2a-302b-5e95-981b-f23241d9bbd8"
        }, 
        {
            "file_md5sum": "818e2b5b718dc30a65759e31b87bbefc", 
            "file_name": "08e1d976-6c39-428e-a4c2-f655b675683e.svfix_4-0-5.20160113.somatic.sv.vcf.gz", 
            "file_size": 6953, 
            "object_id": "a2f94284-9e1b-5002-8a16-8eecaf68b192"
        }, 
        {
            "file_md5sum": "505481f1b6981aa720eba389455e86a0", 
            "file_name": "08e1d976-6c39-428e-a4c2-f655b675683e.svfix_4-0-5.20160113.somatic.sv.vcf.gz.tbi", 
            "file_size": 1663, 
            "object_id": "ad738d02-ec6e-599a-b4b0-b17b8efb496a"
        }, 
        {
            "file_md5sum": "d4cc0c7209b13c35fd5128dceae86938", 
            "file_name": "08e1d976-6c39-428e-a4c2-f655b675683e.svcp_1-0-7.20150714.somatic.indel.vcf.gz", 
            "file_size": 68625987, 
            "object_id": "48ad9ead-c084-50bf-9892-66007befd917"
        }, 
        {
            "file_md5sum": "1720c185a4cf04a8c5f31174e0ad5549", 
            "file_name": "08e1d976-6c39-428e-a4c2-f655b675683e.svcp_1-0-7.20150714.somatic.indel.vcf.gz.tbi", 
            "file_size": 1553033, 
            "object_id": "26a4aee2-834a-54ff-b64b-a04a03e93a69"
        }, 
        {
            "file_md5sum": "14c86565a4ddb847f5d3a70e50387138", 
            "file_name": "08e1d976-6c39-428e-a4c2-f655b675683e.svcp_1-0-7.20150714.somatic.snv_mnv.tar.gz", 
            "file_size": 167455369, 
            "object_id": "661105ad-d544-50a3-8562-5d1d4610d93b"
        }, 
        {
            "file_md5sum": "d1fc9365404b95cf1d9ffc8f2b55f28a", 
            "file_name": "08e1d976-6c39-428e-a4c2-f655b675683e.svcp_1-0-7.20150714.somatic.cnv.tar.gz", 
            "file_size": 27092433, 
            "object_id": "399a6314-9456-55e3-9d2c-e33efd59f387"
        }, 
        {
            "file_md5sum": "38477930dab3f9aa311ca61d4e92c212", 
            "file_name": "08e1d976-6c39-428e-a4c2-f655b675683e.svfix_4-0-5.20160113.somatic.sv.tar.gz", 
            "file_size": 312460747, 
            "object_id": "27b58c99-5f94-5721-ba16-aafd59c9f85c"
        }, 
        {
            "file_md5sum": "711ba33a8e3d2ded6e46a1321733ac24",