{
    "_runs_": {
        "run_1454285703_2b9791f1-d0a8-4403-bd2d-9f3d79bba1f0": {
            "downloading": {
                "gnos-download_time": 54, 
                "start": 1454292010, 
                "stop": 1454292064, 
                "time": 54
            }, 
            "uploading": {
                "copy_meta_time": 1, 
                "start": 1454292068, 
                "stop": 1454292099, 
                "time": 31, 
                "upload_time": 30
            }
        }, 
        "run_1454698755_903b0f92-d9ee-49d4-8095-339a44ab6782": {
            "downloading": {
                "2a7f6aac-8f94-4815-8b94-0ea7db71135c.broad-dRanger.20150918.somatic.sv.vcf.gz-download_time": 12, 
                "2a7f6aac-8f94-4815-8b94-0ea7db71135c.broad-dRanger.20150918.somatic.sv.vcf.gz-md5sum_time": 1, 
                "2a7f6aac-8f94-4815-8b94-0ea7db71135c.broad-dRanger.20150918.somatic.sv.vcf.gz.idx-download_time": 12, 
                "2a7f6aac-8f94-4815-8b94-0ea7db71135c.broad-dRanger.20150918.somatic.sv.vcf.gz.idx-md5sum_time": 0, 
                "2a7f6aac-8f94-4815-8b94-0ea7db71135c.broad-dRanger_snowman.20150918.somatic.sv.vcf.gz-download_time": 12, 
                "2a7f6aac-8f94-4815-8b94-0ea7db71135c.broad-dRanger_snowman.20150918.somatic.sv.vcf.gz-md5sum_time": 0, 
                "2a7f6aac-8f94-4815-8b94-0ea7db71135c.broad-dRanger_snowman.20150918.somatic.sv.vcf.gz.idx-download_time": 13, 
                "2a7f6aac-8f94-4815-8b94-0ea7db71135c.broad-dRanger_snowman.20150918.somatic.sv.vcf.gz.idx-md5sum_time": 0, 
                "2a7f6aac-8f94-4815-8b94-0ea7db71135c.broad-mutect-v2.20151112.somatic.snv_mnv.vcf.gz-download_time": 13, 
                "2a7f6aac-8f94-4815-8b94-0ea7db71135c.broad-mutect-v2.20151112.somatic.snv_mnv.vcf.gz-md5sum_time": 0, 
                "2a7f6aac-8f94-4815-8b94-0ea7db71135c.broad-mutect-v2.20151112.somatic.snv_mnv.vcf.gz.idx-download_time": 13, 
                "2a7f6aac-8f94-4815-8b94-0ea7db71135c.broad-mutect-v2.20151112.somatic.snv_mnv.vcf.gz.idx-md5sum_time": 0, 
                "2a7f6aac-8f94-4815-8b94-0ea7db71135c.broad-snowman.20150918.germline.indel.vcf.gz-download_time": 13, 
                "2a7f6aac-8f94-4815-8b94-0ea7db71135c.broad-snowman.20150918.germline.indel.vcf.gz-md5sum_time": 0, 
                "2a7f6aac-8f94-4815-8b94-0ea7db71135c.broad-snowman.20150918.germline.indel.vcf.gz.idx-download_time": 14, 
                "2a7f6aac-8f94-4815-8b94-0ea7db71135c.broad-snowman.20150918.germline.indel.vcf.gz.idx-md5sum_time": 0, 
                "2a7f6aac-8f94-4815-8b94-0ea7db71135c.broad-snowman.20150918.germline.sv.vcf.gz-download_time": 13, 
                "2a7f6aac-8f94-4815-8b94-0ea7db71135c.broad-snowman.20150918.germline.sv.vcf.gz-md5sum_time": 0, 
                "2a7f6aac-8f94-4815-8b94-0ea7db71135c.broad-snowman.20150918.germline.sv.vcf.gz.idx-download_time": 12, 
                "2a7f6aac-8f94-4815-8b94-0ea7db71135c.broad-snowman.20150918.germline.sv.vcf.gz.idx-md5sum_time": 0, 
                "2a7f6aac-8f94-4815-8b94-0ea7db71135c.broad-snowman.20150918.somatic.indel.vcf.gz-download_time": 14, 
                "2a7f6aac-8f94-4815-8b94-0ea7db71135c.broad-snowman.20150918.somatic.indel.vcf.gz-md5sum_time": 0, 
                "2a7f6aac-8f94-4815-8b94-0ea7db71135c.broad-snowman.20150918.somatic.indel.vcf.gz.idx-download_time": 13, 
                "2a7f6aac-8f94-4815-8b94-0ea7db71135c.broad-snowman.20150918.somatic.indel.vcf.gz.idx-md5sum_time": 0, 
                "2a7f6aac-8f94-4815-8b94-0ea7db71135c.broad-snowman.20150918.somatic.sv.vcf.gz-download_time": 13, 
                "2a7f6aac-8f94-4815-8b94-0ea7db71135c.broad-snowman.20150918.somatic.sv.vcf.gz-md5sum_time": 0, 
                "2a7f6aac-8f94-4815-8b94-0ea7db71135c.broad-snowman.20150918.somatic.sv.vcf.gz.idx-download_time": 13, 
                "2a7f6aac-8f94-4815-8b94-0ea7db71135c.broad-snowman.20150918.somatic.sv.vcf.gz.idx-md5sum_time": 0, 
                "a9e62273-79ad-4468-9cf3-c8070fc5d59c.xml-download_time": 12, 
                "a9e62273-79ad-4468-9cf3-c8070fc5d59c.xml-md5sum_time": 0, 
                "start": 1454703317, 
                "stop": 1454703510, 
                "time": 193
            }
        }
    }, 
    "aliquot_id": null, 
    "available_repos": [
        {
            "https://gtrepo-osdc-icgc.annailabs.com/": {
                "file_md5sum": "f92cf8da619b5d06b7ca11d104715745", 
                "file_size": 42952
            }
        }
    ], 
    "data_type": "Broad-VCF", 
    "files": [
        {
            "file_md5sum": "97618466968373bf84c3832689b67825", 
            "file_name": "2a7f6aac-8f94-4815-8b94-0ea7db71135c.broad-mutect-v2.20151112.somatic.snv_mnv.vcf.gz.idx", 
            "file_size": 31254, 
            "object_id": "6de39441-c8c7-59e6-9a67-4ac8c8cbf43b"
        }, 
        {
            "file_md5sum": "ae16a5fe8f15eaa0f2bcd673f163232c", 
            "file_name": "2a7f6aac-8f94-4815-8b94-0ea7db71135c.broad-mutect-v2.20151112.somatic.snv_mnv.vcf.gz", 
            "file_size": 62272, 
            "object_id": "ad80da56-9cab-5950-933b-6bab68a59c75"
        }, 
        {
            "file_md5sum": "652bd35c94550f45ca15b70cd4215d6a", 
            "file_name": "2a7f6aac-8f94-4815-8b94-0ea7db71135c.broad-snowman.20150918.germline.indel.vcf.gz.idx", 
            "file_size": 1039961, 
            "object_id": "f2ad6092-3358-5fc2-a246-359602f250c4"
        }, 
        {
            "file_md5sum": "aa9ef794fe17b4965726daaa861ec68c", 
            "file_name": "2a7f6aac-8f94-4815-8b94-0ea7db71135c.broad-snowman.20150918.somatic.sv.vcf.gz", 
            "file_size": 5788, 
            "object_id": "3eddb4bc-ea30-5c51-bf3a-309f42719e81"
        }, 
        {
            "file_md5sum": "508a0d898c0d39d257e37e490d2219ea", 
            "file_name": "2a7f6aac-8f94-4815-8b94-0ea7db71135c.broad-dRanger_snowman.20150918.somatic.sv.vcf.gz", 
            "file_size": 6545, 
            "object_id": "bd753a29-cfa1-5290-9ac2-1f136002012e"
        }, 
        {
            "file_md5sum": "66f918da46ff62e594f44746c05ea9ec", 
            "file_name": "2a7f6aac-8f94-4815-8b94-0ea7db71135c.broad-snowman.20150918.somatic.sv.vcf.gz.idx", 
            "file_size": 2424, 
            "object_id": "56232776-d705-59e7-b4bf-45a327133c60"
        }, 
        {
            "file_md5sum": "80753be82b54a4be9018d03cb0d192b4", 
            "file_name": "2a7f6aac-8f94-4815-8b94-0ea7db71135c.broad-snowman.20150918.germline.indel.vcf.gz", 
            "file_size": 10414808, 
            "object_id": "f697d681-ea22-562c-9c5d-4705c4fe7356"
        }, 
        {
            "file_md5sum": "40e59ab12b256d96ea399b164193cd7e", 
            "file_name": "2a7f6aac-8f94-4815-8b94-0ea7db71135c.broad-snowman.20150918.somatic.indel.vcf.gz.idx", 
            "file_size": 6521, 
            "object_id": "ebd85169-260f-5ab8-820a-a2643144a0f3"
        }, 
        {
            "file_md5sum": "c079acda0fc70320373cdb3d303c674f", 
            "file_name": "2a7f6aac-8f94-4815-8b94-0ea7db71135c.broad-snowman.20150918.germline.sv.vcf.gz", 
            "file_size": 1547173, 
            "object_id": "16bf0e82-d0e7-5948-a506-1c73d8752e36"
        }, 
        {
            "file_md5sum": "c5d8a7a086c07bd96119d94e96971fe7", 
            "file_name": "2a7f6aac-8f94-4815-8b94-0ea7db71135c.broad-dRanger.20150918.somatic.sv.vcf.gz", 
            "file_size": 1857, 
            "object_id": "c82b034c-7e82-5121-8d10-aff48e44c039"
        }, 
        {
            "file_md5sum": "4711e04050b573c3bee0a5ec57fa2fff", 
            "file_name": "2a7f6aac-8f94-4815-8b94-0ea7db71135c.broad-snowman.20150918.germline.sv.vcf.gz.idx", 
            "file_size": 55227, 
            "object_id": "d0aac70b-1809-5534-b51b-55155ba77d0a"
        }, 
        {
            "file_md5sum": "4f5c97196d30fb9cfdc6e8da2ecf9f1d", 
            "file_name": "2a7f6aac-8f94-4815-8b94-0ea7db71135c.broad-dRanger.20150918.somatic.sv.vcf.gz.idx", 
            "file_size": 576,