{
    "_runs_": {
        "run_1453954967_deb85559-d172-4052-a892-08f8eadbcd71": {
            "downloading": {
                "gnos-download_time": 87, 
                "start": 1453968347, 
                "stop": 1453968434, 
                "time": 87
            }, 
            "uploading": {
                "copy_meta_time": 1, 
                "start": 1453968449, 
                "stop": 1453968536, 
                "time": 87, 
                "upload_time": 86
            }
        }, 
        "run_1454698820_31e0fe60-9a43-4101-83ad-8a596dbe60ad": {
            "downloading": {
                "14cbcbb1-028b-471a-bb4f-8b29cfa5e4eb.svcp_1-0-4.20150202.somatic.cnv.tar.gz-download_time": 15, 
                "14cbcbb1-028b-471a-bb4f-8b29cfa5e4eb.svcp_1-0-4.20150202.somatic.cnv.tar.gz-md5sum_time": 0, 
                "14cbcbb1-028b-471a-bb4f-8b29cfa5e4eb.svcp_1-0-4.20150202.somatic.cnv.vcf.gz-download_time": 13, 
                "14cbcbb1-028b-471a-bb4f-8b29cfa5e4eb.svcp_1-0-4.20150202.somatic.cnv.vcf.gz-md5sum_time": 0, 
                "14cbcbb1-028b-471a-bb4f-8b29cfa5e4eb.svcp_1-0-4.20150202.somatic.cnv.vcf.gz.tbi-download_time": 12, 
                "14cbcbb1-028b-471a-bb4f-8b29cfa5e4eb.svcp_1-0-4.20150202.somatic.cnv.vcf.gz.tbi-md5sum_time": 0, 
                "14cbcbb1-028b-471a-bb4f-8b29cfa5e4eb.svcp_1-0-4.20150202.somatic.genotype.tar.gz-download_time": 12, 
                "14cbcbb1-028b-471a-bb4f-8b29cfa5e4eb.svcp_1-0-4.20150202.somatic.genotype.tar.gz-md5sum_time": 0, 
                "14cbcbb1-028b-471a-bb4f-8b29cfa5e4eb.svcp_1-0-4.20150202.somatic.imputeCounts.tar.gz-download_time": 41, 
                "14cbcbb1-028b-471a-bb4f-8b29cfa5e4eb.svcp_1-0-4.20150202.somatic.imputeCounts.tar.gz-md5sum_time": 1, 
                "14cbcbb1-028b-471a-bb4f-8b29cfa5e4eb.svcp_1-0-4.20150202.somatic.indel.tar.gz-download_time": 50, 
                "14cbcbb1-028b-471a-bb4f-8b29cfa5e4eb.svcp_1-0-4.20150202.somatic.indel.tar.gz-md5sum_time": 2, 
                "14cbcbb1-028b-471a-bb4f-8b29cfa5e4eb.svcp_1-0-4.20150202.somatic.indel.vcf.gz-download_time": 15, 
                "14cbcbb1-028b-471a-bb4f-8b29cfa5e4eb.svcp_1-0-4.20150202.somatic.indel.vcf.gz-md5sum_time": 0, 
                "14cbcbb1-028b-471a-bb4f-8b29cfa5e4eb.svcp_1-0-4.20150202.somatic.indel.vcf.gz.tbi-download_time": 13, 
                "14cbcbb1-028b-471a-bb4f-8b29cfa5e4eb.svcp_1-0-4.20150202.somatic.indel.vcf.gz.tbi-md5sum_time": 0, 
                "14cbcbb1-028b-471a-bb4f-8b29cfa5e4eb.svcp_1-0-4.20150202.somatic.snv_mnv.tar.gz-download_time": 21, 
                "14cbcbb1-028b-471a-bb4f-8b29cfa5e4eb.svcp_1-0-4.20150202.somatic.snv_mnv.tar.gz-md5sum_time": 1, 
                "14cbcbb1-028b-471a-bb4f-8b29cfa5e4eb.svcp_1-0-4.20150202.somatic.snv_mnv.vcf.gz-download_time": 13, 
                "14cbcbb1-028b-471a-bb4f-8b29cfa5e4eb.svcp_1-0-4.20150202.somatic.snv_mnv.vcf.gz-md5sum_time": 0, 
                "14cbcbb1-028b-471a-bb4f-8b29cfa5e4eb.svcp_1-0-4.20150202.somatic.snv_mnv.vcf.gz.tbi-download_time": 12, 
                "14cbcbb1-028b-471a-bb4f-8b29cfa5e4eb.svcp_1-0-4.20150202.somatic.snv_mnv.vcf.gz.tbi-md5sum_time": 0, 
                "14cbcbb1-028b-471a-bb4f-8b29cfa5e4eb.svcp_1-0-4.20150202.somatic.verifyBamId.tar.gz-download_time": 12, 
                "14cbcbb1-028b-471a-bb4f-8b29cfa5e4eb.svcp_1-0-4.20150202.somatic.verifyBamId.tar.gz-md5sum_time": 0, 
                "14cbcbb1-028b-471a-bb4f-8b29cfa5e4eb.svfix_4-0-5.20160114.somatic.sv.tar.gz-download_time": 31, 
                "14cbcbb1-028b-471a-bb4f-8b29cfa5e4eb.svfix_4-0-5.20160114.somatic.sv.tar.gz-md5sum_time": 1, 
                "14cbcbb1-028b-471a-bb4f-8b29cfa5e4eb.svfix_4-0-5.20160114.somatic.sv.vcf.gz-download_time": 12, 
                "14cbcbb1-028b-471a-bb4f-8b29cfa5e4eb.svfix_4-0-5.20160114.somatic.sv.vcf.gz-md5sum_time": 0, 
                "14cbcbb1-028b-471a-bb4f-8b29cfa5e4eb.svfix_4-0-5.20160114.somatic.sv.vcf.gz.tbi-download_time": 12, 
                "14cbcbb1-028b-471a-bb4f-8b29cfa5e4eb.svfix_4-0-5.20160114.somatic.sv.vcf.gz.tbi-md5sum_time": 0, 
                "ac0225c8-bada-11e5-9285-ff6ceac6e0c4.xml-download_time": 13, 
                "ac0225c8-bada-11e5-9285-ff6ceac6e0c4.xml-md5sum_time": 0, 
                "start": 1454703781, 
                "stop": 1454704083, 
                "time": 302
            }
        }
    }, 
    "aliquot_id": null, 
    "available_repos": [
        {
            "https://gtrepo-osdc-icgc.annailabs.com/": {
                "file_md5sum": "c9a4adc826cfccb498c443a72bb057db", 
                "file_size": 60456
            }
        }
    ], 
    "data_type": "Sanger-VCF", 
    "files": [
        {
            "file_md5sum": "5f535814db84dcac62b57a1e19f43fe7", 
            "file_name": "14cbcbb1-028b-471a-bb4f-8b29cfa5e4eb.svcp_1-0-4.20150202.somatic.snv_mnv.vcf.gz", 
            "file_size": 771725, 
            "object_id": "5a98716f-7f3a-5d75-adaf-3eb261d3fc81"
        }, 
        {
            "file_md5sum": "7c548a7fd4067fe4b0a164da90b3a1f0", 
            "file_name": "14cbcbb1-028b-471a-bb4f-8b29cfa5e4eb.svcp_1-0-4.20150202.somatic.snv_mnv.vcf.gz.tbi", 
            "file_size": 155809, 
            "object_id": "6624f634-9fd9-54e7-8ff6-70fe6912e7cb"
        }, 
        {
            "file_md5sum": "cbab231ccba4eb5147ff407db022e32d", 
            "file_name": "14cbcbb1-028b-471a-bb4f-8b29cfa5e4eb.svcp_1-0-4.20150202.somatic.cnv.vcf.gz", 
            "file_size": 1830, 
            "object_id": "e09fe590-481b-52be-9809-393b9e4d85b8"
        }, 
        {
            "file_md5sum": "2fdec0e38f65e19682eab8f7b2171bd1", 
            "file_name": "14cbcbb1-028b-471a-bb4f-8b29cfa5e4eb.svcp_1-0-4.20150202.somatic.cnv.vcf.gz.tbi", 
            "file_size": 4029, 
            "object_id": "24443710-2d21-5e71-8189-cba785543f86"
        }, 
        {
            "file_md5sum": "bd0b2dc0eb4bae43c13e7a2cfe20db18", 
            "file_name": "14cbcbb1-028b-471a-bb4f-8b29cfa5e4eb.svfix_4-0-5.20160114.somatic.sv.vcf.gz", 
            "file_size": 4149, 
            "object_id": "05b7660a-1a59-5660-9728-7a56da7b13bb"
        }, 
        {
            "file_md5sum": "fdad9a8320a5be447584c751761fdc45", 
            "file_name": "14cbcbb1-028b-471a-bb4f-8b29cfa5e4eb.svfix_4-0-5.20160114.somatic.sv.vcf.gz.tbi", 
            "file_size": 702, 
            "object_id": "302b2417-4c4f-51e8-88ff-939229e2c3df"
        }, 
        {
            "file_md5sum": "9d81ae9da17e04f1c859111428f34e9d", 
            "file_name": "14cbcbb1-028b-471a-bb4f-8b29cfa5e4eb.svcp_1-0-4.20150202.somatic.indel.vcf.gz", 
            "file_size": 40511867, 
            "object_id": "6b7bca14-a419-5762-a778-6ba41e229064"
        }, 
        {
            "file_md5sum": "9e3ba4a65e332626289b512f31d0302e", 
            "file_name": "14cbcbb1-028b-471a-bb4f-8b29cfa5e4eb.svcp_1-0-4.20150202.somatic.indel.vcf.gz.tbi", 
            "file_size": 1385438, 
            "object_id": "01f70941-cc01-5531-82ca-25ac0499f072"
        }, 
        {
            "file_md5sum": "a6df819c6b94cfd1274b451263f69b74", 
            "file_name": "14cbcbb1-028b-471a-bb4f-8b29cfa5e4eb.svcp_1-0-4.20150202.somatic.snv_mnv.tar.gz", 
            "file_size": 150360477, 
            "object_id": "0132c725-9028-52bb-a3a7-52695dfe671d"
        }, 
        {
            "file_md5sum": "8cacdd3c9c70fc2e8d332e747fce37d4", 
            "file_name": "14cbcbb1-028b-471a-bb4f-8b29cfa5e4eb.svcp_1-0-4.20150202.somatic.cnv.tar.gz", 
            "file_size": 26317131, 
            "object_id": "525dc0e7-123e-5185-a6bd-0213aa5d6a17"
        }, 
        {
            "file_md5sum": "6d1745d3ddb9ae9c6f0796d29a13f448", 
            "file_name": "14cbcbb1-028b-471a-bb4f-8b29cfa5e4eb.svfix_4-0-5.20160114.somatic.sv.tar.gz", 
            "file_size": 285841777, 
            "object_id": "886cd7a7-6783-502b-b96d-4e7d6eb195e0"
        }, 
        {
            "file_md5sum": "00ebd8a02431d5fdb7ccb4d3146485b3",