{
    "_runs_": {
        "run_1453954855_ec8b3200-ece3-4876-b26c-61d25a8034bf": {
            "downloading": {
                "gnos-download_time": 91, 
                "start": 1453968396, 
                "stop": 1453968487, 
                "time": 91
            }, 
            "uploading": {
                "copy_meta_time": 1, 
                "start": 1453968491, 
                "stop": 1453968574, 
                "time": 83, 
                "upload_time": 81
            }
        }, 
        "run_1454699093_57d685ba-f89e-44a4-80bd-3ee7609d262a": {
            "downloading": {
                "3e2a85d0-c622-11e3-bf01-24c6515278c0.svcp_1-0-5.20150413.somatic.cnv.tar.gz-download_time": 14, 
                "3e2a85d0-c622-11e3-bf01-24c6515278c0.svcp_1-0-5.20150413.somatic.cnv.tar.gz-md5sum_time": 0, 
                "3e2a85d0-c622-11e3-bf01-24c6515278c0.svcp_1-0-5.20150413.somatic.cnv.vcf.gz-download_time": 12, 
                "3e2a85d0-c622-11e3-bf01-24c6515278c0.svcp_1-0-5.20150413.somatic.cnv.vcf.gz-md5sum_time": 0, 
                "3e2a85d0-c622-11e3-bf01-24c6515278c0.svcp_1-0-5.20150413.somatic.cnv.vcf.gz.tbi-download_time": 12, 
                "3e2a85d0-c622-11e3-bf01-24c6515278c0.svcp_1-0-5.20150413.somatic.cnv.vcf.gz.tbi-md5sum_time": 0, 
                "3e2a85d0-c622-11e3-bf01-24c6515278c0.svcp_1-0-5.20150413.somatic.genotype.tar.gz-download_time": 12, 
                "3e2a85d0-c622-11e3-bf01-24c6515278c0.svcp_1-0-5.20150413.somatic.genotype.tar.gz-md5sum_time": 0, 
                "3e2a85d0-c622-11e3-bf01-24c6515278c0.svcp_1-0-5.20150413.somatic.imputeCounts.tar.gz-download_time": 42, 
                "3e2a85d0-c622-11e3-bf01-24c6515278c0.svcp_1-0-5.20150413.somatic.imputeCounts.tar.gz-md5sum_time": 1, 
                "3e2a85d0-c622-11e3-bf01-24c6515278c0.svcp_1-0-5.20150413.somatic.indel.tar.gz-download_time": 58, 
                "3e2a85d0-c622-11e3-bf01-24c6515278c0.svcp_1-0-5.20150413.somatic.indel.tar.gz-md5sum_time": 2, 
                "3e2a85d0-c622-11e3-bf01-24c6515278c0.svcp_1-0-5.20150413.somatic.indel.vcf.gz-download_time": 15, 
                "3e2a85d0-c622-11e3-bf01-24c6515278c0.svcp_1-0-5.20150413.somatic.indel.vcf.gz-md5sum_time": 1, 
                "3e2a85d0-c622-11e3-bf01-24c6515278c0.svcp_1-0-5.20150413.somatic.indel.vcf.gz.tbi-download_time": 12, 
                "3e2a85d0-c622-11e3-bf01-24c6515278c0.svcp_1-0-5.20150413.somatic.indel.vcf.gz.tbi-md5sum_time": 0, 
                "3e2a85d0-c622-11e3-bf01-24c6515278c0.svcp_1-0-5.20150413.somatic.snv_mnv.tar.gz-download_time": 23, 
                "3e2a85d0-c622-11e3-bf01-24c6515278c0.svcp_1-0-5.20150413.somatic.snv_mnv.tar.gz-md5sum_time": 1, 
                "3e2a85d0-c622-11e3-bf01-24c6515278c0.svcp_1-0-5.20150413.somatic.snv_mnv.vcf.gz-download_time": 13, 
                "3e2a85d0-c622-11e3-bf01-24c6515278c0.svcp_1-0-5.20150413.somatic.snv_mnv.vcf.gz-md5sum_time": 0, 
                "3e2a85d0-c622-11e3-bf01-24c6515278c0.svcp_1-0-5.20150413.somatic.snv_mnv.vcf.gz.tbi-download_time": 13, 
                "3e2a85d0-c622-11e3-bf01-24c6515278c0.svcp_1-0-5.20150413.somatic.snv_mnv.vcf.gz.tbi-md5sum_time": 0, 
                "3e2a85d0-c622-11e3-bf01-24c6515278c0.svcp_1-0-5.20150413.somatic.verifyBamId.tar.gz-download_time": 13, 
                "3e2a85d0-c622-11e3-bf01-24c6515278c0.svcp_1-0-5.20150413.somatic.verifyBamId.tar.gz-md5sum_time": 0, 
                "3e2a85d0-c622-11e3-bf01-24c6515278c0.svfix_4-0-5.20160113.somatic.sv.tar.gz-download_time": 31, 
                "3e2a85d0-c622-11e3-bf01-24c6515278c0.svfix_4-0-5.20160113.somatic.sv.tar.gz-md5sum_time": 1, 
                "3e2a85d0-c622-11e3-bf01-24c6515278c0.svfix_4-0-5.20160113.somatic.sv.vcf.gz-download_time": 13, 
                "3e2a85d0-c622-11e3-bf01-24c6515278c0.svfix_4-0-5.20160113.somatic.sv.vcf.gz-md5sum_time": 0, 
                "3e2a85d0-c622-11e3-bf01-24c6515278c0.svfix_4-0-5.20160113.somatic.sv.vcf.gz.tbi-download_time": 13, 
                "3e2a85d0-c622-11e3-bf01-24c6515278c0.svfix_4-0-5.20160113.somatic.sv.vcf.gz.tbi-md5sum_time": 0, 
                "ac0dda7a-b9ff-11e5-b608-1980eac6e0c4.xml-download_time": 12, 
                "ac0dda7a-b9ff-11e5-b608-1980eac6e0c4.xml-md5sum_time": 0, 
                "start": 1454703880, 
                "stop": 1454704195, 
                "time": 315
            }
        }
    }, 
    "aliquot_id": null, 
    "available_repos": [
        {
            "https://gtrepo-osdc-icgc.annailabs.com/": {
                "file_md5sum": "588c745cc30e513a3fc1965796e65d31", 
                "file_size": 58739
            }
        }
    ], 
    "data_type": "Sanger-VCF", 
    "files": [
        {
            "file_md5sum": "56618799a096c18aa120e8a13cfc25a8", 
            "file_name": "3e2a85d0-c622-11e3-bf01-24c6515278c0.svcp_1-0-5.20150413.somatic.snv_mnv.vcf.gz", 
            "file_size": 4399295, 
            "object_id": "540d59a0-563c-5df2-8dbc-264497f70f7c"
        }, 
        {
            "file_md5sum": "cd582938746e34cafad1db1a8706ebaa", 
            "file_name": "3e2a85d0-c622-11e3-bf01-24c6515278c0.svcp_1-0-5.20150413.somatic.snv_mnv.vcf.gz.tbi", 
            "file_size": 471457, 
            "object_id": "7b60b23c-a0a7-5d1d-93fd-494247dd00b4"
        }, 
        {
            "file_md5sum": "e3969efb7fae0cfdb9a17c051733f082", 
            "file_name": "3e2a85d0-c622-11e3-bf01-24c6515278c0.svcp_1-0-5.20150413.somatic.cnv.vcf.gz", 
            "file_size": 2207, 
            "object_id": "0202bb12-3980-5637-9221-197181f820c5"
        }, 
        {
            "file_md5sum": "6501206e2d624095c8e5258edf816553", 
            "file_name": "3e2a85d0-c622-11e3-bf01-24c6515278c0.svcp_1-0-5.20150413.somatic.cnv.vcf.gz.tbi", 
            "file_size": 4372, 
            "object_id": "6fe77fc9-0902-5794-a845-d516a77384a3"
        }, 
        {
            "file_md5sum": "d496dc27d41792ae9a2853483df0bdaa", 
            "file_name": "3e2a85d0-c622-11e3-bf01-24c6515278c0.svfix_4-0-5.20160113.somatic.sv.vcf.gz", 
            "file_size": 6535, 
            "object_id": "d5e4da39-4ef8-5b6b-a1b9-81bb6a06f1e4"
        }, 
        {
            "file_md5sum": "acd7480eae29710953edf6795f28e2ab", 
            "file_name": "3e2a85d0-c622-11e3-bf01-24c6515278c0.svfix_4-0-5.20160113.somatic.sv.vcf.gz.tbi", 
            "file_size": 1786, 
            "object_id": "a89a2d06-e88c-5fef-b778-d98c06b270a6"
        }, 
        {
            "file_md5sum": "cfa9f21c5ff5f20a1361fffe1db12067", 
            "file_name": "3e2a85d0-c622-11e3-bf01-24c6515278c0.svcp_1-0-5.20150413.somatic.indel.vcf.gz", 
            "file_size": 47468918, 
            "object_id": "5e81f68d-4e1c-5837-a5b5-bbb6b4256b35"
        }, 
        {
            "file_md5sum": "3b298873a36b79f59db01f6b6a249639", 
            "file_name": "3e2a85d0-c622-11e3-bf01-24c6515278c0.svcp_1-0-5.20150413.somatic.indel.vcf.gz.tbi", 
            "file_size": 1472093, 
            "object_id": "56855d3d-fc8d-5180-9b33-7354c86256cd"
        }, 
        {
            "file_md5sum": "3af3d2f1f809534474c607b2ae3e765d", 
            "file_name": "3e2a85d0-c622-11e3-bf01-24c6515278c0.svcp_1-0-5.20150413.somatic.snv_mnv.tar.gz", 
            "file_size": 160250745, 
            "object_id": "3f06908a-b294-5256-a21c-ea673b1a8daa"
        }, 
        {
            "file_md5sum": "97e9fdffc849b4c12314af6c8506ec9e", 
            "file_name": "3e2a85d0-c622-11e3-bf01-24c6515278c0.svcp_1-0-5.20150413.somatic.cnv.tar.gz", 
            "file_size": 27161201, 
            "object_id": "662b34f3-0702-5a0c-a47b-2d356e02dc21"
        }, 
        {
            "file_md5sum": "0dd950edbc678f3b16df8f7d144edbe3", 
            "file_name": "3e2a85d0-c622-11e3-bf01-24c6515278c0.svfix_4-0-5.20160113.somatic.sv.tar.gz", 
            "file_size": 301184982, 
            "object_id": "51baf6d0-d5c6-5c4f-9fda-c6a165ba412b"
        }, 
        {
            "file_md5sum": "6c2774af51cede3cf133cb9e9e0f4983",