{
    "_runs_": {
        "run_1453954478_6fbbb9b2-9779-4aa5-981e-84cae8d8b713": {
            "downloading": {
                "gnos-download_time": 99, 
                "start": 1453968930, 
                "stop": 1453969029, 
                "time": 99
            }, 
            "uploading": {
                "copy_meta_time": 2, 
                "start": 1453969053, 
                "stop": 1453969152, 
                "time": 99, 
                "upload_time": 97
            }
        }, 
        "run_1454699093_57d685ba-f89e-44a4-80bd-3ee7609d262a": {
            "downloading": {
                "a7e1deb7-2e3d-4e36-90c7-9cae34cdcfb3.svcp_1-0-4.20150119.somatic.cnv.tar.gz-download_time": 15, 
                "a7e1deb7-2e3d-4e36-90c7-9cae34cdcfb3.svcp_1-0-4.20150119.somatic.cnv.tar.gz-md5sum_time": 0, 
                "a7e1deb7-2e3d-4e36-90c7-9cae34cdcfb3.svcp_1-0-4.20150119.somatic.cnv.vcf.gz-download_time": 12, 
                "a7e1deb7-2e3d-4e36-90c7-9cae34cdcfb3.svcp_1-0-4.20150119.somatic.cnv.vcf.gz-md5sum_time": 0, 
                "a7e1deb7-2e3d-4e36-90c7-9cae34cdcfb3.svcp_1-0-4.20150119.somatic.cnv.vcf.gz.tbi-download_time": 13, 
                "a7e1deb7-2e3d-4e36-90c7-9cae34cdcfb3.svcp_1-0-4.20150119.somatic.cnv.vcf.gz.tbi-md5sum_time": 0, 
                "a7e1deb7-2e3d-4e36-90c7-9cae34cdcfb3.svcp_1-0-4.20150119.somatic.genotype.tar.gz-download_time": 13, 
                "a7e1deb7-2e3d-4e36-90c7-9cae34cdcfb3.svcp_1-0-4.20150119.somatic.genotype.tar.gz-md5sum_time": 0, 
                "a7e1deb7-2e3d-4e36-90c7-9cae34cdcfb3.svcp_1-0-4.20150119.somatic.imputeCounts.tar.gz-download_time": 44, 
                "a7e1deb7-2e3d-4e36-90c7-9cae34cdcfb3.svcp_1-0-4.20150119.somatic.imputeCounts.tar.gz-md5sum_time": 2, 
                "a7e1deb7-2e3d-4e36-90c7-9cae34cdcfb3.svcp_1-0-4.20150119.somatic.indel.tar.gz-download_time": 63, 
                "a7e1deb7-2e3d-4e36-90c7-9cae34cdcfb3.svcp_1-0-4.20150119.somatic.indel.tar.gz-md5sum_time": 2, 
                "a7e1deb7-2e3d-4e36-90c7-9cae34cdcfb3.svcp_1-0-4.20150119.somatic.indel.vcf.gz-download_time": 16, 
                "a7e1deb7-2e3d-4e36-90c7-9cae34cdcfb3.svcp_1-0-4.20150119.somatic.indel.vcf.gz-md5sum_time": 1, 
                "a7e1deb7-2e3d-4e36-90c7-9cae34cdcfb3.svcp_1-0-4.20150119.somatic.indel.vcf.gz.tbi-download_time": 12, 
                "a7e1deb7-2e3d-4e36-90c7-9cae34cdcfb3.svcp_1-0-4.20150119.somatic.indel.vcf.gz.tbi-md5sum_time": 0, 
                "a7e1deb7-2e3d-4e36-90c7-9cae34cdcfb3.svcp_1-0-4.20150119.somatic.snv_mnv.tar.gz-download_time": 23, 
                "a7e1deb7-2e3d-4e36-90c7-9cae34cdcfb3.svcp_1-0-4.20150119.somatic.snv_mnv.tar.gz-md5sum_time": 0, 
                "a7e1deb7-2e3d-4e36-90c7-9cae34cdcfb3.svcp_1-0-4.20150119.somatic.snv_mnv.vcf.gz-download_time": 13, 
                "a7e1deb7-2e3d-4e36-90c7-9cae34cdcfb3.svcp_1-0-4.20150119.somatic.snv_mnv.vcf.gz-md5sum_time": 0, 
                "a7e1deb7-2e3d-4e36-90c7-9cae34cdcfb3.svcp_1-0-4.20150119.somatic.snv_mnv.vcf.gz.tbi-download_time": 13, 
                "a7e1deb7-2e3d-4e36-90c7-9cae34cdcfb3.svcp_1-0-4.20150119.somatic.snv_mnv.vcf.gz.tbi-md5sum_time": 0, 
                "a7e1deb7-2e3d-4e36-90c7-9cae34cdcfb3.svcp_1-0-4.20150119.somatic.verifyBamId.tar.gz-download_time": 12, 
                "a7e1deb7-2e3d-4e36-90c7-9cae34cdcfb3.svcp_1-0-4.20150119.somatic.verifyBamId.tar.gz-md5sum_time": 0, 
                "a7e1deb7-2e3d-4e36-90c7-9cae34cdcfb3.svfix_4-0-5.20160114.somatic.sv.tar.gz-download_time": 30, 
                "a7e1deb7-2e3d-4e36-90c7-9cae34cdcfb3.svfix_4-0-5.20160114.somatic.sv.tar.gz-md5sum_time": 1, 
                "a7e1deb7-2e3d-4e36-90c7-9cae34cdcfb3.svfix_4-0-5.20160114.somatic.sv.vcf.gz-download_time": 12, 
                "a7e1deb7-2e3d-4e36-90c7-9cae34cdcfb3.svfix_4-0-5.20160114.somatic.sv.vcf.gz-md5sum_time": 0, 
                "a7e1deb7-2e3d-4e36-90c7-9cae34cdcfb3.svfix_4-0-5.20160114.somatic.sv.vcf.gz.tbi-download_time": 12, 
                "a7e1deb7-2e3d-4e36-90c7-9cae34cdcfb3.svfix_4-0-5.20160114.somatic.sv.vcf.gz.tbi-md5sum_time": 0, 
                "ae1917ca-bad7-11e5-9285-ff6ceac6e0c4.xml-download_time": 13, 
                "ae1917ca-bad7-11e5-9285-ff6ceac6e0c4.xml-md5sum_time": 0, 
                "start": 1454704566, 
                "stop": 1454704888, 
                "time": 322
            }
        }
    }, 
    "aliquot_id": null, 
    "available_repos": [
        {
            "https://gtrepo-osdc-icgc.annailabs.com/": {
                "file_md5sum": "54ab172e3cc5aa70173deb0c115ac33d", 
                "file_size": 59950
            }
        }
    ], 
    "data_type": "Sanger-VCF", 
    "files": [
        {
            "file_md5sum": "902041e15d76de9b79cc58872b15cb33", 
            "file_name": "a7e1deb7-2e3d-4e36-90c7-9cae34cdcfb3.svcp_1-0-4.20150119.somatic.snv_mnv.vcf.gz", 
            "file_size": 2023152, 
            "object_id": "63e6aa36-2084-55d3-9a6d-465e0b83498c"
        }, 
        {
            "file_md5sum": "5b8e974b60fe108586940e6eaf129f49", 
            "file_name": "a7e1deb7-2e3d-4e36-90c7-9cae34cdcfb3.svcp_1-0-4.20150119.somatic.snv_mnv.vcf.gz.tbi", 
            "file_size": 328187, 
            "object_id": "13de0642-284d-58a0-b01a-2d068b3c858f"
        }, 
        {
            "file_md5sum": "7adccaa50fb917a4b4c0c832600d8662", 
            "file_name": "a7e1deb7-2e3d-4e36-90c7-9cae34cdcfb3.svcp_1-0-4.20150119.somatic.cnv.vcf.gz", 
            "file_size": 2128, 
            "object_id": "0019e010-44b1-5813-866e-c40915202f7f"
        }, 
        {
            "file_md5sum": "d464757f35c63ff7d8a673cd2cf70078", 
            "file_name": "a7e1deb7-2e3d-4e36-90c7-9cae34cdcfb3.svcp_1-0-4.20150119.somatic.cnv.vcf.gz.tbi", 
            "file_size": 4322, 
            "object_id": "546110a8-fce8-5c9f-82c3-8760f9481905"
        }, 
        {
            "file_md5sum": "87752de48934e2765314a8fa07293a4c", 
            "file_name": "a7e1deb7-2e3d-4e36-90c7-9cae34cdcfb3.svfix_4-0-5.20160114.somatic.sv.vcf.gz", 
            "file_size": 2653, 
            "object_id": "714041bb-f21f-5a84-90b6-3a7051805912"
        }, 
        {
            "file_md5sum": "e0381635897d2e457d152ba57eb6cbb3", 
            "file_name": "a7e1deb7-2e3d-4e36-90c7-9cae34cdcfb3.svfix_4-0-5.20160114.somatic.sv.vcf.gz.tbi", 
            "file_size": 151, 
            "object_id": "346e77cd-8eb5-59b9-8b69-d958bb99cd63"
        }, 
        {
            "file_md5sum": "7366cc5b38afae0e5b392714a2812080", 
            "file_name": "a7e1deb7-2e3d-4e36-90c7-9cae34cdcfb3.svcp_1-0-4.20150119.somatic.indel.vcf.gz", 
            "file_size": 46208430, 
            "object_id": "db8bfd77-35cd-5d44-98e8-7f2b1e7d3bf0"
        }, 
        {
            "file_md5sum": "957de27c61aba3c3ea66c196e3072a5a", 
            "file_name": "a7e1deb7-2e3d-4e36-90c7-9cae34cdcfb3.svcp_1-0-4.20150119.somatic.indel.vcf.gz.tbi", 
            "file_size": 1422620, 
            "object_id": "c039b98a-9e39-59f6-8b6a-f6eec1a2f480"
        }, 
        {
            "file_md5sum": "49924fddaf1e01d6309c6b76818f2d50", 
            "file_name": "a7e1deb7-2e3d-4e36-90c7-9cae34cdcfb3.svcp_1-0-4.20150119.somatic.snv_mnv.tar.gz", 
            "file_size": 163666161, 
            "object_id": "cf08ba5c-1ebd-5739-8f61-ebba7bd527d2"
        }, 
        {
            "file_md5sum": "35428c57b921611c8d632a86403e2828", 
            "file_name": "a7e1deb7-2e3d-4e36-90c7-9cae34cdcfb3.svcp_1-0-4.20150119.somatic.cnv.tar.gz", 
            "file_size": 26543693, 
            "object_id": "415a88f0-800e-5fbf-9381-c00944c4f743"
        }, 
        {
            "file_md5sum": "fbb11096c9fc55462d54cb5aa40a67fe", 
            "file_name": "a7e1deb7-2e3d-4e36-90c7-9cae34cdcfb3.svfix_4-0-5.20160114.somatic.sv.tar.gz", 
            "file_size": 291256859, 
            "object_id": "7f6c995b-0214-54de-876e-c89a39e3a142"
        }, 
        {
            "file_md5sum": "d9a1afae3148825080e3e04f3edd5076",