{
    "_runs_": {
        "run_1453954803_4800c167-7c4d-4303-8d07-93611ce411e7": {
            "downloading": {
                "gnos-download_time": 98, 
                "start": 1453969451, 
                "stop": 1453969550, 
                "time": 99
            }, 
            "uploading": {
                "copy_meta_time": 2, 
                "start": 1453969561, 
                "stop": 1453969666, 
                "time": 105, 
                "upload_time": 103
            }
        }, 
        "run_1454698820_31e0fe60-9a43-4101-83ad-8a596dbe60ad": {
            "downloading": {
                "140d6ef7-0217-4d16-9add-215d0d14ba06.svcp_1-0-4.20150123.somatic.cnv.tar.gz-download_time": 14, 
                "140d6ef7-0217-4d16-9add-215d0d14ba06.svcp_1-0-4.20150123.somatic.cnv.tar.gz-md5sum_time": 0, 
                "140d6ef7-0217-4d16-9add-215d0d14ba06.svcp_1-0-4.20150123.somatic.cnv.vcf.gz-download_time": 12, 
                "140d6ef7-0217-4d16-9add-215d0d14ba06.svcp_1-0-4.20150123.somatic.cnv.vcf.gz-md5sum_time": 0, 
                "140d6ef7-0217-4d16-9add-215d0d14ba06.svcp_1-0-4.20150123.somatic.cnv.vcf.gz.tbi-download_time": 13, 
                "140d6ef7-0217-4d16-9add-215d0d14ba06.svcp_1-0-4.20150123.somatic.cnv.vcf.gz.tbi-md5sum_time": 0, 
                "140d6ef7-0217-4d16-9add-215d0d14ba06.svcp_1-0-4.20150123.somatic.genotype.tar.gz-download_time": 14, 
                "140d6ef7-0217-4d16-9add-215d0d14ba06.svcp_1-0-4.20150123.somatic.genotype.tar.gz-md5sum_time": 0, 
                "140d6ef7-0217-4d16-9add-215d0d14ba06.svcp_1-0-4.20150123.somatic.imputeCounts.tar.gz-download_time": 43, 
                "140d6ef7-0217-4d16-9add-215d0d14ba06.svcp_1-0-4.20150123.somatic.imputeCounts.tar.gz-md5sum_time": 1, 
                "140d6ef7-0217-4d16-9add-215d0d14ba06.svcp_1-0-4.20150123.somatic.indel.tar.gz-download_time": 67, 
                "140d6ef7-0217-4d16-9add-215d0d14ba06.svcp_1-0-4.20150123.somatic.indel.tar.gz-md5sum_time": 3, 
                "140d6ef7-0217-4d16-9add-215d0d14ba06.svcp_1-0-4.20150123.somatic.indel.vcf.gz-download_time": 16, 
                "140d6ef7-0217-4d16-9add-215d0d14ba06.svcp_1-0-4.20150123.somatic.indel.vcf.gz-md5sum_time": 0, 
                "140d6ef7-0217-4d16-9add-215d0d14ba06.svcp_1-0-4.20150123.somatic.indel.vcf.gz.tbi-download_time": 12, 
                "140d6ef7-0217-4d16-9add-215d0d14ba06.svcp_1-0-4.20150123.somatic.indel.vcf.gz.tbi-md5sum_time": 0, 
                "140d6ef7-0217-4d16-9add-215d0d14ba06.svcp_1-0-4.20150123.somatic.snv_mnv.tar.gz-download_time": 26, 
                "140d6ef7-0217-4d16-9add-215d0d14ba06.svcp_1-0-4.20150123.somatic.snv_mnv.tar.gz-md5sum_time": 1, 
                "140d6ef7-0217-4d16-9add-215d0d14ba06.svcp_1-0-4.20150123.somatic.snv_mnv.vcf.gz-download_time": 13, 
                "140d6ef7-0217-4d16-9add-215d0d14ba06.svcp_1-0-4.20150123.somatic.snv_mnv.vcf.gz-md5sum_time": 0, 
                "140d6ef7-0217-4d16-9add-215d0d14ba06.svcp_1-0-4.20150123.somatic.snv_mnv.vcf.gz.tbi-download_time": 12, 
                "140d6ef7-0217-4d16-9add-215d0d14ba06.svcp_1-0-4.20150123.somatic.snv_mnv.vcf.gz.tbi-md5sum_time": 0, 
                "140d6ef7-0217-4d16-9add-215d0d14ba06.svcp_1-0-4.20150123.somatic.verifyBamId.tar.gz-download_time": 13, 
                "140d6ef7-0217-4d16-9add-215d0d14ba06.svcp_1-0-4.20150123.somatic.verifyBamId.tar.gz-md5sum_time": 0, 
                "140d6ef7-0217-4d16-9add-215d0d14ba06.svfix_4-0-5.20160114.somatic.sv.tar.gz-download_time": 29, 
                "140d6ef7-0217-4d16-9add-215d0d14ba06.svfix_4-0-5.20160114.somatic.sv.tar.gz-md5sum_time": 1, 
                "140d6ef7-0217-4d16-9add-215d0d14ba06.svfix_4-0-5.20160114.somatic.sv.vcf.gz-download_time": 11, 
                "140d6ef7-0217-4d16-9add-215d0d14ba06.svfix_4-0-5.20160114.somatic.sv.vcf.gz-md5sum_time": 0, 
                "140d6ef7-0217-4d16-9add-215d0d14ba06.svfix_4-0-5.20160114.somatic.sv.vcf.gz.tbi-download_time": 13, 
                "140d6ef7-0217-4d16-9add-215d0d14ba06.svfix_4-0-5.20160114.somatic.sv.vcf.gz.tbi-md5sum_time": 0, 
                "b0668d68-bace-11e5-9285-ff6ceac6e0c4.xml-download_time": 12, 
                "b0668d68-bace-11e5-9285-ff6ceac6e0c4.xml-md5sum_time": 0, 
                "start": 1454705464, 
                "stop": 1454705791, 
                "time": 327
            }
        }
    }, 
    "aliquot_id": null, 
    "available_repos": [
        {
            "https://gtrepo-osdc-icgc.annailabs.com/": {
                "file_md5sum": "3a16a49542f0f711caca0a94a7915052", 
                "file_size": 62116
            }
        }
    ], 
    "data_type": "Sanger-VCF", 
    "files": [
        {
            "file_md5sum": "e2e5611b18bbb3f293bee507bfe7221a", 
            "file_name": "140d6ef7-0217-4d16-9add-215d0d14ba06.svcp_1-0-4.20150123.somatic.snv_mnv.vcf.gz", 
            "file_size": 2026113, 
            "object_id": "054cb741-70f1-5c9b-8027-830fd4964f93"
        }, 
        {
            "file_md5sum": "f8cd57fda4da3db2d364e2fb5d04ac4c", 
            "file_name": "140d6ef7-0217-4d16-9add-215d0d14ba06.svcp_1-0-4.20150123.somatic.snv_mnv.vcf.gz.tbi", 
            "file_size": 342779, 
            "object_id": "e592d09b-2185-5d04-879b-e61635da3fb7"
        }, 
        {
            "file_md5sum": "757515f160517e7a23f121f0f1bb7391", 
            "file_name": "140d6ef7-0217-4d16-9add-215d0d14ba06.svcp_1-0-4.20150123.somatic.cnv.vcf.gz", 
            "file_size": 2365, 
            "object_id": "147c30fd-1de4-5741-b505-abed3b72211e"
        }, 
        {
            "file_md5sum": "280ba013013975672c262937b8b19e2f", 
            "file_name": "140d6ef7-0217-4d16-9add-215d0d14ba06.svcp_1-0-4.20150123.somatic.cnv.vcf.gz.tbi", 
            "file_size": 4479, 
            "object_id": "5112f7a6-308b-5750-bd68-c46b1f2a897f"
        }, 
        {
            "file_md5sum": "fc3d7a6fec590b3bc346d5b9cfeb2cf6", 
            "file_name": "140d6ef7-0217-4d16-9add-215d0d14ba06.svfix_4-0-5.20160114.somatic.sv.vcf.gz", 
            "file_size": 3627, 
            "object_id": "6871e13d-b7b2-5485-b6b6-cad4601b674a"
        }, 
        {
            "file_md5sum": "537a01e8541b8fe071000487f0443bba", 
            "file_name": "140d6ef7-0217-4d16-9add-215d0d14ba06.svfix_4-0-5.20160114.somatic.sv.vcf.gz.tbi", 
            "file_size": 537, 
            "object_id": "6bd99a2a-d3bf-5297-8ca1-f8125a728943"
        }, 
        {
            "file_md5sum": "7ee30919db72a5b51521e4649c766a7b", 
            "file_name": "140d6ef7-0217-4d16-9add-215d0d14ba06.svcp_1-0-4.20150123.somatic.indel.vcf.gz", 
            "file_size": 56984064, 
            "object_id": "91a22eb4-1932-5776-9736-037ea6d46c73"
        }, 
        {
            "file_md5sum": "c81cbaed65ab94f9f7c368028394708c", 
            "file_name": "140d6ef7-0217-4d16-9add-215d0d14ba06.svcp_1-0-4.20150123.somatic.indel.vcf.gz.tbi", 
            "file_size": 1522948, 
            "object_id": "4e1875bf-5827-55a6-87d8-910fda2f7086"
        }, 
        {
            "file_md5sum": "1d5988317fd2f64e910eba3e8bd8c11c", 
            "file_name": "140d6ef7-0217-4d16-9add-215d0d14ba06.svcp_1-0-4.20150123.somatic.snv_mnv.tar.gz", 
            "file_size": 161168539, 
            "object_id": "ab80d30d-94d0-5c6d-bee2-7b6a7a5392df"
        }, 
        {
            "file_md5sum": "351308b1e32161d8694cefcb1de66979", 
            "file_name": "140d6ef7-0217-4d16-9add-215d0d14ba06.svcp_1-0-4.20150123.somatic.cnv.tar.gz", 
            "file_size": 26978471, 
            "object_id": "95af08d4-cea8-5ba0-be87-f3bab31babec"
        }, 
        {
            "file_md5sum": "70d966d33f3c8fe5d2671f14ab9653b3", 
            "file_name": "140d6ef7-0217-4d16-9add-215d0d14ba06.svfix_4-0-5.20160114.somatic.sv.tar.gz", 
            "file_size": 308310117, 
            "object_id": "ab5e44f7-886c-5ebd-b9d1-af9b90c17e93"
        }, 
        {
            "file_md5sum": "2eb01a335cf73b6c6bc509689db978ab",