{
    "_runs_": {
        "run_1453954967_deb85559-d172-4052-a892-08f8eadbcd71": {
            "downloading": {
                "gnos-download_time": 111, 
                "start": 1453972675, 
                "stop": 1453972786, 
                "time": 111
            }, 
            "uploading": {
                "copy_meta_time": 2, 
                "start": 1453972799, 
                "stop": 1453972899, 
                "time": 100, 
                "upload_time": 98
            }
        }, 
        "run_1454698755_903b0f92-d9ee-49d4-8095-339a44ab6782": {
            "downloading": {
                "9a3c3edb-82fa-4b4e-aa85-a4298362d99a.svcp_1-0-7.20150710.somatic.cnv.tar.gz-download_time": 15, 
                "9a3c3edb-82fa-4b4e-aa85-a4298362d99a.svcp_1-0-7.20150710.somatic.cnv.tar.gz-md5sum_time": 0, 
                "9a3c3edb-82fa-4b4e-aa85-a4298362d99a.svcp_1-0-7.20150710.somatic.cnv.vcf.gz-download_time": 13, 
                "9a3c3edb-82fa-4b4e-aa85-a4298362d99a.svcp_1-0-7.20150710.somatic.cnv.vcf.gz-md5sum_time": 0, 
                "9a3c3edb-82fa-4b4e-aa85-a4298362d99a.svcp_1-0-7.20150710.somatic.cnv.vcf.gz.tbi-download_time": 13, 
                "9a3c3edb-82fa-4b4e-aa85-a4298362d99a.svcp_1-0-7.20150710.somatic.cnv.vcf.gz.tbi-md5sum_time": 0, 
                "9a3c3edb-82fa-4b4e-aa85-a4298362d99a.svcp_1-0-7.20150710.somatic.genotype.tar.gz-download_time": 15, 
                "9a3c3edb-82fa-4b4e-aa85-a4298362d99a.svcp_1-0-7.20150710.somatic.genotype.tar.gz-md5sum_time": 0, 
                "9a3c3edb-82fa-4b4e-aa85-a4298362d99a.svcp_1-0-7.20150710.somatic.imputeCounts.tar.gz-download_time": 43, 
                "9a3c3edb-82fa-4b4e-aa85-a4298362d99a.svcp_1-0-7.20150710.somatic.imputeCounts.tar.gz-md5sum_time": 1, 
                "9a3c3edb-82fa-4b4e-aa85-a4298362d99a.svcp_1-0-7.20150710.somatic.indel.tar.gz-download_time": 70, 
                "9a3c3edb-82fa-4b4e-aa85-a4298362d99a.svcp_1-0-7.20150710.somatic.indel.tar.gz-md5sum_time": 4, 
                "9a3c3edb-82fa-4b4e-aa85-a4298362d99a.svcp_1-0-7.20150710.somatic.indel.vcf.gz-download_time": 16, 
                "9a3c3edb-82fa-4b4e-aa85-a4298362d99a.svcp_1-0-7.20150710.somatic.indel.vcf.gz-md5sum_time": 0, 
                "9a3c3edb-82fa-4b4e-aa85-a4298362d99a.svcp_1-0-7.20150710.somatic.indel.vcf.gz.tbi-download_time": 13, 
                "9a3c3edb-82fa-4b4e-aa85-a4298362d99a.svcp_1-0-7.20150710.somatic.indel.vcf.gz.tbi-md5sum_time": 1, 
                "9a3c3edb-82fa-4b4e-aa85-a4298362d99a.svcp_1-0-7.20150710.somatic.snv_mnv.tar.gz-download_time": 22, 
                "9a3c3edb-82fa-4b4e-aa85-a4298362d99a.svcp_1-0-7.20150710.somatic.snv_mnv.tar.gz-md5sum_time": 1, 
                "9a3c3edb-82fa-4b4e-aa85-a4298362d99a.svcp_1-0-7.20150710.somatic.snv_mnv.vcf.gz-download_time": 14, 
                "9a3c3edb-82fa-4b4e-aa85-a4298362d99a.svcp_1-0-7.20150710.somatic.snv_mnv.vcf.gz-md5sum_time": 0, 
                "9a3c3edb-82fa-4b4e-aa85-a4298362d99a.svcp_1-0-7.20150710.somatic.snv_mnv.vcf.gz.tbi-download_time": 13, 
                "9a3c3edb-82fa-4b4e-aa85-a4298362d99a.svcp_1-0-7.20150710.somatic.snv_mnv.vcf.gz.tbi-md5sum_time": 0, 
                "9a3c3edb-82fa-4b4e-aa85-a4298362d99a.svcp_1-0-7.20150710.somatic.verifyBamId.tar.gz-download_time": 13, 
                "9a3c3edb-82fa-4b4e-aa85-a4298362d99a.svcp_1-0-7.20150710.somatic.verifyBamId.tar.gz-md5sum_time": 0, 
                "9a3c3edb-82fa-4b4e-aa85-a4298362d99a.svfix_4-0-5.20160113.somatic.sv.tar.gz-download_time": 30, 
                "9a3c3edb-82fa-4b4e-aa85-a4298362d99a.svfix_4-0-5.20160113.somatic.sv.tar.gz-md5sum_time": 1, 
                "9a3c3edb-82fa-4b4e-aa85-a4298362d99a.svfix_4-0-5.20160113.somatic.sv.vcf.gz-download_time": 13, 
                "9a3c3edb-82fa-4b4e-aa85-a4298362d99a.svfix_4-0-5.20160113.somatic.sv.vcf.gz-md5sum_time": 0, 
                "9a3c3edb-82fa-4b4e-aa85-a4298362d99a.svfix_4-0-5.20160113.somatic.sv.vcf.gz.tbi-download_time": 12, 
                "9a3c3edb-82fa-4b4e-aa85-a4298362d99a.svfix_4-0-5.20160113.somatic.sv.vcf.gz.tbi-md5sum_time": 0, 
                "be8d4f78-b9f5-11e5-86cf-1d80eac6e0c4.xml-download_time": 14, 
                "be8d4f78-b9f5-11e5-86cf-1d80eac6e0c4.xml-md5sum_time": 0, 
                "start": 1454710812, 
                "stop": 1454711149, 
                "time": 337
            }
        }
    }, 
    "aliquot_id": null, 
    "available_repos": [
        {
            "https://gtrepo-osdc-icgc.annailabs.com/": {
                "file_md5sum": "7309fc477283796b7db3af977bf1bce7", 
                "file_size": 59108
            }
        }
    ], 
    "data_type": "Sanger-VCF", 
    "files": [
        {
            "file_md5sum": "63307027d4404a468679b2d4d4731240", 
            "file_name": "9a3c3edb-82fa-4b4e-aa85-a4298362d99a.svcp_1-0-7.20150710.somatic.snv_mnv.vcf.gz", 
            "file_size": 4594376, 
            "object_id": "7ed1804c-5f27-552e-88a9-862c13b2bf9e"
        }, 
        {
            "file_md5sum": "9b02f7d9c03c415b6bf08e0b8fa163b4", 
            "file_name": "9a3c3edb-82fa-4b4e-aa85-a4298362d99a.svcp_1-0-7.20150710.somatic.snv_mnv.vcf.gz.tbi", 
            "file_size": 565979, 
            "object_id": "6f36063b-6025-5f1b-a119-6b4cc6fb61c0"
        }, 
        {
            "file_md5sum": "a6d245b480f08181d5a62361a3e27e6a", 
            "file_name": "9a3c3edb-82fa-4b4e-aa85-a4298362d99a.svcp_1-0-7.20150710.somatic.cnv.vcf.gz", 
            "file_size": 2445, 
            "object_id": "2672b8b6-4046-51b8-b57b-e9024968959c"
        }, 
        {
            "file_md5sum": "9c7a8745b692f91679f0c7446e871730", 
            "file_name": "9a3c3edb-82fa-4b4e-aa85-a4298362d99a.svcp_1-0-7.20150710.somatic.cnv.vcf.gz.tbi", 
            "file_size": 4564, 
            "object_id": "08d93835-bc4c-5dfe-b1ea-8042ed4c5db7"
        }, 
        {
            "file_md5sum": "b97d7992f0993f3040a29d9234699c05", 
            "file_name": "9a3c3edb-82fa-4b4e-aa85-a4298362d99a.svfix_4-0-5.20160113.somatic.sv.vcf.gz", 
            "file_size": 4425, 
            "object_id": "0f450960-1603-532e-805e-df56662577f7"
        }, 
        {
            "file_md5sum": "1042927881247ec7fb70b9b2f49305b3", 
            "file_name": "9a3c3edb-82fa-4b4e-aa85-a4298362d99a.svfix_4-0-5.20160113.somatic.sv.vcf.gz.tbi", 
            "file_size": 781, 
            "object_id": "4b4c66c3-18c5-52d9-9f18-082fe9996f7e"
        }, 
        {
            "file_md5sum": "44a55006d260b4ad5a2ea5552df200a1", 
            "file_name": "9a3c3edb-82fa-4b4e-aa85-a4298362d99a.svcp_1-0-7.20150710.somatic.indel.vcf.gz", 
            "file_size": 52020003, 
            "object_id": "7cdd6188-4585-51cb-a1ce-b03e977013de"
        }, 
        {
            "file_md5sum": "297808343ae16e307156567880eb7997", 
            "file_name": "9a3c3edb-82fa-4b4e-aa85-a4298362d99a.svcp_1-0-7.20150710.somatic.indel.vcf.gz.tbi", 
            "file_size": 1493049, 
            "object_id": "c51adbdc-6642-5d59-868a-8a73dbbcc389"
        }, 
        {
            "file_md5sum": "ed57675b730d4bd1a31c2622428c4427", 
            "file_name": "9a3c3edb-82fa-4b4e-aa85-a4298362d99a.svcp_1-0-7.20150710.somatic.snv_mnv.tar.gz", 
            "file_size": 169564226, 
            "object_id": "d643776c-9f27-577c-9ad3-9a71bb293323"
        }, 
        {
            "file_md5sum": "54b756d80878e28124565aef2b2abfcf", 
            "file_name": "9a3c3edb-82fa-4b4e-aa85-a4298362d99a.svcp_1-0-7.20150710.somatic.cnv.tar.gz", 
            "file_size": 27057208, 
            "object_id": "d1b7328d-ec4d-591f-a16f-8235feab3d0c"
        }, 
        {
            "file_md5sum": "ff2499d426918c4a093fdce008967b48", 
            "file_name": "9a3c3edb-82fa-4b4e-aa85-a4298362d99a.svfix_4-0-5.20160113.somatic.sv.tar.gz", 
            "file_size": 293824550, 
            "object_id": "584a5dab-25ae-5ddf-9bae-b74a1952ddf9"
        }, 
        {
            "file_md5sum": "1abc03aca0756dab2adc105ece132fd2",