{
    "_runs_": {
        "run_1453954967_deb85559-d172-4052-a892-08f8eadbcd71": {
            "downloading": {
                "gnos-download_time": 99, 
                "start": 1453973146, 
                "stop": 1453973245, 
                "time": 99
            }, 
            "uploading": {
                "copy_meta_time": 1, 
                "start": 1453973255, 
                "stop": 1453973351, 
                "time": 96, 
                "upload_time": 95
            }
        }, 
        "run_1454698952_d058bae5-5e42-417a-bcd7-9a6997a804ed": {
            "downloading": {
                "b77543e4-c622-11e3-bf01-24c6515278c0.svcp_1-0-5.20150422.somatic.cnv.tar.gz-download_time": 14, 
                "b77543e4-c622-11e3-bf01-24c6515278c0.svcp_1-0-5.20150422.somatic.cnv.tar.gz-md5sum_time": 1, 
                "b77543e4-c622-11e3-bf01-24c6515278c0.svcp_1-0-5.20150422.somatic.cnv.vcf.gz-download_time": 13, 
                "b77543e4-c622-11e3-bf01-24c6515278c0.svcp_1-0-5.20150422.somatic.cnv.vcf.gz-md5sum_time": 0, 
                "b77543e4-c622-11e3-bf01-24c6515278c0.svcp_1-0-5.20150422.somatic.cnv.vcf.gz.tbi-download_time": 12, 
                "b77543e4-c622-11e3-bf01-24c6515278c0.svcp_1-0-5.20150422.somatic.cnv.vcf.gz.tbi-md5sum_time": 0, 
                "b77543e4-c622-11e3-bf01-24c6515278c0.svcp_1-0-5.20150422.somatic.genotype.tar.gz-download_time": 12, 
                "b77543e4-c622-11e3-bf01-24c6515278c0.svcp_1-0-5.20150422.somatic.genotype.tar.gz-md5sum_time": 0, 
                "b77543e4-c622-11e3-bf01-24c6515278c0.svcp_1-0-5.20150422.somatic.imputeCounts.tar.gz-download_time": 40, 
                "b77543e4-c622-11e3-bf01-24c6515278c0.svcp_1-0-5.20150422.somatic.imputeCounts.tar.gz-md5sum_time": 2, 
                "b77543e4-c622-11e3-bf01-24c6515278c0.svcp_1-0-5.20150422.somatic.indel.tar.gz-download_time": 53, 
                "b77543e4-c622-11e3-bf01-24c6515278c0.svcp_1-0-5.20150422.somatic.indel.tar.gz-md5sum_time": 3, 
                "b77543e4-c622-11e3-bf01-24c6515278c0.svcp_1-0-5.20150422.somatic.indel.vcf.gz-download_time": 16, 
                "b77543e4-c622-11e3-bf01-24c6515278c0.svcp_1-0-5.20150422.somatic.indel.vcf.gz-md5sum_time": 0, 
                "b77543e4-c622-11e3-bf01-24c6515278c0.svcp_1-0-5.20150422.somatic.indel.vcf.gz.tbi-download_time": 13, 
                "b77543e4-c622-11e3-bf01-24c6515278c0.svcp_1-0-5.20150422.somatic.indel.vcf.gz.tbi-md5sum_time": 0, 
                "b77543e4-c622-11e3-bf01-24c6515278c0.svcp_1-0-5.20150422.somatic.snv_mnv.tar.gz-download_time": 20, 
                "b77543e4-c622-11e3-bf01-24c6515278c0.svcp_1-0-5.20150422.somatic.snv_mnv.tar.gz-md5sum_time": 1, 
                "b77543e4-c622-11e3-bf01-24c6515278c0.svcp_1-0-5.20150422.somatic.snv_mnv.vcf.gz-download_time": 13, 
                "b77543e4-c622-11e3-bf01-24c6515278c0.svcp_1-0-5.20150422.somatic.snv_mnv.vcf.gz-md5sum_time": 0, 
                "b77543e4-c622-11e3-bf01-24c6515278c0.svcp_1-0-5.20150422.somatic.snv_mnv.vcf.gz.tbi-download_time": 13, 
                "b77543e4-c622-11e3-bf01-24c6515278c0.svcp_1-0-5.20150422.somatic.snv_mnv.vcf.gz.tbi-md5sum_time": 0, 
                "b77543e4-c622-11e3-bf01-24c6515278c0.svcp_1-0-5.20150422.somatic.verifyBamId.tar.gz-download_time": 13, 
                "b77543e4-c622-11e3-bf01-24c6515278c0.svcp_1-0-5.20150422.somatic.verifyBamId.tar.gz-md5sum_time": 0, 
                "b77543e4-c622-11e3-bf01-24c6515278c0.svfix_4-0-5.20160113.somatic.sv.tar.gz-download_time": 30, 
                "b77543e4-c622-11e3-bf01-24c6515278c0.svfix_4-0-5.20160113.somatic.sv.tar.gz-md5sum_time": 2, 
                "b77543e4-c622-11e3-bf01-24c6515278c0.svfix_4-0-5.20160113.somatic.sv.vcf.gz-download_time": 12, 
                "b77543e4-c622-11e3-bf01-24c6515278c0.svfix_4-0-5.20160113.somatic.sv.vcf.gz-md5sum_time": 0, 
                "b77543e4-c622-11e3-bf01-24c6515278c0.svfix_4-0-5.20160113.somatic.sv.vcf.gz.tbi-download_time": 12, 
                "b77543e4-c622-11e3-bf01-24c6515278c0.svfix_4-0-5.20160113.somatic.sv.vcf.gz.tbi-md5sum_time": 0, 
                "c0822284-ba01-11e5-b4c7-1980eac6e0c4.xml-download_time": 13, 
                "c0822284-ba01-11e5-b4c7-1980eac6e0c4.xml-md5sum_time": 0, 
                "start": 1454711389, 
                "stop": 1454711697, 
                "time": 308
            }
        }
    }, 
    "aliquot_id": null, 
    "available_repos": [
        {
            "https://gtrepo-osdc-icgc.annailabs.com/": {
                "file_md5sum": "4a8d7313a3b70603f6ab110bcd207647", 
                "file_size": 58282
            }
        }
    ], 
    "data_type": "Sanger-VCF", 
    "files": [
        {
            "file_md5sum": "84ca351535bc8c760fb8964e0b120f79", 
            "file_name": "b77543e4-c622-11e3-bf01-24c6515278c0.svcp_1-0-5.20150422.somatic.snv_mnv.vcf.gz", 
            "file_size": 2161588, 
            "object_id": "9692fa15-58d3-5cf3-9b16-f39bbdd9849d"
        }, 
        {
            "file_md5sum": "c09e31d603071251491c75da7fa5f93e", 
            "file_name": "b77543e4-c622-11e3-bf01-24c6515278c0.svcp_1-0-5.20150422.somatic.snv_mnv.vcf.gz.tbi", 
            "file_size": 337099, 
            "object_id": "636d52a2-c1fb-5bad-a889-a4d9efac61e5"
        }, 
        {
            "file_md5sum": "41b50b2d302dc8019ac55479b217246a", 
            "file_name": "b77543e4-c622-11e3-bf01-24c6515278c0.svcp_1-0-5.20150422.somatic.cnv.vcf.gz", 
            "file_size": 7768, 
            "object_id": "8caaed1e-50f2-53b7-a7a2-b6f48b507e22"
        }, 
        {
            "file_md5sum": "f8c05eef80fcd59cbaeb580f1a2b0fdb", 
            "file_name": "b77543e4-c622-11e3-bf01-24c6515278c0.svcp_1-0-5.20150422.somatic.cnv.vcf.gz.tbi", 
            "file_size": 8242, 
            "object_id": "4957f751-06db-5311-8e7a-a254dc376dc6"
        }, 
        {
            "file_md5sum": "cd25ad75c68e35dffbde47137a02c549", 
            "file_name": "b77543e4-c622-11e3-bf01-24c6515278c0.svfix_4-0-5.20160113.somatic.sv.vcf.gz", 
            "file_size": 28438, 
            "object_id": "4c62cf1f-8f2d-5dce-bde7-940b2004095d"
        }, 
        {
            "file_md5sum": "83386f4784028132fbb33cd03f352783", 
            "file_name": "b77543e4-c622-11e3-bf01-24c6515278c0.svfix_4-0-5.20160113.somatic.sv.vcf.gz.tbi", 
            "file_size": 5282, 
            "object_id": "808591d8-dc4e-57dc-adf1-d5719677bcbe"
        }, 
        {
            "file_md5sum": "61fa1a37a27ba3ed072f9e98e1cef868", 
            "file_name": "b77543e4-c622-11e3-bf01-24c6515278c0.svcp_1-0-5.20150422.somatic.indel.vcf.gz", 
            "file_size": 47078207, 
            "object_id": "5a00f348-5699-5385-95b5-d1984a4d0fdd"
        }, 
        {
            "file_md5sum": "d5e5ba5b60ea1c6dba54fb2194db8d99", 
            "file_name": "b77543e4-c622-11e3-bf01-24c6515278c0.svcp_1-0-5.20150422.somatic.indel.vcf.gz.tbi", 
            "file_size": 1465025, 
            "object_id": "af3401b5-f563-5e6e-a1a9-a9d8e10811da"
        }, 
        {
            "file_md5sum": "19d534a08f55d1391d2823034cb2c7ef", 
            "file_name": "b77543e4-c622-11e3-bf01-24c6515278c0.svcp_1-0-5.20150422.somatic.snv_mnv.tar.gz", 
            "file_size": 158261521, 
            "object_id": "c392dea5-07a9-5736-aa96-c384a4a054e4"
        }, 
        {
            "file_md5sum": "d8b89a3456cc6ebbf4d19facd80c1db9", 
            "file_name": "b77543e4-c622-11e3-bf01-24c6515278c0.svcp_1-0-5.20150422.somatic.cnv.tar.gz", 
            "file_size": 27250841, 
            "object_id": "fa4287d4-dffe-5c68-a7bb-8b60e132b7d5"
        }, 
        {
            "file_md5sum": "9da5951d77bd3461722618222986dd9c", 
            "file_name": "b77543e4-c622-11e3-bf01-24c6515278c0.svfix_4-0-5.20160113.somatic.sv.tar.gz", 
            "file_size": 311527385, 
            "object_id": "541c8595-76ff-53d1-b2fb-50cf59b5c1de"
        }, 
        {
            "file_md5sum": "07b6181b2e0226c1da4248401f4cc442",