{
    "_runs_": {
        "run_1453954967_deb85559-d172-4052-a892-08f8eadbcd71": {
            "downloading": {
                "gnos-download_time": 106, 
                "start": 1453973571, 
                "stop": 1453973677, 
                "time": 106
            }, 
            "uploading": {
                "copy_meta_time": 1, 
                "start": 1453973690, 
                "stop": 1453973813, 
                "time": 123, 
                "upload_time": 121
            }
        }, 
        "run_1454699093_57d685ba-f89e-44a4-80bd-3ee7609d262a": {
            "downloading": {
                "b5cabba2-30a4-458e-897c-00ec3fefa6d2.svcp_1-0-5.20150316.somatic.cnv.tar.gz-download_time": 15, 
                "b5cabba2-30a4-458e-897c-00ec3fefa6d2.svcp_1-0-5.20150316.somatic.cnv.tar.gz-md5sum_time": 0, 
                "b5cabba2-30a4-458e-897c-00ec3fefa6d2.svcp_1-0-5.20150316.somatic.cnv.vcf.gz-download_time": 13, 
                "b5cabba2-30a4-458e-897c-00ec3fefa6d2.svcp_1-0-5.20150316.somatic.cnv.vcf.gz-md5sum_time": 0, 
                "b5cabba2-30a4-458e-897c-00ec3fefa6d2.svcp_1-0-5.20150316.somatic.cnv.vcf.gz.tbi-download_time": 12, 
                "b5cabba2-30a4-458e-897c-00ec3fefa6d2.svcp_1-0-5.20150316.somatic.cnv.vcf.gz.tbi-md5sum_time": 0, 
                "b5cabba2-30a4-458e-897c-00ec3fefa6d2.svcp_1-0-5.20150316.somatic.genotype.tar.gz-download_time": 14, 
                "b5cabba2-30a4-458e-897c-00ec3fefa6d2.svcp_1-0-5.20150316.somatic.genotype.tar.gz-md5sum_time": 0, 
                "b5cabba2-30a4-458e-897c-00ec3fefa6d2.svcp_1-0-5.20150316.somatic.imputeCounts.tar.gz-download_time": 46, 
                "b5cabba2-30a4-458e-897c-00ec3fefa6d2.svcp_1-0-5.20150316.somatic.imputeCounts.tar.gz-md5sum_time": 2, 
                "b5cabba2-30a4-458e-897c-00ec3fefa6d2.svcp_1-0-5.20150316.somatic.indel.tar.gz-download_time": 79, 
                "b5cabba2-30a4-458e-897c-00ec3fefa6d2.svcp_1-0-5.20150316.somatic.indel.tar.gz-md5sum_time": 3, 
                "b5cabba2-30a4-458e-897c-00ec3fefa6d2.svcp_1-0-5.20150316.somatic.indel.vcf.gz-download_time": 16, 
                "b5cabba2-30a4-458e-897c-00ec3fefa6d2.svcp_1-0-5.20150316.somatic.indel.vcf.gz-md5sum_time": 0, 
                "b5cabba2-30a4-458e-897c-00ec3fefa6d2.svcp_1-0-5.20150316.somatic.indel.vcf.gz.tbi-download_time": 13, 
                "b5cabba2-30a4-458e-897c-00ec3fefa6d2.svcp_1-0-5.20150316.somatic.indel.vcf.gz.tbi-md5sum_time": 0, 
                "b5cabba2-30a4-458e-897c-00ec3fefa6d2.svcp_1-0-5.20150316.somatic.snv_mnv.tar.gz-download_time": 24, 
                "b5cabba2-30a4-458e-897c-00ec3fefa6d2.svcp_1-0-5.20150316.somatic.snv_mnv.tar.gz-md5sum_time": 0, 
                "b5cabba2-30a4-458e-897c-00ec3fefa6d2.svcp_1-0-5.20150316.somatic.snv_mnv.vcf.gz-download_time": 14, 
                "b5cabba2-30a4-458e-897c-00ec3fefa6d2.svcp_1-0-5.20150316.somatic.snv_mnv.vcf.gz-md5sum_time": 0, 
                "b5cabba2-30a4-458e-897c-00ec3fefa6d2.svcp_1-0-5.20150316.somatic.snv_mnv.vcf.gz.tbi-download_time": 12, 
                "b5cabba2-30a4-458e-897c-00ec3fefa6d2.svcp_1-0-5.20150316.somatic.snv_mnv.vcf.gz.tbi-md5sum_time": 0, 
                "b5cabba2-30a4-458e-897c-00ec3fefa6d2.svcp_1-0-5.20150316.somatic.verifyBamId.tar.gz-download_time": 13, 
                "b5cabba2-30a4-458e-897c-00ec3fefa6d2.svcp_1-0-5.20150316.somatic.verifyBamId.tar.gz-md5sum_time": 0, 
                "b5cabba2-30a4-458e-897c-00ec3fefa6d2.svfix_4-0-5.20160114.somatic.sv.tar.gz-download_time": 30, 
                "b5cabba2-30a4-458e-897c-00ec3fefa6d2.svfix_4-0-5.20160114.somatic.sv.tar.gz-md5sum_time": 1, 
                "b5cabba2-30a4-458e-897c-00ec3fefa6d2.svfix_4-0-5.20160114.somatic.sv.vcf.gz-download_time": 13, 
                "b5cabba2-30a4-458e-897c-00ec3fefa6d2.svfix_4-0-5.20160114.somatic.sv.vcf.gz-md5sum_time": 0, 
                "b5cabba2-30a4-458e-897c-00ec3fefa6d2.svfix_4-0-5.20160114.somatic.sv.vcf.gz.tbi-download_time": 12, 
                "b5cabba2-30a4-458e-897c-00ec3fefa6d2.svfix_4-0-5.20160114.somatic.sv.vcf.gz.tbi-md5sum_time": 0, 
                "c1e3d326-badc-11e5-9285-ff6ceac6e0c4.xml-download_time": 12, 
                "c1e3d326-badc-11e5-9285-ff6ceac6e0c4.xml-md5sum_time": 0, 
                "start": 1454711903, 
                "stop": 1454712248, 
                "time": 345
            }
        }
    }, 
    "aliquot_id": null, 
    "available_repos": [
        {
            "https://gtrepo-osdc-icgc.annailabs.com/": {
                "file_md5sum": "06eb64ec818470484215097a1e53a3de", 
                "file_size": 59693
            }
        }
    ], 
    "data_type": "Sanger-VCF", 
    "files": [
        {
            "file_md5sum": "0f50df58f09ee078a7317d54bcefceba", 
            "file_name": "b5cabba2-30a4-458e-897c-00ec3fefa6d2.svcp_1-0-5.20150316.somatic.snv_mnv.vcf.gz", 
            "file_size": 1951521, 
            "object_id": "62c03c41-8eb3-5351-ac04-6ebd4e4a51d7"
        }, 
        {
            "file_md5sum": "eaff53d25b404ab1092a90286a27283b", 
            "file_name": "b5cabba2-30a4-458e-897c-00ec3fefa6d2.svcp_1-0-5.20150316.somatic.snv_mnv.vcf.gz.tbi", 
            "file_size": 325508, 
            "object_id": "8c0547ab-f372-5a5b-9723-a1fae64c2825"
        }, 
        {
            "file_md5sum": "c7b071de99abaaf49c795291a6dc8586", 
            "file_name": "b5cabba2-30a4-458e-897c-00ec3fefa6d2.svcp_1-0-5.20150316.somatic.cnv.vcf.gz", 
            "file_size": 2649, 
            "object_id": "95948bfa-e556-59db-9f68-63abb9e00ccc"
        }, 
        {
            "file_md5sum": "f6afe8fbeefdedd123cf9142a4bc802d", 
            "file_name": "b5cabba2-30a4-458e-897c-00ec3fefa6d2.svcp_1-0-5.20150316.somatic.cnv.vcf.gz.tbi", 
            "file_size": 4721, 
            "object_id": "c33f9016-fe1a-5344-81b9-9b8bd4595d68"
        }, 
        {
            "file_md5sum": "fb3624e0ebf26b203814f66a29e9de38", 
            "file_name": "b5cabba2-30a4-458e-897c-00ec3fefa6d2.svfix_4-0-5.20160114.somatic.sv.vcf.gz", 
            "file_size": 9046, 
            "object_id": "3a1e72d7-0a68-5654-bba9-ad94ccb92c8f"
        }, 
        {
            "file_md5sum": "31f663839ef1f8c6d83efbb8f75a1ebf", 
            "file_name": "b5cabba2-30a4-458e-897c-00ec3fefa6d2.svfix_4-0-5.20160114.somatic.sv.vcf.gz.tbi", 
            "file_size": 1440, 
            "object_id": "43a1899e-482e-55c8-aef9-fd4a2cbe0564"
        }, 
        {
            "file_md5sum": "153ff56fc789cb17fff6f3d181e1cdd9", 
            "file_name": "b5cabba2-30a4-458e-897c-00ec3fefa6d2.svcp_1-0-5.20150316.somatic.indel.vcf.gz", 
            "file_size": 53916581, 
            "object_id": "2a983e15-560e-5b7b-a707-aea7b0143ccd"
        }, 
        {
            "file_md5sum": "64c1fd48a102687c9e1cdf12214db4d9", 
            "file_name": "b5cabba2-30a4-458e-897c-00ec3fefa6d2.svcp_1-0-5.20150316.somatic.indel.vcf.gz.tbi", 
            "file_size": 1507062, 
            "object_id": "5570783c-1605-52de-b861-1465938593c7"
        }, 
        {
            "file_md5sum": "aea4c4e44ee4be697437340697006f60", 
            "file_name": "b5cabba2-30a4-458e-897c-00ec3fefa6d2.svcp_1-0-5.20150316.somatic.snv_mnv.tar.gz", 
            "file_size": 167344603, 
            "object_id": "b02b272e-2bb2-5701-8214-5ae4e3346e4d"
        }, 
        {
            "file_md5sum": "7f1c81ba01907cee062515576001ac4d", 
            "file_name": "b5cabba2-30a4-458e-897c-00ec3fefa6d2.svcp_1-0-5.20150316.somatic.cnv.tar.gz", 
            "file_size": 26890994, 
            "object_id": "f3fc782e-b9c7-5b92-80f2-282fd903f786"
        }, 
        {
            "file_md5sum": "ab45d82cf05f72ed160674a1e1c4b6b3", 
            "file_name": "b5cabba2-30a4-458e-897c-00ec3fefa6d2.svfix_4-0-5.20160114.somatic.sv.tar.gz", 
            "file_size": 301339204, 
            "object_id": "2a8a8d2f-322a-53fd-9583-55d8885a5ae8"
        }, 
        {
            "file_md5sum": "88355b32e3920262c54fcd251fb7316e",