{
    "_runs_": {
        "run_1453954910_5609ae24-c8e4-4bbb-a25d-d0836c411348": {
            "downloading": {
                "gnos-download_time": 95, 
                "start": 1453974064, 
                "stop": 1453974159, 
                "time": 95
            }, 
            "uploading": {
                "copy_meta_time": 1, 
                "start": 1453974170, 
                "stop": 1453974264, 
                "time": 94, 
                "upload_time": 92
            }
        }, 
        "run_1454698820_31e0fe60-9a43-4101-83ad-8a596dbe60ad": {
            "downloading": {
                "56ddcb96-e90b-4fce-aa4c-c677bbfee488.svcp_1-0-5.20150707.somatic.cnv.tar.gz-download_time": 14, 
                "56ddcb96-e90b-4fce-aa4c-c677bbfee488.svcp_1-0-5.20150707.somatic.cnv.tar.gz-md5sum_time": 0, 
                "56ddcb96-e90b-4fce-aa4c-c677bbfee488.svcp_1-0-5.20150707.somatic.cnv.vcf.gz-download_time": 12, 
                "56ddcb96-e90b-4fce-aa4c-c677bbfee488.svcp_1-0-5.20150707.somatic.cnv.vcf.gz-md5sum_time": 0, 
                "56ddcb96-e90b-4fce-aa4c-c677bbfee488.svcp_1-0-5.20150707.somatic.cnv.vcf.gz.tbi-download_time": 12, 
                "56ddcb96-e90b-4fce-aa4c-c677bbfee488.svcp_1-0-5.20150707.somatic.cnv.vcf.gz.tbi-md5sum_time": 0, 
                "56ddcb96-e90b-4fce-aa4c-c677bbfee488.svcp_1-0-5.20150707.somatic.genotype.tar.gz-download_time": 13, 
                "56ddcb96-e90b-4fce-aa4c-c677bbfee488.svcp_1-0-5.20150707.somatic.genotype.tar.gz-md5sum_time": 0, 
                "56ddcb96-e90b-4fce-aa4c-c677bbfee488.svcp_1-0-5.20150707.somatic.imputeCounts.tar.gz-download_time": 41, 
                "56ddcb96-e90b-4fce-aa4c-c677bbfee488.svcp_1-0-5.20150707.somatic.imputeCounts.tar.gz-md5sum_time": 2, 
                "56ddcb96-e90b-4fce-aa4c-c677bbfee488.svcp_1-0-5.20150707.somatic.indel.tar.gz-download_time": 64, 
                "56ddcb96-e90b-4fce-aa4c-c677bbfee488.svcp_1-0-5.20150707.somatic.indel.tar.gz-md5sum_time": 3, 
                "56ddcb96-e90b-4fce-aa4c-c677bbfee488.svcp_1-0-5.20150707.somatic.indel.vcf.gz-download_time": 16, 
                "56ddcb96-e90b-4fce-aa4c-c677bbfee488.svcp_1-0-5.20150707.somatic.indel.vcf.gz-md5sum_time": 0, 
                "56ddcb96-e90b-4fce-aa4c-c677bbfee488.svcp_1-0-5.20150707.somatic.indel.vcf.gz.tbi-download_time": 13, 
                "56ddcb96-e90b-4fce-aa4c-c677bbfee488.svcp_1-0-5.20150707.somatic.indel.vcf.gz.tbi-md5sum_time": 0, 
                "56ddcb96-e90b-4fce-aa4c-c677bbfee488.svcp_1-0-5.20150707.somatic.snv_mnv.tar.gz-download_time": 22, 
                "56ddcb96-e90b-4fce-aa4c-c677bbfee488.svcp_1-0-5.20150707.somatic.snv_mnv.tar.gz-md5sum_time": 1, 
                "56ddcb96-e90b-4fce-aa4c-c677bbfee488.svcp_1-0-5.20150707.somatic.snv_mnv.vcf.gz-download_time": 13, 
                "56ddcb96-e90b-4fce-aa4c-c677bbfee488.svcp_1-0-5.20150707.somatic.snv_mnv.vcf.gz-md5sum_time": 0, 
                "56ddcb96-e90b-4fce-aa4c-c677bbfee488.svcp_1-0-5.20150707.somatic.snv_mnv.vcf.gz.tbi-download_time": 13, 
                "56ddcb96-e90b-4fce-aa4c-c677bbfee488.svcp_1-0-5.20150707.somatic.snv_mnv.vcf.gz.tbi-md5sum_time": 0, 
                "56ddcb96-e90b-4fce-aa4c-c677bbfee488.svcp_1-0-5.20150707.somatic.verifyBamId.tar.gz-download_time": 13, 
                "56ddcb96-e90b-4fce-aa4c-c677bbfee488.svcp_1-0-5.20150707.somatic.verifyBamId.tar.gz-md5sum_time": 0, 
                "56ddcb96-e90b-4fce-aa4c-c677bbfee488.svfix_4-0-5.20160115.somatic.sv.tar.gz-download_time": 30, 
                "56ddcb96-e90b-4fce-aa4c-c677bbfee488.svfix_4-0-5.20160115.somatic.sv.tar.gz-md5sum_time": 1, 
                "56ddcb96-e90b-4fce-aa4c-c677bbfee488.svfix_4-0-5.20160115.somatic.sv.vcf.gz-download_time": 12, 
                "56ddcb96-e90b-4fce-aa4c-c677bbfee488.svfix_4-0-5.20160115.somatic.sv.vcf.gz-md5sum_time": 0, 
                "56ddcb96-e90b-4fce-aa4c-c677bbfee488.svfix_4-0-5.20160115.somatic.sv.vcf.gz.tbi-download_time": 12, 
                "56ddcb96-e90b-4fce-aa4c-c677bbfee488.svfix_4-0-5.20160115.somatic.sv.vcf.gz.tbi-md5sum_time": 0, 
                "c4585d68-bb70-11e5-970c-81cbeac6e0c4.xml-download_time": 12, 
                "c4585d68-bb70-11e5-970c-81cbeac6e0c4.xml-md5sum_time": 0, 
                "start": 1454712684, 
                "stop": 1454713004, 
                "time": 320
            }
        }
    }, 
    "aliquot_id": null, 
    "available_repos": [
        {
            "https://gtrepo-osdc-icgc.annailabs.com/": {
                "file_md5sum": "41876f805966c8eba5438115cb503267", 
                "file_size": 58453
            }
        }
    ], 
    "data_type": "Sanger-VCF", 
    "files": [
        {
            "file_md5sum": "c36cbc0d2e085c920e929b6abfca4a55", 
            "file_name": "56ddcb96-e90b-4fce-aa4c-c677bbfee488.svcp_1-0-5.20150707.somatic.snv_mnv.vcf.gz", 
            "file_size": 2257869, 
            "object_id": "86b60c09-d06f-5bdd-b0a6-a651111b0a9c"
        }, 
        {
            "file_md5sum": "5c1d965473473f7dc7185423e3df7711", 
            "file_name": "56ddcb96-e90b-4fce-aa4c-c677bbfee488.svcp_1-0-5.20150707.somatic.snv_mnv.vcf.gz.tbi", 
            "file_size": 332434, 
            "object_id": "77be1573-c82f-5988-98c0-ca58f5b6ef6f"
        }, 
        {
            "file_md5sum": "ef0c76d92b0e177a81faddbfbd62b9b9", 
            "file_name": "56ddcb96-e90b-4fce-aa4c-c677bbfee488.svcp_1-0-5.20150707.somatic.cnv.vcf.gz", 
            "file_size": 7197, 
            "object_id": "7a296a49-49e0-5faa-917c-3d7375a8aaaf"
        }, 
        {
            "file_md5sum": "03f05c6bec7ecb5abb7e7c70c6cb0b87", 
            "file_name": "56ddcb96-e90b-4fce-aa4c-c677bbfee488.svcp_1-0-5.20150707.somatic.cnv.vcf.gz.tbi", 
            "file_size": 7165, 
            "object_id": "cc8d6e6f-1251-5457-988d-e0d19247603d"
        }, 
        {
            "file_md5sum": "e6c73152b3bc7ceb42dcfbfd3de128d4", 
            "file_name": "56ddcb96-e90b-4fce-aa4c-c677bbfee488.svfix_4-0-5.20160115.somatic.sv.vcf.gz", 
            "file_size": 529395, 
            "object_id": "fa8dbd43-5aaa-5ce1-ae3f-f0da98929fb5"
        }, 
        {
            "file_md5sum": "309ce3f34d685523a951ee9025af4f47", 
            "file_name": "56ddcb96-e90b-4fce-aa4c-c677bbfee488.svfix_4-0-5.20160115.somatic.sv.vcf.gz.tbi", 
            "file_size": 10255, 
            "object_id": "d2cc6166-59d8-53d1-9d08-866fc3e02475"
        }, 
        {
            "file_md5sum": "8468cffeabf5829eb404a0dab059e9b6", 
            "file_name": "56ddcb96-e90b-4fce-aa4c-c677bbfee488.svcp_1-0-5.20150707.somatic.indel.vcf.gz", 
            "file_size": 48930390, 
            "object_id": "b221ce92-da5d-5459-af35-1da324bf0e4d"
        }, 
        {
            "file_md5sum": "8eb69a10a6d841bf0bd0568ef99ff4b6", 
            "file_name": "56ddcb96-e90b-4fce-aa4c-c677bbfee488.svcp_1-0-5.20150707.somatic.indel.vcf.gz.tbi", 
            "file_size": 1463796, 
            "object_id": "8e15a774-160c-570a-8721-dded9115ff48"
        }, 
        {
            "file_md5sum": "dc5efc89f562b2d189ec4f82cc500721", 
            "file_name": "56ddcb96-e90b-4fce-aa4c-c677bbfee488.svcp_1-0-5.20150707.somatic.snv_mnv.tar.gz", 
            "file_size": 161991253, 
            "object_id": "ec34db94-6b2a-5876-8e33-742f4dc97927"
        }, 
        {
            "file_md5sum": "26d9b4053af11568114a97d9169cebb8", 
            "file_name": "56ddcb96-e90b-4fce-aa4c-c677bbfee488.svcp_1-0-5.20150707.somatic.cnv.tar.gz", 
            "file_size": 26611220, 
            "object_id": "ae5f9c9f-1c6e-5f2d-8c2e-4cf1f8efd49f"
        }, 
        {
            "file_md5sum": "c575fab09b990c3df2658d8bb43a56cf", 
            "file_name": "56ddcb96-e90b-4fce-aa4c-c677bbfee488.svfix_4-0-5.20160115.somatic.sv.tar.gz", 
            "file_size": 294734704, 
            "object_id": "bfc3e872-2079-5d9e-b835-348aa02bc01e"
        }, 
        {
            "file_md5sum": "412325de6eb1ec79e1f38343c0840144",