{
    "_runs_": {
        "run_1453954910_5609ae24-c8e4-4bbb-a25d-d0836c411348": {
            "downloading": {
                "gnos-download_time": 106, 
                "start": 1453974505, 
                "stop": 1453974611, 
                "time": 106
            }, 
            "uploading": {
                "copy_meta_time": 2, 
                "start": 1453974625, 
                "stop": 1453974724, 
                "time": 99, 
                "upload_time": 97
            }
        }, 
        "run_1454698755_903b0f92-d9ee-49d4-8095-339a44ab6782": {
            "downloading": {
                "c5ce7e54-ba56-11e5-80c4-eb86eac6e0c4.xml-download_time": 13, 
                "c5ce7e54-ba56-11e5-80c4-eb86eac6e0c4.xml-md5sum_time": 0, 
                "eb9a8f12-6451-43cc-95b3-2e86cf704c96.svcp_1-0-5.20150625.somatic.cnv.tar.gz-download_time": 16, 
                "eb9a8f12-6451-43cc-95b3-2e86cf704c96.svcp_1-0-5.20150625.somatic.cnv.tar.gz-md5sum_time": 0, 
                "eb9a8f12-6451-43cc-95b3-2e86cf704c96.svcp_1-0-5.20150625.somatic.cnv.vcf.gz-download_time": 13, 
                "eb9a8f12-6451-43cc-95b3-2e86cf704c96.svcp_1-0-5.20150625.somatic.cnv.vcf.gz-md5sum_time": 0, 
                "eb9a8f12-6451-43cc-95b3-2e86cf704c96.svcp_1-0-5.20150625.somatic.cnv.vcf.gz.tbi-download_time": 13, 
                "eb9a8f12-6451-43cc-95b3-2e86cf704c96.svcp_1-0-5.20150625.somatic.cnv.vcf.gz.tbi-md5sum_time": 0, 
                "eb9a8f12-6451-43cc-95b3-2e86cf704c96.svcp_1-0-5.20150625.somatic.genotype.tar.gz-download_time": 14, 
                "eb9a8f12-6451-43cc-95b3-2e86cf704c96.svcp_1-0-5.20150625.somatic.genotype.tar.gz-md5sum_time": 0, 
                "eb9a8f12-6451-43cc-95b3-2e86cf704c96.svcp_1-0-5.20150625.somatic.imputeCounts.tar.gz-download_time": 40, 
                "eb9a8f12-6451-43cc-95b3-2e86cf704c96.svcp_1-0-5.20150625.somatic.imputeCounts.tar.gz-md5sum_time": 2, 
                "eb9a8f12-6451-43cc-95b3-2e86cf704c96.svcp_1-0-5.20150625.somatic.indel.tar.gz-download_time": 76, 
                "eb9a8f12-6451-43cc-95b3-2e86cf704c96.svcp_1-0-5.20150625.somatic.indel.tar.gz-md5sum_time": 4, 
                "eb9a8f12-6451-43cc-95b3-2e86cf704c96.svcp_1-0-5.20150625.somatic.indel.vcf.gz-download_time": 16, 
                "eb9a8f12-6451-43cc-95b3-2e86cf704c96.svcp_1-0-5.20150625.somatic.indel.vcf.gz-md5sum_time": 0, 
                "eb9a8f12-6451-43cc-95b3-2e86cf704c96.svcp_1-0-5.20150625.somatic.indel.vcf.gz.tbi-download_time": 14, 
                "eb9a8f12-6451-43cc-95b3-2e86cf704c96.svcp_1-0-5.20150625.somatic.indel.vcf.gz.tbi-md5sum_time": 0, 
                "eb9a8f12-6451-43cc-95b3-2e86cf704c96.svcp_1-0-5.20150625.somatic.snv_mnv.tar.gz-download_time": 23, 
                "eb9a8f12-6451-43cc-95b3-2e86cf704c96.svcp_1-0-5.20150625.somatic.snv_mnv.tar.gz-md5sum_time": 0, 
                "eb9a8f12-6451-43cc-95b3-2e86cf704c96.svcp_1-0-5.20150625.somatic.snv_mnv.vcf.gz-download_time": 14, 
                "eb9a8f12-6451-43cc-95b3-2e86cf704c96.svcp_1-0-5.20150625.somatic.snv_mnv.vcf.gz-md5sum_time": 0, 
                "eb9a8f12-6451-43cc-95b3-2e86cf704c96.svcp_1-0-5.20150625.somatic.snv_mnv.vcf.gz.tbi-download_time": 12, 
                "eb9a8f12-6451-43cc-95b3-2e86cf704c96.svcp_1-0-5.20150625.somatic.snv_mnv.vcf.gz.tbi-md5sum_time": 0, 
                "eb9a8f12-6451-43cc-95b3-2e86cf704c96.svcp_1-0-5.20150625.somatic.verifyBamId.tar.gz-download_time": 13, 
                "eb9a8f12-6451-43cc-95b3-2e86cf704c96.svcp_1-0-5.20150625.somatic.verifyBamId.tar.gz-md5sum_time": 0, 
                "eb9a8f12-6451-43cc-95b3-2e86cf704c96.svfix_4-0-5.20160114.somatic.sv.tar.gz-download_time": 32, 
                "eb9a8f12-6451-43cc-95b3-2e86cf704c96.svfix_4-0-5.20160114.somatic.sv.tar.gz-md5sum_time": 1, 
                "eb9a8f12-6451-43cc-95b3-2e86cf704c96.svfix_4-0-5.20160114.somatic.sv.vcf.gz-download_time": 12, 
                "eb9a8f12-6451-43cc-95b3-2e86cf704c96.svfix_4-0-5.20160114.somatic.sv.vcf.gz-md5sum_time": 0, 
                "eb9a8f12-6451-43cc-95b3-2e86cf704c96.svfix_4-0-5.20160114.somatic.sv.vcf.gz.tbi-download_time": 13, 
                "eb9a8f12-6451-43cc-95b3-2e86cf704c96.svfix_4-0-5.20160114.somatic.sv.vcf.gz.tbi-md5sum_time": 0, 
                "start": 1454713290, 
                "stop": 1454713632, 
                "time": 342
            }
        }
    }, 
    "aliquot_id": null, 
    "available_repos": [
        {
            "https://gtrepo-osdc-icgc.annailabs.com/": {
                "file_md5sum": "dccfebe4f0d7ccaaf73db3563f42979d", 
                "file_size": 60811
            }
        }
    ], 
    "data_type": "Sanger-VCF", 
    "files": [
        {
            "file_md5sum": "6a1d1393732b13e8a8e16e58e3d048ed", 
            "file_name": "eb9a8f12-6451-43cc-95b3-2e86cf704c96.svcp_1-0-5.20150625.somatic.snv_mnv.vcf.gz", 
            "file_size": 4347702, 
            "object_id": "9ddd29fb-be27-56c5-a91d-f39c501c7732"
        }, 
        {
            "file_md5sum": "75e51295db4cde16c52b2cd44e9eb4ff", 
            "file_name": "eb9a8f12-6451-43cc-95b3-2e86cf704c96.svcp_1-0-5.20150625.somatic.snv_mnv.vcf.gz.tbi", 
            "file_size": 586975, 
            "object_id": "229e5e1e-8dce-514c-a1be-4872bef2f1e6"
        }, 
        {
            "file_md5sum": "a72c50656f4596613d4e2a4ac07e58be", 
            "file_name": "eb9a8f12-6451-43cc-95b3-2e86cf704c96.svcp_1-0-5.20150625.somatic.cnv.vcf.gz", 
            "file_size": 4901, 
            "object_id": "f6b6b58e-5ada-50e2-b8d5-023ad93160f7"
        }, 
        {
            "file_md5sum": "78755c52150a9892faaffb303e004bba", 
            "file_name": "eb9a8f12-6451-43cc-95b3-2e86cf704c96.svcp_1-0-5.20150625.somatic.cnv.vcf.gz.tbi", 
            "file_size": 6154, 
            "object_id": "d3d26e9f-b090-5f1a-884b-e56ad9e6274c"
        }, 
        {
            "file_md5sum": "0ae663f58267f4445d2fd25c4476e216", 
            "file_name": "eb9a8f12-6451-43cc-95b3-2e86cf704c96.svfix_4-0-5.20160114.somatic.sv.vcf.gz", 
            "file_size": 195514, 
            "object_id": "a43cf761-bbcc-5739-a417-b8e38bad9d2b"
        }, 
        {
            "file_md5sum": "9841464b8ac487cf9bc03865b196fada", 
            "file_name": "eb9a8f12-6451-43cc-95b3-2e86cf704c96.svfix_4-0-5.20160114.somatic.sv.vcf.gz.tbi", 
            "file_size": 8135, 
            "object_id": "81fb86db-5d99-5cde-97e6-e5551371cd50"
        }, 
        {
            "file_md5sum": "c28e223ad61fbc589383a973be99550a", 
            "file_name": "eb9a8f12-6451-43cc-95b3-2e86cf704c96.svcp_1-0-5.20150625.somatic.indel.vcf.gz", 
            "file_size": 49327111, 
            "object_id": "42ae2982-3c57-5de9-ba0f-5a0a4c9b67d9"
        }, 
        {
            "file_md5sum": "30117d5a391d72de041765ebf859d66a", 
            "file_name": "eb9a8f12-6451-43cc-95b3-2e86cf704c96.svcp_1-0-5.20150625.somatic.indel.vcf.gz.tbi", 
            "file_size": 1432209, 
            "object_id": "67d67fda-6df9-5ad7-ba34-985fe952671c"
        }, 
        {
            "file_md5sum": "d02e459d058e7535a5ad07a214c6e334", 
            "file_name": "eb9a8f12-6451-43cc-95b3-2e86cf704c96.svcp_1-0-5.20150625.somatic.snv_mnv.tar.gz", 
            "file_size": 169963036, 
            "object_id": "5572393f-17e6-5f3c-9a30-d38a90e80154"
        }, 
        {
            "file_md5sum": "d5009f6cabe9dd49cd42fba06550003b", 
            "file_name": "eb9a8f12-6451-43cc-95b3-2e86cf704c96.svcp_1-0-5.20150625.somatic.cnv.tar.gz", 
            "file_size": 26775336, 
            "object_id": "b1d5ac5e-6058-5ea7-b39f-1e429e13da54"
        }, 
        {
            "file_md5sum": "3db3f34a3fa507de929e7dbc1a47b218", 
            "file_name": "eb9a8f12-6451-43cc-95b3-2e86cf704c96.svfix_4-0-5.20160114.somatic.sv.tar.gz", 
            "file_size": 293334725, 
            "object_id": "23a53821-6179-509e-91cb-433494ea964e"
        }, 
        {
            "file_md5sum": "0db5c530a9dadcccde2f0e1773563b94",