{
    "_runs_": {
        "run_1453954478_6fbbb9b2-9779-4aa5-981e-84cae8d8b713": {
            "downloading": {
                "gnos-download_time": 120, 
                "start": 1453975463, 
                "stop": 1453975583, 
                "time": 120
            }, 
            "uploading": {
                "copy_meta_time": 2, 
                "start": 1453975595, 
                "stop": 1453975695, 
                "time": 100, 
                "upload_time": 97
            }
        }, 
        "run_1454699093_57d685ba-f89e-44a4-80bd-3ee7609d262a": {
            "downloading": {
                "4b066ffa-bf77-48dd-9932-857bff63091a.svcp_1-0-6.20150813.somatic.cnv.tar.gz-download_time": 15, 
                "4b066ffa-bf77-48dd-9932-857bff63091a.svcp_1-0-6.20150813.somatic.cnv.tar.gz-md5sum_time": 0, 
                "4b066ffa-bf77-48dd-9932-857bff63091a.svcp_1-0-6.20150813.somatic.cnv.vcf.gz-download_time": 12, 
                "4b066ffa-bf77-48dd-9932-857bff63091a.svcp_1-0-6.20150813.somatic.cnv.vcf.gz-md5sum_time": 0, 
                "4b066ffa-bf77-48dd-9932-857bff63091a.svcp_1-0-6.20150813.somatic.cnv.vcf.gz.tbi-download_time": 12, 
                "4b066ffa-bf77-48dd-9932-857bff63091a.svcp_1-0-6.20150813.somatic.cnv.vcf.gz.tbi-md5sum_time": 0, 
                "4b066ffa-bf77-48dd-9932-857bff63091a.svcp_1-0-6.20150813.somatic.genotype.tar.gz-download_time": 14, 
                "4b066ffa-bf77-48dd-9932-857bff63091a.svcp_1-0-6.20150813.somatic.genotype.tar.gz-md5sum_time": 0, 
                "4b066ffa-bf77-48dd-9932-857bff63091a.svcp_1-0-6.20150813.somatic.imputeCounts.tar.gz-download_time": 50, 
                "4b066ffa-bf77-48dd-9932-857bff63091a.svcp_1-0-6.20150813.somatic.imputeCounts.tar.gz-md5sum_time": 2, 
                "4b066ffa-bf77-48dd-9932-857bff63091a.svcp_1-0-6.20150813.somatic.indel.tar.gz-download_time": 77, 
                "4b066ffa-bf77-48dd-9932-857bff63091a.svcp_1-0-6.20150813.somatic.indel.tar.gz-md5sum_time": 4, 
                "4b066ffa-bf77-48dd-9932-857bff63091a.svcp_1-0-6.20150813.somatic.indel.vcf.gz-download_time": 17, 
                "4b066ffa-bf77-48dd-9932-857bff63091a.svcp_1-0-6.20150813.somatic.indel.vcf.gz-md5sum_time": 0, 
                "4b066ffa-bf77-48dd-9932-857bff63091a.svcp_1-0-6.20150813.somatic.indel.vcf.gz.tbi-download_time": 14, 
                "4b066ffa-bf77-48dd-9932-857bff63091a.svcp_1-0-6.20150813.somatic.indel.vcf.gz.tbi-md5sum_time": 0, 
                "4b066ffa-bf77-48dd-9932-857bff63091a.svcp_1-0-6.20150813.somatic.snv_mnv.tar.gz-download_time": 23, 
                "4b066ffa-bf77-48dd-9932-857bff63091a.svcp_1-0-6.20150813.somatic.snv_mnv.tar.gz-md5sum_time": 0, 
                "4b066ffa-bf77-48dd-9932-857bff63091a.svcp_1-0-6.20150813.somatic.snv_mnv.vcf.gz-download_time": 14, 
                "4b066ffa-bf77-48dd-9932-857bff63091a.svcp_1-0-6.20150813.somatic.snv_mnv.vcf.gz-md5sum_time": 0, 
                "4b066ffa-bf77-48dd-9932-857bff63091a.svcp_1-0-6.20150813.somatic.snv_mnv.vcf.gz.tbi-download_time": 13, 
                "4b066ffa-bf77-48dd-9932-857bff63091a.svcp_1-0-6.20150813.somatic.snv_mnv.vcf.gz.tbi-md5sum_time": 0, 
                "4b066ffa-bf77-48dd-9932-857bff63091a.svcp_1-0-6.20150813.somatic.verifyBamId.tar.gz-download_time": 13, 
                "4b066ffa-bf77-48dd-9932-857bff63091a.svcp_1-0-6.20150813.somatic.verifyBamId.tar.gz-md5sum_time": 0, 
                "4b066ffa-bf77-48dd-9932-857bff63091a.svfix_4-0-5.20160113.somatic.sv.tar.gz-download_time": 31, 
                "4b066ffa-bf77-48dd-9932-857bff63091a.svfix_4-0-5.20160113.somatic.sv.tar.gz-md5sum_time": 2, 
                "4b066ffa-bf77-48dd-9932-857bff63091a.svfix_4-0-5.20160113.somatic.sv.vcf.gz-download_time": 13, 
                "4b066ffa-bf77-48dd-9932-857bff63091a.svfix_4-0-5.20160113.somatic.sv.vcf.gz-md5sum_time": 0, 
                "4b066ffa-bf77-48dd-9932-857bff63091a.svfix_4-0-5.20160113.somatic.sv.vcf.gz.tbi-download_time": 12, 
                "4b066ffa-bf77-48dd-9932-857bff63091a.svfix_4-0-5.20160113.somatic.sv.vcf.gz.tbi-md5sum_time": 0, 
                "c9c3a282-ba24-11e5-9212-2586eac6e0c4.xml-download_time": 12, 
                "c9c3a282-ba24-11e5-9212-2586eac6e0c4.xml-md5sum_time": 0, 
                "start": 1454714861, 
                "stop": 1454715212, 
                "time": 351
            }
        }
    }, 
    "aliquot_id": null, 
    "available_repos": [
        {
            "https://gtrepo-osdc-icgc.annailabs.com/": {
                "file_md5sum": "5772d7bbc69d77475f5c6c84f07adbe5", 
                "file_size": 60222
            }
        }
    ], 
    "data_type": "Sanger-VCF", 
    "files": [
        {
            "file_md5sum": "f867cc6294da24401a6c8d67203af688", 
            "file_name": "4b066ffa-bf77-48dd-9932-857bff63091a.svcp_1-0-6.20150813.somatic.snv_mnv.vcf.gz", 
            "file_size": 11749063, 
            "object_id": "1fc0b646-fb14-5e64-b2fb-0d6725fa7815"
        }, 
        {
            "file_md5sum": "921511b5b039906fa07efd6400875bcf", 
            "file_name": "4b066ffa-bf77-48dd-9932-857bff63091a.svcp_1-0-6.20150813.somatic.snv_mnv.vcf.gz.tbi", 
            "file_size": 810398, 
            "object_id": "bbe94c41-684b-527f-97be-6fb8ecb0b283"
        }, 
        {
            "file_md5sum": "5bd26047c32550b0725e82779732cda1", 
            "file_name": "4b066ffa-bf77-48dd-9932-857bff63091a.svcp_1-0-6.20150813.somatic.cnv.vcf.gz", 
            "file_size": 2024, 
            "object_id": "ff049c45-1897-5f3a-b352-dc983c80a419"
        }, 
        {
            "file_md5sum": "3d9afc5ef94be2891562244c3a919a02", 
            "file_name": "4b066ffa-bf77-48dd-9932-857bff63091a.svcp_1-0-6.20150813.somatic.cnv.vcf.gz.tbi", 
            "file_size": 4214, 
            "object_id": "4c5b4068-26e2-5da8-8369-81dbd7bfc389"
        }, 
        {
            "file_md5sum": "0db5f19fb7b2ec5c864dfb1ad2b8e278", 
            "file_name": "4b066ffa-bf77-48dd-9932-857bff63091a.svfix_4-0-5.20160113.somatic.sv.vcf.gz", 
            "file_size": 15634, 
            "object_id": "959f272d-acae-5c73-8bd7-dbf065db69f3"
        }, 
        {
            "file_md5sum": "3444bc6feb0de1f6c2f73a6543713d90", 
            "file_name": "4b066ffa-bf77-48dd-9932-857bff63091a.svfix_4-0-5.20160113.somatic.sv.vcf.gz.tbi", 
            "file_size": 3761, 
            "object_id": "db2e379b-c495-5657-95db-41f7471f6780"
        }, 
        {
            "file_md5sum": "6a6ea017774d36851f8bf8a3df64dee7", 
            "file_name": "4b066ffa-bf77-48dd-9932-857bff63091a.svcp_1-0-6.20150813.somatic.indel.vcf.gz", 
            "file_size": 53714911, 
            "object_id": "b8624a47-7910-5a74-8831-f430741a0561"
        }, 
        {
            "file_md5sum": "f840c82f06e49845c2988ce82f4ded05", 
            "file_name": "4b066ffa-bf77-48dd-9932-857bff63091a.svcp_1-0-6.20150813.somatic.indel.vcf.gz.tbi", 
            "file_size": 1506810, 
            "object_id": "2a59bde7-fab4-5bbc-b683-186656520d99"
        }, 
        {
            "file_md5sum": "4390ea058e73b503176c277461a7eb8f", 
            "file_name": "4b066ffa-bf77-48dd-9932-857bff63091a.svcp_1-0-6.20150813.somatic.snv_mnv.tar.gz", 
            "file_size": 180726527, 
            "object_id": "afc1ecfb-0808-538a-b552-c269688bfa29"
        }, 
        {
            "file_md5sum": "506a661a7d5a641420a0e2d5ef9d81d5", 
            "file_name": "4b066ffa-bf77-48dd-9932-857bff63091a.svcp_1-0-6.20150813.somatic.cnv.tar.gz", 
            "file_size": 27278909, 
            "object_id": "3c708c8e-daf3-5c17-9da6-1385e3fceb2c"
        }, 
        {
            "file_md5sum": "86b7f1b0aa53b1fb557dcd624d109d70", 
            "file_name": "4b066ffa-bf77-48dd-9932-857bff63091a.svfix_4-0-5.20160113.somatic.sv.tar.gz", 
            "file_size": 296438628, 
            "object_id": "0265c01c-795e-5727-861f-c3f323695702"
        }, 
        {
            "file_md5sum": "01906f9e8186aee6a4ed06deda23ac0f",