{
    "_runs_": {
        "run_1453954855_ec8b3200-ece3-4876-b26c-61d25a8034bf": {
            "downloading": {
                "gnos-download_time": 75, 
                "start": 1453976692, 
                "stop": 1453976767, 
                "time": 75
            }, 
            "uploading": {
                "copy_meta_time": 2, 
                "start": 1453976771, 
                "stop": 1453976852, 
                "time": 81, 
                "upload_time": 79
            }
        }, 
        "run_1454698888_5069c0b3-ffbf-4c39-89a5-f83edddf434c": {
            "downloading": {
                "8cce153d-953d-40c5-976b-60f6a143608c.svcp_1-0-4.20150203.somatic.cnv.tar.gz-download_time": 15, 
                "8cce153d-953d-40c5-976b-60f6a143608c.svcp_1-0-4.20150203.somatic.cnv.tar.gz-md5sum_time": 0, 
                "8cce153d-953d-40c5-976b-60f6a143608c.svcp_1-0-4.20150203.somatic.cnv.vcf.gz-download_time": 13, 
                "8cce153d-953d-40c5-976b-60f6a143608c.svcp_1-0-4.20150203.somatic.cnv.vcf.gz-md5sum_time": 0, 
                "8cce153d-953d-40c5-976b-60f6a143608c.svcp_1-0-4.20150203.somatic.cnv.vcf.gz.tbi-download_time": 13, 
                "8cce153d-953d-40c5-976b-60f6a143608c.svcp_1-0-4.20150203.somatic.cnv.vcf.gz.tbi-md5sum_time": 0, 
                "8cce153d-953d-40c5-976b-60f6a143608c.svcp_1-0-4.20150203.somatic.genotype.tar.gz-download_time": 13, 
                "8cce153d-953d-40c5-976b-60f6a143608c.svcp_1-0-4.20150203.somatic.genotype.tar.gz-md5sum_time": 0, 
                "8cce153d-953d-40c5-976b-60f6a143608c.svcp_1-0-4.20150203.somatic.imputeCounts.tar.gz-download_time": 40, 
                "8cce153d-953d-40c5-976b-60f6a143608c.svcp_1-0-4.20150203.somatic.imputeCounts.tar.gz-md5sum_time": 2, 
                "8cce153d-953d-40c5-976b-60f6a143608c.svcp_1-0-4.20150203.somatic.indel.tar.gz-download_time": 50, 
                "8cce153d-953d-40c5-976b-60f6a143608c.svcp_1-0-4.20150203.somatic.indel.tar.gz-md5sum_time": 3, 
                "8cce153d-953d-40c5-976b-60f6a143608c.svcp_1-0-4.20150203.somatic.indel.vcf.gz-download_time": 17, 
                "8cce153d-953d-40c5-976b-60f6a143608c.svcp_1-0-4.20150203.somatic.indel.vcf.gz-md5sum_time": 1, 
                "8cce153d-953d-40c5-976b-60f6a143608c.svcp_1-0-4.20150203.somatic.indel.vcf.gz.tbi-download_time": 12, 
                "8cce153d-953d-40c5-976b-60f6a143608c.svcp_1-0-4.20150203.somatic.indel.vcf.gz.tbi-md5sum_time": 0, 
                "8cce153d-953d-40c5-976b-60f6a143608c.svcp_1-0-4.20150203.somatic.snv_mnv.tar.gz-download_time": 23, 
                "8cce153d-953d-40c5-976b-60f6a143608c.svcp_1-0-4.20150203.somatic.snv_mnv.tar.gz-md5sum_time": 1, 
                "8cce153d-953d-40c5-976b-60f6a143608c.svcp_1-0-4.20150203.somatic.snv_mnv.vcf.gz-download_time": 13, 
                "8cce153d-953d-40c5-976b-60f6a143608c.svcp_1-0-4.20150203.somatic.snv_mnv.vcf.gz-md5sum_time": 0, 
                "8cce153d-953d-40c5-976b-60f6a143608c.svcp_1-0-4.20150203.somatic.snv_mnv.vcf.gz.tbi-download_time": 13, 
                "8cce153d-953d-40c5-976b-60f6a143608c.svcp_1-0-4.20150203.somatic.snv_mnv.vcf.gz.tbi-md5sum_time": 0, 
                "8cce153d-953d-40c5-976b-60f6a143608c.svcp_1-0-4.20150203.somatic.verifyBamId.tar.gz-download_time": 13, 
                "8cce153d-953d-40c5-976b-60f6a143608c.svcp_1-0-4.20150203.somatic.verifyBamId.tar.gz-md5sum_time": 0, 
                "8cce153d-953d-40c5-976b-60f6a143608c.svfix_4-0-5.20160114.somatic.sv.tar.gz-download_time": 29, 
                "8cce153d-953d-40c5-976b-60f6a143608c.svfix_4-0-5.20160114.somatic.sv.tar.gz-md5sum_time": 1, 
                "8cce153d-953d-40c5-976b-60f6a143608c.svfix_4-0-5.20160114.somatic.sv.vcf.gz-download_time": 13, 
                "8cce153d-953d-40c5-976b-60f6a143608c.svfix_4-0-5.20160114.somatic.sv.vcf.gz-md5sum_time": 0, 
                "8cce153d-953d-40c5-976b-60f6a143608c.svfix_4-0-5.20160114.somatic.sv.vcf.gz.tbi-download_time": 13, 
                "8cce153d-953d-40c5-976b-60f6a143608c.svfix_4-0-5.20160114.somatic.sv.vcf.gz.tbi-md5sum_time": 0, 
                "cee6a1e8-bad7-11e5-9285-ff6ceac6e0c4.xml-download_time": 12, 
                "cee6a1e8-bad7-11e5-9285-ff6ceac6e0c4.xml-md5sum_time": 0, 
                "start": 1454716782, 
                "stop": 1454717093, 
                "time": 311
            }
        }
    }, 
    "aliquot_id": null, 
    "available_repos": [
        {
            "https://gtrepo-osdc-icgc.annailabs.com/": {
                "file_md5sum": "3736d97ceba3c886e1191ce35287b52e", 
                "file_size": 60882
            }
        }
    ], 
    "data_type": "Sanger-VCF", 
    "files": [
        {
            "file_md5sum": "546fbeff15aab9ea124038d671ae4107", 
            "file_name": "8cce153d-953d-40c5-976b-60f6a143608c.svcp_1-0-4.20150203.somatic.snv_mnv.vcf.gz", 
            "file_size": 898076, 
            "object_id": "4141c0ec-9ff8-5fb4-9b40-c0f1c3a006fd"
        }, 
        {
            "file_md5sum": "a846a9cb2d55f9e103c024382edf1c40", 
            "file_name": "8cce153d-953d-40c5-976b-60f6a143608c.svcp_1-0-4.20150203.somatic.snv_mnv.vcf.gz.tbi", 
            "file_size": 188106, 
            "object_id": "871a95f4-bf5b-577d-8276-66d6545d0a8f"
        }, 
        {
            "file_md5sum": "6eeca19f2d9f8351ce48892150fb2546", 
            "file_name": "8cce153d-953d-40c5-976b-60f6a143608c.svcp_1-0-4.20150203.somatic.cnv.vcf.gz", 
            "file_size": 1874, 
            "object_id": "6eee0d7b-0d69-53bd-8543-aad5abebc245"
        }, 
        {
            "file_md5sum": "bd13d8a56fb7df9d97e131698edee3ed", 
            "file_name": "8cce153d-953d-40c5-976b-60f6a143608c.svcp_1-0-4.20150203.somatic.cnv.vcf.gz.tbi", 
            "file_size": 4061, 
            "object_id": "cabb7475-565e-5204-8675-79aaee5e0c46"
        }, 
        {
            "file_md5sum": "bf958720c4e8c29da0997fa3be0e3389", 
            "file_name": "8cce153d-953d-40c5-976b-60f6a143608c.svfix_4-0-5.20160114.somatic.sv.vcf.gz", 
            "file_size": 4475, 
            "object_id": "1cc55e02-97bc-520f-a990-9a158b2853c6"
        }, 
        {
            "file_md5sum": "9ad6f54105b97444a18da5b11125e9f7", 
            "file_name": "8cce153d-953d-40c5-976b-60f6a143608c.svfix_4-0-5.20160114.somatic.sv.vcf.gz.tbi", 
            "file_size": 548, 
            "object_id": "55ff988b-da1a-568c-bba1-d4fca789ab7c"
        }, 
        {
            "file_md5sum": "2277afd37ac803f4ff4495e01658f4cd", 
            "file_name": "8cce153d-953d-40c5-976b-60f6a143608c.svcp_1-0-4.20150203.somatic.indel.vcf.gz", 
            "file_size": 41375511, 
            "object_id": "a312ff1a-d12d-5f53-aa74-a80376dd950b"
        }, 
        {
            "file_md5sum": "f875cf6f77ce43b3a744a12da5f8fd71", 
            "file_name": "8cce153d-953d-40c5-976b-60f6a143608c.svcp_1-0-4.20150203.somatic.indel.vcf.gz.tbi", 
            "file_size": 1400576, 
            "object_id": "be12296d-ba33-5f60-9c19-cc070190bba9"
        }, 
        {
            "file_md5sum": "4aeb8b0381471cbbf881205afa1b7fcc", 
            "file_name": "8cce153d-953d-40c5-976b-60f6a143608c.svcp_1-0-4.20150203.somatic.snv_mnv.tar.gz", 
            "file_size": 154287363, 
            "object_id": "f43d79c0-9706-555d-995e-3e5a52eadeb0"
        }, 
        {
            "file_md5sum": "550a09f1ed63340bd9d779677b778757", 
            "file_name": "8cce153d-953d-40c5-976b-60f6a143608c.svcp_1-0-4.20150203.somatic.cnv.tar.gz", 
            "file_size": 26858092, 
            "object_id": "d2a2da54-575a-57f5-a211-4a99c0b269b1"
        }, 
        {
            "file_md5sum": "a7516595882e54da33199bcf182b3313", 
            "file_name": "8cce153d-953d-40c5-976b-60f6a143608c.svfix_4-0-5.20160114.somatic.sv.tar.gz", 
            "file_size": 286371750, 
            "object_id": "9d2e098b-a43e-5e07-9934-88ff59540132"
        }, 
        {
            "file_md5sum": "b9a7cd3f1c93f4d83a79f32919ba74db",