{
    "_runs_": {
        "run_1453954967_deb85559-d172-4052-a892-08f8eadbcd71": {
            "downloading": {
                "gnos-download_time": 97, 
                "start": 1453976745, 
                "stop": 1453976842, 
                "time": 97
            }, 
            "uploading": {
                "copy_meta_time": 1, 
                "start": 1453976853, 
                "stop": 1453976954, 
                "time": 101, 
                "upload_time": 99
            }
        }, 
        "run_1454699093_57d685ba-f89e-44a4-80bd-3ee7609d262a": {
            "downloading": {
                "05c487aa-72d8-42e6-aa2b-b9b5ce273f5c.svcp_1-0-4.20150217.somatic.cnv.tar.gz-download_time": 14, 
                "05c487aa-72d8-42e6-aa2b-b9b5ce273f5c.svcp_1-0-4.20150217.somatic.cnv.tar.gz-md5sum_time": 0, 
                "05c487aa-72d8-42e6-aa2b-b9b5ce273f5c.svcp_1-0-4.20150217.somatic.cnv.vcf.gz-download_time": 13, 
                "05c487aa-72d8-42e6-aa2b-b9b5ce273f5c.svcp_1-0-4.20150217.somatic.cnv.vcf.gz-md5sum_time": 0, 
                "05c487aa-72d8-42e6-aa2b-b9b5ce273f5c.svcp_1-0-4.20150217.somatic.cnv.vcf.gz.tbi-download_time": 12, 
                "05c487aa-72d8-42e6-aa2b-b9b5ce273f5c.svcp_1-0-4.20150217.somatic.cnv.vcf.gz.tbi-md5sum_time": 0, 
                "05c487aa-72d8-42e6-aa2b-b9b5ce273f5c.svcp_1-0-4.20150217.somatic.genotype.tar.gz-download_time": 15, 
                "05c487aa-72d8-42e6-aa2b-b9b5ce273f5c.svcp_1-0-4.20150217.somatic.genotype.tar.gz-md5sum_time": 0, 
                "05c487aa-72d8-42e6-aa2b-b9b5ce273f5c.svcp_1-0-4.20150217.somatic.imputeCounts.tar.gz-download_time": 46, 
                "05c487aa-72d8-42e6-aa2b-b9b5ce273f5c.svcp_1-0-4.20150217.somatic.imputeCounts.tar.gz-md5sum_time": 1, 
                "05c487aa-72d8-42e6-aa2b-b9b5ce273f5c.svcp_1-0-4.20150217.somatic.indel.tar.gz-download_time": 75, 
                "05c487aa-72d8-42e6-aa2b-b9b5ce273f5c.svcp_1-0-4.20150217.somatic.indel.tar.gz-md5sum_time": 3, 
                "05c487aa-72d8-42e6-aa2b-b9b5ce273f5c.svcp_1-0-4.20150217.somatic.indel.vcf.gz-download_time": 16, 
                "05c487aa-72d8-42e6-aa2b-b9b5ce273f5c.svcp_1-0-4.20150217.somatic.indel.vcf.gz-md5sum_time": 1, 
                "05c487aa-72d8-42e6-aa2b-b9b5ce273f5c.svcp_1-0-4.20150217.somatic.indel.vcf.gz.tbi-download_time": 12, 
                "05c487aa-72d8-42e6-aa2b-b9b5ce273f5c.svcp_1-0-4.20150217.somatic.indel.vcf.gz.tbi-md5sum_time": 0, 
                "05c487aa-72d8-42e6-aa2b-b9b5ce273f5c.svcp_1-0-4.20150217.somatic.snv_mnv.tar.gz-download_time": 23, 
                "05c487aa-72d8-42e6-aa2b-b9b5ce273f5c.svcp_1-0-4.20150217.somatic.snv_mnv.tar.gz-md5sum_time": 1, 
                "05c487aa-72d8-42e6-aa2b-b9b5ce273f5c.svcp_1-0-4.20150217.somatic.snv_mnv.vcf.gz-download_time": 14, 
                "05c487aa-72d8-42e6-aa2b-b9b5ce273f5c.svcp_1-0-4.20150217.somatic.snv_mnv.vcf.gz-md5sum_time": 0, 
                "05c487aa-72d8-42e6-aa2b-b9b5ce273f5c.svcp_1-0-4.20150217.somatic.snv_mnv.vcf.gz.tbi-download_time": 12, 
                "05c487aa-72d8-42e6-aa2b-b9b5ce273f5c.svcp_1-0-4.20150217.somatic.snv_mnv.vcf.gz.tbi-md5sum_time": 0, 
                "05c487aa-72d8-42e6-aa2b-b9b5ce273f5c.svcp_1-0-4.20150217.somatic.verifyBamId.tar.gz-download_time": 13, 
                "05c487aa-72d8-42e6-aa2b-b9b5ce273f5c.svcp_1-0-4.20150217.somatic.verifyBamId.tar.gz-md5sum_time": 0, 
                "05c487aa-72d8-42e6-aa2b-b9b5ce273f5c.svfix_4-0-5.20160115.somatic.sv.tar.gz-download_time": 29, 
                "05c487aa-72d8-42e6-aa2b-b9b5ce273f5c.svfix_4-0-5.20160115.somatic.sv.tar.gz-md5sum_time": 1, 
                "05c487aa-72d8-42e6-aa2b-b9b5ce273f5c.svfix_4-0-5.20160115.somatic.sv.vcf.gz-download_time": 12, 
                "05c487aa-72d8-42e6-aa2b-b9b5ce273f5c.svfix_4-0-5.20160115.somatic.sv.vcf.gz-md5sum_time": 0, 
                "05c487aa-72d8-42e6-aa2b-b9b5ce273f5c.svfix_4-0-5.20160115.somatic.sv.vcf.gz.tbi-download_time": 13, 
                "05c487aa-72d8-42e6-aa2b-b9b5ce273f5c.svfix_4-0-5.20160115.somatic.sv.vcf.gz.tbi-md5sum_time": 0, 
                "cf884992-bb7e-11e5-970c-81cbeac6e0c4.xml-download_time": 13, 
                "cf884992-bb7e-11e5-970c-81cbeac6e0c4.xml-md5sum_time": 0, 
                "start": 1454716977, 
                "stop": 1454717316, 
                "time": 339
            }
        }
    }, 
    "aliquot_id": null, 
    "available_repos": [
        {
            "https://gtrepo-osdc-icgc.annailabs.com/": {
                "file_md5sum": "1d56521bbd6742f6006baf7e2d8ad062", 
                "file_size": 58383
            }
        }
    ], 
    "data_type": "Sanger-VCF", 
    "files": [
        {
            "file_md5sum": "68521d58cbfe35183bdf1d15296f6b51", 
            "file_name": "05c487aa-72d8-42e6-aa2b-b9b5ce273f5c.svcp_1-0-4.20150217.somatic.snv_mnv.vcf.gz", 
            "file_size": 3536056, 
            "object_id": "0d791b2a-1e1e-5c19-bdc5-e3e1fa838cf5"
        }, 
        {
            "file_md5sum": "372da167b5d6c40955da415871baeb38", 
            "file_name": "05c487aa-72d8-42e6-aa2b-b9b5ce273f5c.svcp_1-0-4.20150217.somatic.snv_mnv.vcf.gz.tbi", 
            "file_size": 480643, 
            "object_id": "b5b3de61-9792-544a-9986-49772f2a7fb8"
        }, 
        {
            "file_md5sum": "7d2906b1076819ccf665daa0178b12e6", 
            "file_name": "05c487aa-72d8-42e6-aa2b-b9b5ce273f5c.svcp_1-0-4.20150217.somatic.cnv.vcf.gz", 
            "file_size": 1895, 
            "object_id": "d07af41e-9674-5114-b310-e04680b8d418"
        }, 
        {
            "file_md5sum": "2434a7145264950674876c8f23dad4f3", 
            "file_name": "05c487aa-72d8-42e6-aa2b-b9b5ce273f5c.svcp_1-0-4.20150217.somatic.cnv.vcf.gz.tbi", 
            "file_size": 4073, 
            "object_id": "9deb9bec-5da7-5d3e-a9ce-8aa4e9f753e2"
        }, 
        {
            "file_md5sum": "6b104447145dc080444ca4afe499764e", 
            "file_name": "05c487aa-72d8-42e6-aa2b-b9b5ce273f5c.svfix_4-0-5.20160115.somatic.sv.vcf.gz", 
            "file_size": 4305, 
            "object_id": "8e088b2f-7932-5ae1-b0b8-bcf9b4eb8cea"
        }, 
        {
            "file_md5sum": "07949d323eacaa5b8855718425a2b35e", 
            "file_name": "05c487aa-72d8-42e6-aa2b-b9b5ce273f5c.svfix_4-0-5.20160115.somatic.sv.vcf.gz.tbi", 
            "file_size": 371, 
            "object_id": "71f7a8a7-22db-510a-8254-47314e0d9e10"
        }, 
        {
            "file_md5sum": "88100f2c4e051a0478324914e6663d8d", 
            "file_name": "05c487aa-72d8-42e6-aa2b-b9b5ce273f5c.svcp_1-0-4.20150217.somatic.indel.vcf.gz", 
            "file_size": 52495183, 
            "object_id": "9cca1c16-6bf5-5d74-a5a7-05dbcc69f810"
        }, 
        {
            "file_md5sum": "64f40a2f6c9d8e912ae88eeb9a840342", 
            "file_name": "05c487aa-72d8-42e6-aa2b-b9b5ce273f5c.svcp_1-0-4.20150217.somatic.indel.vcf.gz.tbi", 
            "file_size": 1465361, 
            "object_id": "4dfc02c2-ffbb-5da0-bc07-c7e85ce59d34"
        }, 
        {
            "file_md5sum": "a5215f25b6fc5e825cb02a1bf1199bf5", 
            "file_name": "05c487aa-72d8-42e6-aa2b-b9b5ce273f5c.svcp_1-0-4.20150217.somatic.snv_mnv.tar.gz", 
            "file_size": 167933341, 
            "object_id": "bdd75174-715d-501a-8ca6-6aa7913ccfc4"
        }, 
        {
            "file_md5sum": "369295d5ddd512c4791160f2c4f2d402", 
            "file_name": "05c487aa-72d8-42e6-aa2b-b9b5ce273f5c.svcp_1-0-4.20150217.somatic.cnv.tar.gz", 
            "file_size": 26859414, 
            "object_id": "ed32f783-2370-5640-8562-9428cb79ef5d"
        }, 
        {
            "file_md5sum": "6ece749a8d2789162befc0dabec6717d", 
            "file_name": "05c487aa-72d8-42e6-aa2b-b9b5ce273f5c.svfix_4-0-5.20160115.somatic.sv.tar.gz", 
            "file_size": 294381516, 
            "object_id": "7f240080-cf28-5786-b2be-f0cbc1ba2a70"
        }, 
        {
            "file_md5sum": "d60ee555248ab2e87bdefa1e0eefdb4e",