{
    "_runs_": {
        "run_1453954855_ec8b3200-ece3-4876-b26c-61d25a8034bf": {
            "downloading": {
                "gnos-download_time": 109, 
                "start": 1453977336, 
                "stop": 1453977445, 
                "time": 109
            }, 
            "uploading": {
                "copy_meta_time": 1, 
                "start": 1453977462, 
                "stop": 1453977557, 
                "time": 95, 
                "upload_time": 93
            }
        }, 
        "run_1454698820_31e0fe60-9a43-4101-83ad-8a596dbe60ad": {
            "downloading": {
                "d2509b58-ba0b-11e5-a8b7-1d80eac6e0c4.xml-download_time": 13, 
                "d2509b58-ba0b-11e5-a8b7-1d80eac6e0c4.xml-md5sum_time": 0, 
                "fc876f51-0577-3b53-e040-11ac0d48515e.svcp_1-0-3.20150102.somatic.cnv.tar.gz-download_time": 15, 
                "fc876f51-0577-3b53-e040-11ac0d48515e.svcp_1-0-3.20150102.somatic.cnv.tar.gz-md5sum_time": 0, 
                "fc876f51-0577-3b53-e040-11ac0d48515e.svcp_1-0-3.20150102.somatic.cnv.vcf.gz-download_time": 13, 
                "fc876f51-0577-3b53-e040-11ac0d48515e.svcp_1-0-3.20150102.somatic.cnv.vcf.gz-md5sum_time": 0, 
                "fc876f51-0577-3b53-e040-11ac0d48515e.svcp_1-0-3.20150102.somatic.cnv.vcf.gz.tbi-download_time": 12, 
                "fc876f51-0577-3b53-e040-11ac0d48515e.svcp_1-0-3.20150102.somatic.cnv.vcf.gz.tbi-md5sum_time": 0, 
                "fc876f51-0577-3b53-e040-11ac0d48515e.svcp_1-0-3.20150102.somatic.genotype.tar.gz-download_time": 14, 
                "fc876f51-0577-3b53-e040-11ac0d48515e.svcp_1-0-3.20150102.somatic.genotype.tar.gz-md5sum_time": 0, 
                "fc876f51-0577-3b53-e040-11ac0d48515e.svcp_1-0-3.20150102.somatic.imputeCounts.tar.gz-download_time": 48, 
                "fc876f51-0577-3b53-e040-11ac0d48515e.svcp_1-0-3.20150102.somatic.imputeCounts.tar.gz-md5sum_time": 2, 
                "fc876f51-0577-3b53-e040-11ac0d48515e.svcp_1-0-3.20150102.somatic.indel.tar.gz-download_time": 70, 
                "fc876f51-0577-3b53-e040-11ac0d48515e.svcp_1-0-3.20150102.somatic.indel.tar.gz-md5sum_time": 3, 
                "fc876f51-0577-3b53-e040-11ac0d48515e.svcp_1-0-3.20150102.somatic.indel.vcf.gz-download_time": 17, 
                "fc876f51-0577-3b53-e040-11ac0d48515e.svcp_1-0-3.20150102.somatic.indel.vcf.gz-md5sum_time": 0, 
                "fc876f51-0577-3b53-e040-11ac0d48515e.svcp_1-0-3.20150102.somatic.indel.vcf.gz.tbi-download_time": 13, 
                "fc876f51-0577-3b53-e040-11ac0d48515e.svcp_1-0-3.20150102.somatic.indel.vcf.gz.tbi-md5sum_time": 0, 
                "fc876f51-0577-3b53-e040-11ac0d48515e.svcp_1-0-3.20150102.somatic.snv_mnv.tar.gz-download_time": 23, 
                "fc876f51-0577-3b53-e040-11ac0d48515e.svcp_1-0-3.20150102.somatic.snv_mnv.tar.gz-md5sum_time": 0, 
                "fc876f51-0577-3b53-e040-11ac0d48515e.svcp_1-0-3.20150102.somatic.snv_mnv.vcf.gz-download_time": 13, 
                "fc876f51-0577-3b53-e040-11ac0d48515e.svcp_1-0-3.20150102.somatic.snv_mnv.vcf.gz-md5sum_time": 0, 
                "fc876f51-0577-3b53-e040-11ac0d48515e.svcp_1-0-3.20150102.somatic.snv_mnv.vcf.gz.tbi-download_time": 12, 
                "fc876f51-0577-3b53-e040-11ac0d48515e.svcp_1-0-3.20150102.somatic.snv_mnv.vcf.gz.tbi-md5sum_time": 0, 
                "fc876f51-0577-3b53-e040-11ac0d48515e.svcp_1-0-3.20150102.somatic.verifyBamId.tar.gz-download_time": 12, 
                "fc876f51-0577-3b53-e040-11ac0d48515e.svcp_1-0-3.20150102.somatic.verifyBamId.tar.gz-md5sum_time": 0, 
                "fc876f51-0577-3b53-e040-11ac0d48515e.svfix_4-0-5.20160113.somatic.sv.tar.gz-download_time": 29, 
                "fc876f51-0577-3b53-e040-11ac0d48515e.svfix_4-0-5.20160113.somatic.sv.tar.gz-md5sum_time": 1, 
                "fc876f51-0577-3b53-e040-11ac0d48515e.svfix_4-0-5.20160113.somatic.sv.vcf.gz-download_time": 12, 
                "fc876f51-0577-3b53-e040-11ac0d48515e.svfix_4-0-5.20160113.somatic.sv.vcf.gz-md5sum_time": 0, 
                "fc876f51-0577-3b53-e040-11ac0d48515e.svfix_4-0-5.20160113.somatic.sv.vcf.gz.tbi-download_time": 13, 
                "fc876f51-0577-3b53-e040-11ac0d48515e.svfix_4-0-5.20160113.somatic.sv.vcf.gz.tbi-md5sum_time": 0, 
                "start": 1454717827, 
                "stop": 1454718162, 
                "time": 335
            }
        }
    }, 
    "aliquot_id": null, 
    "available_repos": [
        {
            "https://gtrepo-osdc-icgc.annailabs.com/": {
                "file_md5sum": "37d0b25de3d1e0af5e260939d58ad9f9", 
                "file_size": 69476
            }
        }
    ], 
    "data_type": "Sanger-VCF", 
    "files": [
        {
            "file_md5sum": "a1c605d5e312eb5677b6c45a2afc3207", 
            "file_name": "fc876f51-0577-3b53-e040-11ac0d48515e.svcp_1-0-3.20150102.somatic.snv_mnv.vcf.gz", 
            "file_size": 2294994, 
            "object_id": "58d6e752-947e-59ff-9caf-c4b1d5948504"
        }, 
        {
            "file_md5sum": "cf9a647d7e00049bbc6c058d3b5e2612", 
            "file_name": "fc876f51-0577-3b53-e040-11ac0d48515e.svcp_1-0-3.20150102.somatic.snv_mnv.vcf.gz.tbi", 
            "file_size": 424452, 
            "object_id": "1710b367-0610-52c1-8ae0-59ebc95db25d"
        }, 
        {
            "file_md5sum": "88311f06a09806d7c0fc042993e5f17e", 
            "file_name": "fc876f51-0577-3b53-e040-11ac0d48515e.svcp_1-0-3.20150102.somatic.cnv.vcf.gz", 
            "file_size": 2030, 
            "object_id": "8157595d-e573-536e-91ca-fec7c52a0f08"
        }, 
        {
            "file_md5sum": "be15f8b73fed6eb2ea4231d526b404da", 
            "file_name": "fc876f51-0577-3b53-e040-11ac0d48515e.svcp_1-0-3.20150102.somatic.cnv.vcf.gz.tbi", 
            "file_size": 4176, 
            "object_id": "fa062799-9165-5e19-8da9-4cd6207c1877"
        }, 
        {
            "file_md5sum": "4a3c3f9c66e474570526ea0b25a0b8d4", 
            "file_name": "fc876f51-0577-3b53-e040-11ac0d48515e.svfix_4-0-5.20160113.somatic.sv.vcf.gz", 
            "file_size": 21223, 
            "object_id": "ff92b08a-53c1-51d8-9414-a263074cef4c"
        }, 
        {
            "file_md5sum": "8a619ad4a7b1cff34940f8aaa7ab96e8", 
            "file_name": "fc876f51-0577-3b53-e040-11ac0d48515e.svfix_4-0-5.20160113.somatic.sv.vcf.gz.tbi", 
            "file_size": 1250, 
            "object_id": "56dffc6a-a0f6-58e0-a676-80920eec4551"
        }, 
        {
            "file_md5sum": "9a7e4dfbd030bdb6f354c4548c17e5ab", 
            "file_name": "fc876f51-0577-3b53-e040-11ac0d48515e.svcp_1-0-3.20150102.somatic.indel.vcf.gz", 
            "file_size": 52483697, 
            "object_id": "c2947b72-6c07-5197-8f22-6edaad8d7ded"
        }, 
        {
            "file_md5sum": "7f735864c6fc7ab22d7de12c224534fa", 
            "file_name": "fc876f51-0577-3b53-e040-11ac0d48515e.svcp_1-0-3.20150102.somatic.indel.vcf.gz.tbi", 
            "file_size": 1461319, 
            "object_id": "dfaad7f8-e2f0-5684-b928-1d2bfd508563"
        }, 
        {
            "file_md5sum": "5f98872a3506a3f1dc921f4e222053ff", 
            "file_name": "fc876f51-0577-3b53-e040-11ac0d48515e.svcp_1-0-3.20150102.somatic.snv_mnv.tar.gz", 
            "file_size": 169828534, 
            "object_id": "9f37c2d1-b415-54d8-8a74-74211c6bb897"
        }, 
        {
            "file_md5sum": "6be9fcf62383384a2e4cd9ab10944822", 
            "file_name": "fc876f51-0577-3b53-e040-11ac0d48515e.svcp_1-0-3.20150102.somatic.cnv.tar.gz", 
            "file_size": 26944984, 
            "object_id": "8f22f69d-4e46-5b3f-8591-064feafb173b"
        }, 
        {
            "file_md5sum": "d64737c48ec86436c71a89ea43f162f3", 
            "file_name": "fc876f51-0577-3b53-e040-11ac0d48515e.svfix_4-0-5.20160113.somatic.sv.tar.gz", 
            "file_size": 289003331, 
            "object_id": "9e785dbf-7b37-5ee3-83be-029db0800066"
        }, 
        {
            "file_md5sum": "b32e70c2b17ec5816cea1c0456f8ac42",