{
    "_runs_": {
        "run_1453954910_5609ae24-c8e4-4bbb-a25d-d0836c411348": {
            "downloading": {
                "gnos-download_time": 187, 
                "start": 1453977759, 
                "stop": 1453977946, 
                "time": 187
            }, 
            "uploading": {
                "copy_meta_time": 1, 
                "start": 1453977957, 
                "stop": 1453978151, 
                "time": 194, 
                "upload_time": 192
            }
        }, 
        "run_1454698820_31e0fe60-9a43-4101-83ad-8a596dbe60ad": {
            "downloading": {
                "d32f6484-ba13-11e5-b126-2586eac6e0c4.xml-download_time": 12, 
                "d32f6484-ba13-11e5-b126-2586eac6e0c4.xml-md5sum_time": 0, 
                "f8f9d9b8-abdd-1afb-e040-11ac0d480523.svcp_1-0-6.20150604.somatic.cnv.tar.gz-download_time": 14, 
                "f8f9d9b8-abdd-1afb-e040-11ac0d480523.svcp_1-0-6.20150604.somatic.cnv.tar.gz-md5sum_time": 0, 
                "f8f9d9b8-abdd-1afb-e040-11ac0d480523.svcp_1-0-6.20150604.somatic.cnv.vcf.gz-download_time": 12, 
                "f8f9d9b8-abdd-1afb-e040-11ac0d480523.svcp_1-0-6.20150604.somatic.cnv.vcf.gz-md5sum_time": 0, 
                "f8f9d9b8-abdd-1afb-e040-11ac0d480523.svcp_1-0-6.20150604.somatic.cnv.vcf.gz.tbi-download_time": 13, 
                "f8f9d9b8-abdd-1afb-e040-11ac0d480523.svcp_1-0-6.20150604.somatic.cnv.vcf.gz.tbi-md5sum_time": 0, 
                "f8f9d9b8-abdd-1afb-e040-11ac0d480523.svcp_1-0-6.20150604.somatic.genotype.tar.gz-download_time": 12, 
                "f8f9d9b8-abdd-1afb-e040-11ac0d480523.svcp_1-0-6.20150604.somatic.genotype.tar.gz-md5sum_time": 0, 
                "f8f9d9b8-abdd-1afb-e040-11ac0d480523.svcp_1-0-6.20150604.somatic.imputeCounts.tar.gz-download_time": 37, 
                "f8f9d9b8-abdd-1afb-e040-11ac0d480523.svcp_1-0-6.20150604.somatic.imputeCounts.tar.gz-md5sum_time": 2, 
                "f8f9d9b8-abdd-1afb-e040-11ac0d480523.svcp_1-0-6.20150604.somatic.indel.tar.gz-download_time": 64, 
                "f8f9d9b8-abdd-1afb-e040-11ac0d480523.svcp_1-0-6.20150604.somatic.indel.tar.gz-md5sum_time": 3, 
                "f8f9d9b8-abdd-1afb-e040-11ac0d480523.svcp_1-0-6.20150604.somatic.indel.vcf.gz-download_time": 15, 
                "f8f9d9b8-abdd-1afb-e040-11ac0d480523.svcp_1-0-6.20150604.somatic.indel.vcf.gz-md5sum_time": 1, 
                "f8f9d9b8-abdd-1afb-e040-11ac0d480523.svcp_1-0-6.20150604.somatic.indel.vcf.gz.tbi-download_time": 12, 
                "f8f9d9b8-abdd-1afb-e040-11ac0d480523.svcp_1-0-6.20150604.somatic.indel.vcf.gz.tbi-md5sum_time": 0, 
                "f8f9d9b8-abdd-1afb-e040-11ac0d480523.svcp_1-0-6.20150604.somatic.snv_mnv.tar.gz-download_time": 23, 
                "f8f9d9b8-abdd-1afb-e040-11ac0d480523.svcp_1-0-6.20150604.somatic.snv_mnv.tar.gz-md5sum_time": 0, 
                "f8f9d9b8-abdd-1afb-e040-11ac0d480523.svcp_1-0-6.20150604.somatic.snv_mnv.vcf.gz-download_time": 13, 
                "f8f9d9b8-abdd-1afb-e040-11ac0d480523.svcp_1-0-6.20150604.somatic.snv_mnv.vcf.gz-md5sum_time": 0, 
                "f8f9d9b8-abdd-1afb-e040-11ac0d480523.svcp_1-0-6.20150604.somatic.snv_mnv.vcf.gz.tbi-download_time": 12, 
                "f8f9d9b8-abdd-1afb-e040-11ac0d480523.svcp_1-0-6.20150604.somatic.snv_mnv.vcf.gz.tbi-md5sum_time": 1, 
                "f8f9d9b8-abdd-1afb-e040-11ac0d480523.svcp_1-0-6.20150604.somatic.verifyBamId.tar.gz-download_time": 13, 
                "f8f9d9b8-abdd-1afb-e040-11ac0d480523.svcp_1-0-6.20150604.somatic.verifyBamId.tar.gz-md5sum_time": 0, 
                "f8f9d9b8-abdd-1afb-e040-11ac0d480523.svfix_4-0-5.20160113.somatic.sv.tar.gz-download_time": 32, 
                "f8f9d9b8-abdd-1afb-e040-11ac0d480523.svfix_4-0-5.20160113.somatic.sv.tar.gz-md5sum_time": 1, 
                "f8f9d9b8-abdd-1afb-e040-11ac0d480523.svfix_4-0-5.20160113.somatic.sv.vcf.gz-download_time": 12, 
                "f8f9d9b8-abdd-1afb-e040-11ac0d480523.svfix_4-0-5.20160113.somatic.sv.vcf.gz-md5sum_time": 0, 
                "f8f9d9b8-abdd-1afb-e040-11ac0d480523.svfix_4-0-5.20160113.somatic.sv.vcf.gz.tbi-download_time": 13, 
                "f8f9d9b8-abdd-1afb-e040-11ac0d480523.svfix_4-0-5.20160113.somatic.sv.vcf.gz.tbi-md5sum_time": 0, 
                "f9039bd6-8fa6-37cb-e040-11ac0d486d06.svcp_1-0-6.20150604.somatic.cnv.tar.gz-download_time": 15, 
                "f9039bd6-8fa6-37cb-e040-11ac0d486d06.svcp_1-0-6.20150604.somatic.cnv.tar.gz-md5sum_time": 0, 
                "f9039bd6-8fa6-37cb-e040-11ac0d486d06.svcp_1-0-6.20150604.somatic.cnv.vcf.gz-download_time": 12, 
                "f9039bd6-8fa6-37cb-e040-11ac0d486d06.svcp_1-0-6.20150604.somatic.cnv.vcf.gz-md5sum_time": 0, 
                "f9039bd6-8fa6-37cb-e040-11ac0d486d06.svcp_1-0-6.20150604.somatic.cnv.vcf.gz.tbi-download_time": 12, 
                "f9039bd6-8fa6-37cb-e040-11ac0d486d06.svcp_1-0-6.20150604.somatic.cnv.vcf.gz.tbi-md5sum_time": 0, 
                "f9039bd6-8fa6-37cb-e040-11ac0d486d06.svcp_1-0-6.20150604.somatic.genotype.tar.gz-download_time": 12, 
                "f9039bd6-8fa6-37cb-e040-11ac0d486d06.svcp_1-0-6.20150604.somatic.genotype.tar.gz-md5sum_time": 0, 
                "f9039bd6-8fa6-37cb-e040-11ac0d486d06.svcp_1-0-6.20150604.somatic.imputeCounts.tar.gz-download_time": 46, 
                "f9039bd6-8fa6-37cb-e040-11ac0d486d06.svcp_1-0-6.20150604.somatic.imputeCounts.tar.gz-md5sum_time": 2, 
                "f9039bd6-8fa6-37cb-e040-11ac0d486d06.svcp_1-0-6.20150604.somatic.indel.tar.gz-download_time": 68, 
                "f9039bd6-8fa6-37cb-e040-11ac0d486d06.svcp_1-0-6.20150604.somatic.indel.tar.gz-md5sum_time": 3, 
                "f9039bd6-8fa6-37cb-e040-11ac0d486d06.svcp_1-0-6.20150604.somatic.indel.vcf.gz-download_time": 16, 
                "f9039bd6-8fa6-37cb-e040-11ac0d486d06.svcp_1-0-6.20150604.somatic.indel.vcf.gz-md5sum_time": 0, 
                "f9039bd6-8fa6-37cb-e040-11ac0d486d06.svcp_1-0-6.20150604.somatic.indel.vcf.gz.tbi-download_time": 13, 
                "f9039bd6-8fa6-37cb-e040-11ac0d486d06.svcp_1-0-6.20150604.somatic.indel.vcf.gz.tbi-md5sum_time": 0, 
                "f9039bd6-8fa6-37cb-e040-11ac0d486d06.svcp_1-0-6.20150604.somatic.snv_mnv.tar.gz-download_time": 22, 
                "f9039bd6-8fa6-37cb-e040-11ac0d486d06.svcp_1-0-6.20150604.somatic.snv_mnv.tar.gz-md5sum_time": 1, 
                "f9039bd6-8fa6-37cb-e040-11ac0d486d06.svcp_1-0-6.20150604.somatic.snv_mnv.vcf.gz-download_time": 13, 
                "f9039bd6-8fa6-37cb-e040-11ac0d486d06.svcp_1-0-6.20150604.somatic.snv_mnv.vcf.gz-md5sum_time": 0, 
                "f9039bd6-8fa6-37cb-e040-11ac0d486d06.svcp_1-0-6.20150604.somatic.snv_mnv.vcf.gz.tbi-download_time": 12, 
                "f9039bd6-8fa6-37cb-e040-11ac0d486d06.svcp_1-0-6.20150604.somatic.snv_mnv.vcf.gz.tbi-md5sum_time": 0, 
                "f9039bd6-8fa6-37cb-e040-11ac0d486d06.svcp_1-0-6.20150604.somatic.verifyBamId.tar.gz-download_time": 12, 
                "f9039bd6-8fa6-37cb-e040-11ac0d486d06.svcp_1-0-6.20150604.somatic.verifyBamId.tar.gz-md5sum_time": 0, 
                "f9039bd6-8fa6-37cb-e040-11ac0d486d06.svfix_4-0-5.20160113.somatic.sv.tar.gz-download_time": 33, 
                "f9039bd6-8fa6-37cb-e040-11ac0d486d06.svfix_4-0-5.20160113.somatic.sv.tar.gz-md5sum_time": 1, 
                "f9039bd6-8fa6-37cb-e040-11ac0d486d06.svfix_4-0-5.20160113.somatic.sv.vcf.gz-download_time": 13, 
                "f9039bd6-8fa6-37cb-e040-11ac0d486d06.svfix_4-0-5.20160113.somatic.sv.vcf.gz-md5sum_time": 0, 
                "f9039bd6-8fa6-37cb-e040-11ac0d486d06.svfix_4-0-5.20160113.somatic.sv.vcf.gz.tbi-download_time": 12, 
                "f9039bd6-8fa6-37cb-e040-11ac0d486d06.svfix_4-0-5.20160113.somatic.sv.vcf.gz.tbi-md5sum_time": 0, 
                "start": 1454718513, 
                "stop": 1454719149, 
                "time": 636
            }
        }
    }, 
    "aliquot_id": null,