{
    "_runs_": {
        "run_1453954478_6fbbb9b2-9779-4aa5-981e-84cae8d8b713": {
            "downloading": {
                "gnos-download_time": 98, 
                "start": 1453978145, 
                "stop": 1453978244, 
                "time": 99
            }, 
            "uploading": {
                "copy_meta_time": 1, 
                "start": 1453978249, 
                "stop": 1453978338, 
                "time": 89, 
                "upload_time": 87
            }
        }, 
        "run_1454699093_57d685ba-f89e-44a4-80bd-3ee7609d262a": {
            "downloading": {
                "d4ecfc70-b809-11e5-a99f-10b251327fcc.xml-download_time": 13, 
                "d4ecfc70-b809-11e5-a99f-10b251327fcc.xml-md5sum_time": 0, 
                "dd2e7b3c-c622-11e3-bf01-24c6515278c0.svcp_1-0-5.20150428.somatic.cnv.tar.gz-download_time": 15, 
                "dd2e7b3c-c622-11e3-bf01-24c6515278c0.svcp_1-0-5.20150428.somatic.cnv.tar.gz-md5sum_time": 0, 
                "dd2e7b3c-c622-11e3-bf01-24c6515278c0.svcp_1-0-5.20150428.somatic.cnv.vcf.gz-download_time": 12, 
                "dd2e7b3c-c622-11e3-bf01-24c6515278c0.svcp_1-0-5.20150428.somatic.cnv.vcf.gz-md5sum_time": 0, 
                "dd2e7b3c-c622-11e3-bf01-24c6515278c0.svcp_1-0-5.20150428.somatic.cnv.vcf.gz.tbi-download_time": 12, 
                "dd2e7b3c-c622-11e3-bf01-24c6515278c0.svcp_1-0-5.20150428.somatic.cnv.vcf.gz.tbi-md5sum_time": 0, 
                "dd2e7b3c-c622-11e3-bf01-24c6515278c0.svcp_1-0-5.20150428.somatic.genotype.tar.gz-download_time": 12, 
                "dd2e7b3c-c622-11e3-bf01-24c6515278c0.svcp_1-0-5.20150428.somatic.genotype.tar.gz-md5sum_time": 0, 
                "dd2e7b3c-c622-11e3-bf01-24c6515278c0.svcp_1-0-5.20150428.somatic.imputeCounts.tar.gz-download_time": 46, 
                "dd2e7b3c-c622-11e3-bf01-24c6515278c0.svcp_1-0-5.20150428.somatic.imputeCounts.tar.gz-md5sum_time": 2, 
                "dd2e7b3c-c622-11e3-bf01-24c6515278c0.svcp_1-0-5.20150428.somatic.indel.tar.gz-download_time": 62, 
                "dd2e7b3c-c622-11e3-bf01-24c6515278c0.svcp_1-0-5.20150428.somatic.indel.tar.gz-md5sum_time": 3, 
                "dd2e7b3c-c622-11e3-bf01-24c6515278c0.svcp_1-0-5.20150428.somatic.indel.vcf.gz-download_time": 16, 
                "dd2e7b3c-c622-11e3-bf01-24c6515278c0.svcp_1-0-5.20150428.somatic.indel.vcf.gz-md5sum_time": 0, 
                "dd2e7b3c-c622-11e3-bf01-24c6515278c0.svcp_1-0-5.20150428.somatic.indel.vcf.gz.tbi-download_time": 13, 
                "dd2e7b3c-c622-11e3-bf01-24c6515278c0.svcp_1-0-5.20150428.somatic.indel.vcf.gz.tbi-md5sum_time": 0, 
                "dd2e7b3c-c622-11e3-bf01-24c6515278c0.svcp_1-0-5.20150428.somatic.snv_mnv.tar.gz-download_time": 23, 
                "dd2e7b3c-c622-11e3-bf01-24c6515278c0.svcp_1-0-5.20150428.somatic.snv_mnv.tar.gz-md5sum_time": 0, 
                "dd2e7b3c-c622-11e3-bf01-24c6515278c0.svcp_1-0-5.20150428.somatic.snv_mnv.vcf.gz-download_time": 13, 
                "dd2e7b3c-c622-11e3-bf01-24c6515278c0.svcp_1-0-5.20150428.somatic.snv_mnv.vcf.gz-md5sum_time": 0, 
                "dd2e7b3c-c622-11e3-bf01-24c6515278c0.svcp_1-0-5.20150428.somatic.snv_mnv.vcf.gz.tbi-download_time": 13, 
                "dd2e7b3c-c622-11e3-bf01-24c6515278c0.svcp_1-0-5.20150428.somatic.snv_mnv.vcf.gz.tbi-md5sum_time": 0, 
                "dd2e7b3c-c622-11e3-bf01-24c6515278c0.svcp_1-0-5.20150428.somatic.verifyBamId.tar.gz-download_time": 13, 
                "dd2e7b3c-c622-11e3-bf01-24c6515278c0.svcp_1-0-5.20150428.somatic.verifyBamId.tar.gz-md5sum_time": 0, 
                "dd2e7b3c-c622-11e3-bf01-24c6515278c0.svfix_4-0-5.20160111.somatic.sv.tar.gz-download_time": 31, 
                "dd2e7b3c-c622-11e3-bf01-24c6515278c0.svfix_4-0-5.20160111.somatic.sv.tar.gz-md5sum_time": 1, 
                "dd2e7b3c-c622-11e3-bf01-24c6515278c0.svfix_4-0-5.20160111.somatic.sv.vcf.gz-download_time": 14, 
                "dd2e7b3c-c622-11e3-bf01-24c6515278c0.svfix_4-0-5.20160111.somatic.sv.vcf.gz-md5sum_time": 0, 
                "dd2e7b3c-c622-11e3-bf01-24c6515278c0.svfix_4-0-5.20160111.somatic.sv.vcf.gz.tbi-download_time": 12, 
                "dd2e7b3c-c622-11e3-bf01-24c6515278c0.svfix_4-0-5.20160111.somatic.sv.vcf.gz.tbi-md5sum_time": 0, 
                "start": 1454719044, 
                "stop": 1454719370, 
                "time": 326
            }
        }
    }, 
    "aliquot_id": null, 
    "available_repos": [
        {
            "https://gtrepo-dkfz.annailabs.com/": {
                "file_md5sum": "8e72f0fe2b77941be8c80b2880099d46", 
                "file_size": 58281
            }
        }
    ], 
    "data_type": "Sanger-VCF", 
    "files": [
        {
            "file_md5sum": "6dc423b5014a12b005628f2dc4408acf", 
            "file_name": "dd2e7b3c-c622-11e3-bf01-24c6515278c0.svcp_1-0-5.20150428.somatic.snv_mnv.vcf.gz", 
            "file_size": 3468838, 
            "object_id": "18e9e548-047a-5c7e-a760-9424904a81fc"
        }, 
        {
            "file_md5sum": "53ed65b5b80e4c6d73f3470416bd7e67", 
            "file_name": "dd2e7b3c-c622-11e3-bf01-24c6515278c0.svcp_1-0-5.20150428.somatic.snv_mnv.vcf.gz.tbi", 
            "file_size": 471688, 
            "object_id": "88f7432c-c416-5cbc-b1e5-27bdac78a345"
        }, 
        {
            "file_md5sum": "8f36a677818654ec761762b3537e982e", 
            "file_name": "dd2e7b3c-c622-11e3-bf01-24c6515278c0.svcp_1-0-5.20150428.somatic.cnv.vcf.gz", 
            "file_size": 2288, 
            "object_id": "47add17e-0c79-507b-b87b-f01ae843b30e"
        }, 
        {
            "file_md5sum": "3188d1f0e5781615fa49a36d85afd85d", 
            "file_name": "dd2e7b3c-c622-11e3-bf01-24c6515278c0.svcp_1-0-5.20150428.somatic.cnv.vcf.gz.tbi", 
            "file_size": 4385, 
            "object_id": "1e34f1d4-7544-5785-8041-27cd472b3d4e"
        }, 
        {
            "file_md5sum": "2a44aa9b7288143380540b2bffe39f6c", 
            "file_name": "dd2e7b3c-c622-11e3-bf01-24c6515278c0.svfix_4-0-5.20160111.somatic.sv.vcf.gz", 
            "file_size": 9999, 
            "object_id": "ff69a5c8-f3e7-5a8c-94d9-7a7646b61871"
        }, 
        {
            "file_md5sum": "65a0fee18f63108e6e4648f44709a534", 
            "file_name": "dd2e7b3c-c622-11e3-bf01-24c6515278c0.svfix_4-0-5.20160111.somatic.sv.vcf.gz.tbi", 
            "file_size": 2124, 
            "object_id": "a56c4c07-ecce-5133-a239-46f5f4fd5360"
        }, 
        {
            "file_md5sum": "4cdefb7d0aa8cd5ea7db9664eddcc271", 
            "file_name": "dd2e7b3c-c622-11e3-bf01-24c6515278c0.svcp_1-0-5.20150428.somatic.indel.vcf.gz", 
            "file_size": 49170606, 
            "object_id": "a64ee520-7087-598c-9461-f7a8cc0b060c"
        }, 
        {
            "file_md5sum": "be461d3ba86d6172f5852d89fe2a50ad", 
            "file_name": "dd2e7b3c-c622-11e3-bf01-24c6515278c0.svcp_1-0-5.20150428.somatic.indel.vcf.gz.tbi", 
            "file_size": 1484938, 
            "object_id": "f49cf8a3-7f45-579a-9eea-91b1442af5ec"
        }, 
        {
            "file_md5sum": "9eb0725a55dfdc851d28b5174c862311", 
            "file_name": "dd2e7b3c-c622-11e3-bf01-24c6515278c0.svcp_1-0-5.20150428.somatic.snv_mnv.tar.gz", 
            "file_size": 163590280, 
            "object_id": "a74d4c67-1917-58bc-a702-27825e9ea790"
        }, 
        {
            "file_md5sum": "00571c8e3e45d0c747877491e3da2616", 
            "file_name": "dd2e7b3c-c622-11e3-bf01-24c6515278c0.svcp_1-0-5.20150428.somatic.cnv.tar.gz", 
            "file_size": 27096457, 
            "object_id": "32269534-f71b-5f6c-b869-2b80338143f8"
        }, 
        {
            "file_md5sum": "67f2340d1101e6b0cc5d7da0bba1cad5", 
            "file_name": "dd2e7b3c-c622-11e3-bf01-24c6515278c0.svfix_4-0-5.20160111.somatic.sv.tar.gz", 
            "file_size": 295885190, 
            "object_id": "b0753e71-db4b-5264-8989-613c393e76f2"
        }, 
        {
            "file_md5sum": "5b08fa0e658cd47d886b78221f18785b",