{
    "_runs_": {
        "run_1454285934_d11d9507-caf5-4c24-8339-e748f4379583": {
            "downloading": {
                "gnos-download_time": 40, 
                "start": 1454294488, 
                "stop": 1454294528, 
                "time": 40
            }, 
            "uploading": {
                "copy_meta_time": 1, 
                "start": 1454294530, 
                "stop": 1454294558, 
                "time": 28, 
                "upload_time": 27
            }
        }, 
        "run_1454699093_57d685ba-f89e-44a4-80bd-3ee7609d262a": {
            "downloading": {
                "b5cabba2-30a4-458e-897c-00ec3fefa6d2.broad-dRanger.20150918.somatic.sv.vcf.gz-download_time": 12, 
                "b5cabba2-30a4-458e-897c-00ec3fefa6d2.broad-dRanger.20150918.somatic.sv.vcf.gz-md5sum_time": 0, 
                "b5cabba2-30a4-458e-897c-00ec3fefa6d2.broad-dRanger.20150918.somatic.sv.vcf.gz.idx-download_time": 13, 
                "b5cabba2-30a4-458e-897c-00ec3fefa6d2.broad-dRanger.20150918.somatic.sv.vcf.gz.idx-md5sum_time": 0, 
                "b5cabba2-30a4-458e-897c-00ec3fefa6d2.broad-dRanger_snowman.20150918.somatic.sv.vcf.gz-download_time": 13, 
                "b5cabba2-30a4-458e-897c-00ec3fefa6d2.broad-dRanger_snowman.20150918.somatic.sv.vcf.gz-md5sum_time": 0, 
                "b5cabba2-30a4-458e-897c-00ec3fefa6d2.broad-dRanger_snowman.20150918.somatic.sv.vcf.gz.idx-download_time": 13, 
                "b5cabba2-30a4-458e-897c-00ec3fefa6d2.broad-dRanger_snowman.20150918.somatic.sv.vcf.gz.idx-md5sum_time": 0, 
                "b5cabba2-30a4-458e-897c-00ec3fefa6d2.broad-mutect-v2.20151112.somatic.snv_mnv.vcf.gz-download_time": 13, 
                "b5cabba2-30a4-458e-897c-00ec3fefa6d2.broad-mutect-v2.20151112.somatic.snv_mnv.vcf.gz-md5sum_time": 0, 
                "b5cabba2-30a4-458e-897c-00ec3fefa6d2.broad-mutect-v2.20151112.somatic.snv_mnv.vcf.gz.idx-download_time": 13, 
                "b5cabba2-30a4-458e-897c-00ec3fefa6d2.broad-mutect-v2.20151112.somatic.snv_mnv.vcf.gz.idx-md5sum_time": 0, 
                "b5cabba2-30a4-458e-897c-00ec3fefa6d2.broad-snowman.20150918.germline.indel.vcf.gz-download_time": 14, 
                "b5cabba2-30a4-458e-897c-00ec3fefa6d2.broad-snowman.20150918.germline.indel.vcf.gz-md5sum_time": 0, 
                "b5cabba2-30a4-458e-897c-00ec3fefa6d2.broad-snowman.20150918.germline.indel.vcf.gz.idx-download_time": 12, 
                "b5cabba2-30a4-458e-897c-00ec3fefa6d2.broad-snowman.20150918.germline.indel.vcf.gz.idx-md5sum_time": 0, 
                "b5cabba2-30a4-458e-897c-00ec3fefa6d2.broad-snowman.20150918.germline.sv.vcf.gz-download_time": 12, 
                "b5cabba2-30a4-458e-897c-00ec3fefa6d2.broad-snowman.20150918.germline.sv.vcf.gz-md5sum_time": 0, 
                "b5cabba2-30a4-458e-897c-00ec3fefa6d2.broad-snowman.20150918.germline.sv.vcf.gz.idx-download_time": 13, 
                "b5cabba2-30a4-458e-897c-00ec3fefa6d2.broad-snowman.20150918.germline.sv.vcf.gz.idx-md5sum_time": 0, 
                "b5cabba2-30a4-458e-897c-00ec3fefa6d2.broad-snowman.20150918.somatic.indel.vcf.gz-download_time": 13, 
                "b5cabba2-30a4-458e-897c-00ec3fefa6d2.broad-snowman.20150918.somatic.indel.vcf.gz-md5sum_time": 0, 
                "b5cabba2-30a4-458e-897c-00ec3fefa6d2.broad-snowman.20150918.somatic.indel.vcf.gz.idx-download_time": 13, 
                "b5cabba2-30a4-458e-897c-00ec3fefa6d2.broad-snowman.20150918.somatic.indel.vcf.gz.idx-md5sum_time": 0, 
                "b5cabba2-30a4-458e-897c-00ec3fefa6d2.broad-snowman.20150918.somatic.sv.vcf.gz-download_time": 12, 
                "b5cabba2-30a4-458e-897c-00ec3fefa6d2.broad-snowman.20150918.somatic.sv.vcf.gz-md5sum_time": 0, 
                "b5cabba2-30a4-458e-897c-00ec3fefa6d2.broad-snowman.20150918.somatic.sv.vcf.gz.idx-download_time": 12, 
                "b5cabba2-30a4-458e-897c-00ec3fefa6d2.broad-snowman.20150918.somatic.sv.vcf.gz.idx-md5sum_time": 0, 
                "d595a635-6d0f-4cb9-9b1f-c30195bc2b8e.xml-download_time": 13, 
                "d595a635-6d0f-4cb9-9b1f-c30195bc2b8e.xml-md5sum_time": 0, 
                "start": 1454719378, 
                "stop": 1454719569, 
                "time": 191
            }
        }
    }, 
    "aliquot_id": null, 
    "available_repos": [
        {
            "https://gtrepo-osdc-icgc.annailabs.com/": {
                "file_md5sum": "7b103240dba70a5d8c687634c60307a8", 
                "file_size": 42018
            }
        }
    ], 
    "data_type": "Broad-VCF", 
    "files": [
        {
            "file_md5sum": "609ad60eb68a034f313eee3b1ab923b6", 
            "file_name": "b5cabba2-30a4-458e-897c-00ec3fefa6d2.broad-mutect-v2.20151112.somatic.snv_mnv.vcf.gz.idx", 
            "file_size": 82426, 
            "object_id": "d73ffb94-7c11-56dc-a036-92f9fa8deac4"
        }, 
        {
            "file_md5sum": "cca4dddee6bcbffd415b11f24a431e74", 
            "file_name": "b5cabba2-30a4-458e-897c-00ec3fefa6d2.broad-mutect-v2.20151112.somatic.snv_mnv.vcf.gz", 
            "file_size": 203670, 
            "object_id": "687e3b5f-b5cc-51b1-890b-289fed92acad"
        }, 
        {
            "file_md5sum": "768edd2e8c737bcaa8e769af49fe5ef6", 
            "file_name": "b5cabba2-30a4-458e-897c-00ec3fefa6d2.broad-snowman.20150918.somatic.sv.vcf.gz", 
            "file_size": 34850, 
            "object_id": "f447003e-a85e-5188-a81d-7b0a52757af6"
        }, 
        {
            "file_md5sum": "e7d26ca4bd27fab02add73b76d8d01fe", 
            "file_name": "b5cabba2-30a4-458e-897c-00ec3fefa6d2.broad-snowman.20150918.somatic.indel.vcf.gz.idx", 
            "file_size": 12887, 
            "object_id": "9c22795c-78ae-52e8-8f00-ecbcd20e2227"
        }, 
        {
            "file_md5sum": "d5295befd5be7b2ed6bd78f9ddbf1489", 
            "file_name": "b5cabba2-30a4-458e-897c-00ec3fefa6d2.broad-snowman.20150918.germline.indel.vcf.gz.idx", 
            "file_size": 1004832, 
            "object_id": "8753a2cb-5bb7-542b-a795-7c79e26886c8"
        }, 
        {
            "file_md5sum": "ba94a0f382ab613a45550632b30e719a", 
            "file_name": "b5cabba2-30a4-458e-897c-00ec3fefa6d2.broad-snowman.20150918.germline.indel.vcf.gz", 
            "file_size": 10297926, 
            "object_id": "40fee236-aee9-59eb-a829-c96173138831"
        }, 
        {
            "file_md5sum": "54917b104dc7da5de135cfbd66e673b2", 
            "file_name": "b5cabba2-30a4-458e-897c-00ec3fefa6d2.broad-dRanger.20150918.somatic.sv.vcf.gz.idx", 
            "file_size": 1584, 
            "object_id": "8e7fd2dc-a0e1-5a7d-a4e5-0baf2855163e"
        }, 
        {
            "file_md5sum": "4ea93e7ff8f99bce505bd73487a89e75", 
            "file_name": "b5cabba2-30a4-458e-897c-00ec3fefa6d2.broad-snowman.20150918.somatic.sv.vcf.gz.idx", 
            "file_size": 7019, 
            "object_id": "59c6ff55-8cbe-57db-bd0c-38fb6f3a7888"
        }, 
        {
            "file_md5sum": "8707d4b865cf916861d703e54a895e36", 
            "file_name": "b5cabba2-30a4-458e-897c-00ec3fefa6d2.broad-snowman.20150918.germline.sv.vcf.gz.idx", 
            "file_size": 97054, 
            "object_id": "7ce7f82e-e5e2-5c4e-8af4-0d89f5ce1899"
        }, 
        {
            "file_md5sum": "c72235b67a6a2bd282dad6f3edc27c9c", 
            "file_name": "b5cabba2-30a4-458e-897c-00ec3fefa6d2.broad-dRanger_snowman.20150918.somatic.sv.vcf.gz.idx", 
            "file_size": 7228, 
            "object_id": "bc415922-0e1c-5d4b-95e6-41dcff297408"
        }, 
        {
            "file_md5sum": "7bbb8f888b5ed13296bad3edad79299d", 
            "file_name": "b5cabba2-30a4-458e-897c-00ec3fefa6d2.broad-snowman.20150918.germline.sv.vcf.gz", 
            "file_size": 2289487, 
            "object_id": "bd08f77f-b6dd-56cc-83fd-dce4245c3ffa"
        }, 
        {
            "file_md5sum": "70e2e9d8acefb12b31a3ca2a0a0355d7", 
            "file_name": "b5cabba2-30a4-458e-897c-00ec3fefa6d2.broad-snowman.20150918.somatic.indel.vcf.gz",