{
    "_runs_": {
        "run_1453954910_5609ae24-c8e4-4bbb-a25d-d0836c411348": {
            "downloading": {
                "gnos-download_time": 126, 
                "start": 1453978820, 
                "stop": 1453978946, 
                "time": 126
            }, 
            "uploading": {
                "copy_meta_time": 1, 
                "start": 1453978957, 
                "stop": 1453979060, 
                "time": 103, 
                "upload_time": 101
            }
        }, 
        "run_1454698952_d058bae5-5e42-417a-bcd7-9a6997a804ed": {
            "downloading": {
                "616ff577-c5c3-432e-a857-f29901de119c.svcp_1-0-5.20150318.somatic.cnv.tar.gz-download_time": 14, 
                "616ff577-c5c3-432e-a857-f29901de119c.svcp_1-0-5.20150318.somatic.cnv.tar.gz-md5sum_time": 0, 
                "616ff577-c5c3-432e-a857-f29901de119c.svcp_1-0-5.20150318.somatic.cnv.vcf.gz-download_time": 13, 
                "616ff577-c5c3-432e-a857-f29901de119c.svcp_1-0-5.20150318.somatic.cnv.vcf.gz-md5sum_time": 0, 
                "616ff577-c5c3-432e-a857-f29901de119c.svcp_1-0-5.20150318.somatic.cnv.vcf.gz.tbi-download_time": 12, 
                "616ff577-c5c3-432e-a857-f29901de119c.svcp_1-0-5.20150318.somatic.cnv.vcf.gz.tbi-md5sum_time": 0, 
                "616ff577-c5c3-432e-a857-f29901de119c.svcp_1-0-5.20150318.somatic.genotype.tar.gz-download_time": 13, 
                "616ff577-c5c3-432e-a857-f29901de119c.svcp_1-0-5.20150318.somatic.genotype.tar.gz-md5sum_time": 0, 
                "616ff577-c5c3-432e-a857-f29901de119c.svcp_1-0-5.20150318.somatic.imputeCounts.tar.gz-download_time": 45, 
                "616ff577-c5c3-432e-a857-f29901de119c.svcp_1-0-5.20150318.somatic.imputeCounts.tar.gz-md5sum_time": 1, 
                "616ff577-c5c3-432e-a857-f29901de119c.svcp_1-0-5.20150318.somatic.indel.tar.gz-download_time": 77, 
                "616ff577-c5c3-432e-a857-f29901de119c.svcp_1-0-5.20150318.somatic.indel.tar.gz-md5sum_time": 4, 
                "616ff577-c5c3-432e-a857-f29901de119c.svcp_1-0-5.20150318.somatic.indel.vcf.gz-download_time": 17, 
                "616ff577-c5c3-432e-a857-f29901de119c.svcp_1-0-5.20150318.somatic.indel.vcf.gz-md5sum_time": 0, 
                "616ff577-c5c3-432e-a857-f29901de119c.svcp_1-0-5.20150318.somatic.indel.vcf.gz.tbi-download_time": 13, 
                "616ff577-c5c3-432e-a857-f29901de119c.svcp_1-0-5.20150318.somatic.indel.vcf.gz.tbi-md5sum_time": 0, 
                "616ff577-c5c3-432e-a857-f29901de119c.svcp_1-0-5.20150318.somatic.snv_mnv.tar.gz-download_time": 22, 
                "616ff577-c5c3-432e-a857-f29901de119c.svcp_1-0-5.20150318.somatic.snv_mnv.tar.gz-md5sum_time": 0, 
                "616ff577-c5c3-432e-a857-f29901de119c.svcp_1-0-5.20150318.somatic.snv_mnv.vcf.gz-download_time": 13, 
                "616ff577-c5c3-432e-a857-f29901de119c.svcp_1-0-5.20150318.somatic.snv_mnv.vcf.gz-md5sum_time": 0, 
                "616ff577-c5c3-432e-a857-f29901de119c.svcp_1-0-5.20150318.somatic.snv_mnv.vcf.gz.tbi-download_time": 12, 
                "616ff577-c5c3-432e-a857-f29901de119c.svcp_1-0-5.20150318.somatic.snv_mnv.vcf.gz.tbi-md5sum_time": 0, 
                "616ff577-c5c3-432e-a857-f29901de119c.svcp_1-0-5.20150318.somatic.verifyBamId.tar.gz-download_time": 13, 
                "616ff577-c5c3-432e-a857-f29901de119c.svcp_1-0-5.20150318.somatic.verifyBamId.tar.gz-md5sum_time": 0, 
                "616ff577-c5c3-432e-a857-f29901de119c.svfix_4-0-5.20160114.somatic.sv.tar.gz-download_time": 31, 
                "616ff577-c5c3-432e-a857-f29901de119c.svfix_4-0-5.20160114.somatic.sv.tar.gz-md5sum_time": 1, 
                "616ff577-c5c3-432e-a857-f29901de119c.svfix_4-0-5.20160114.somatic.sv.vcf.gz-download_time": 13, 
                "616ff577-c5c3-432e-a857-f29901de119c.svfix_4-0-5.20160114.somatic.sv.vcf.gz-md5sum_time": 0, 
                "616ff577-c5c3-432e-a857-f29901de119c.svfix_4-0-5.20160114.somatic.sv.vcf.gz.tbi-download_time": 12, 
                "616ff577-c5c3-432e-a857-f29901de119c.svfix_4-0-5.20160114.somatic.sv.vcf.gz.tbi-md5sum_time": 0, 
                "d680b44e-bac7-11e5-9285-ff6ceac6e0c4.xml-download_time": 14, 
                "d680b44e-bac7-11e5-9285-ff6ceac6e0c4.xml-md5sum_time": 0, 
                "start": 1454720130, 
                "stop": 1454720470, 
                "time": 340
            }
        }
    }, 
    "aliquot_id": null, 
    "available_repos": [
        {
            "https://gtrepo-osdc-icgc.annailabs.com/": {
                "file_md5sum": "f64fe832ba94ded31bbee6953f4acc94", 
                "file_size": 61938
            }
        }
    ], 
    "data_type": "Sanger-VCF", 
    "files": [
        {
            "file_md5sum": "c03ebe8333fad4ce3d614b5c411830b5", 
            "file_name": "616ff577-c5c3-432e-a857-f29901de119c.svcp_1-0-5.20150318.somatic.snv_mnv.vcf.gz", 
            "file_size": 1668723, 
            "object_id": "11d31106-299c-503c-b67c-d6e49443fc4f"
        }, 
        {
            "file_md5sum": "89f2ff6bbdb2ce3a17beff30bec830ee", 
            "file_name": "616ff577-c5c3-432e-a857-f29901de119c.svcp_1-0-5.20150318.somatic.snv_mnv.vcf.gz.tbi", 
            "file_size": 289163, 
            "object_id": "8f2a4ced-013e-5e31-a838-eecb99e2dc1f"
        }, 
        {
            "file_md5sum": "fc953660a19c1bef2ae4014292eac83d", 
            "file_name": "616ff577-c5c3-432e-a857-f29901de119c.svcp_1-0-5.20150318.somatic.cnv.vcf.gz", 
            "file_size": 1968, 
            "object_id": "9300d3e8-96e3-5413-92d2-caed093f3909"
        }, 
        {
            "file_md5sum": "4254c0228902fbba2c1a1037ab16c2e9", 
            "file_name": "616ff577-c5c3-432e-a857-f29901de119c.svcp_1-0-5.20150318.somatic.cnv.vcf.gz.tbi", 
            "file_size": 4165, 
            "object_id": "3ebcc313-e105-51b4-9cb4-bde02ecfe6d2"
        }, 
        {
            "file_md5sum": "acef735dc4e0c7424e8f904be1a5b7db", 
            "file_name": "616ff577-c5c3-432e-a857-f29901de119c.svfix_4-0-5.20160114.somatic.sv.vcf.gz", 
            "file_size": 5770, 
            "object_id": "8b8fa2b7-2069-58f7-b55a-56efbad4338e"
        }, 
        {
            "file_md5sum": "30f80cf9134d402f8218dff6cdaa6f5e", 
            "file_name": "616ff577-c5c3-432e-a857-f29901de119c.svfix_4-0-5.20160114.somatic.sv.vcf.gz.tbi", 
            "file_size": 1128, 
            "object_id": "c565e033-b7a6-527b-b51e-3f828b3c157e"
        }, 
        {
            "file_md5sum": "4ad7c2d8f8308942be4605720dfde2c4", 
            "file_name": "616ff577-c5c3-432e-a857-f29901de119c.svcp_1-0-5.20150318.somatic.indel.vcf.gz", 
            "file_size": 61907958, 
            "object_id": "27d76cca-92ba-5c93-81d5-ee129965c85e"
        }, 
        {
            "file_md5sum": "b025236cbd5cd6a28d34945780042fe6", 
            "file_name": "616ff577-c5c3-432e-a857-f29901de119c.svcp_1-0-5.20150318.somatic.indel.vcf.gz.tbi", 
            "file_size": 1525829, 
            "object_id": "8a5a0722-8583-5573-aa01-d9a11031c0d8"
        }, 
        {
            "file_md5sum": "d5d38cac340b7b4b8efd1399dc9a31c0", 
            "file_name": "616ff577-c5c3-432e-a857-f29901de119c.svcp_1-0-5.20150318.somatic.snv_mnv.tar.gz", 
            "file_size": 165557494, 
            "object_id": "f38f4d10-d78c-5def-831f-807205152042"
        }, 
        {
            "file_md5sum": "6cefe49c4d513b53c13a2574e8a04ad7", 
            "file_name": "616ff577-c5c3-432e-a857-f29901de119c.svcp_1-0-5.20150318.somatic.cnv.tar.gz", 
            "file_size": 26619320, 
            "object_id": "e275ac15-b22a-504a-bc3d-b896d8601166"
        }, 
        {
            "file_md5sum": "56d0a8ecc7da01cc086cf0b6c38bc2ff", 
            "file_name": "616ff577-c5c3-432e-a857-f29901de119c.svfix_4-0-5.20160114.somatic.sv.tar.gz", 
            "file_size": 310946006, 
            "object_id": "0eb931d6-b40d-5e63-bb5b-374134fb709c"
        }, 
        {
            "file_md5sum": "f2c7c2e000fa825e8465d963b88b8d0d",