{
    "_runs_": {
        "run_1454285934_d11d9507-caf5-4c24-8339-e748f4379583": {
            "downloading": {
                "gnos-download_time": 41, 
                "start": 1454295034, 
                "stop": 1454295075, 
                "time": 41
            }, 
            "uploading": {
                "copy_meta_time": 1, 
                "start": 1454295080, 
                "stop": 1454295109, 
                "time": 29, 
                "upload_time": 28
            }
        }, 
        "run_1454698888_5069c0b3-ffbf-4c39-89a5-f83edddf434c": {
            "downloading": {
                "d9bc7eb8-b34b-45e3-8551-99d323e1f9df.xml-download_time": 13, 
                "d9bc7eb8-b34b-45e3-8551-99d323e1f9df.xml-md5sum_time": 0, 
                "f82d213f-9843-28eb-e040-11ac0d483e48.broad-dRanger.20150918.somatic.sv.vcf.gz-download_time": 13, 
                "f82d213f-9843-28eb-e040-11ac0d483e48.broad-dRanger.20150918.somatic.sv.vcf.gz-md5sum_time": 0, 
                "f82d213f-9843-28eb-e040-11ac0d483e48.broad-dRanger.20150918.somatic.sv.vcf.gz.idx-download_time": 13, 
                "f82d213f-9843-28eb-e040-11ac0d483e48.broad-dRanger.20150918.somatic.sv.vcf.gz.idx-md5sum_time": 0, 
                "f82d213f-9843-28eb-e040-11ac0d483e48.broad-dRanger_snowman.20150918.somatic.sv.vcf.gz-download_time": 12, 
                "f82d213f-9843-28eb-e040-11ac0d483e48.broad-dRanger_snowman.20150918.somatic.sv.vcf.gz-md5sum_time": 0, 
                "f82d213f-9843-28eb-e040-11ac0d483e48.broad-dRanger_snowman.20150918.somatic.sv.vcf.gz.idx-download_time": 13, 
                "f82d213f-9843-28eb-e040-11ac0d483e48.broad-dRanger_snowman.20150918.somatic.sv.vcf.gz.idx-md5sum_time": 0, 
                "f82d213f-9843-28eb-e040-11ac0d483e48.broad-mutect-v2.20151112.somatic.snv_mnv.vcf.gz-download_time": 12, 
                "f82d213f-9843-28eb-e040-11ac0d483e48.broad-mutect-v2.20151112.somatic.snv_mnv.vcf.gz-md5sum_time": 0, 
                "f82d213f-9843-28eb-e040-11ac0d483e48.broad-mutect-v2.20151112.somatic.snv_mnv.vcf.gz.idx-download_time": 12, 
                "f82d213f-9843-28eb-e040-11ac0d483e48.broad-mutect-v2.20151112.somatic.snv_mnv.vcf.gz.idx-md5sum_time": 1, 
                "f82d213f-9843-28eb-e040-11ac0d483e48.broad-snowman.20150918.germline.indel.vcf.gz-download_time": 14, 
                "f82d213f-9843-28eb-e040-11ac0d483e48.broad-snowman.20150918.germline.indel.vcf.gz-md5sum_time": 0, 
                "f82d213f-9843-28eb-e040-11ac0d483e48.broad-snowman.20150918.germline.indel.vcf.gz.idx-download_time": 13, 
                "f82d213f-9843-28eb-e040-11ac0d483e48.broad-snowman.20150918.germline.indel.vcf.gz.idx-md5sum_time": 0, 
                "f82d213f-9843-28eb-e040-11ac0d483e48.broad-snowman.20150918.germline.sv.vcf.gz-download_time": 14, 
                "f82d213f-9843-28eb-e040-11ac0d483e48.broad-snowman.20150918.germline.sv.vcf.gz-md5sum_time": 0, 
                "f82d213f-9843-28eb-e040-11ac0d483e48.broad-snowman.20150918.germline.sv.vcf.gz.idx-download_time": 12, 
                "f82d213f-9843-28eb-e040-11ac0d483e48.broad-snowman.20150918.germline.sv.vcf.gz.idx-md5sum_time": 0, 
                "f82d213f-9843-28eb-e040-11ac0d483e48.broad-snowman.20150918.somatic.indel.vcf.gz-download_time": 11, 
                "f82d213f-9843-28eb-e040-11ac0d483e48.broad-snowman.20150918.somatic.indel.vcf.gz-md5sum_time": 0, 
                "f82d213f-9843-28eb-e040-11ac0d483e48.broad-snowman.20150918.somatic.indel.vcf.gz.idx-download_time": 13, 
                "f82d213f-9843-28eb-e040-11ac0d483e48.broad-snowman.20150918.somatic.indel.vcf.gz.idx-md5sum_time": 0, 
                "f82d213f-9843-28eb-e040-11ac0d483e48.broad-snowman.20150918.somatic.sv.vcf.gz-download_time": 12, 
                "f82d213f-9843-28eb-e040-11ac0d483e48.broad-snowman.20150918.somatic.sv.vcf.gz-md5sum_time": 0, 
                "f82d213f-9843-28eb-e040-11ac0d483e48.broad-snowman.20150918.somatic.sv.vcf.gz.idx-download_time": 13, 
                "f82d213f-9843-28eb-e040-11ac0d483e48.broad-snowman.20150918.somatic.sv.vcf.gz.idx-md5sum_time": 0, 
                "start": 1454721278, 
                "stop": 1454721469, 
                "time": 191
            }
        }
    }, 
    "aliquot_id": null, 
    "available_repos": [
        {
            "https://gtrepo-osdc-icgc.annailabs.com/": {
                "file_md5sum": "678a15904b78635a1f0666c93b1a36f9", 
                "file_size": 47673
            }
        }
    ], 
    "data_type": "Broad-VCF", 
    "files": [
        {
            "file_md5sum": "2efdb1d30f2e1c5362f00d68d5448f63", 
            "file_name": "f82d213f-9843-28eb-e040-11ac0d483e48.broad-mutect-v2.20151112.somatic.snv_mnv.vcf.gz.idx", 
            "file_size": 32468, 
            "object_id": "420b38ad-4b0d-51dc-bc5e-7ecf26d2567c"
        }, 
        {
            "file_md5sum": "edf42c1ca447153488dfcddc7f04fa20", 
            "file_name": "f82d213f-9843-28eb-e040-11ac0d483e48.broad-mutect-v2.20151112.somatic.snv_mnv.vcf.gz", 
            "file_size": 68921, 
            "object_id": "d2608a26-390b-584e-931e-86aaffa2f56a"
        }, 
        {
            "file_md5sum": "345a387663b218f05a676a824386610e", 
            "file_name": "f82d213f-9843-28eb-e040-11ac0d483e48.broad-snowman.20150918.somatic.indel.vcf.gz.idx", 
            "file_size": 5407, 
            "object_id": "5352a61e-885c-5a90-b4a5-0af825c7404b"
        }, 
        {
            "file_md5sum": "4259a9261288a932bb4cc9930c033349", 
            "file_name": "f82d213f-9843-28eb-e040-11ac0d483e48.broad-dRanger_snowman.20150918.somatic.sv.vcf.gz.idx", 
            "file_size": 5885, 
            "object_id": "da9f20bd-7578-5253-9211-7bb959f5ed0d"
        }, 
        {
            "file_md5sum": "e29d6626111a3eb0d473e8f2a27fd897", 
            "file_name": "f82d213f-9843-28eb-e040-11ac0d483e48.broad-dRanger.20150918.somatic.sv.vcf.gz.idx", 
            "file_size": 2570, 
            "object_id": "f0b7fc43-d285-573e-93f0-e0e24271bfb6"
        }, 
        {
            "file_md5sum": "70fe0d11dde15ec3a0576f7a74310477", 
            "file_name": "f82d213f-9843-28eb-e040-11ac0d483e48.broad-dRanger_snowman.20150918.somatic.sv.vcf.gz", 
            "file_size": 70287, 
            "object_id": "8a6f7946-1c59-5c3d-8d84-836e06775029"
        }, 
        {
            "file_md5sum": "a99b6b92feeaa3adf10cfcd28d61497e", 
            "file_name": "f82d213f-9843-28eb-e040-11ac0d483e48.broad-snowman.20150918.germline.indel.vcf.gz", 
            "file_size": 9486920, 
            "object_id": "66834507-ff5e-5899-b84a-756a34365974"
        }, 
        {
            "file_md5sum": "528938db57c0943d100a17533fefe909", 
            "file_name": "f82d213f-9843-28eb-e040-11ac0d483e48.broad-snowman.20150918.germline.indel.vcf.gz.idx", 
            "file_size": 989771, 
            "object_id": "be79ecfc-f26c-5b56-a9e0-f2ff57cec7bb"
        }, 
        {
            "file_md5sum": "78f55394f63f3fe7a8dd262eb8dacd87", 
            "file_name": "f82d213f-9843-28eb-e040-11ac0d483e48.broad-snowman.20150918.germline.sv.vcf.gz.idx", 
            "file_size": 54805, 
            "object_id": "34f9378a-613a-5200-8d31-c9435d50d2d8"
        }, 
        {
            "file_md5sum": "455ab44837972518a95f45940aa6912a", 
            "file_name": "f82d213f-9843-28eb-e040-11ac0d483e48.broad-snowman.20150918.germline.sv.vcf.gz", 
            "file_size": 1624854, 
            "object_id": "1987d058-b739-517b-984e-6e6b4aceed00"
        }, 
        {
            "file_md5sum": "080e0eef7c7a9c19fdcbb9dc60bfa5bb", 
            "file_name": "f82d213f-9843-28eb-e040-11ac0d483e48.broad-snowman.20150918.somatic.indel.vcf.gz", 
            "file_size": 7815, 
            "object_id": "4bae8ebb-fd84-5e8d-ad9d-a47ff8120e6b"
        }, 
        {
            "file_md5sum": "2f83755a5d6255e6f89e5689ff4a9e09", 
            "file_name": "f82d213f-9843-28eb-e040-11ac0d483e48.broad-snowman.20150918.somatic.sv.vcf.gz.idx",