{
    "_runs_": {
        "run_1454285703_2b9791f1-d0a8-4403-bd2d-9f3d79bba1f0": {
            "downloading": {
                "gnos-download_time": 46, 
                "start": 1454295109, 
                "stop": 1454295155, 
                "time": 46
            }, 
            "uploading": {
                "copy_meta_time": 1, 
                "start": 1454295159, 
                "stop": 1454295193, 
                "time": 34, 
                "upload_time": 33
            }
        }, 
        "run_1454699093_57d685ba-f89e-44a4-80bd-3ee7609d262a": {
            "downloading": {
                "0cf9bbc2-cbd5-4b64-8d90-cfa416307b39.broad-dRanger.20151120.somatic.sv.vcf.gz-download_time": 13, 
                "0cf9bbc2-cbd5-4b64-8d90-cfa416307b39.broad-dRanger.20151120.somatic.sv.vcf.gz-md5sum_time": 0, 
                "0cf9bbc2-cbd5-4b64-8d90-cfa416307b39.broad-dRanger.20151120.somatic.sv.vcf.gz.idx-download_time": 13, 
                "0cf9bbc2-cbd5-4b64-8d90-cfa416307b39.broad-dRanger.20151120.somatic.sv.vcf.gz.idx-md5sum_time": 0, 
                "0cf9bbc2-cbd5-4b64-8d90-cfa416307b39.broad-dRanger_snowman.20151120.somatic.sv.vcf.gz-download_time": 12, 
                "0cf9bbc2-cbd5-4b64-8d90-cfa416307b39.broad-dRanger_snowman.20151120.somatic.sv.vcf.gz-md5sum_time": 0, 
                "0cf9bbc2-cbd5-4b64-8d90-cfa416307b39.broad-dRanger_snowman.20151120.somatic.sv.vcf.gz.idx-download_time": 13, 
                "0cf9bbc2-cbd5-4b64-8d90-cfa416307b39.broad-dRanger_snowman.20151120.somatic.sv.vcf.gz.idx-md5sum_time": 0, 
                "0cf9bbc2-cbd5-4b64-8d90-cfa416307b39.broad-mutect-v2.20151112.somatic.snv_mnv.vcf.gz-download_time": 12, 
                "0cf9bbc2-cbd5-4b64-8d90-cfa416307b39.broad-mutect-v2.20151112.somatic.snv_mnv.vcf.gz-md5sum_time": 0, 
                "0cf9bbc2-cbd5-4b64-8d90-cfa416307b39.broad-mutect-v2.20151112.somatic.snv_mnv.vcf.gz.idx-download_time": 13, 
                "0cf9bbc2-cbd5-4b64-8d90-cfa416307b39.broad-mutect-v2.20151112.somatic.snv_mnv.vcf.gz.idx-md5sum_time": 0, 
                "0cf9bbc2-cbd5-4b64-8d90-cfa416307b39.broad-snowman.20151120.germline.indel.vcf.gz-download_time": 13, 
                "0cf9bbc2-cbd5-4b64-8d90-cfa416307b39.broad-snowman.20151120.germline.indel.vcf.gz-md5sum_time": 0, 
                "0cf9bbc2-cbd5-4b64-8d90-cfa416307b39.broad-snowman.20151120.germline.indel.vcf.gz.idx-download_time": 13, 
                "0cf9bbc2-cbd5-4b64-8d90-cfa416307b39.broad-snowman.20151120.germline.indel.vcf.gz.idx-md5sum_time": 0, 
                "0cf9bbc2-cbd5-4b64-8d90-cfa416307b39.broad-snowman.20151120.germline.sv.vcf.gz-download_time": 13, 
                "0cf9bbc2-cbd5-4b64-8d90-cfa416307b39.broad-snowman.20151120.germline.sv.vcf.gz-md5sum_time": 0, 
                "0cf9bbc2-cbd5-4b64-8d90-cfa416307b39.broad-snowman.20151120.germline.sv.vcf.gz.idx-download_time": 12, 
                "0cf9bbc2-cbd5-4b64-8d90-cfa416307b39.broad-snowman.20151120.germline.sv.vcf.gz.idx-md5sum_time": 0, 
                "0cf9bbc2-cbd5-4b64-8d90-cfa416307b39.broad-snowman.20151120.somatic.indel.vcf.gz-download_time": 13, 
                "0cf9bbc2-cbd5-4b64-8d90-cfa416307b39.broad-snowman.20151120.somatic.indel.vcf.gz-md5sum_time": 0, 
                "0cf9bbc2-cbd5-4b64-8d90-cfa416307b39.broad-snowman.20151120.somatic.indel.vcf.gz.idx-download_time": 12, 
                "0cf9bbc2-cbd5-4b64-8d90-cfa416307b39.broad-snowman.20151120.somatic.indel.vcf.gz.idx-md5sum_time": 0, 
                "0cf9bbc2-cbd5-4b64-8d90-cfa416307b39.broad-snowman.20151120.somatic.sv.vcf.gz-download_time": 12, 
                "0cf9bbc2-cbd5-4b64-8d90-cfa416307b39.broad-snowman.20151120.somatic.sv.vcf.gz-md5sum_time": 0, 
                "0cf9bbc2-cbd5-4b64-8d90-cfa416307b39.broad-snowman.20151120.somatic.sv.vcf.gz.idx-download_time": 12, 
                "0cf9bbc2-cbd5-4b64-8d90-cfa416307b39.broad-snowman.20151120.somatic.sv.vcf.gz.idx-md5sum_time": 0, 
                "da2309ca-03c2-4717-aeb8-692e266abe3c.xml-download_time": 12, 
                "da2309ca-03c2-4717-aeb8-692e266abe3c.xml-md5sum_time": 0, 
                "start": 1454721388, 
                "stop": 1454721576, 
                "time": 188
            }
        }
    }, 
    "aliquot_id": null, 
    "available_repos": [
        {
            "https://gtrepo-osdc-icgc.annailabs.com/": {
                "file_md5sum": "d3e4fd31035c82b174320dcd4bc4a66d", 
                "file_size": 41223
            }
        }
    ], 
    "data_type": "Broad-VCF", 
    "files": [
        {
            "file_md5sum": "0ec18fd4876cd65ae761480b3f947492", 
            "file_name": "0cf9bbc2-cbd5-4b64-8d90-cfa416307b39.broad-mutect-v2.20151112.somatic.snv_mnv.vcf.gz", 
            "file_size": 362094, 
            "object_id": "11f6a540-1757-5430-9024-32e666cc9462"
        }, 
        {
            "file_md5sum": "0a6ae5555b81969a522f70be373bd0c9", 
            "file_name": "0cf9bbc2-cbd5-4b64-8d90-cfa416307b39.broad-mutect-v2.20151112.somatic.snv_mnv.vcf.gz.idx", 
            "file_size": 137769, 
            "object_id": "0b08f305-e0a5-5654-8575-0745db68f30c"
        }, 
        {
            "file_md5sum": "ac071434d5d5851db45f61f2c0072157", 
            "file_name": "0cf9bbc2-cbd5-4b64-8d90-cfa416307b39.broad-snowman.20151120.somatic.indel.vcf.gz", 
            "file_size": 41389, 
            "object_id": "ec2a1471-49ca-5f38-ba5e-5a9a82f021e6"
        }, 
        {
            "file_md5sum": "5bb4890cf5ef68bfda5f8776f0dae5ba", 
            "file_name": "0cf9bbc2-cbd5-4b64-8d90-cfa416307b39.broad-snowman.20151120.somatic.sv.vcf.gz", 
            "file_size": 53670, 
            "object_id": "41de77d8-39e9-5029-82eb-8465f48f3f41"
        }, 
        {
            "file_md5sum": "9ef8a4b75c0f42c1c15e6332a8247240", 
            "file_name": "0cf9bbc2-cbd5-4b64-8d90-cfa416307b39.broad-snowman.20151120.germline.sv.vcf.gz.idx", 
            "file_size": 57202, 
            "object_id": "35c68339-47ae-5dfc-866b-d07482f9fd8b"
        }, 
        {
            "file_md5sum": "5f17a36c5a257316c6b0bea0481a5376", 
            "file_name": "0cf9bbc2-cbd5-4b64-8d90-cfa416307b39.broad-dRanger_snowman.20151120.somatic.sv.vcf.gz", 
            "file_size": 55097, 
            "object_id": "bbc20d8e-e014-5fac-9e2f-7f51a5adcdd7"
        }, 
        {
            "file_md5sum": "e58d62a8e4cf56bc8c5a1604bfea0a89", 
            "file_name": "0cf9bbc2-cbd5-4b64-8d90-cfa416307b39.broad-dRanger_snowman.20151120.somatic.sv.vcf.gz.idx", 
            "file_size": 7639, 
            "object_id": "84c74d5f-b24e-593c-a31f-232026f448a4"
        }, 
        {
            "file_md5sum": "f661e2af0fe7ef0925d734cfef73ea0c", 
            "file_name": "0cf9bbc2-cbd5-4b64-8d90-cfa416307b39.broad-snowman.20151120.somatic.indel.vcf.gz.idx", 
            "file_size": 17164, 
            "object_id": "a2d00e00-39b9-583c-9fed-9999ecc611a8"
        }, 
        {
            "file_md5sum": "0f692d49fdf428f817e51b1ca9dc99f4", 
            "file_name": "0cf9bbc2-cbd5-4b64-8d90-cfa416307b39.broad-snowman.20151120.somatic.sv.vcf.gz.idx", 
            "file_size": 7565, 
            "object_id": "9581ceb6-e25e-53f0-bd8c-94230196c87d"
        }, 
        {
            "file_md5sum": "4121cec031f393ad8116c1bd7b1922e7", 
            "file_name": "0cf9bbc2-cbd5-4b64-8d90-cfa416307b39.broad-snowman.20151120.germline.indel.vcf.gz.idx", 
            "file_size": 1048865, 
            "object_id": "2d4e6c55-fea8-51c1-8c9a-92464da64f49"
        }, 
        {
            "file_md5sum": "42beeddc9fd20a96240ea61e8f61f516", 
            "file_name": "0cf9bbc2-cbd5-4b64-8d90-cfa416307b39.broad-snowman.20151120.germline.sv.vcf.gz", 
            "file_size": 1905374, 
            "object_id": "29a06b2e-46be-5234-a724-4aa82ddda034"
        }, 
        {
            "file_md5sum": "e4fd5c7068c71fa58945912edc063387", 
            "file_name": "0cf9bbc2-cbd5-4b64-8d90-cfa416307b39.broad-snowman.20151120.germline.indel.vcf.gz",