{
    "_runs_": {
        "run_1454096312_1c7f59be-3963-489a-aa73-201ac807a7ad": {
            "downloading": {
                "gnos-download_time": 87, 
                "start": 1454105413, 
                "stop": 1454105501, 
                "time": 88
            }, 
            "uploading": {
                "copy_meta_time": 2, 
                "start": 1454105520, 
                "stop": 1454105608, 
                "time": 88, 
                "upload_time": 86
            }
        }, 
        "run_1454699028_045369da-f7e5-4adc-b5e5-b1abdb07f5a6": {
            "downloading": {
                "c906a13e-c622-11e3-bf01-24c6515278c0.svcp_1-0-5.20150425.somatic.cnv.tar.gz-download_time": 15, 
                "c906a13e-c622-11e3-bf01-24c6515278c0.svcp_1-0-5.20150425.somatic.cnv.tar.gz-md5sum_time": 0, 
                "c906a13e-c622-11e3-bf01-24c6515278c0.svcp_1-0-5.20150425.somatic.cnv.vcf.gz-download_time": 12, 
                "c906a13e-c622-11e3-bf01-24c6515278c0.svcp_1-0-5.20150425.somatic.cnv.vcf.gz-md5sum_time": 0, 
                "c906a13e-c622-11e3-bf01-24c6515278c0.svcp_1-0-5.20150425.somatic.cnv.vcf.gz.tbi-download_time": 13, 
                "c906a13e-c622-11e3-bf01-24c6515278c0.svcp_1-0-5.20150425.somatic.cnv.vcf.gz.tbi-md5sum_time": 0, 
                "c906a13e-c622-11e3-bf01-24c6515278c0.svcp_1-0-5.20150425.somatic.genotype.tar.gz-download_time": 13, 
                "c906a13e-c622-11e3-bf01-24c6515278c0.svcp_1-0-5.20150425.somatic.genotype.tar.gz-md5sum_time": 0, 
                "c906a13e-c622-11e3-bf01-24c6515278c0.svcp_1-0-5.20150425.somatic.imputeCounts.tar.gz-download_time": 47, 
                "c906a13e-c622-11e3-bf01-24c6515278c0.svcp_1-0-5.20150425.somatic.imputeCounts.tar.gz-md5sum_time": 2, 
                "c906a13e-c622-11e3-bf01-24c6515278c0.svcp_1-0-5.20150425.somatic.indel.tar.gz-download_time": 57, 
                "c906a13e-c622-11e3-bf01-24c6515278c0.svcp_1-0-5.20150425.somatic.indel.tar.gz-md5sum_time": 3, 
                "c906a13e-c622-11e3-bf01-24c6515278c0.svcp_1-0-5.20150425.somatic.indel.vcf.gz-download_time": 17, 
                "c906a13e-c622-11e3-bf01-24c6515278c0.svcp_1-0-5.20150425.somatic.indel.vcf.gz-md5sum_time": 0, 
                "c906a13e-c622-11e3-bf01-24c6515278c0.svcp_1-0-5.20150425.somatic.indel.vcf.gz.tbi-download_time": 14, 
                "c906a13e-c622-11e3-bf01-24c6515278c0.svcp_1-0-5.20150425.somatic.indel.vcf.gz.tbi-md5sum_time": 0, 
                "c906a13e-c622-11e3-bf01-24c6515278c0.svcp_1-0-5.20150425.somatic.snv_mnv.tar.gz-download_time": 22, 
                "c906a13e-c622-11e3-bf01-24c6515278c0.svcp_1-0-5.20150425.somatic.snv_mnv.tar.gz-md5sum_time": 1, 
                "c906a13e-c622-11e3-bf01-24c6515278c0.svcp_1-0-5.20150425.somatic.snv_mnv.vcf.gz-download_time": 13, 
                "c906a13e-c622-11e3-bf01-24c6515278c0.svcp_1-0-5.20150425.somatic.snv_mnv.vcf.gz-md5sum_time": 0, 
                "c906a13e-c622-11e3-bf01-24c6515278c0.svcp_1-0-5.20150425.somatic.snv_mnv.vcf.gz.tbi-download_time": 13, 
                "c906a13e-c622-11e3-bf01-24c6515278c0.svcp_1-0-5.20150425.somatic.snv_mnv.vcf.gz.tbi-md5sum_time": 0, 
                "c906a13e-c622-11e3-bf01-24c6515278c0.svcp_1-0-5.20150425.somatic.verifyBamId.tar.gz-download_time": 14, 
                "c906a13e-c622-11e3-bf01-24c6515278c0.svcp_1-0-5.20150425.somatic.verifyBamId.tar.gz-md5sum_time": 0, 
                "c906a13e-c622-11e3-bf01-24c6515278c0.svfix_4-0-5.20160106.somatic.sv.tar.gz-download_time": 32, 
                "c906a13e-c622-11e3-bf01-24c6515278c0.svfix_4-0-5.20160106.somatic.sv.tar.gz-md5sum_time": 2, 
                "c906a13e-c622-11e3-bf01-24c6515278c0.svfix_4-0-5.20160106.somatic.sv.vcf.gz-download_time": 13, 
                "c906a13e-c622-11e3-bf01-24c6515278c0.svfix_4-0-5.20160106.somatic.sv.vcf.gz-md5sum_time": 0, 
                "c906a13e-c622-11e3-bf01-24c6515278c0.svfix_4-0-5.20160106.somatic.sv.vcf.gz.tbi-download_time": 13, 
                "c906a13e-c622-11e3-bf01-24c6515278c0.svfix_4-0-5.20160106.somatic.sv.vcf.gz.tbi-md5sum_time": 0, 
                "e5130660-b4c3-11e5-a23b-10b251327fcc.xml-download_time": 13, 
                "e5130660-b4c3-11e5-a23b-10b251327fcc.xml-md5sum_time": 0, 
                "start": 1454725630, 
                "stop": 1454725959, 
                "time": 329
            }
        }
    }, 
    "aliquot_id": null, 
    "available_repos": [
        {
            "https://gtrepo-dkfz.annailabs.com/": {
                "file_md5sum": "92d4d9478c532c307c4857dbd07fb9fb", 
                "file_size": 58458
            }
        }
    ], 
    "data_type": "Sanger-VCF", 
    "files": [
        {
            "file_md5sum": "0b8ee9f40b0e5b8f0bf6553b92a868da", 
            "file_name": "c906a13e-c622-11e3-bf01-24c6515278c0.svcp_1-0-5.20150425.somatic.snv_mnv.vcf.gz", 
            "file_size": 2426619, 
            "object_id": "1f8a278d-fb72-540f-b6f2-84524bdb89f8"
        }, 
        {
            "file_md5sum": "9d565dc3b6838876465740cecd506ec1", 
            "file_name": "c906a13e-c622-11e3-bf01-24c6515278c0.svcp_1-0-5.20150425.somatic.snv_mnv.vcf.gz.tbi", 
            "file_size": 327351, 
            "object_id": "fe462e52-eef3-55f0-939a-54430890ba3c"
        }, 
        {
            "file_md5sum": "01b3bb064934c46d2b2f0cc092dac518", 
            "file_name": "c906a13e-c622-11e3-bf01-24c6515278c0.svcp_1-0-5.20150425.somatic.cnv.vcf.gz", 
            "file_size": 3533, 
            "object_id": "a3ec4c5d-feaa-5c75-83e9-b2f49995083b"
        }, 
        {
            "file_md5sum": "469c63ee3accb7c4ea928a3f9008187a", 
            "file_name": "c906a13e-c622-11e3-bf01-24c6515278c0.svcp_1-0-5.20150425.somatic.cnv.vcf.gz.tbi", 
            "file_size": 5419, 
            "object_id": "ab639d92-8034-5843-b571-4bc126e71969"
        }, 
        {
            "file_md5sum": "eb03c4238266312ba7dfd013a748df0c", 
            "file_name": "c906a13e-c622-11e3-bf01-24c6515278c0.svfix_4-0-5.20160106.somatic.sv.vcf.gz", 
            "file_size": 16654, 
            "object_id": "90f4df55-474a-55ad-b777-cd6e725d74b8"
        }, 
        {
            "file_md5sum": "2a4c57ddeea9fa044b2cfbbe4036401e", 
            "file_name": "c906a13e-c622-11e3-bf01-24c6515278c0.svfix_4-0-5.20160106.somatic.sv.vcf.gz.tbi", 
            "file_size": 2629, 
            "object_id": "a44babe7-c8bb-58ba-abad-c8b99811366a"
        }, 
        {
            "file_md5sum": "4d0a0d78102985eed092a60279439216", 
            "file_name": "c906a13e-c622-11e3-bf01-24c6515278c0.svcp_1-0-5.20150425.somatic.indel.vcf.gz", 
            "file_size": 46037436, 
            "object_id": "3d1a55b3-e0b6-5a2c-bfaf-d4cbecde179b"
        }, 
        {
            "file_md5sum": "87abd48582232c6c8115fae1efacdc30", 
            "file_name": "c906a13e-c622-11e3-bf01-24c6515278c0.svcp_1-0-5.20150425.somatic.indel.vcf.gz.tbi", 
            "file_size": 1464079, 
            "object_id": "aaa35852-a877-5b6a-bb29-4e83b7be9530"
        }, 
        {
            "file_md5sum": "c54c4913d6abc2151b7c387ec2ec888c", 
            "file_name": "c906a13e-c622-11e3-bf01-24c6515278c0.svcp_1-0-5.20150425.somatic.snv_mnv.tar.gz", 
            "file_size": 159329719, 
            "object_id": "be80e6d9-ca83-5c61-8a04-1b31a0d2d5a5"
        }, 
        {
            "file_md5sum": "d690cf7fd88a4a161ffcf94bd0fb1b7a", 
            "file_name": "c906a13e-c622-11e3-bf01-24c6515278c0.svcp_1-0-5.20150425.somatic.cnv.tar.gz", 
            "file_size": 26890898, 
            "object_id": "ef9b5ae8-1681-5963-8ab5-713715b7caef"
        }, 
        {
            "file_md5sum": "0ebeff864ba0e94c45982bb9ab476861", 
            "file_name": "c906a13e-c622-11e3-bf01-24c6515278c0.svfix_4-0-5.20160106.somatic.sv.tar.gz", 
            "file_size": 300681757, 
            "object_id": "9d74df81-1735-5919-a91b-5e6cdf231ee0"
        }, 
        {
            "file_md5sum": "e3b3b53b8b304936d346b5a1bc709b7f",