{
    "_runs_": {
        "run_1453954855_ec8b3200-ece3-4876-b26c-61d25a8034bf": {
            "downloading": {
                "gnos-download_time": 101, 
                "start": 1453982823, 
                "stop": 1453982924, 
                "time": 101
            }, 
            "uploading": {
                "copy_meta_time": 2, 
                "start": 1453982934, 
                "stop": 1453983029, 
                "time": 95, 
                "upload_time": 92
            }
        }, 
        "run_1454698755_903b0f92-d9ee-49d4-8095-339a44ab6782": {
            "downloading": {
                "c2ec7f57-8510-4bbf-a2e9-dbd9ce8dcad1.svcp_1-0-4.20150208.somatic.cnv.tar.gz-download_time": 15, 
                "c2ec7f57-8510-4bbf-a2e9-dbd9ce8dcad1.svcp_1-0-4.20150208.somatic.cnv.tar.gz-md5sum_time": 1, 
                "c2ec7f57-8510-4bbf-a2e9-dbd9ce8dcad1.svcp_1-0-4.20150208.somatic.cnv.vcf.gz-download_time": 13, 
                "c2ec7f57-8510-4bbf-a2e9-dbd9ce8dcad1.svcp_1-0-4.20150208.somatic.cnv.vcf.gz-md5sum_time": 0, 
                "c2ec7f57-8510-4bbf-a2e9-dbd9ce8dcad1.svcp_1-0-4.20150208.somatic.cnv.vcf.gz.tbi-download_time": 13, 
                "c2ec7f57-8510-4bbf-a2e9-dbd9ce8dcad1.svcp_1-0-4.20150208.somatic.cnv.vcf.gz.tbi-md5sum_time": 0, 
                "c2ec7f57-8510-4bbf-a2e9-dbd9ce8dcad1.svcp_1-0-4.20150208.somatic.genotype.tar.gz-download_time": 15, 
                "c2ec7f57-8510-4bbf-a2e9-dbd9ce8dcad1.svcp_1-0-4.20150208.somatic.genotype.tar.gz-md5sum_time": 0, 
                "c2ec7f57-8510-4bbf-a2e9-dbd9ce8dcad1.svcp_1-0-4.20150208.somatic.imputeCounts.tar.gz-download_time": 40, 
                "c2ec7f57-8510-4bbf-a2e9-dbd9ce8dcad1.svcp_1-0-4.20150208.somatic.imputeCounts.tar.gz-md5sum_time": 2, 
                "c2ec7f57-8510-4bbf-a2e9-dbd9ce8dcad1.svcp_1-0-4.20150208.somatic.indel.tar.gz-download_time": 64, 
                "c2ec7f57-8510-4bbf-a2e9-dbd9ce8dcad1.svcp_1-0-4.20150208.somatic.indel.tar.gz-md5sum_time": 3, 
                "c2ec7f57-8510-4bbf-a2e9-dbd9ce8dcad1.svcp_1-0-4.20150208.somatic.indel.vcf.gz-download_time": 16, 
                "c2ec7f57-8510-4bbf-a2e9-dbd9ce8dcad1.svcp_1-0-4.20150208.somatic.indel.vcf.gz-md5sum_time": 0, 
                "c2ec7f57-8510-4bbf-a2e9-dbd9ce8dcad1.svcp_1-0-4.20150208.somatic.indel.vcf.gz.tbi-download_time": 14, 
                "c2ec7f57-8510-4bbf-a2e9-dbd9ce8dcad1.svcp_1-0-4.20150208.somatic.indel.vcf.gz.tbi-md5sum_time": 0, 
                "c2ec7f57-8510-4bbf-a2e9-dbd9ce8dcad1.svcp_1-0-4.20150208.somatic.snv_mnv.tar.gz-download_time": 23, 
                "c2ec7f57-8510-4bbf-a2e9-dbd9ce8dcad1.svcp_1-0-4.20150208.somatic.snv_mnv.tar.gz-md5sum_time": 0, 
                "c2ec7f57-8510-4bbf-a2e9-dbd9ce8dcad1.svcp_1-0-4.20150208.somatic.snv_mnv.vcf.gz-download_time": 14, 
                "c2ec7f57-8510-4bbf-a2e9-dbd9ce8dcad1.svcp_1-0-4.20150208.somatic.snv_mnv.vcf.gz-md5sum_time": 0, 
                "c2ec7f57-8510-4bbf-a2e9-dbd9ce8dcad1.svcp_1-0-4.20150208.somatic.snv_mnv.vcf.gz.tbi-download_time": 13, 
                "c2ec7f57-8510-4bbf-a2e9-dbd9ce8dcad1.svcp_1-0-4.20150208.somatic.snv_mnv.vcf.gz.tbi-md5sum_time": 0, 
                "c2ec7f57-8510-4bbf-a2e9-dbd9ce8dcad1.svcp_1-0-4.20150208.somatic.verifyBamId.tar.gz-download_time": 13, 
                "c2ec7f57-8510-4bbf-a2e9-dbd9ce8dcad1.svcp_1-0-4.20150208.somatic.verifyBamId.tar.gz-md5sum_time": 0, 
                "c2ec7f57-8510-4bbf-a2e9-dbd9ce8dcad1.svfix_4-0-5.20160115.somatic.sv.tar.gz-download_time": 30, 
                "c2ec7f57-8510-4bbf-a2e9-dbd9ce8dcad1.svfix_4-0-5.20160115.somatic.sv.tar.gz-md5sum_time": 1, 
                "c2ec7f57-8510-4bbf-a2e9-dbd9ce8dcad1.svfix_4-0-5.20160115.somatic.sv.vcf.gz-download_time": 13, 
                "c2ec7f57-8510-4bbf-a2e9-dbd9ce8dcad1.svfix_4-0-5.20160115.somatic.sv.vcf.gz-md5sum_time": 0, 
                "c2ec7f57-8510-4bbf-a2e9-dbd9ce8dcad1.svfix_4-0-5.20160115.somatic.sv.vcf.gz.tbi-download_time": 13, 
                "c2ec7f57-8510-4bbf-a2e9-dbd9ce8dcad1.svfix_4-0-5.20160115.somatic.sv.vcf.gz.tbi-md5sum_time": 0, 
                "e70caaac-bb8a-11e5-970c-81cbeac6e0c4.xml-download_time": 13, 
                "e70caaac-bb8a-11e5-970c-81cbeac6e0c4.xml-md5sum_time": 0, 
                "start": 1454726527, 
                "stop": 1454726856, 
                "time": 329
            }
        }
    }, 
    "aliquot_id": null, 
    "available_repos": [
        {
            "https://gtrepo-osdc-icgc.annailabs.com/": {
                "file_md5sum": "c2f5fb7336c8a0c441ea10214cdccd32", 
                "file_size": 57703
            }
        }
    ], 
    "data_type": "Sanger-VCF", 
    "files": [
        {
            "file_md5sum": "6348b596d6219ffefb9c798a4a62f386", 
            "file_name": "c2ec7f57-8510-4bbf-a2e9-dbd9ce8dcad1.svcp_1-0-4.20150208.somatic.snv_mnv.vcf.gz", 
            "file_size": 2246914, 
            "object_id": "5d75532f-cf5f-5e09-8614-9e8751eff773"
        }, 
        {
            "file_md5sum": "1675a6a7786fe18df4975ed788edd18d", 
            "file_name": "c2ec7f57-8510-4bbf-a2e9-dbd9ce8dcad1.svcp_1-0-4.20150208.somatic.snv_mnv.vcf.gz.tbi", 
            "file_size": 357294, 
            "object_id": "f8dc9c34-f500-5338-9ebb-96a7fa14e422"
        }, 
        {
            "file_md5sum": "cd4cd920c891756be287e3db266ca33b", 
            "file_name": "c2ec7f57-8510-4bbf-a2e9-dbd9ce8dcad1.svcp_1-0-4.20150208.somatic.cnv.vcf.gz", 
            "file_size": 4230, 
            "object_id": "eb6fae91-1ea2-5103-999d-13fde295a32e"
        }, 
        {
            "file_md5sum": "13049175bac6afba7f0126837a1157d1", 
            "file_name": "c2ec7f57-8510-4bbf-a2e9-dbd9ce8dcad1.svcp_1-0-4.20150208.somatic.cnv.vcf.gz.tbi", 
            "file_size": 5627, 
            "object_id": "1883f1cf-83ba-5a03-8cb5-c37a5f195d12"
        }, 
        {
            "file_md5sum": "15342c6bed7ded681ce54ddb6d3c01a9", 
            "file_name": "c2ec7f57-8510-4bbf-a2e9-dbd9ce8dcad1.svfix_4-0-5.20160115.somatic.sv.vcf.gz", 
            "file_size": 90436, 
            "object_id": "af32a622-f366-582f-8d20-f97a0b8a0878"
        }, 
        {
            "file_md5sum": "d5f9d04e4bbe76c1c2ae7d3761d249b9", 
            "file_name": "c2ec7f57-8510-4bbf-a2e9-dbd9ce8dcad1.svfix_4-0-5.20160115.somatic.sv.vcf.gz.tbi", 
            "file_size": 7438, 
            "object_id": "b4888e5d-a37f-5d65-a535-ac2129edbc1a"
        }, 
        {
            "file_md5sum": "31f692102df6a58579f2fe34c0d6bf8c", 
            "file_name": "c2ec7f57-8510-4bbf-a2e9-dbd9ce8dcad1.svcp_1-0-4.20150208.somatic.indel.vcf.gz", 
            "file_size": 47352997, 
            "object_id": "e3b4f6a1-949e-5c1b-86fd-57329c254b3b"
        }, 
        {
            "file_md5sum": "48dd9e934bce4811009a683e9a321dba", 
            "file_name": "c2ec7f57-8510-4bbf-a2e9-dbd9ce8dcad1.svcp_1-0-4.20150208.somatic.indel.vcf.gz.tbi", 
            "file_size": 1431971, 
            "object_id": "2b72b004-f27e-55a1-b2d4-78171b039432"
        }, 
        {
            "file_md5sum": "91d4bfed16761e4fcb2021c03c1515cc", 
            "file_name": "c2ec7f57-8510-4bbf-a2e9-dbd9ce8dcad1.svcp_1-0-4.20150208.somatic.snv_mnv.tar.gz", 
            "file_size": 163645861, 
            "object_id": "5a2c31a0-ac02-5404-8cb4-0d01dd6c1cc9"
        }, 
        {
            "file_md5sum": "dbca6e1975373da2a91a7ae287bbf7ae", 
            "file_name": "c2ec7f57-8510-4bbf-a2e9-dbd9ce8dcad1.svcp_1-0-4.20150208.somatic.cnv.tar.gz", 
            "file_size": 26553691, 
            "object_id": "96c5771c-f881-596c-a3d2-b30d8336931c"
        }, 
        {
            "file_md5sum": "66fc9e11b06086a6ce78bb0faf39d6db", 
            "file_name": "c2ec7f57-8510-4bbf-a2e9-dbd9ce8dcad1.svfix_4-0-5.20160115.somatic.sv.tar.gz", 
            "file_size": 293787968, 
            "object_id": "14f1beae-5106-5318-8f74-4fce584fac95"
        }, 
        {
            "file_md5sum": "e0229a11eefde9d141b26d08eb8466a9",