{
    "_runs_": {
        "run_1453954855_ec8b3200-ece3-4876-b26c-61d25a8034bf": {
            "downloading": {
                "gnos-download_time": 83, 
                "start": 1453983038, 
                "stop": 1453983121, 
                "time": 83
            }, 
            "uploading": {
                "copy_meta_time": 1, 
                "start": 1453983127, 
                "stop": 1453983210, 
                "time": 83, 
                "upload_time": 81
            }
        }, 
        "run_1454698755_903b0f92-d9ee-49d4-8095-339a44ab6782": {
            "downloading": {
                "5f53bcda-2fd3-4574-9cc2-5efe353372b2.svcp_1-0-4.20150129.somatic.cnv.tar.gz-download_time": 16, 
                "5f53bcda-2fd3-4574-9cc2-5efe353372b2.svcp_1-0-4.20150129.somatic.cnv.tar.gz-md5sum_time": 0, 
                "5f53bcda-2fd3-4574-9cc2-5efe353372b2.svcp_1-0-4.20150129.somatic.cnv.vcf.gz-download_time": 13, 
                "5f53bcda-2fd3-4574-9cc2-5efe353372b2.svcp_1-0-4.20150129.somatic.cnv.vcf.gz-md5sum_time": 0, 
                "5f53bcda-2fd3-4574-9cc2-5efe353372b2.svcp_1-0-4.20150129.somatic.cnv.vcf.gz.tbi-download_time": 12, 
                "5f53bcda-2fd3-4574-9cc2-5efe353372b2.svcp_1-0-4.20150129.somatic.cnv.vcf.gz.tbi-md5sum_time": 0, 
                "5f53bcda-2fd3-4574-9cc2-5efe353372b2.svcp_1-0-4.20150129.somatic.genotype.tar.gz-download_time": 12, 
                "5f53bcda-2fd3-4574-9cc2-5efe353372b2.svcp_1-0-4.20150129.somatic.genotype.tar.gz-md5sum_time": 0, 
                "5f53bcda-2fd3-4574-9cc2-5efe353372b2.svcp_1-0-4.20150129.somatic.imputeCounts.tar.gz-download_time": 42, 
                "5f53bcda-2fd3-4574-9cc2-5efe353372b2.svcp_1-0-4.20150129.somatic.imputeCounts.tar.gz-md5sum_time": 2, 
                "5f53bcda-2fd3-4574-9cc2-5efe353372b2.svcp_1-0-4.20150129.somatic.indel.tar.gz-download_time": 53, 
                "5f53bcda-2fd3-4574-9cc2-5efe353372b2.svcp_1-0-4.20150129.somatic.indel.tar.gz-md5sum_time": 3, 
                "5f53bcda-2fd3-4574-9cc2-5efe353372b2.svcp_1-0-4.20150129.somatic.indel.vcf.gz-download_time": 16, 
                "5f53bcda-2fd3-4574-9cc2-5efe353372b2.svcp_1-0-4.20150129.somatic.indel.vcf.gz-md5sum_time": 0, 
                "5f53bcda-2fd3-4574-9cc2-5efe353372b2.svcp_1-0-4.20150129.somatic.indel.vcf.gz.tbi-download_time": 13, 
                "5f53bcda-2fd3-4574-9cc2-5efe353372b2.svcp_1-0-4.20150129.somatic.indel.vcf.gz.tbi-md5sum_time": 0, 
                "5f53bcda-2fd3-4574-9cc2-5efe353372b2.svcp_1-0-4.20150129.somatic.snv_mnv.tar.gz-download_time": 22, 
                "5f53bcda-2fd3-4574-9cc2-5efe353372b2.svcp_1-0-4.20150129.somatic.snv_mnv.tar.gz-md5sum_time": 0, 
                "5f53bcda-2fd3-4574-9cc2-5efe353372b2.svcp_1-0-4.20150129.somatic.snv_mnv.vcf.gz-download_time": 13, 
                "5f53bcda-2fd3-4574-9cc2-5efe353372b2.svcp_1-0-4.20150129.somatic.snv_mnv.vcf.gz-md5sum_time": 0, 
                "5f53bcda-2fd3-4574-9cc2-5efe353372b2.svcp_1-0-4.20150129.somatic.snv_mnv.vcf.gz.tbi-download_time": 13, 
                "5f53bcda-2fd3-4574-9cc2-5efe353372b2.svcp_1-0-4.20150129.somatic.snv_mnv.vcf.gz.tbi-md5sum_time": 0, 
                "5f53bcda-2fd3-4574-9cc2-5efe353372b2.svcp_1-0-4.20150129.somatic.verifyBamId.tar.gz-download_time": 13, 
                "5f53bcda-2fd3-4574-9cc2-5efe353372b2.svcp_1-0-4.20150129.somatic.verifyBamId.tar.gz-md5sum_time": 0, 
                "5f53bcda-2fd3-4574-9cc2-5efe353372b2.svfix_4-0-5.20160114.somatic.sv.tar.gz-download_time": 30, 
                "5f53bcda-2fd3-4574-9cc2-5efe353372b2.svfix_4-0-5.20160114.somatic.sv.tar.gz-md5sum_time": 1, 
                "5f53bcda-2fd3-4574-9cc2-5efe353372b2.svfix_4-0-5.20160114.somatic.sv.vcf.gz-download_time": 14, 
                "5f53bcda-2fd3-4574-9cc2-5efe353372b2.svfix_4-0-5.20160114.somatic.sv.vcf.gz-md5sum_time": 0, 
                "5f53bcda-2fd3-4574-9cc2-5efe353372b2.svfix_4-0-5.20160114.somatic.sv.vcf.gz.tbi-download_time": 13, 
                "5f53bcda-2fd3-4574-9cc2-5efe353372b2.svfix_4-0-5.20160114.somatic.sv.vcf.gz.tbi-md5sum_time": 0, 
                "e7632ee4-bac3-11e5-9285-ff6ceac6e0c4.xml-download_time": 13, 
                "e7632ee4-bac3-11e5-9285-ff6ceac6e0c4.xml-md5sum_time": 0, 
                "start": 1454726871, 
                "stop": 1454727186, 
                "time": 315
            }
        }
    }, 
    "aliquot_id": null, 
    "available_repos": [
        {
            "https://gtrepo-osdc-icgc.annailabs.com/": {
                "file_md5sum": "a8b1c7873ab47733a2cb7986ebf0af68", 
                "file_size": 60680
            }
        }
    ], 
    "data_type": "Sanger-VCF", 
    "files": [
        {
            "file_md5sum": "8d4f834e1f8a603f64da9ec2d6b31cdf", 
            "file_name": "5f53bcda-2fd3-4574-9cc2-5efe353372b2.svcp_1-0-4.20150129.somatic.snv_mnv.vcf.gz", 
            "file_size": 2300303, 
            "object_id": "c9abada2-cd08-529a-bc8e-74405425fb4f"
        }, 
        {
            "file_md5sum": "d12015f5a7c1f35fde8c2f132405ee12", 
            "file_name": "5f53bcda-2fd3-4574-9cc2-5efe353372b2.svcp_1-0-4.20150129.somatic.snv_mnv.vcf.gz.tbi", 
            "file_size": 306115, 
            "object_id": "b8cb06a0-0701-5f18-92c3-fa5017da611e"
        }, 
        {
            "file_md5sum": "b4699e409443d7d8ee198308fc0edb30", 
            "file_name": "5f53bcda-2fd3-4574-9cc2-5efe353372b2.svcp_1-0-4.20150129.somatic.cnv.vcf.gz", 
            "file_size": 3402, 
            "object_id": "99e5c2f9-335f-52d4-ab4a-bbcc8e871032"
        }, 
        {
            "file_md5sum": "a65637db2b63efcf1369df0e068837bc", 
            "file_name": "5f53bcda-2fd3-4574-9cc2-5efe353372b2.svcp_1-0-4.20150129.somatic.cnv.vcf.gz.tbi", 
            "file_size": 5191, 
            "object_id": "aeb4667f-718c-568b-acd2-9e71110f32ac"
        }, 
        {
            "file_md5sum": "ef01ec13bbcd808fc14950db4de5a885", 
            "file_name": "5f53bcda-2fd3-4574-9cc2-5efe353372b2.svfix_4-0-5.20160114.somatic.sv.vcf.gz", 
            "file_size": 3641, 
            "object_id": "9a10ef6f-7ea8-550c-88bd-546767bb479e"
        }, 
        {
            "file_md5sum": "190a06b968da0c83e62bf31b6656602f", 
            "file_name": "5f53bcda-2fd3-4574-9cc2-5efe353372b2.svfix_4-0-5.20160114.somatic.sv.vcf.gz.tbi", 
            "file_size": 549, 
            "object_id": "691e2398-10b3-56e7-a11c-54221dc658b9"
        }, 
        {
            "file_md5sum": "801c43c6fb0ff09d60fe9a0c128aabc8", 
            "file_name": "5f53bcda-2fd3-4574-9cc2-5efe353372b2.svcp_1-0-4.20150129.somatic.indel.vcf.gz", 
            "file_size": 41391527, 
            "object_id": "7517318f-3397-5841-b43f-bf2d12bf28ea"
        }, 
        {
            "file_md5sum": "133f90a62592d7588b95031d0c09d87c", 
            "file_name": "5f53bcda-2fd3-4574-9cc2-5efe353372b2.svcp_1-0-4.20150129.somatic.indel.vcf.gz.tbi", 
            "file_size": 1395363, 
            "object_id": "fa60198f-750a-56ff-9cac-cd6627444232"
        }, 
        {
            "file_md5sum": "a9e9704bbafebbd734efd9f778e329aa", 
            "file_name": "5f53bcda-2fd3-4574-9cc2-5efe353372b2.svcp_1-0-4.20150129.somatic.snv_mnv.tar.gz", 
            "file_size": 158710793, 
            "object_id": "b905cc98-7102-52ff-93b3-a5de87d5f31a"
        }, 
        {
            "file_md5sum": "5c87dc619fb5638b04064170012577be", 
            "file_name": "5f53bcda-2fd3-4574-9cc2-5efe353372b2.svcp_1-0-4.20150129.somatic.cnv.tar.gz", 
            "file_size": 26872046, 
            "object_id": "6a356e3c-5e0c-53e7-bc17-3120bc2a18e9"
        }, 
        {
            "file_md5sum": "ad8032e88255ab69336839116eb245c4", 
            "file_name": "5f53bcda-2fd3-4574-9cc2-5efe353372b2.svfix_4-0-5.20160114.somatic.sv.tar.gz", 
            "file_size": 287571666, 
            "object_id": "bac97d7a-63e9-5c83-a9b7-9f01b6a5d415"
        }, 
        {
            "file_md5sum": "2a39a3bf63da7a118c3a5c951b01b17a",