{
    "_runs_": {
        "run_1454285703_2b9791f1-d0a8-4403-bd2d-9f3d79bba1f0": {
            "downloading": {
                "gnos-download_time": 27, 
                "start": 1454295913, 
                "stop": 1454295941, 
                "time": 28
            }, 
            "uploading": {
                "copy_meta_time": 1, 
                "start": 1454295946, 
                "stop": 1454295975, 
                "time": 29, 
                "upload_time": 28
            }
        }, 
        "run_1454698820_31e0fe60-9a43-4101-83ad-8a596dbe60ad": {
            "downloading": {
                "7fcd8af9-4d73-4c97-95cc-b30b09f21bb2.broad-dRanger.20150918.somatic.sv.vcf.gz-download_time": 12, 
                "7fcd8af9-4d73-4c97-95cc-b30b09f21bb2.broad-dRanger.20150918.somatic.sv.vcf.gz-md5sum_time": 0, 
                "7fcd8af9-4d73-4c97-95cc-b30b09f21bb2.broad-dRanger.20150918.somatic.sv.vcf.gz.idx-download_time": 12, 
                "7fcd8af9-4d73-4c97-95cc-b30b09f21bb2.broad-dRanger.20150918.somatic.sv.vcf.gz.idx-md5sum_time": 0, 
                "7fcd8af9-4d73-4c97-95cc-b30b09f21bb2.broad-dRanger_snowman.20150918.somatic.sv.vcf.gz-download_time": 12, 
                "7fcd8af9-4d73-4c97-95cc-b30b09f21bb2.broad-dRanger_snowman.20150918.somatic.sv.vcf.gz-md5sum_time": 0, 
                "7fcd8af9-4d73-4c97-95cc-b30b09f21bb2.broad-dRanger_snowman.20150918.somatic.sv.vcf.gz.idx-download_time": 12, 
                "7fcd8af9-4d73-4c97-95cc-b30b09f21bb2.broad-dRanger_snowman.20150918.somatic.sv.vcf.gz.idx-md5sum_time": 0, 
                "7fcd8af9-4d73-4c97-95cc-b30b09f21bb2.broad-mutect-v2.20151112.somatic.snv_mnv.vcf.gz-download_time": 12, 
                "7fcd8af9-4d73-4c97-95cc-b30b09f21bb2.broad-mutect-v2.20151112.somatic.snv_mnv.vcf.gz-md5sum_time": 0, 
                "7fcd8af9-4d73-4c97-95cc-b30b09f21bb2.broad-mutect-v2.20151112.somatic.snv_mnv.vcf.gz.idx-download_time": 13, 
                "7fcd8af9-4d73-4c97-95cc-b30b09f21bb2.broad-mutect-v2.20151112.somatic.snv_mnv.vcf.gz.idx-md5sum_time": 0, 
                "7fcd8af9-4d73-4c97-95cc-b30b09f21bb2.broad-snowman.20150918.germline.indel.vcf.gz-download_time": 13, 
                "7fcd8af9-4d73-4c97-95cc-b30b09f21bb2.broad-snowman.20150918.germline.indel.vcf.gz-md5sum_time": 1, 
                "7fcd8af9-4d73-4c97-95cc-b30b09f21bb2.broad-snowman.20150918.germline.indel.vcf.gz.idx-download_time": 13, 
                "7fcd8af9-4d73-4c97-95cc-b30b09f21bb2.broad-snowman.20150918.germline.indel.vcf.gz.idx-md5sum_time": 0, 
                "7fcd8af9-4d73-4c97-95cc-b30b09f21bb2.broad-snowman.20150918.germline.sv.vcf.gz-download_time": 12, 
                "7fcd8af9-4d73-4c97-95cc-b30b09f21bb2.broad-snowman.20150918.germline.sv.vcf.gz-md5sum_time": 0, 
                "7fcd8af9-4d73-4c97-95cc-b30b09f21bb2.broad-snowman.20150918.germline.sv.vcf.gz.idx-download_time": 12, 
                "7fcd8af9-4d73-4c97-95cc-b30b09f21bb2.broad-snowman.20150918.germline.sv.vcf.gz.idx-md5sum_time": 0, 
                "7fcd8af9-4d73-4c97-95cc-b30b09f21bb2.broad-snowman.20150918.somatic.indel.vcf.gz-download_time": 13, 
                "7fcd8af9-4d73-4c97-95cc-b30b09f21bb2.broad-snowman.20150918.somatic.indel.vcf.gz-md5sum_time": 0, 
                "7fcd8af9-4d73-4c97-95cc-b30b09f21bb2.broad-snowman.20150918.somatic.indel.vcf.gz.idx-download_time": 13, 
                "7fcd8af9-4d73-4c97-95cc-b30b09f21bb2.broad-snowman.20150918.somatic.indel.vcf.gz.idx-md5sum_time": 0, 
                "7fcd8af9-4d73-4c97-95cc-b30b09f21bb2.broad-snowman.20150918.somatic.sv.vcf.gz-download_time": 12, 
                "7fcd8af9-4d73-4c97-95cc-b30b09f21bb2.broad-snowman.20150918.somatic.sv.vcf.gz-md5sum_time": 0, 
                "7fcd8af9-4d73-4c97-95cc-b30b09f21bb2.broad-snowman.20150918.somatic.sv.vcf.gz.idx-download_time": 12, 
                "7fcd8af9-4d73-4c97-95cc-b30b09f21bb2.broad-snowman.20150918.somatic.sv.vcf.gz.idx-md5sum_time": 0, 
                "e89761d7-800e-4cbb-8ca6-c4ec558fe60e.xml-download_time": 11, 
                "e89761d7-800e-4cbb-8ca6-c4ec558fe60e.xml-md5sum_time": 0, 
                "start": 1454727525, 
                "stop": 1454727710, 
                "time": 185
            }
        }
    }, 
    "aliquot_id": null, 
    "available_repos": [
        {
            "https://gtrepo-osdc-icgc.annailabs.com/": {
                "file_md5sum": "2bdac9c7d984d73ebb08fd9a4349620f", 
                "file_size": 41226
            }
        }
    ], 
    "data_type": "Broad-VCF", 
    "files": [
        {
            "file_md5sum": "e6644762bdfa93fd240a1d1f8db4587f", 
            "file_name": "7fcd8af9-4d73-4c97-95cc-b30b09f21bb2.broad-mutect-v2.20151112.somatic.snv_mnv.vcf.gz", 
            "file_size": 138401, 
            "object_id": "afce620c-ddea-50de-9382-d9ce0c6fa762"
        }, 
        {
            "file_md5sum": "acbb33d94ff9765af698c9933d0a114c", 
            "file_name": "7fcd8af9-4d73-4c97-95cc-b30b09f21bb2.broad-mutect-v2.20151112.somatic.snv_mnv.vcf.gz.idx", 
            "file_size": 60034, 
            "object_id": "9b8c4dce-624e-5907-bdbe-7dd2cfae38b1"
        }, 
        {
            "file_md5sum": "79910a5f884d909e518cd77bbb50bd0f", 
            "file_name": "7fcd8af9-4d73-4c97-95cc-b30b09f21bb2.broad-snowman.20150918.somatic.sv.vcf.gz.idx", 
            "file_size": 4857, 
            "object_id": "f3655520-9b6b-5c00-979a-e84fafdbb3d0"
        }, 
        {
            "file_md5sum": "c95a9ceae5f0aa737b514c97bec5aee0", 
            "file_name": "7fcd8af9-4d73-4c97-95cc-b30b09f21bb2.broad-snowman.20150918.germline.sv.vcf.gz", 
            "file_size": 2038338, 
            "object_id": "4c7bc8ba-9325-5992-8e34-d7025b8f33e8"
        }, 
        {
            "file_md5sum": "38c19718963fbfddf3f9d693223dfa38", 
            "file_name": "7fcd8af9-4d73-4c97-95cc-b30b09f21bb2.broad-dRanger.20150918.somatic.sv.vcf.gz.idx", 
            "file_size": 1879, 
            "object_id": "88905e83-96e2-5280-8ce9-de393e82499f"
        }, 
        {
            "file_md5sum": "182d9a2bf220b5d5d6d50f87d889aa0a", 
            "file_name": "7fcd8af9-4d73-4c97-95cc-b30b09f21bb2.broad-dRanger.20150918.somatic.sv.vcf.gz", 
            "file_size": 8001, 
            "object_id": "69cc8c2f-5a0e-58ac-884d-bc2d3373f326"
        }, 
        {
            "file_md5sum": "c20091b05f1b5833d352f9867e6fa5fb", 
            "file_name": "7fcd8af9-4d73-4c97-95cc-b30b09f21bb2.broad-snowman.20150918.somatic.indel.vcf.gz.idx", 
            "file_size": 9710, 
            "object_id": "9d120fd5-4aeb-58f2-84c1-312c719dacf6"
        }, 
        {
            "file_md5sum": "d313db578e70522e85d842fa8ce7dd67", 
            "file_name": "7fcd8af9-4d73-4c97-95cc-b30b09f21bb2.broad-snowman.20150918.somatic.indel.vcf.gz", 
            "file_size": 18844, 
            "object_id": "3aa0e119-b118-5821-9581-ee1e13cdc3fc"
        }, 
        {
            "file_md5sum": "ec5b3b7acfd54504abcdc289f4733877", 
            "file_name": "7fcd8af9-4d73-4c97-95cc-b30b09f21bb2.broad-dRanger_snowman.20150918.somatic.sv.vcf.gz", 
            "file_size": 24876, 
            "object_id": "3b699455-525e-58e6-ae7b-f89cf6d6ddff"
        }, 
        {
            "file_md5sum": "c0a78fc4349a39196dac4e9c685a5f39", 
            "file_name": "7fcd8af9-4d73-4c97-95cc-b30b09f21bb2.broad-snowman.20150918.germline.sv.vcf.gz.idx", 
            "file_size": 59417, 
            "object_id": "974d2889-6ad3-5155-b626-cb77448249b3"
        }, 
        {
            "file_md5sum": "7e1d6c75aa87d668389a8dc31ec00860", 
            "file_name": "7fcd8af9-4d73-4c97-95cc-b30b09f21bb2.broad-dRanger_snowman.20150918.somatic.sv.vcf.gz.idx", 
            "file_size": 4970, 
            "object_id": "3467e0bf-143f-5c9a-b34c-86405ae84e74"
        }, 
        {
            "file_md5sum": "4b62527141149a52b49eecabb0fdf66c", 
            "file_name": "7fcd8af9-4d73-4c97-95cc-b30b09f21bb2.broad-snowman.20150918.germline.indel.vcf.gz.idx",