{
    "_runs_": {
        "run_1454285764_f0bb0d9b-b6aa-4910-82ec-98267388a489": {
            "downloading": {
                "gnos-download_time": 32, 
                "start": 1454296185, 
                "stop": 1454296217, 
                "time": 32
            }, 
            "uploading": {
                "copy_meta_time": 1, 
                "start": 1454296221, 
                "stop": 1454296248, 
                "time": 27, 
                "upload_time": 26
            }
        }, 
        "run_1454698820_31e0fe60-9a43-4101-83ad-8a596dbe60ad": {
            "downloading": {
                "f241f033-2208-499a-9fa4-6e92111dee48.xml-download_time": 12, 
                "f241f033-2208-499a-9fa4-6e92111dee48.xml-md5sum_time": 0, 
                "fa54205f-7e51-4e5a-9f0a-5e8a2e40235f.broad-dRanger.20150918.somatic.sv.vcf.gz-download_time": 13, 
                "fa54205f-7e51-4e5a-9f0a-5e8a2e40235f.broad-dRanger.20150918.somatic.sv.vcf.gz-md5sum_time": 0, 
                "fa54205f-7e51-4e5a-9f0a-5e8a2e40235f.broad-dRanger.20150918.somatic.sv.vcf.gz.idx-download_time": 12, 
                "fa54205f-7e51-4e5a-9f0a-5e8a2e40235f.broad-dRanger.20150918.somatic.sv.vcf.gz.idx-md5sum_time": 0, 
                "fa54205f-7e51-4e5a-9f0a-5e8a2e40235f.broad-dRanger_snowman.20150918.somatic.sv.vcf.gz-download_time": 12, 
                "fa54205f-7e51-4e5a-9f0a-5e8a2e40235f.broad-dRanger_snowman.20150918.somatic.sv.vcf.gz-md5sum_time": 0, 
                "fa54205f-7e51-4e5a-9f0a-5e8a2e40235f.broad-dRanger_snowman.20150918.somatic.sv.vcf.gz.idx-download_time": 13, 
                "fa54205f-7e51-4e5a-9f0a-5e8a2e40235f.broad-dRanger_snowman.20150918.somatic.sv.vcf.gz.idx-md5sum_time": 0, 
                "fa54205f-7e51-4e5a-9f0a-5e8a2e40235f.broad-mutect-v2.20151112.somatic.snv_mnv.vcf.gz-download_time": 13, 
                "fa54205f-7e51-4e5a-9f0a-5e8a2e40235f.broad-mutect-v2.20151112.somatic.snv_mnv.vcf.gz-md5sum_time": 0, 
                "fa54205f-7e51-4e5a-9f0a-5e8a2e40235f.broad-mutect-v2.20151112.somatic.snv_mnv.vcf.gz.idx-download_time": 12, 
                "fa54205f-7e51-4e5a-9f0a-5e8a2e40235f.broad-mutect-v2.20151112.somatic.snv_mnv.vcf.gz.idx-md5sum_time": 0, 
                "fa54205f-7e51-4e5a-9f0a-5e8a2e40235f.broad-snowman.20150918.germline.indel.vcf.gz-download_time": 13, 
                "fa54205f-7e51-4e5a-9f0a-5e8a2e40235f.broad-snowman.20150918.germline.indel.vcf.gz-md5sum_time": 0, 
                "fa54205f-7e51-4e5a-9f0a-5e8a2e40235f.broad-snowman.20150918.germline.indel.vcf.gz.idx-download_time": 12, 
                "fa54205f-7e51-4e5a-9f0a-5e8a2e40235f.broad-snowman.20150918.germline.indel.vcf.gz.idx-md5sum_time": 0, 
                "fa54205f-7e51-4e5a-9f0a-5e8a2e40235f.broad-snowman.20150918.germline.sv.vcf.gz-download_time": 13, 
                "fa54205f-7e51-4e5a-9f0a-5e8a2e40235f.broad-snowman.20150918.germline.sv.vcf.gz-md5sum_time": 0, 
                "fa54205f-7e51-4e5a-9f0a-5e8a2e40235f.broad-snowman.20150918.germline.sv.vcf.gz.idx-download_time": 12, 
                "fa54205f-7e51-4e5a-9f0a-5e8a2e40235f.broad-snowman.20150918.germline.sv.vcf.gz.idx-md5sum_time": 0, 
                "fa54205f-7e51-4e5a-9f0a-5e8a2e40235f.broad-snowman.20150918.somatic.indel.vcf.gz-download_time": 12, 
                "fa54205f-7e51-4e5a-9f0a-5e8a2e40235f.broad-snowman.20150918.somatic.indel.vcf.gz-md5sum_time": 0, 
                "fa54205f-7e51-4e5a-9f0a-5e8a2e40235f.broad-snowman.20150918.somatic.indel.vcf.gz.idx-download_time": 12, 
                "fa54205f-7e51-4e5a-9f0a-5e8a2e40235f.broad-snowman.20150918.somatic.indel.vcf.gz.idx-md5sum_time": 0, 
                "fa54205f-7e51-4e5a-9f0a-5e8a2e40235f.broad-snowman.20150918.somatic.sv.vcf.gz-download_time": 12, 
                "fa54205f-7e51-4e5a-9f0a-5e8a2e40235f.broad-snowman.20150918.somatic.sv.vcf.gz-md5sum_time": 0, 
                "fa54205f-7e51-4e5a-9f0a-5e8a2e40235f.broad-snowman.20150918.somatic.sv.vcf.gz.idx-download_time": 12, 
                "fa54205f-7e51-4e5a-9f0a-5e8a2e40235f.broad-snowman.20150918.somatic.sv.vcf.gz.idx-md5sum_time": 0, 
                "start": 1454732712, 
                "stop": 1454732897, 
                "time": 185
            }
        }
    }, 
    "aliquot_id": null, 
    "available_repos": [
        {
            "https://gtrepo-osdc-icgc.annailabs.com/": {
                "file_md5sum": "dde81bd2289de69e4fac83db0dd0b5d2", 
                "file_size": 41254
            }
        }
    ], 
    "data_type": "Broad-VCF", 
    "files": [
        {
            "file_md5sum": "52c633609c868769f3ec53a396545ced", 
            "file_name": "fa54205f-7e51-4e5a-9f0a-5e8a2e40235f.broad-mutect-v2.20151112.somatic.snv_mnv.vcf.gz", 
            "file_size": 106605, 
            "object_id": "e59f3859-c54f-5d3e-a67d-3931c2747f70"
        }, 
        {
            "file_md5sum": "ed823da0a9c101eb6a14c52125275cef", 
            "file_name": "fa54205f-7e51-4e5a-9f0a-5e8a2e40235f.broad-mutect-v2.20151112.somatic.snv_mnv.vcf.gz.idx", 
            "file_size": 46568, 
            "object_id": "50233e48-eaea-5951-9cc3-bc778d37adb9"
        }, 
        {
            "file_md5sum": "5d6316e85074debe6a7442cd85e8bf0f", 
            "file_name": "fa54205f-7e51-4e5a-9f0a-5e8a2e40235f.broad-snowman.20150918.somatic.sv.vcf.gz.idx", 
            "file_size": 7817, 
            "object_id": "01f95517-0189-59b0-8e2d-261060e81dbc"
        }, 
        {
            "file_md5sum": "6b00e5e610ee355832d8becc9a6e077d", 
            "file_name": "fa54205f-7e51-4e5a-9f0a-5e8a2e40235f.broad-snowman.20150918.somatic.indel.vcf.gz", 
            "file_size": 17362, 
            "object_id": "ca56bf34-a400-56fa-82b7-d616f9032a53"
        }, 
        {
            "file_md5sum": "f043276d0f9c39a0d35838079b21013b", 
            "file_name": "fa54205f-7e51-4e5a-9f0a-5e8a2e40235f.broad-dRanger.20150918.somatic.sv.vcf.gz.idx", 
            "file_size": 5273, 
            "object_id": "ea0b89b3-5ff1-5216-b75d-1bf3dfe2a25a"
        }, 
        {
            "file_md5sum": "a4b45f1e5b527467229baac6028de361", 
            "file_name": "fa54205f-7e51-4e5a-9f0a-5e8a2e40235f.broad-snowman.20150918.germline.sv.vcf.gz", 
            "file_size": 1275440, 
            "object_id": "5baa6b8c-776e-5e34-aedc-ac08d3a01d70"
        }, 
        {
            "file_md5sum": "eb0a4eda4ad02a7c5629b725c6bc58f1", 
            "file_name": "fa54205f-7e51-4e5a-9f0a-5e8a2e40235f.broad-snowman.20150918.somatic.sv.vcf.gz", 
            "file_size": 51510, 
            "object_id": "8b7581f1-319e-5123-a3b9-b5df97913a13"
        }, 
        {
            "file_md5sum": "08b41a49f369d3ce7cdc98ec53e99e64", 
            "file_name": "fa54205f-7e51-4e5a-9f0a-5e8a2e40235f.broad-dRanger.20150918.somatic.sv.vcf.gz", 
            "file_size": 23739, 
            "object_id": "c55fb2d7-beaa-55c8-958d-808f99777da1"
        }, 
        {
            "file_md5sum": "d9a919c3bccdaae1a1f585db0ef887e3", 
            "file_name": "fa54205f-7e51-4e5a-9f0a-5e8a2e40235f.broad-snowman.20150918.germline.indel.vcf.gz", 
            "file_size": 9547508, 
            "object_id": "413e5304-4ae8-55c7-8211-cb58fdf78a87"
        }, 
        {
            "file_md5sum": "49dd03da9c69b079225d101c6f453d42", 
            "file_name": "fa54205f-7e51-4e5a-9f0a-5e8a2e40235f.broad-dRanger_snowman.20150918.somatic.sv.vcf.gz.idx", 
            "file_size": 7733, 
            "object_id": "6d540500-d685-514f-bdf8-70fbab30a597"
        }, 
        {
            "file_md5sum": "617a4ac01410f36bd727df8868be7768", 
            "file_name": "fa54205f-7e51-4e5a-9f0a-5e8a2e40235f.broad-snowman.20150918.germline.indel.vcf.gz.idx", 
            "file_size": 973387, 
            "object_id": "386a8481-f356-5d4d-bf9e-1d861b871e18"
        }, 
        {
            "file_md5sum": "398b4d5221a9fe3a05213aeed619d964", 
            "file_name": "fa54205f-7e51-4e5a-9f0a-5e8a2e40235f.broad-snowman.20150918.somatic.indel.vcf.gz.idx",