{
    "_runs_": {
        "run_1453954855_ec8b3200-ece3-4876-b26c-61d25a8034bf": {
            "downloading": {
                "gnos-download_time": 474, 
                "start": 1453985395, 
                "stop": 1453985870, 
                "time": 475
            }, 
            "uploading": {
                "copy_meta_time": 1, 
                "start": 1453985875, 
                "stop": 1453986037, 
                "time": 162, 
                "upload_time": 160
            }
        }, 
        "run_1454698755_903b0f92-d9ee-49d4-8095-339a44ab6782": {
            "downloading": {
                "c15a51cc-4fdc-4343-a410-13ddc238dac8.svcp_1-0-7.20150622.somatic.cnv.tar.gz-download_time": 16, 
                "c15a51cc-4fdc-4343-a410-13ddc238dac8.svcp_1-0-7.20150622.somatic.cnv.tar.gz-md5sum_time": 0, 
                "c15a51cc-4fdc-4343-a410-13ddc238dac8.svcp_1-0-7.20150622.somatic.cnv.vcf.gz-download_time": 13, 
                "c15a51cc-4fdc-4343-a410-13ddc238dac8.svcp_1-0-7.20150622.somatic.cnv.vcf.gz-md5sum_time": 0, 
                "c15a51cc-4fdc-4343-a410-13ddc238dac8.svcp_1-0-7.20150622.somatic.cnv.vcf.gz.tbi-download_time": 12, 
                "c15a51cc-4fdc-4343-a410-13ddc238dac8.svcp_1-0-7.20150622.somatic.cnv.vcf.gz.tbi-md5sum_time": 0, 
                "c15a51cc-4fdc-4343-a410-13ddc238dac8.svcp_1-0-7.20150622.somatic.genotype.tar.gz-download_time": 14, 
                "c15a51cc-4fdc-4343-a410-13ddc238dac8.svcp_1-0-7.20150622.somatic.genotype.tar.gz-md5sum_time": 0, 
                "c15a51cc-4fdc-4343-a410-13ddc238dac8.svcp_1-0-7.20150622.somatic.imputeCounts.tar.gz-download_time": 41, 
                "c15a51cc-4fdc-4343-a410-13ddc238dac8.svcp_1-0-7.20150622.somatic.imputeCounts.tar.gz-md5sum_time": 2, 
                "c15a51cc-4fdc-4343-a410-13ddc238dac8.svcp_1-0-7.20150622.somatic.indel.tar.gz-download_time": 70, 
                "c15a51cc-4fdc-4343-a410-13ddc238dac8.svcp_1-0-7.20150622.somatic.indel.tar.gz-md5sum_time": 3, 
                "c15a51cc-4fdc-4343-a410-13ddc238dac8.svcp_1-0-7.20150622.somatic.indel.vcf.gz-download_time": 17, 
                "c15a51cc-4fdc-4343-a410-13ddc238dac8.svcp_1-0-7.20150622.somatic.indel.vcf.gz-md5sum_time": 0, 
                "c15a51cc-4fdc-4343-a410-13ddc238dac8.svcp_1-0-7.20150622.somatic.indel.vcf.gz.tbi-download_time": 13, 
                "c15a51cc-4fdc-4343-a410-13ddc238dac8.svcp_1-0-7.20150622.somatic.indel.vcf.gz.tbi-md5sum_time": 0, 
                "c15a51cc-4fdc-4343-a410-13ddc238dac8.svcp_1-0-7.20150622.somatic.snv_mnv.tar.gz-download_time": 23, 
                "c15a51cc-4fdc-4343-a410-13ddc238dac8.svcp_1-0-7.20150622.somatic.snv_mnv.tar.gz-md5sum_time": 0, 
                "c15a51cc-4fdc-4343-a410-13ddc238dac8.svcp_1-0-7.20150622.somatic.snv_mnv.vcf.gz-download_time": 13, 
                "c15a51cc-4fdc-4343-a410-13ddc238dac8.svcp_1-0-7.20150622.somatic.snv_mnv.vcf.gz-md5sum_time": 0, 
                "c15a51cc-4fdc-4343-a410-13ddc238dac8.svcp_1-0-7.20150622.somatic.snv_mnv.vcf.gz.tbi-download_time": 13, 
                "c15a51cc-4fdc-4343-a410-13ddc238dac8.svcp_1-0-7.20150622.somatic.snv_mnv.vcf.gz.tbi-md5sum_time": 0, 
                "c15a51cc-4fdc-4343-a410-13ddc238dac8.svcp_1-0-7.20150622.somatic.verifyBamId.tar.gz-download_time": 14, 
                "c15a51cc-4fdc-4343-a410-13ddc238dac8.svcp_1-0-7.20150622.somatic.verifyBamId.tar.gz-md5sum_time": 0, 
                "c15a51cc-4fdc-4343-a410-13ddc238dac8.svfix_4-0-5.20160108.somatic.sv.tar.gz-download_time": 31, 
                "c15a51cc-4fdc-4343-a410-13ddc238dac8.svfix_4-0-5.20160108.somatic.sv.tar.gz-md5sum_time": 1, 
                "c15a51cc-4fdc-4343-a410-13ddc238dac8.svfix_4-0-5.20160108.somatic.sv.vcf.gz-download_time": 14, 
                "c15a51cc-4fdc-4343-a410-13ddc238dac8.svfix_4-0-5.20160108.somatic.sv.vcf.gz-md5sum_time": 0, 
                "c15a51cc-4fdc-4343-a410-13ddc238dac8.svfix_4-0-5.20160108.somatic.sv.vcf.gz.tbi-download_time": 13, 
                "c15a51cc-4fdc-4343-a410-13ddc238dac8.svfix_4-0-5.20160108.somatic.sv.vcf.gz.tbi-md5sum_time": 0, 
                "f3a25846-b60f-11e5-ba71-7d6a51327fcc.xml-download_time": 13, 
                "f3a25846-b60f-11e5-ba71-7d6a51327fcc.xml-md5sum_time": 0, 
                "start": 1454733136, 
                "stop": 1454733472, 
                "time": 336
            }
        }
    }, 
    "aliquot_id": null, 
    "available_repos": [
        {
            "https://gtrepo-bsc.annailabs.com/": {
                "file_md5sum": "6df87b595fd2baa7a2c13686ad53e238", 
                "file_size": 65488
            }
        }
    ], 
    "data_type": "Sanger-VCF", 
    "files": [
        {
            "file_md5sum": "8015e2c8bfca770253c6345082398ec3", 
            "file_name": "c15a51cc-4fdc-4343-a410-13ddc238dac8.svcp_1-0-7.20150622.somatic.snv_mnv.vcf.gz", 
            "file_size": 7248979, 
            "object_id": "4545131b-7cd4-5169-9027-51ee467f2615"
        }, 
        {
            "file_md5sum": "9c54e7b1689778191ae4fc9bc900d6cd", 
            "file_name": "c15a51cc-4fdc-4343-a410-13ddc238dac8.svcp_1-0-7.20150622.somatic.snv_mnv.vcf.gz.tbi", 
            "file_size": 767407, 
            "object_id": "f437b77d-454a-5f26-b008-831976335513"
        }, 
        {
            "file_md5sum": "a16bf6c1ba10e066d3059e95798b5e0d", 
            "file_name": "c15a51cc-4fdc-4343-a410-13ddc238dac8.svcp_1-0-7.20150622.somatic.cnv.vcf.gz", 
            "file_size": 2652, 
            "object_id": "45c9fb39-0e1e-573a-9925-ca51e3f72a4b"
        }, 
        {
            "file_md5sum": "a1005e303276d7892973e296cd5e222f", 
            "file_name": "c15a51cc-4fdc-4343-a410-13ddc238dac8.svcp_1-0-7.20150622.somatic.cnv.vcf.gz.tbi", 
            "file_size": 4621, 
            "object_id": "8910cae7-cff3-5631-ac49-beb3004981f0"
        }, 
        {
            "file_md5sum": "83833b1d509348c52dbcd635fcd182ee", 
            "file_name": "c15a51cc-4fdc-4343-a410-13ddc238dac8.svfix_4-0-5.20160108.somatic.sv.vcf.gz", 
            "file_size": 14388, 
            "object_id": "a1fd5a57-8797-5535-99b2-f21882682c94"
        }, 
        {
            "file_md5sum": "12397f33643bc394433ffe9ff28af617", 
            "file_name": "c15a51cc-4fdc-4343-a410-13ddc238dac8.svfix_4-0-5.20160108.somatic.sv.vcf.gz.tbi", 
            "file_size": 3600, 
            "object_id": "2cbb609b-2cac-5e00-91c9-fc8fbd024a7e"
        }, 
        {
            "file_md5sum": "0a402ee42b6405a7e4140c22d5b7664e", 
            "file_name": "c15a51cc-4fdc-4343-a410-13ddc238dac8.svcp_1-0-7.20150622.somatic.indel.vcf.gz", 
            "file_size": 52110175, 
            "object_id": "6d572a38-0120-5d80-9dda-8f6f0b17956c"
        }, 
        {
            "file_md5sum": "6427fa25da174545799c27851c3297d3", 
            "file_name": "c15a51cc-4fdc-4343-a410-13ddc238dac8.svcp_1-0-7.20150622.somatic.indel.vcf.gz.tbi", 
            "file_size": 1502524, 
            "object_id": "ed270576-8f9d-5e78-a42b-2c0e23b0871f"
        }, 
        {
            "file_md5sum": "910fcc5009edd7a177675db3c2d73b6d", 
            "file_name": "c15a51cc-4fdc-4343-a410-13ddc238dac8.svcp_1-0-7.20150622.somatic.snv_mnv.tar.gz", 
            "file_size": 168096162, 
            "object_id": "c2165850-a9b4-5a37-bfea-fcc3c0bf6cdf"
        }, 
        {
            "file_md5sum": "a4dd05e86267a86e44d89cac397df971", 
            "file_name": "c15a51cc-4fdc-4343-a410-13ddc238dac8.svcp_1-0-7.20150622.somatic.cnv.tar.gz", 
            "file_size": 27101010, 
            "object_id": "c6a53b29-f14d-5eb0-96d2-4dcabff0fc3e"
        }, 
        {
            "file_md5sum": "e4348f01ee2abd4f76eb2d2889663aa4", 
            "file_name": "c15a51cc-4fdc-4343-a410-13ddc238dac8.svfix_4-0-5.20160108.somatic.sv.tar.gz", 
            "file_size": 308554589, 
            "object_id": "e451dcd2-9ab5-5a9b-92f8-4b16bc843db3"
        }, 
        {
            "file_md5sum": "66297e6918130003f952fdbca0aade43",