{
    "_runs_": {
        "run_1453954910_5609ae24-c8e4-4bbb-a25d-d0836c411348": {
            "downloading": {
                "gnos-download_time": 123, 
                "start": 1453987072, 
                "stop": 1453987195, 
                "time": 123
            }, 
            "uploading": {
                "copy_meta_time": 1, 
                "start": 1453987211, 
                "stop": 1453987323, 
                "time": 112, 
                "upload_time": 111
            }
        }, 
        "run_1454698820_31e0fe60-9a43-4101-83ad-8a596dbe60ad": {
            "downloading": {
                "a3edc9cc-f54a-4459-a5d0-097879c811e5.svcp_1-0-4.20150130.somatic.cnv.tar.gz-download_time": 14, 
                "a3edc9cc-f54a-4459-a5d0-097879c811e5.svcp_1-0-4.20150130.somatic.cnv.tar.gz-md5sum_time": 1, 
                "a3edc9cc-f54a-4459-a5d0-097879c811e5.svcp_1-0-4.20150130.somatic.cnv.vcf.gz-download_time": 12, 
                "a3edc9cc-f54a-4459-a5d0-097879c811e5.svcp_1-0-4.20150130.somatic.cnv.vcf.gz-md5sum_time": 0, 
                "a3edc9cc-f54a-4459-a5d0-097879c811e5.svcp_1-0-4.20150130.somatic.cnv.vcf.gz.tbi-download_time": 12, 
                "a3edc9cc-f54a-4459-a5d0-097879c811e5.svcp_1-0-4.20150130.somatic.cnv.vcf.gz.tbi-md5sum_time": 0, 
                "a3edc9cc-f54a-4459-a5d0-097879c811e5.svcp_1-0-4.20150130.somatic.genotype.tar.gz-download_time": 13, 
                "a3edc9cc-f54a-4459-a5d0-097879c811e5.svcp_1-0-4.20150130.somatic.genotype.tar.gz-md5sum_time": 0, 
                "a3edc9cc-f54a-4459-a5d0-097879c811e5.svcp_1-0-4.20150130.somatic.imputeCounts.tar.gz-download_time": 44, 
                "a3edc9cc-f54a-4459-a5d0-097879c811e5.svcp_1-0-4.20150130.somatic.imputeCounts.tar.gz-md5sum_time": 1, 
                "a3edc9cc-f54a-4459-a5d0-097879c811e5.svcp_1-0-4.20150130.somatic.indel.tar.gz-download_time": 90, 
                "a3edc9cc-f54a-4459-a5d0-097879c811e5.svcp_1-0-4.20150130.somatic.indel.tar.gz-md5sum_time": 5, 
                "a3edc9cc-f54a-4459-a5d0-097879c811e5.svcp_1-0-4.20150130.somatic.indel.vcf.gz-download_time": 18, 
                "a3edc9cc-f54a-4459-a5d0-097879c811e5.svcp_1-0-4.20150130.somatic.indel.vcf.gz-md5sum_time": 0, 
                "a3edc9cc-f54a-4459-a5d0-097879c811e5.svcp_1-0-4.20150130.somatic.indel.vcf.gz.tbi-download_time": 13, 
                "a3edc9cc-f54a-4459-a5d0-097879c811e5.svcp_1-0-4.20150130.somatic.indel.vcf.gz.tbi-md5sum_time": 0, 
                "a3edc9cc-f54a-4459-a5d0-097879c811e5.svcp_1-0-4.20150130.somatic.snv_mnv.tar.gz-download_time": 23, 
                "a3edc9cc-f54a-4459-a5d0-097879c811e5.svcp_1-0-4.20150130.somatic.snv_mnv.tar.gz-md5sum_time": 1, 
                "a3edc9cc-f54a-4459-a5d0-097879c811e5.svcp_1-0-4.20150130.somatic.snv_mnv.vcf.gz-download_time": 15, 
                "a3edc9cc-f54a-4459-a5d0-097879c811e5.svcp_1-0-4.20150130.somatic.snv_mnv.vcf.gz-md5sum_time": 0, 
                "a3edc9cc-f54a-4459-a5d0-097879c811e5.svcp_1-0-4.20150130.somatic.snv_mnv.vcf.gz.tbi-download_time": 13, 
                "a3edc9cc-f54a-4459-a5d0-097879c811e5.svcp_1-0-4.20150130.somatic.snv_mnv.vcf.gz.tbi-md5sum_time": 0, 
                "a3edc9cc-f54a-4459-a5d0-097879c811e5.svcp_1-0-4.20150130.somatic.verifyBamId.tar.gz-download_time": 13, 
                "a3edc9cc-f54a-4459-a5d0-097879c811e5.svcp_1-0-4.20150130.somatic.verifyBamId.tar.gz-md5sum_time": 0, 
                "a3edc9cc-f54a-4459-a5d0-097879c811e5.svfix_4-0-5.20160115.somatic.sv.tar.gz-download_time": 30, 
                "a3edc9cc-f54a-4459-a5d0-097879c811e5.svfix_4-0-5.20160115.somatic.sv.tar.gz-md5sum_time": 1, 
                "a3edc9cc-f54a-4459-a5d0-097879c811e5.svfix_4-0-5.20160115.somatic.sv.vcf.gz-download_time": 13, 
                "a3edc9cc-f54a-4459-a5d0-097879c811e5.svfix_4-0-5.20160115.somatic.sv.vcf.gz-md5sum_time": 0, 
                "a3edc9cc-f54a-4459-a5d0-097879c811e5.svfix_4-0-5.20160115.somatic.sv.vcf.gz.tbi-download_time": 12, 
                "a3edc9cc-f54a-4459-a5d0-097879c811e5.svfix_4-0-5.20160115.somatic.sv.vcf.gz.tbi-md5sum_time": 0, 
                "f8a28fe8-bb9e-11e5-970c-81cbeac6e0c4.xml-download_time": 12, 
                "f8a28fe8-bb9e-11e5-970c-81cbeac6e0c4.xml-md5sum_time": 0, 
                "start": 1454739148, 
                "stop": 1454739505, 
                "time": 357
            }
        }
    }, 
    "aliquot_id": null, 
    "available_repos": [
        {
            "https://gtrepo-osdc-icgc.annailabs.com/": {
                "file_md5sum": "8995638cc2f41ae7a0dd60054ea98402", 
                "file_size": 58279
            }
        }
    ], 
    "data_type": "Sanger-VCF", 
    "files": [
        {
            "file_md5sum": "0acb6bbe743b38a68db91750612d0a40", 
            "file_name": "a3edc9cc-f54a-4459-a5d0-097879c811e5.svcp_1-0-4.20150130.somatic.snv_mnv.vcf.gz", 
            "file_size": 8843327, 
            "object_id": "307b1ebd-b774-539a-ae56-9ec9c6e30a68"
        }, 
        {
            "file_md5sum": "678044967c4c1fe4e7ba0adf2dcda5d7", 
            "file_name": "a3edc9cc-f54a-4459-a5d0-097879c811e5.svcp_1-0-4.20150130.somatic.snv_mnv.vcf.gz.tbi", 
            "file_size": 874030, 
            "object_id": "7bd39833-8beb-5c65-af75-62ad4d70b6f4"
        }, 
        {
            "file_md5sum": "13049e66c5fda1ace5d18efbe75dd4d3", 
            "file_name": "a3edc9cc-f54a-4459-a5d0-097879c811e5.svcp_1-0-4.20150130.somatic.cnv.vcf.gz", 
            "file_size": 2512, 
            "object_id": "88d23554-9941-5348-a28c-5619f5aa9922"
        }, 
        {
            "file_md5sum": "d83977b2253aa6eabaa26057df28d4fd", 
            "file_name": "a3edc9cc-f54a-4459-a5d0-097879c811e5.svcp_1-0-4.20150130.somatic.cnv.vcf.gz.tbi", 
            "file_size": 4543, 
            "object_id": "094f9a36-9524-5cc7-88b5-1b737c137f0a"
        }, 
        {
            "file_md5sum": "37fc3367fbf49c812febde994a674785", 
            "file_name": "a3edc9cc-f54a-4459-a5d0-097879c811e5.svfix_4-0-5.20160115.somatic.sv.vcf.gz", 
            "file_size": 24054, 
            "object_id": "78a02773-3492-5c18-bc48-a700875bb71b"
        }, 
        {
            "file_md5sum": "17919dc77041d9be987095d899a35068", 
            "file_name": "a3edc9cc-f54a-4459-a5d0-097879c811e5.svfix_4-0-5.20160115.somatic.sv.vcf.gz.tbi", 
            "file_size": 2515, 
            "object_id": "464a40b5-ef8c-5ff7-ae81-5652983e9b15"
        }, 
        {
            "file_md5sum": "aa172c14274f1b316af3849579e93757", 
            "file_name": "a3edc9cc-f54a-4459-a5d0-097879c811e5.svcp_1-0-4.20150130.somatic.indel.vcf.gz", 
            "file_size": 58875609, 
            "object_id": "b364aaed-0f0a-51b5-ab49-6321dcb43750"
        }, 
        {
            "file_md5sum": "9c27082c6be713451aa69d4d36a57675", 
            "file_name": "a3edc9cc-f54a-4459-a5d0-097879c811e5.svcp_1-0-4.20150130.somatic.indel.vcf.gz.tbi", 
            "file_size": 1494180, 
            "object_id": "bf362cc1-8ccf-5606-9cbe-508b972ec507"
        }, 
        {
            "file_md5sum": "72ab9ad31314e76e31c54a5f42a3a509", 
            "file_name": "a3edc9cc-f54a-4459-a5d0-097879c811e5.svcp_1-0-4.20150130.somatic.snv_mnv.tar.gz", 
            "file_size": 179349476, 
            "object_id": "690f4007-74c6-5e94-9dad-3da03c7cadc2"
        }, 
        {
            "file_md5sum": "b67415d645a3a473dbf1ecae68b2e024", 
            "file_name": "a3edc9cc-f54a-4459-a5d0-097879c811e5.svcp_1-0-4.20150130.somatic.cnv.tar.gz", 
            "file_size": 26671109, 
            "object_id": "6af2a431-56ee-5da7-83e9-72199bde74ad"
        }, 
        {
            "file_md5sum": "cbc5dd5eb7b65b614b956a2829e00006", 
            "file_name": "a3edc9cc-f54a-4459-a5d0-097879c811e5.svfix_4-0-5.20160115.somatic.sv.tar.gz", 
            "file_size": 308239748, 
            "object_id": "7f2c0c19-6219-597d-96d6-b6b5acd2a0e3"
        }, 
        {
            "file_md5sum": "d81f2ff8816ea5b811d226d1cdfcf6d2",