{
    "_runs_": {
        "run_1453922897_c175ed84-1761-4a4c-8f21-415a2d0751d4": {
            "downloading": {
                "gnos-download_time": 123, 
                "start": 1453926471, 
                "stop": 1453926595, 
                "time": 124
            }, 
            "uploading": {
                "copy_meta_time": 2, 
                "start": 1453926611, 
                "stop": 1453926719, 
                "time": 108, 
                "upload_time": 106
            }
        }, 
        "run_1454512973_e3882142-08cf-45e0-9b4a-4bd52c15b4e1": {
            "downloading": {
                "06f9e2e2-3427-4b09-92b9-dcb54d03e59c.svcp_1-0-4.20150219.somatic.cnv.tar.gz-download_time": 15, 
                "06f9e2e2-3427-4b09-92b9-dcb54d03e59c.svcp_1-0-4.20150219.somatic.cnv.tar.gz-md5sum_time": 0, 
                "06f9e2e2-3427-4b09-92b9-dcb54d03e59c.svcp_1-0-4.20150219.somatic.cnv.vcf.gz-download_time": 13, 
                "06f9e2e2-3427-4b09-92b9-dcb54d03e59c.svcp_1-0-4.20150219.somatic.cnv.vcf.gz-md5sum_time": 0, 
                "06f9e2e2-3427-4b09-92b9-dcb54d03e59c.svcp_1-0-4.20150219.somatic.cnv.vcf.gz.tbi-download_time": 13, 
                "06f9e2e2-3427-4b09-92b9-dcb54d03e59c.svcp_1-0-4.20150219.somatic.cnv.vcf.gz.tbi-md5sum_time": 0, 
                "06f9e2e2-3427-4b09-92b9-dcb54d03e59c.svcp_1-0-4.20150219.somatic.genotype.tar.gz-download_time": 14, 
                "06f9e2e2-3427-4b09-92b9-dcb54d03e59c.svcp_1-0-4.20150219.somatic.genotype.tar.gz-md5sum_time": 0, 
                "06f9e2e2-3427-4b09-92b9-dcb54d03e59c.svcp_1-0-4.20150219.somatic.imputeCounts.tar.gz-download_time": 39, 
                "06f9e2e2-3427-4b09-92b9-dcb54d03e59c.svcp_1-0-4.20150219.somatic.imputeCounts.tar.gz-md5sum_time": 1, 
                "06f9e2e2-3427-4b09-92b9-dcb54d03e59c.svcp_1-0-4.20150219.somatic.indel.tar.gz-download_time": 75, 
                "06f9e2e2-3427-4b09-92b9-dcb54d03e59c.svcp_1-0-4.20150219.somatic.indel.tar.gz-md5sum_time": 4, 
                "06f9e2e2-3427-4b09-92b9-dcb54d03e59c.svcp_1-0-4.20150219.somatic.indel.vcf.gz-download_time": 17, 
                "06f9e2e2-3427-4b09-92b9-dcb54d03e59c.svcp_1-0-4.20150219.somatic.indel.vcf.gz-md5sum_time": 0, 
                "06f9e2e2-3427-4b09-92b9-dcb54d03e59c.svcp_1-0-4.20150219.somatic.indel.vcf.gz.tbi-download_time": 13, 
                "06f9e2e2-3427-4b09-92b9-dcb54d03e59c.svcp_1-0-4.20150219.somatic.indel.vcf.gz.tbi-md5sum_time": 0, 
                "06f9e2e2-3427-4b09-92b9-dcb54d03e59c.svcp_1-0-4.20150219.somatic.snv_mnv.tar.gz-download_time": 23, 
                "06f9e2e2-3427-4b09-92b9-dcb54d03e59c.svcp_1-0-4.20150219.somatic.snv_mnv.tar.gz-md5sum_time": 0, 
                "06f9e2e2-3427-4b09-92b9-dcb54d03e59c.svcp_1-0-4.20150219.somatic.snv_mnv.vcf.gz-download_time": 14, 
                "06f9e2e2-3427-4b09-92b9-dcb54d03e59c.svcp_1-0-4.20150219.somatic.snv_mnv.vcf.gz-md5sum_time": 0, 
                "06f9e2e2-3427-4b09-92b9-dcb54d03e59c.svcp_1-0-4.20150219.somatic.snv_mnv.vcf.gz.tbi-download_time": 12, 
                "06f9e2e2-3427-4b09-92b9-dcb54d03e59c.svcp_1-0-4.20150219.somatic.snv_mnv.vcf.gz.tbi-md5sum_time": 0, 
                "06f9e2e2-3427-4b09-92b9-dcb54d03e59c.svcp_1-0-4.20150219.somatic.verifyBamId.tar.gz-download_time": 14, 
                "06f9e2e2-3427-4b09-92b9-dcb54d03e59c.svcp_1-0-4.20150219.somatic.verifyBamId.tar.gz-md5sum_time": 0, 
                "06f9e2e2-3427-4b09-92b9-dcb54d03e59c.svfix_4-0-5.20160115.somatic.sv.tar.gz-download_time": 29, 
                "06f9e2e2-3427-4b09-92b9-dcb54d03e59c.svfix_4-0-5.20160115.somatic.sv.tar.gz-md5sum_time": 1, 
                "06f9e2e2-3427-4b09-92b9-dcb54d03e59c.svfix_4-0-5.20160115.somatic.sv.vcf.gz-download_time": 13, 
                "06f9e2e2-3427-4b09-92b9-dcb54d03e59c.svfix_4-0-5.20160115.somatic.sv.vcf.gz-md5sum_time": 0, 
                "06f9e2e2-3427-4b09-92b9-dcb54d03e59c.svfix_4-0-5.20160115.somatic.sv.vcf.gz.tbi-download_time": 13, 
                "06f9e2e2-3427-4b09-92b9-dcb54d03e59c.svfix_4-0-5.20160115.somatic.sv.vcf.gz.tbi-md5sum_time": 0, 
                "09b74718-bb9c-11e5-970c-81cbeac6e0c4.xml-download_time": 13, 
                "09b74718-bb9c-11e5-970c-81cbeac6e0c4.xml-md5sum_time": 0, 
                "start": 1454523235, 
                "stop": 1454523572, 
                "time": 337
            }
        }
    }, 
    "aliquot_id": null, 
    "available_repos": [
        {
            "https://gtrepo-osdc-icgc.annailabs.com/": {
                "file_md5sum": "6e639ee6ff40207450133d806d2a49a7", 
                "file_size": 57894
            }
        }
    ], 
    "data_type": "Sanger-VCF", 
    "files": [
        {
            "file_md5sum": "c3ff44722f100a9f82f2b850ddc6a416", 
            "file_name": "06f9e2e2-3427-4b09-92b9-dcb54d03e59c.svcp_1-0-4.20150219.somatic.snv_mnv.vcf.gz", 
            "file_size": 1163684, 
            "object_id": "6718c2d0-af33-5cf4-b012-6faa6770228d"
        }, 
        {
            "file_md5sum": "37b39f6e9bfe114d2d2e4f52eb11241d", 
            "file_name": "06f9e2e2-3427-4b09-92b9-dcb54d03e59c.svcp_1-0-4.20150219.somatic.snv_mnv.vcf.gz.tbi", 
            "file_size": 234551, 
            "object_id": "9322aab2-ca8f-5d12-880d-a77a68868a2a"
        }, 
        {
            "file_md5sum": "39f2a18e2175fd2599f34a714110e624", 
            "file_name": "06f9e2e2-3427-4b09-92b9-dcb54d03e59c.svcp_1-0-4.20150219.somatic.cnv.vcf.gz", 
            "file_size": 2673, 
            "object_id": "cf243f5d-4690-55a4-a6dc-47a494b80844"
        }, 
        {
            "file_md5sum": "4fdfddc8400f5a6dcc6fb076ef59ecf4", 
            "file_name": "06f9e2e2-3427-4b09-92b9-dcb54d03e59c.svcp_1-0-4.20150219.somatic.cnv.vcf.gz.tbi", 
            "file_size": 4592, 
            "object_id": "3b2ce60d-081b-5081-816e-049e6f065ae6"
        }, 
        {
            "file_md5sum": "b616983c06bcb848330f484d30d1cf61", 
            "file_name": "06f9e2e2-3427-4b09-92b9-dcb54d03e59c.svfix_4-0-5.20160115.somatic.sv.vcf.gz", 
            "file_size": 71089, 
            "object_id": "904dc513-c6f5-5418-98d1-6753996cea67"
        }, 
        {
            "file_md5sum": "c64b5b9980c6f1df0bfb6a85b4b66d33", 
            "file_name": "06f9e2e2-3427-4b09-92b9-dcb54d03e59c.svfix_4-0-5.20160115.somatic.sv.vcf.gz.tbi", 
            "file_size": 1082, 
            "object_id": "c49db290-b1e9-5aa2-92ed-afafc1c1ed7f"
        }, 
        {
            "file_md5sum": "004cc6ec6daf8fc9963fc0d94dd29619", 
            "file_name": "06f9e2e2-3427-4b09-92b9-dcb54d03e59c.svcp_1-0-4.20150219.somatic.indel.vcf.gz", 
            "file_size": 53193868, 
            "object_id": "9eff377d-68e8-55f2-afb2-7bcd9e297d5e"
        }, 
        {
            "file_md5sum": "bd973d3821fae0aeee829223a34eae7b", 
            "file_name": "06f9e2e2-3427-4b09-92b9-dcb54d03e59c.svcp_1-0-4.20150219.somatic.indel.vcf.gz.tbi", 
            "file_size": 1459972, 
            "object_id": "84662e46-2343-563d-8adf-0f8f5b327117"
        }, 
        {
            "file_md5sum": "2421d3f22d7e1c60b8ef09da248a9e35", 
            "file_name": "06f9e2e2-3427-4b09-92b9-dcb54d03e59c.svcp_1-0-4.20150219.somatic.snv_mnv.tar.gz", 
            "file_size": 165327660, 
            "object_id": "97ef7b71-6e17-53d1-9573-2797cd69a449"
        }, 
        {
            "file_md5sum": "43b03fb4e94bee462c19fe559097d303", 
            "file_name": "06f9e2e2-3427-4b09-92b9-dcb54d03e59c.svcp_1-0-4.20150219.somatic.cnv.tar.gz", 
            "file_size": 26659232, 
            "object_id": "d02727d9-664b-5306-9d22-ce7ad344df68"
        }, 
        {
            "file_md5sum": "2fb4df2df5766793e8668f0a08751a26", 
            "file_name": "06f9e2e2-3427-4b09-92b9-dcb54d03e59c.svfix_4-0-5.20160115.somatic.sv.tar.gz", 
            "file_size": 298889034, 
            "object_id": "2d4cebc3-2ef9-5f30-91e2-ebbc4856b9d4"
        }, 
        {
            "file_md5sum": "b847e2d541ff8c2b5c587306483ac5ab",