{
    "_runs_": {
        "run_1453926074_05c4a5c1-34e5-4388-9768-ec89c1ee9cec": {
            "downloading": {
                "gnos-download_time": 108, 
                "start": 1453927399, 
                "stop": 1453927507, 
                "time": 108
            }, 
            "uploading": {
                "copy_meta_time": 1, 
                "start": 1453927511, 
                "stop": 1453927618, 
                "time": 107, 
                "upload_time": 105
            }
        }, 
        "run_1454534998_87298a93-a3ae-4efc-9a15-16af3ad41696": {
            "downloading": {
                "0ebf60d6-bacc-11e5-9285-ff6ceac6e0c4.xml-download_time": 13, 
                "0ebf60d6-bacc-11e5-9285-ff6ceac6e0c4.xml-md5sum_time": 0, 
                "3ed783cf-2248-44a1-a2a2-d6b6519b91ef.svcp_1-0-5.20150306.somatic.cnv.tar.gz-download_time": 15, 
                "3ed783cf-2248-44a1-a2a2-d6b6519b91ef.svcp_1-0-5.20150306.somatic.cnv.tar.gz-md5sum_time": 0, 
                "3ed783cf-2248-44a1-a2a2-d6b6519b91ef.svcp_1-0-5.20150306.somatic.cnv.vcf.gz-download_time": 13, 
                "3ed783cf-2248-44a1-a2a2-d6b6519b91ef.svcp_1-0-5.20150306.somatic.cnv.vcf.gz-md5sum_time": 0, 
                "3ed783cf-2248-44a1-a2a2-d6b6519b91ef.svcp_1-0-5.20150306.somatic.cnv.vcf.gz.tbi-download_time": 13, 
                "3ed783cf-2248-44a1-a2a2-d6b6519b91ef.svcp_1-0-5.20150306.somatic.cnv.vcf.gz.tbi-md5sum_time": 0, 
                "3ed783cf-2248-44a1-a2a2-d6b6519b91ef.svcp_1-0-5.20150306.somatic.genotype.tar.gz-download_time": 14, 
                "3ed783cf-2248-44a1-a2a2-d6b6519b91ef.svcp_1-0-5.20150306.somatic.genotype.tar.gz-md5sum_time": 0, 
                "3ed783cf-2248-44a1-a2a2-d6b6519b91ef.svcp_1-0-5.20150306.somatic.imputeCounts.tar.gz-download_time": 44, 
                "3ed783cf-2248-44a1-a2a2-d6b6519b91ef.svcp_1-0-5.20150306.somatic.imputeCounts.tar.gz-md5sum_time": 1, 
                "3ed783cf-2248-44a1-a2a2-d6b6519b91ef.svcp_1-0-5.20150306.somatic.indel.tar.gz-download_time": 72, 
                "3ed783cf-2248-44a1-a2a2-d6b6519b91ef.svcp_1-0-5.20150306.somatic.indel.tar.gz-md5sum_time": 3, 
                "3ed783cf-2248-44a1-a2a2-d6b6519b91ef.svcp_1-0-5.20150306.somatic.indel.vcf.gz-download_time": 16, 
                "3ed783cf-2248-44a1-a2a2-d6b6519b91ef.svcp_1-0-5.20150306.somatic.indel.vcf.gz-md5sum_time": 0, 
                "3ed783cf-2248-44a1-a2a2-d6b6519b91ef.svcp_1-0-5.20150306.somatic.indel.vcf.gz.tbi-download_time": 14, 
                "3ed783cf-2248-44a1-a2a2-d6b6519b91ef.svcp_1-0-5.20150306.somatic.indel.vcf.gz.tbi-md5sum_time": 0, 
                "3ed783cf-2248-44a1-a2a2-d6b6519b91ef.svcp_1-0-5.20150306.somatic.snv_mnv.tar.gz-download_time": 24, 
                "3ed783cf-2248-44a1-a2a2-d6b6519b91ef.svcp_1-0-5.20150306.somatic.snv_mnv.tar.gz-md5sum_time": 1, 
                "3ed783cf-2248-44a1-a2a2-d6b6519b91ef.svcp_1-0-5.20150306.somatic.snv_mnv.vcf.gz-download_time": 15, 
                "3ed783cf-2248-44a1-a2a2-d6b6519b91ef.svcp_1-0-5.20150306.somatic.snv_mnv.vcf.gz-md5sum_time": 0, 
                "3ed783cf-2248-44a1-a2a2-d6b6519b91ef.svcp_1-0-5.20150306.somatic.snv_mnv.vcf.gz.tbi-download_time": 14, 
                "3ed783cf-2248-44a1-a2a2-d6b6519b91ef.svcp_1-0-5.20150306.somatic.snv_mnv.vcf.gz.tbi-md5sum_time": 0, 
                "3ed783cf-2248-44a1-a2a2-d6b6519b91ef.svcp_1-0-5.20150306.somatic.verifyBamId.tar.gz-download_time": 13, 
                "3ed783cf-2248-44a1-a2a2-d6b6519b91ef.svcp_1-0-5.20150306.somatic.verifyBamId.tar.gz-md5sum_time": 0, 
                "3ed783cf-2248-44a1-a2a2-d6b6519b91ef.svfix_4-0-5.20160114.somatic.sv.tar.gz-download_time": 30, 
                "3ed783cf-2248-44a1-a2a2-d6b6519b91ef.svfix_4-0-5.20160114.somatic.sv.tar.gz-md5sum_time": 1, 
                "3ed783cf-2248-44a1-a2a2-d6b6519b91ef.svfix_4-0-5.20160114.somatic.sv.vcf.gz-download_time": 12, 
                "3ed783cf-2248-44a1-a2a2-d6b6519b91ef.svfix_4-0-5.20160114.somatic.sv.vcf.gz-md5sum_time": 0, 
                "3ed783cf-2248-44a1-a2a2-d6b6519b91ef.svfix_4-0-5.20160114.somatic.sv.vcf.gz.tbi-download_time": 13, 
                "3ed783cf-2248-44a1-a2a2-d6b6519b91ef.svfix_4-0-5.20160114.somatic.sv.vcf.gz.tbi-md5sum_time": 0, 
                "start": 1454535054, 
                "stop": 1454535396, 
                "time": 342
            }
        }
    }, 
    "aliquot_id": null, 
    "available_repos": [
        {
            "https://gtrepo-osdc-icgc.annailabs.com/": {
                "file_md5sum": "001605156d4e1493c259fefbb799b47a", 
                "file_size": 59751
            }
        }
    ], 
    "data_type": "Sanger-VCF", 
    "files": [
        {
            "file_md5sum": "8942b473ae5d0f42d74021b59c107a91", 
            "file_name": "3ed783cf-2248-44a1-a2a2-d6b6519b91ef.svcp_1-0-5.20150306.somatic.snv_mnv.vcf.gz", 
            "file_size": 4173571, 
            "object_id": "e0c8c7cc-eb2e-5878-8a3d-b574a1d504f4"
        }, 
        {
            "file_md5sum": "028d4a2244197a05bb9c7129e117c8fc", 
            "file_name": "3ed783cf-2248-44a1-a2a2-d6b6519b91ef.svcp_1-0-5.20150306.somatic.snv_mnv.vcf.gz.tbi", 
            "file_size": 534650, 
            "object_id": "bc937b0a-6ab6-5d91-a41d-190d38899056"
        }, 
        {
            "file_md5sum": "c577c8bbb3df29c1c89f74b306329c5d", 
            "file_name": "3ed783cf-2248-44a1-a2a2-d6b6519b91ef.svcp_1-0-5.20150306.somatic.cnv.vcf.gz", 
            "file_size": 3302, 
            "object_id": "b9d87de5-2a37-54e8-8c59-76992c880698"
        }, 
        {
            "file_md5sum": "fa5a4b316cba54f7e547a2401723dc8d", 
            "file_name": "3ed783cf-2248-44a1-a2a2-d6b6519b91ef.svcp_1-0-5.20150306.somatic.cnv.vcf.gz.tbi", 
            "file_size": 5121, 
            "object_id": "40ae9c93-506f-58e2-9f9f-82222d61d379"
        }, 
        {
            "file_md5sum": "653a3a7e1b548915e37aa3f84741a378", 
            "file_name": "3ed783cf-2248-44a1-a2a2-d6b6519b91ef.svfix_4-0-5.20160114.somatic.sv.vcf.gz", 
            "file_size": 19573, 
            "object_id": "b3538db2-dadf-54e8-acd2-432651f97468"
        }, 
        {
            "file_md5sum": "d8126dd94e819d60822dc9c15cc11628", 
            "file_name": "3ed783cf-2248-44a1-a2a2-d6b6519b91ef.svfix_4-0-5.20160114.somatic.sv.vcf.gz.tbi", 
            "file_size": 4357, 
            "object_id": "d7828391-6ba6-535b-a4b1-403478fd5f78"
        }, 
        {
            "file_md5sum": "520b58e5d467b1d65b8dc1782c7d7c5e", 
            "file_name": "3ed783cf-2248-44a1-a2a2-d6b6519b91ef.svcp_1-0-5.20150306.somatic.indel.vcf.gz", 
            "file_size": 50548865, 
            "object_id": "8d4cdf83-1f0a-53a0-85ad-b81d3838f5b7"
        }, 
        {
            "file_md5sum": "b41c9fea81796a4c9d947c57a935325a", 
            "file_name": "3ed783cf-2248-44a1-a2a2-d6b6519b91ef.svcp_1-0-5.20150306.somatic.indel.vcf.gz.tbi", 
            "file_size": 1486055, 
            "object_id": "8453009e-259e-53ab-9cea-4f0a21336c7e"
        }, 
        {
            "file_md5sum": "42e6d684c0cc55e5913ed363f893d1de", 
            "file_name": "3ed783cf-2248-44a1-a2a2-d6b6519b91ef.svcp_1-0-5.20150306.somatic.snv_mnv.tar.gz", 
            "file_size": 167595460, 
            "object_id": "97215563-c565-5a6c-887d-eece37a4d760"
        }, 
        {
            "file_md5sum": "f165afb3544ca1e2dbd55666d9da2ce8", 
            "file_name": "3ed783cf-2248-44a1-a2a2-d6b6519b91ef.svcp_1-0-5.20150306.somatic.cnv.tar.gz", 
            "file_size": 27230845, 
            "object_id": "c55f0543-00ad-52e0-9665-750074491777"
        }, 
        {
            "file_md5sum": "cef0daae41ef75707830a823eaf09996", 
            "file_name": "3ed783cf-2248-44a1-a2a2-d6b6519b91ef.svfix_4-0-5.20160114.somatic.sv.tar.gz", 
            "file_size": 290861644, 
            "object_id": "f598f20f-01eb-58a1-ab07-c2db0a8970e3"
        }, 
        {
            "file_md5sum": "302a53c0fd2c45bd2a69e254d5e1d48b",