{
    "_runs_": {
        "run_1454096207_7aa7eb73-c46e-4969-98b0-0947e2ff3cdc": {
            "downloading": {
                "gnos-download_time": 113, 
                "start": 1454096452, 
                "stop": 1454096566, 
                "time": 114
            }, 
            "uploading": {
                "copy_meta_time": 7, 
                "start": 1454096575, 
                "stop": 1454096682, 
                "time": 107, 
                "upload_time": 100
            }
        }, 
        "run_1454534600_34c5f6bb-48cb-4088-a680-151850b3332f": {
            "downloading": {
                "11dcc074-b6e4-11e5-a99f-10b251327fcc.xml-download_time": 12, 
                "11dcc074-b6e4-11e5-a99f-10b251327fcc.xml-md5sum_time": 0, 
                "469eddf2-6e02-46bf-820f-6296a2b776e2.svcp_1-0-5.20150323.somatic.cnv.tar.gz-download_time": 15, 
                "469eddf2-6e02-46bf-820f-6296a2b776e2.svcp_1-0-5.20150323.somatic.cnv.tar.gz-md5sum_time": 0, 
                "469eddf2-6e02-46bf-820f-6296a2b776e2.svcp_1-0-5.20150323.somatic.cnv.vcf.gz-download_time": 14, 
                "469eddf2-6e02-46bf-820f-6296a2b776e2.svcp_1-0-5.20150323.somatic.cnv.vcf.gz-md5sum_time": 0, 
                "469eddf2-6e02-46bf-820f-6296a2b776e2.svcp_1-0-5.20150323.somatic.cnv.vcf.gz.tbi-download_time": 13, 
                "469eddf2-6e02-46bf-820f-6296a2b776e2.svcp_1-0-5.20150323.somatic.cnv.vcf.gz.tbi-md5sum_time": 0, 
                "469eddf2-6e02-46bf-820f-6296a2b776e2.svcp_1-0-5.20150323.somatic.genotype.tar.gz-download_time": 15, 
                "469eddf2-6e02-46bf-820f-6296a2b776e2.svcp_1-0-5.20150323.somatic.genotype.tar.gz-md5sum_time": 0, 
                "469eddf2-6e02-46bf-820f-6296a2b776e2.svcp_1-0-5.20150323.somatic.imputeCounts.tar.gz-download_time": 40, 
                "469eddf2-6e02-46bf-820f-6296a2b776e2.svcp_1-0-5.20150323.somatic.imputeCounts.tar.gz-md5sum_time": 1, 
                "469eddf2-6e02-46bf-820f-6296a2b776e2.svcp_1-0-5.20150323.somatic.indel.tar.gz-download_time": 84, 
                "469eddf2-6e02-46bf-820f-6296a2b776e2.svcp_1-0-5.20150323.somatic.indel.tar.gz-md5sum_time": 4, 
                "469eddf2-6e02-46bf-820f-6296a2b776e2.svcp_1-0-5.20150323.somatic.indel.vcf.gz-download_time": 17, 
                "469eddf2-6e02-46bf-820f-6296a2b776e2.svcp_1-0-5.20150323.somatic.indel.vcf.gz-md5sum_time": 0, 
                "469eddf2-6e02-46bf-820f-6296a2b776e2.svcp_1-0-5.20150323.somatic.indel.vcf.gz.tbi-download_time": 14, 
                "469eddf2-6e02-46bf-820f-6296a2b776e2.svcp_1-0-5.20150323.somatic.indel.vcf.gz.tbi-md5sum_time": 0, 
                "469eddf2-6e02-46bf-820f-6296a2b776e2.svcp_1-0-5.20150323.somatic.snv_mnv.tar.gz-download_time": 22, 
                "469eddf2-6e02-46bf-820f-6296a2b776e2.svcp_1-0-5.20150323.somatic.snv_mnv.tar.gz-md5sum_time": 0, 
                "469eddf2-6e02-46bf-820f-6296a2b776e2.svcp_1-0-5.20150323.somatic.snv_mnv.vcf.gz-download_time": 24, 
                "469eddf2-6e02-46bf-820f-6296a2b776e2.svcp_1-0-5.20150323.somatic.snv_mnv.vcf.gz-md5sum_time": 0, 
                "469eddf2-6e02-46bf-820f-6296a2b776e2.svcp_1-0-5.20150323.somatic.snv_mnv.vcf.gz.tbi-download_time": 13, 
                "469eddf2-6e02-46bf-820f-6296a2b776e2.svcp_1-0-5.20150323.somatic.snv_mnv.vcf.gz.tbi-md5sum_time": 0, 
                "469eddf2-6e02-46bf-820f-6296a2b776e2.svcp_1-0-5.20150323.somatic.verifyBamId.tar.gz-download_time": 13, 
                "469eddf2-6e02-46bf-820f-6296a2b776e2.svcp_1-0-5.20150323.somatic.verifyBamId.tar.gz-md5sum_time": 0, 
                "469eddf2-6e02-46bf-820f-6296a2b776e2.svfix_4-0-5.20160109.somatic.sv.tar.gz-download_time": 32, 
                "469eddf2-6e02-46bf-820f-6296a2b776e2.svfix_4-0-5.20160109.somatic.sv.tar.gz-md5sum_time": 1, 
                "469eddf2-6e02-46bf-820f-6296a2b776e2.svfix_4-0-5.20160109.somatic.sv.vcf.gz-download_time": 13, 
                "469eddf2-6e02-46bf-820f-6296a2b776e2.svfix_4-0-5.20160109.somatic.sv.vcf.gz-md5sum_time": 0, 
                "469eddf2-6e02-46bf-820f-6296a2b776e2.svfix_4-0-5.20160109.somatic.sv.vcf.gz.tbi-download_time": 13, 
                "469eddf2-6e02-46bf-820f-6296a2b776e2.svfix_4-0-5.20160109.somatic.sv.vcf.gz.tbi-md5sum_time": 0, 
                "start": 1454535693, 
                "stop": 1454536054, 
                "time": 361
            }
        }
    }, 
    "aliquot_id": null, 
    "available_repos": [
        {
            "https://gtrepo-dkfz.annailabs.com/": {
                "file_md5sum": "b823ade67c760e86344d929cbd8b30dd", 
                "file_size": 67384
            }
        }
    ], 
    "data_type": "Sanger-VCF", 
    "files": [
        {
            "file_md5sum": "7d5f8e42d73cbc697fb72c97ad8d78c0", 
            "file_name": "469eddf2-6e02-46bf-820f-6296a2b776e2.svcp_1-0-5.20150323.somatic.snv_mnv.vcf.gz", 
            "file_size": 6479742, 
            "object_id": "99d93bec-e1ef-51d6-b68a-3aca098c2d8b"
        }, 
        {
            "file_md5sum": "55a3681fabdc10e73fec7589c8871e0a", 
            "file_name": "469eddf2-6e02-46bf-820f-6296a2b776e2.svcp_1-0-5.20150323.somatic.snv_mnv.vcf.gz.tbi", 
            "file_size": 628592, 
            "object_id": "72c6c123-82cd-50b6-9632-02d02d6f7682"
        }, 
        {
            "file_md5sum": "bba67b8ac047552f554d8bc7caaafa29", 
            "file_name": "469eddf2-6e02-46bf-820f-6296a2b776e2.svcp_1-0-5.20150323.somatic.cnv.vcf.gz", 
            "file_size": 2862, 
            "object_id": "1d703052-db79-5b23-b924-4a4dc3bb1fa4"
        }, 
        {
            "file_md5sum": "198d3772085ee219453acbecfe43a62c", 
            "file_name": "469eddf2-6e02-46bf-820f-6296a2b776e2.svcp_1-0-5.20150323.somatic.cnv.vcf.gz.tbi", 
            "file_size": 4890, 
            "object_id": "62335fa0-05ef-549b-a880-81426c2c5516"
        }, 
        {
            "file_md5sum": "08ff5ea40788327bfe4a7aa1f260a2f1", 
            "file_name": "469eddf2-6e02-46bf-820f-6296a2b776e2.svfix_4-0-5.20160109.somatic.sv.vcf.gz", 
            "file_size": 5285, 
            "object_id": "75771447-5cdf-5fc1-af8d-8eabe77f89c0"
        }, 
        {
            "file_md5sum": "1a735cf52b32c80ae2096da578588d26", 
            "file_name": "469eddf2-6e02-46bf-820f-6296a2b776e2.svfix_4-0-5.20160109.somatic.sv.vcf.gz.tbi", 
            "file_size": 1609, 
            "object_id": "57396f8a-60b2-583f-9ef8-44a03c2e0c49"
        }, 
        {
            "file_md5sum": "92921dfc02dbc5099993d7bd8132f37b", 
            "file_name": "469eddf2-6e02-46bf-820f-6296a2b776e2.svcp_1-0-5.20150323.somatic.indel.vcf.gz", 
            "file_size": 59049631, 
            "object_id": "6b93624e-fc57-568b-9ffc-c72ab25d3b1a"
        }, 
        {
            "file_md5sum": "679a00e34c061dc9f3470ca4d2522c44", 
            "file_name": "469eddf2-6e02-46bf-820f-6296a2b776e2.svcp_1-0-5.20150323.somatic.indel.vcf.gz.tbi", 
            "file_size": 1522690, 
            "object_id": "d612aaca-f045-5892-b1a1-68b105b15374"
        }, 
        {
            "file_md5sum": "c6bb8b44e0fef6b3b03250ed366515f3", 
            "file_name": "469eddf2-6e02-46bf-820f-6296a2b776e2.svcp_1-0-5.20150323.somatic.snv_mnv.tar.gz", 
            "file_size": 174188521, 
            "object_id": "cb8a1202-b070-538d-8ca4-41963060aa36"
        }, 
        {
            "file_md5sum": "0c05b6d675fe00d3a6d1f088e5746ddd", 
            "file_name": "469eddf2-6e02-46bf-820f-6296a2b776e2.svcp_1-0-5.20150323.somatic.cnv.tar.gz", 
            "file_size": 27118854, 
            "object_id": "5dec4ac1-016b-5e5f-ab2e-ab581f98aef7"
        }, 
        {
            "file_md5sum": "383a02a7445cec6424913dbd2eb592d9", 
            "file_name": "469eddf2-6e02-46bf-820f-6296a2b776e2.svfix_4-0-5.20160109.somatic.sv.tar.gz", 
            "file_size": 291890010, 
            "object_id": "7d184b8f-9c51-5785-9b45-9f0d6ce093ef"
        }, 
        {
            "file_md5sum": "b58266070fb608c6e25dd196612ccc36",