{
    "_runs_": {
        "run_1453925626_6d7b7fbf-a1b5-42ee-9dd2-728eb76cb7c0": {
            "downloading": {
                "gnos-download_time": 190, 
                "start": 1453928886, 
                "stop": 1453929076, 
                "time": 190
            }, 
            "uploading": {
                "copy_meta_time": 2, 
                "start": 1453929082, 
                "stop": 1453929187, 
                "time": 105, 
                "upload_time": 102
            }
        }, 
        "run_1454534933_359d8549-4db8-44eb-91b1-6ee42b6c3730": {
            "downloading": {
                "1b0db94a-bb72-11e5-970c-81cbeac6e0c4.xml-download_time": 13, 
                "1b0db94a-bb72-11e5-970c-81cbeac6e0c4.xml-md5sum_time": 0, 
                "cef1fb1c-18fa-453a-b87f-295d3b0bc12b.svcp_1-0-6.20150507.somatic.cnv.tar.gz-download_time": 15, 
                "cef1fb1c-18fa-453a-b87f-295d3b0bc12b.svcp_1-0-6.20150507.somatic.cnv.tar.gz-md5sum_time": 0, 
                "cef1fb1c-18fa-453a-b87f-295d3b0bc12b.svcp_1-0-6.20150507.somatic.cnv.vcf.gz-download_time": 12, 
                "cef1fb1c-18fa-453a-b87f-295d3b0bc12b.svcp_1-0-6.20150507.somatic.cnv.vcf.gz-md5sum_time": 0, 
                "cef1fb1c-18fa-453a-b87f-295d3b0bc12b.svcp_1-0-6.20150507.somatic.cnv.vcf.gz.tbi-download_time": 13, 
                "cef1fb1c-18fa-453a-b87f-295d3b0bc12b.svcp_1-0-6.20150507.somatic.cnv.vcf.gz.tbi-md5sum_time": 0, 
                "cef1fb1c-18fa-453a-b87f-295d3b0bc12b.svcp_1-0-6.20150507.somatic.genotype.tar.gz-download_time": 13, 
                "cef1fb1c-18fa-453a-b87f-295d3b0bc12b.svcp_1-0-6.20150507.somatic.genotype.tar.gz-md5sum_time": 0, 
                "cef1fb1c-18fa-453a-b87f-295d3b0bc12b.svcp_1-0-6.20150507.somatic.imputeCounts.tar.gz-download_time": 39, 
                "cef1fb1c-18fa-453a-b87f-295d3b0bc12b.svcp_1-0-6.20150507.somatic.imputeCounts.tar.gz-md5sum_time": 2, 
                "cef1fb1c-18fa-453a-b87f-295d3b0bc12b.svcp_1-0-6.20150507.somatic.indel.tar.gz-download_time": 77, 
                "cef1fb1c-18fa-453a-b87f-295d3b0bc12b.svcp_1-0-6.20150507.somatic.indel.tar.gz-md5sum_time": 4, 
                "cef1fb1c-18fa-453a-b87f-295d3b0bc12b.svcp_1-0-6.20150507.somatic.indel.vcf.gz-download_time": 17, 
                "cef1fb1c-18fa-453a-b87f-295d3b0bc12b.svcp_1-0-6.20150507.somatic.indel.vcf.gz-md5sum_time": 0, 
                "cef1fb1c-18fa-453a-b87f-295d3b0bc12b.svcp_1-0-6.20150507.somatic.indel.vcf.gz.tbi-download_time": 13, 
                "cef1fb1c-18fa-453a-b87f-295d3b0bc12b.svcp_1-0-6.20150507.somatic.indel.vcf.gz.tbi-md5sum_time": 0, 
                "cef1fb1c-18fa-453a-b87f-295d3b0bc12b.svcp_1-0-6.20150507.somatic.snv_mnv.tar.gz-download_time": 23, 
                "cef1fb1c-18fa-453a-b87f-295d3b0bc12b.svcp_1-0-6.20150507.somatic.snv_mnv.tar.gz-md5sum_time": 0, 
                "cef1fb1c-18fa-453a-b87f-295d3b0bc12b.svcp_1-0-6.20150507.somatic.snv_mnv.vcf.gz-download_time": 12, 
                "cef1fb1c-18fa-453a-b87f-295d3b0bc12b.svcp_1-0-6.20150507.somatic.snv_mnv.vcf.gz-md5sum_time": 0, 
                "cef1fb1c-18fa-453a-b87f-295d3b0bc12b.svcp_1-0-6.20150507.somatic.snv_mnv.vcf.gz.tbi-download_time": 13, 
                "cef1fb1c-18fa-453a-b87f-295d3b0bc12b.svcp_1-0-6.20150507.somatic.snv_mnv.vcf.gz.tbi-md5sum_time": 0, 
                "cef1fb1c-18fa-453a-b87f-295d3b0bc12b.svcp_1-0-6.20150507.somatic.verifyBamId.tar.gz-download_time": 14, 
                "cef1fb1c-18fa-453a-b87f-295d3b0bc12b.svcp_1-0-6.20150507.somatic.verifyBamId.tar.gz-md5sum_time": 0, 
                "cef1fb1c-18fa-453a-b87f-295d3b0bc12b.svfix_4-0-5.20160115.somatic.sv.tar.gz-download_time": 31, 
                "cef1fb1c-18fa-453a-b87f-295d3b0bc12b.svfix_4-0-5.20160115.somatic.sv.tar.gz-md5sum_time": 1, 
                "cef1fb1c-18fa-453a-b87f-295d3b0bc12b.svfix_4-0-5.20160115.somatic.sv.vcf.gz-download_time": 12, 
                "cef1fb1c-18fa-453a-b87f-295d3b0bc12b.svfix_4-0-5.20160115.somatic.sv.vcf.gz-md5sum_time": 0, 
                "cef1fb1c-18fa-453a-b87f-295d3b0bc12b.svfix_4-0-5.20160115.somatic.sv.vcf.gz.tbi-download_time": 13, 
                "cef1fb1c-18fa-453a-b87f-295d3b0bc12b.svfix_4-0-5.20160115.somatic.sv.vcf.gz.tbi-md5sum_time": 0, 
                "start": 1454538101, 
                "stop": 1454538438, 
                "time": 337
            }
        }
    }, 
    "aliquot_id": null, 
    "available_repos": [
        {
            "https://gtrepo-osdc-icgc.annailabs.com/": {
                "file_md5sum": "5366f9478d06d995e7c23072d3336843", 
                "file_size": 58565
            }
        }
    ], 
    "data_type": "Sanger-VCF", 
    "files": [
        {
            "file_md5sum": "be50d1653352e58fb407a1481c3815da", 
            "file_name": "cef1fb1c-18fa-453a-b87f-295d3b0bc12b.svcp_1-0-6.20150507.somatic.snv_mnv.vcf.gz", 
            "file_size": 929393, 
            "object_id": "abea5a60-3541-5fe0-88be-15e833252f5e"
        }, 
        {
            "file_md5sum": "6ab4488b5f147bf9ce24330d8fea132d", 
            "file_name": "cef1fb1c-18fa-453a-b87f-295d3b0bc12b.svcp_1-0-6.20150507.somatic.snv_mnv.vcf.gz.tbi", 
            "file_size": 180312, 
            "object_id": "74d8d804-7864-528f-8e1c-e02dbf3ee991"
        }, 
        {
            "file_md5sum": "4df7e7d0ce7819982cd01f675a038a47", 
            "file_name": "cef1fb1c-18fa-453a-b87f-295d3b0bc12b.svcp_1-0-6.20150507.somatic.cnv.vcf.gz", 
            "file_size": 1831, 
            "object_id": "95a6604d-c01c-5bba-b7c1-2fb611951146"
        }, 
        {
            "file_md5sum": "36e36b14fac3df9d6e5289595382d948", 
            "file_name": "cef1fb1c-18fa-453a-b87f-295d3b0bc12b.svcp_1-0-6.20150507.somatic.cnv.vcf.gz.tbi", 
            "file_size": 4025, 
            "object_id": "b9c9a110-a3d1-5b98-a401-0129fa048e9a"
        }, 
        {
            "file_md5sum": "2245edb13e91f21297e953ba1c4ab6a5", 
            "file_name": "cef1fb1c-18fa-453a-b87f-295d3b0bc12b.svfix_4-0-5.20160115.somatic.sv.vcf.gz", 
            "file_size": 3494, 
            "object_id": "507bb2d8-fd07-5226-b2aa-611ed998001c"
        }, 
        {
            "file_md5sum": "7072c14b00cd56b4af5ea78a0bf19670", 
            "file_name": "cef1fb1c-18fa-453a-b87f-295d3b0bc12b.svfix_4-0-5.20160115.somatic.sv.vcf.gz.tbi", 
            "file_size": 805, 
            "object_id": "91e55b67-8ab6-5e7b-be74-bb8546c7d611"
        }, 
        {
            "file_md5sum": "01bb8b4b704963edcba451e0ab3fb1cd", 
            "file_name": "cef1fb1c-18fa-453a-b87f-295d3b0bc12b.svcp_1-0-6.20150507.somatic.indel.vcf.gz", 
            "file_size": 55364827, 
            "object_id": "bd7331e4-e138-5a09-ba55-80aa43b02cb5"
        }, 
        {
            "file_md5sum": "cd19afe957c2c0e153453e400c4c91cc", 
            "file_name": "cef1fb1c-18fa-453a-b87f-295d3b0bc12b.svcp_1-0-6.20150507.somatic.indel.vcf.gz.tbi", 
            "file_size": 1501819, 
            "object_id": "e34bbbd0-2772-5b77-8708-fb6d826e2a91"
        }, 
        {
            "file_md5sum": "a414ae40b6e2024a83851030d1565c34", 
            "file_name": "cef1fb1c-18fa-453a-b87f-295d3b0bc12b.svcp_1-0-6.20150507.somatic.snv_mnv.tar.gz", 
            "file_size": 166687323, 
            "object_id": "9bdd3915-a4bc-5dbf-8df9-12023e961ca3"
        }, 
        {
            "file_md5sum": "16116e59ea0cb74a28431fa97ba615ee", 
            "file_name": "cef1fb1c-18fa-453a-b87f-295d3b0bc12b.svcp_1-0-6.20150507.somatic.cnv.tar.gz", 
            "file_size": 26631875, 
            "object_id": "4dcffb6c-01b2-5a22-b89d-4594625cd4f5"
        }, 
        {
            "file_md5sum": "4f4396ef43564a3a5b3590b81e42ec2f", 
            "file_name": "cef1fb1c-18fa-453a-b87f-295d3b0bc12b.svfix_4-0-5.20160115.somatic.sv.tar.gz", 
            "file_size": 297054065, 
            "object_id": "cdfce7ec-687e-5035-98ab-cf9d01a1c61a"
        }, 
        {
            "file_md5sum": "332fdfcd94eb6fb9b91db1e4c85ca190",