{
    "_runs_": {
        "run_1454096312_1c7f59be-3963-489a-aa73-201ac807a7ad": {
            "downloading": {
                "gnos-download_time": 81, 
                "start": 1454096956, 
                "stop": 1454097038, 
                "time": 82
            }, 
            "uploading": {
                "copy_meta_time": 1, 
                "start": 1454097046, 
                "stop": 1454097141, 
                "time": 95, 
                "upload_time": 93
            }
        }, 
        "run_1454534933_359d8549-4db8-44eb-91b1-6ee42b6c3730": {
            "downloading": {
                "24a678fa-b5cf-11e5-8597-10b251327fcc.xml-download_time": 12, 
                "24a678fa-b5cf-11e5-8597-10b251327fcc.xml-md5sum_time": 0, 
                "39458b0e-c623-11e3-bf01-24c6515278c0.svcp_1-0-6.20150508.somatic.cnv.tar.gz-download_time": 14, 
                "39458b0e-c623-11e3-bf01-24c6515278c0.svcp_1-0-6.20150508.somatic.cnv.tar.gz-md5sum_time": 1, 
                "39458b0e-c623-11e3-bf01-24c6515278c0.svcp_1-0-6.20150508.somatic.cnv.vcf.gz-download_time": 16, 
                "39458b0e-c623-11e3-bf01-24c6515278c0.svcp_1-0-6.20150508.somatic.cnv.vcf.gz-md5sum_time": 0, 
                "39458b0e-c623-11e3-bf01-24c6515278c0.svcp_1-0-6.20150508.somatic.cnv.vcf.gz.tbi-download_time": 14, 
                "39458b0e-c623-11e3-bf01-24c6515278c0.svcp_1-0-6.20150508.somatic.cnv.vcf.gz.tbi-md5sum_time": 0, 
                "39458b0e-c623-11e3-bf01-24c6515278c0.svcp_1-0-6.20150508.somatic.genotype.tar.gz-download_time": 13, 
                "39458b0e-c623-11e3-bf01-24c6515278c0.svcp_1-0-6.20150508.somatic.genotype.tar.gz-md5sum_time": 0, 
                "39458b0e-c623-11e3-bf01-24c6515278c0.svcp_1-0-6.20150508.somatic.imputeCounts.tar.gz-download_time": 41, 
                "39458b0e-c623-11e3-bf01-24c6515278c0.svcp_1-0-6.20150508.somatic.imputeCounts.tar.gz-md5sum_time": 2, 
                "39458b0e-c623-11e3-bf01-24c6515278c0.svcp_1-0-6.20150508.somatic.indel.tar.gz-download_time": 53, 
                "39458b0e-c623-11e3-bf01-24c6515278c0.svcp_1-0-6.20150508.somatic.indel.tar.gz-md5sum_time": 3, 
                "39458b0e-c623-11e3-bf01-24c6515278c0.svcp_1-0-6.20150508.somatic.indel.vcf.gz-download_time": 16, 
                "39458b0e-c623-11e3-bf01-24c6515278c0.svcp_1-0-6.20150508.somatic.indel.vcf.gz-md5sum_time": 1, 
                "39458b0e-c623-11e3-bf01-24c6515278c0.svcp_1-0-6.20150508.somatic.indel.vcf.gz.tbi-download_time": 13, 
                "39458b0e-c623-11e3-bf01-24c6515278c0.svcp_1-0-6.20150508.somatic.indel.vcf.gz.tbi-md5sum_time": 0, 
                "39458b0e-c623-11e3-bf01-24c6515278c0.svcp_1-0-6.20150508.somatic.snv_mnv.tar.gz-download_time": 22, 
                "39458b0e-c623-11e3-bf01-24c6515278c0.svcp_1-0-6.20150508.somatic.snv_mnv.tar.gz-md5sum_time": 1, 
                "39458b0e-c623-11e3-bf01-24c6515278c0.svcp_1-0-6.20150508.somatic.snv_mnv.vcf.gz-download_time": 12, 
                "39458b0e-c623-11e3-bf01-24c6515278c0.svcp_1-0-6.20150508.somatic.snv_mnv.vcf.gz-md5sum_time": 0, 
                "39458b0e-c623-11e3-bf01-24c6515278c0.svcp_1-0-6.20150508.somatic.snv_mnv.vcf.gz.tbi-download_time": 13, 
                "39458b0e-c623-11e3-bf01-24c6515278c0.svcp_1-0-6.20150508.somatic.snv_mnv.vcf.gz.tbi-md5sum_time": 0, 
                "39458b0e-c623-11e3-bf01-24c6515278c0.svcp_1-0-6.20150508.somatic.verifyBamId.tar.gz-download_time": 13, 
                "39458b0e-c623-11e3-bf01-24c6515278c0.svcp_1-0-6.20150508.somatic.verifyBamId.tar.gz-md5sum_time": 0, 
                "39458b0e-c623-11e3-bf01-24c6515278c0.svfix_4-0-5.20160108.somatic.sv.tar.gz-download_time": 29, 
                "39458b0e-c623-11e3-bf01-24c6515278c0.svfix_4-0-5.20160108.somatic.sv.tar.gz-md5sum_time": 1, 
                "39458b0e-c623-11e3-bf01-24c6515278c0.svfix_4-0-5.20160108.somatic.sv.vcf.gz-download_time": 13, 
                "39458b0e-c623-11e3-bf01-24c6515278c0.svfix_4-0-5.20160108.somatic.sv.vcf.gz-md5sum_time": 0, 
                "39458b0e-c623-11e3-bf01-24c6515278c0.svfix_4-0-5.20160108.somatic.sv.vcf.gz.tbi-download_time": 13, 
                "39458b0e-c623-11e3-bf01-24c6515278c0.svfix_4-0-5.20160108.somatic.sv.vcf.gz.tbi-md5sum_time": 0, 
                "start": 1454540668, 
                "stop": 1454540985, 
                "time": 317
            }
        }
    }, 
    "aliquot_id": null, 
    "available_repos": [
        {
            "https://gtrepo-dkfz.annailabs.com/": {
                "file_md5sum": "747c4dd3d205ec9e2b32b22a4473abc2", 
                "file_size": 58069
            }
        }
    ], 
    "data_type": "Sanger-VCF", 
    "files": [
        {
            "file_md5sum": "18ec96aabbeca814256f57dde88311d5", 
            "file_name": "39458b0e-c623-11e3-bf01-24c6515278c0.svcp_1-0-6.20150508.somatic.snv_mnv.vcf.gz", 
            "file_size": 837713, 
            "object_id": "4fc24f60-cf4b-575d-899e-ec3877ebdad4"
        }, 
        {
            "file_md5sum": "5f729bff855e0844215c02115902c508", 
            "file_name": "39458b0e-c623-11e3-bf01-24c6515278c0.svcp_1-0-6.20150508.somatic.snv_mnv.vcf.gz.tbi", 
            "file_size": 158209, 
            "object_id": "b90ed0e9-a6d2-56c7-9ef5-e56d66ed204d"
        }, 
        {
            "file_md5sum": "097b5fcb9c62f6b2814d0b2fa14545b7", 
            "file_name": "39458b0e-c623-11e3-bf01-24c6515278c0.svcp_1-0-6.20150508.somatic.cnv.vcf.gz", 
            "file_size": 1874, 
            "object_id": "05018d2c-ee5d-5913-82d6-a2dedcaff909"
        }, 
        {
            "file_md5sum": "15830277054f16de00d5b38b95403b1e", 
            "file_name": "39458b0e-c623-11e3-bf01-24c6515278c0.svcp_1-0-6.20150508.somatic.cnv.vcf.gz.tbi", 
            "file_size": 4104, 
            "object_id": "3873aac5-6501-569d-b880-d60b49d17ae5"
        }, 
        {
            "file_md5sum": "5fb520351cda05773bcdd441a35eec00", 
            "file_name": "39458b0e-c623-11e3-bf01-24c6515278c0.svfix_4-0-5.20160108.somatic.sv.vcf.gz", 
            "file_size": 3416, 
            "object_id": "86942518-6bb8-52a1-9dc4-f0f43581f6ce"
        }, 
        {
            "file_md5sum": "bfee1d3b3ce62b89dc7f6faff106b559", 
            "file_name": "39458b0e-c623-11e3-bf01-24c6515278c0.svfix_4-0-5.20160108.somatic.sv.vcf.gz.tbi", 
            "file_size": 480, 
            "object_id": "5b03c03f-39a7-55aa-8677-7769498ee724"
        }, 
        {
            "file_md5sum": "2438e326225bc0377ad7325ce1b1fcbc", 
            "file_name": "39458b0e-c623-11e3-bf01-24c6515278c0.svcp_1-0-6.20150508.somatic.indel.vcf.gz", 
            "file_size": 46317455, 
            "object_id": "97251cae-a1ad-5beb-97da-d084c4e2fce4"
        }, 
        {
            "file_md5sum": "7f211aeea1808397b9ad1b00f0ea740d", 
            "file_name": "39458b0e-c623-11e3-bf01-24c6515278c0.svcp_1-0-6.20150508.somatic.indel.vcf.gz.tbi", 
            "file_size": 1468171, 
            "object_id": "a0776969-f185-58b7-b5ef-3b879f74bf52"
        }, 
        {
            "file_md5sum": "591cf61f6a9cacbef4140aece812eb1f", 
            "file_name": "39458b0e-c623-11e3-bf01-24c6515278c0.svcp_1-0-6.20150508.somatic.snv_mnv.tar.gz", 
            "file_size": 149452673, 
            "object_id": "88197d90-f258-5679-87d0-6f9512836435"
        }, 
        {
            "file_md5sum": "ece7f8f9f1350f077cd65206fce3b300", 
            "file_name": "39458b0e-c623-11e3-bf01-24c6515278c0.svcp_1-0-6.20150508.somatic.cnv.tar.gz", 
            "file_size": 26356606, 
            "object_id": "875476be-379e-50be-b608-b56847472a5c"
        }, 
        {
            "file_md5sum": "44be70fb3050f4c0b2fbd2d8ebee2ea9", 
            "file_name": "39458b0e-c623-11e3-bf01-24c6515278c0.svfix_4-0-5.20160108.somatic.sv.tar.gz", 
            "file_size": 297829660, 
            "object_id": "ac70a35f-0c34-5bd7-9d45-659526763659"
        }, 
        {
            "file_md5sum": "8a43c09cae26280d7b5e363b6fc01ee4",