{
    "_runs_": {
        "run_1454096277_3df8e756-1217-40d1-a8d2-57ef22693db4": {
            "downloading": {
                "gnos-download_time": 5490, 
                "start": 1454097130, 
                "stop": 1454102621, 
                "time": 5491
            }, 
            "uploading": {
                "copy_meta_time": 1, 
                "start": 1454102626, 
                "stop": 1454102708, 
                "time": 82, 
                "upload_time": 80
            }
        }, 
        "run_1454534933_359d8549-4db8-44eb-91b1-6ee42b6c3730": {
            "downloading": {
                "2575e430-c41d-11e5-881b-bc6fd7f783dd.xml-download_time": 12, 
                "2575e430-c41d-11e5-881b-bc6fd7f783dd.xml-md5sum_time": 0, 
                "65f702b8-c623-11e3-bf01-24c6515278c0.svcp_1-0-8.20150915.somatic.cnv.tar.gz-download_time": 15, 
                "65f702b8-c623-11e3-bf01-24c6515278c0.svcp_1-0-8.20150915.somatic.cnv.tar.gz-md5sum_time": 1, 
                "65f702b8-c623-11e3-bf01-24c6515278c0.svcp_1-0-8.20150915.somatic.cnv.vcf.gz-download_time": 12, 
                "65f702b8-c623-11e3-bf01-24c6515278c0.svcp_1-0-8.20150915.somatic.cnv.vcf.gz-md5sum_time": 0, 
                "65f702b8-c623-11e3-bf01-24c6515278c0.svcp_1-0-8.20150915.somatic.cnv.vcf.gz.tbi-download_time": 12, 
                "65f702b8-c623-11e3-bf01-24c6515278c0.svcp_1-0-8.20150915.somatic.cnv.vcf.gz.tbi-md5sum_time": 0, 
                "65f702b8-c623-11e3-bf01-24c6515278c0.svcp_1-0-8.20150915.somatic.genotype.tar.gz-download_time": 13, 
                "65f702b8-c623-11e3-bf01-24c6515278c0.svcp_1-0-8.20150915.somatic.genotype.tar.gz-md5sum_time": 0, 
                "65f702b8-c623-11e3-bf01-24c6515278c0.svcp_1-0-8.20150915.somatic.imputeCounts.tar.gz-download_time": 37, 
                "65f702b8-c623-11e3-bf01-24c6515278c0.svcp_1-0-8.20150915.somatic.imputeCounts.tar.gz-md5sum_time": 1, 
                "65f702b8-c623-11e3-bf01-24c6515278c0.svcp_1-0-8.20150915.somatic.indel.tar.gz-download_time": 49, 
                "65f702b8-c623-11e3-bf01-24c6515278c0.svcp_1-0-8.20150915.somatic.indel.tar.gz-md5sum_time": 2, 
                "65f702b8-c623-11e3-bf01-24c6515278c0.svcp_1-0-8.20150915.somatic.indel.vcf.gz-download_time": 16, 
                "65f702b8-c623-11e3-bf01-24c6515278c0.svcp_1-0-8.20150915.somatic.indel.vcf.gz-md5sum_time": 0, 
                "65f702b8-c623-11e3-bf01-24c6515278c0.svcp_1-0-8.20150915.somatic.indel.vcf.gz.tbi-download_time": 12, 
                "65f702b8-c623-11e3-bf01-24c6515278c0.svcp_1-0-8.20150915.somatic.indel.vcf.gz.tbi-md5sum_time": 0, 
                "65f702b8-c623-11e3-bf01-24c6515278c0.svcp_1-0-8.20150915.somatic.snv_mnv.tar.gz-download_time": 22, 
                "65f702b8-c623-11e3-bf01-24c6515278c0.svcp_1-0-8.20150915.somatic.snv_mnv.tar.gz-md5sum_time": 0, 
                "65f702b8-c623-11e3-bf01-24c6515278c0.svcp_1-0-8.20150915.somatic.snv_mnv.vcf.gz-download_time": 13, 
                "65f702b8-c623-11e3-bf01-24c6515278c0.svcp_1-0-8.20150915.somatic.snv_mnv.vcf.gz-md5sum_time": 0, 
                "65f702b8-c623-11e3-bf01-24c6515278c0.svcp_1-0-8.20150915.somatic.snv_mnv.vcf.gz.tbi-download_time": 13, 
                "65f702b8-c623-11e3-bf01-24c6515278c0.svcp_1-0-8.20150915.somatic.snv_mnv.vcf.gz.tbi-md5sum_time": 0, 
                "65f702b8-c623-11e3-bf01-24c6515278c0.svcp_1-0-8.20150915.somatic.verifyBamId.tar.gz-download_time": 13, 
                "65f702b8-c623-11e3-bf01-24c6515278c0.svcp_1-0-8.20150915.somatic.verifyBamId.tar.gz-md5sum_time": 0, 
                "65f702b8-c623-11e3-bf01-24c6515278c0.svfix_4-0-5.20160126.somatic.sv.tar.gz-download_time": 31, 
                "65f702b8-c623-11e3-bf01-24c6515278c0.svfix_4-0-5.20160126.somatic.sv.tar.gz-md5sum_time": 1, 
                "65f702b8-c623-11e3-bf01-24c6515278c0.svfix_4-0-5.20160126.somatic.sv.vcf.gz-download_time": 13, 
                "65f702b8-c623-11e3-bf01-24c6515278c0.svfix_4-0-5.20160126.somatic.sv.vcf.gz-md5sum_time": 0, 
                "65f702b8-c623-11e3-bf01-24c6515278c0.svfix_4-0-5.20160126.somatic.sv.vcf.gz.tbi-download_time": 12, 
                "65f702b8-c623-11e3-bf01-24c6515278c0.svfix_4-0-5.20160126.somatic.sv.vcf.gz.tbi-md5sum_time": 0, 
                "start": 1454540992, 
                "stop": 1454541293, 
                "time": 301
            }
        }
    }, 
    "aliquot_id": null, 
    "available_repos": [
        {
            "https://gtrepo-osdc-icgc.annailabs.com/": {
                "file_md5sum": "9e5f1b1fa5edc450e6b76439c2792815", 
                "file_size": 58183
            }
        }
    ], 
    "data_type": "Sanger-VCF", 
    "files": [
        {
            "file_md5sum": "55175ccba3519a8387c0ecadc8834e4e", 
            "file_name": "65f702b8-c623-11e3-bf01-24c6515278c0.svcp_1-0-8.20150915.somatic.snv_mnv.vcf.gz", 
            "file_size": 845493, 
            "object_id": "d967b7c1-40a0-5174-975c-77c8bf8923e0"
        }, 
        {
            "file_md5sum": "e332f862f6a2eab554fb4bec70586c51", 
            "file_name": "65f702b8-c623-11e3-bf01-24c6515278c0.svcp_1-0-8.20150915.somatic.snv_mnv.vcf.gz.tbi", 
            "file_size": 158847, 
            "object_id": "b9186b56-f43d-5844-a935-3366e92f0ee7"
        }, 
        {
            "file_md5sum": "4995c4bf7a120b37935c9d512858641c", 
            "file_name": "65f702b8-c623-11e3-bf01-24c6515278c0.svcp_1-0-8.20150915.somatic.cnv.vcf.gz", 
            "file_size": 7548, 
            "object_id": "afba77e5-5525-573c-a3a0-200a2e52431e"
        }, 
        {
            "file_md5sum": "e5cc7f6d5852d491559f8139c3bee008", 
            "file_name": "65f702b8-c623-11e3-bf01-24c6515278c0.svcp_1-0-8.20150915.somatic.cnv.vcf.gz.tbi", 
            "file_size": 8222, 
            "object_id": "9f9bb5df-ed08-5c8c-b8b4-9c841375c1a0"
        }, 
        {
            "file_md5sum": "c8bc88a8dd6322f76edf8f301b6c8303", 
            "file_name": "65f702b8-c623-11e3-bf01-24c6515278c0.svfix_4-0-5.20160126.somatic.sv.vcf.gz", 
            "file_size": 21266, 
            "object_id": "73f3a3a9-b7a3-5735-b7ef-96e9a2a35fff"
        }, 
        {
            "file_md5sum": "921543cc3a169f10f938df539d61f1c8", 
            "file_name": "65f702b8-c623-11e3-bf01-24c6515278c0.svfix_4-0-5.20160126.somatic.sv.vcf.gz.tbi", 
            "file_size": 6751, 
            "object_id": "fd4f7a28-8ee8-5108-9f07-19f196cfbd89"
        }, 
        {
            "file_md5sum": "ee3a4ec6e5202b2a77843434da222bf8", 
            "file_name": "65f702b8-c623-11e3-bf01-24c6515278c0.svcp_1-0-8.20150915.somatic.indel.vcf.gz", 
            "file_size": 45902162, 
            "object_id": "2e1078b1-3610-5c37-b3e2-19a3965b0b93"
        }, 
        {
            "file_md5sum": "67ce08cb5ec4b476efdb364a07d5976e", 
            "file_name": "65f702b8-c623-11e3-bf01-24c6515278c0.svcp_1-0-8.20150915.somatic.indel.vcf.gz.tbi", 
            "file_size": 1471587, 
            "object_id": "78de7eaf-e4f8-5586-aadf-dfb4e89281aa"
        }, 
        {
            "file_md5sum": "aa663cfce9faa99d2d540a9f923c496a", 
            "file_name": "65f702b8-c623-11e3-bf01-24c6515278c0.svcp_1-0-8.20150915.somatic.snv_mnv.tar.gz", 
            "file_size": 149649154, 
            "object_id": "c759ff38-12c9-573c-9938-798a4316a607"
        }, 
        {
            "file_md5sum": "7d08dd736bb1ef5f5e1df3d1532ed1e6", 
            "file_name": "65f702b8-c623-11e3-bf01-24c6515278c0.svcp_1-0-8.20150915.somatic.cnv.tar.gz", 
            "file_size": 27009325, 
            "object_id": "d68f575a-6e85-5d5e-9ca8-91f7ea3591d6"
        }, 
        {
            "file_md5sum": "4af79a3596caa6f779affa79d46475db", 
            "file_name": "65f702b8-c623-11e3-bf01-24c6515278c0.svfix_4-0-5.20160126.somatic.sv.tar.gz", 
            "file_size": 308317727, 
            "object_id": "8775ca26-eed3-510c-853a-0841f87cc51b"
        }, 
        {
            "file_md5sum": "1a6bad3b805dba6670ac9213a53f6509",