{
    "_runs_": {
        "run_1453925873_9b41f8fc-73b9-4bae-aac6-f1f67f3d9f45": {
            "downloading": {
                "gnos-download_time": 103, 
                "start": 1453930259, 
                "stop": 1453930362, 
                "time": 103
            }, 
            "uploading": {
                "copy_meta_time": 1, 
                "start": 1453930366, 
                "stop": 1453930454, 
                "time": 88, 
                "upload_time": 86
            }
        }, 
        "run_1454534801_ebb91d32-852a-4dd9-8da4-b43e5a099d05": {
            "downloading": {
                "26178012-b9f8-11e5-94d1-1980eac6e0c4.xml-download_time": 14, 
                "26178012-b9f8-11e5-94d1-1980eac6e0c4.xml-md5sum_time": 0, 
                "e23c591e-c622-11e3-bf01-24c6515278c0.svcp_1-0-5.20150428.somatic.cnv.tar.gz-download_time": 16, 
                "e23c591e-c622-11e3-bf01-24c6515278c0.svcp_1-0-5.20150428.somatic.cnv.tar.gz-md5sum_time": 0, 
                "e23c591e-c622-11e3-bf01-24c6515278c0.svcp_1-0-5.20150428.somatic.cnv.vcf.gz-download_time": 14, 
                "e23c591e-c622-11e3-bf01-24c6515278c0.svcp_1-0-5.20150428.somatic.cnv.vcf.gz-md5sum_time": 0, 
                "e23c591e-c622-11e3-bf01-24c6515278c0.svcp_1-0-5.20150428.somatic.cnv.vcf.gz.tbi-download_time": 14, 
                "e23c591e-c622-11e3-bf01-24c6515278c0.svcp_1-0-5.20150428.somatic.cnv.vcf.gz.tbi-md5sum_time": 0, 
                "e23c591e-c622-11e3-bf01-24c6515278c0.svcp_1-0-5.20150428.somatic.genotype.tar.gz-download_time": 14, 
                "e23c591e-c622-11e3-bf01-24c6515278c0.svcp_1-0-5.20150428.somatic.genotype.tar.gz-md5sum_time": 0, 
                "e23c591e-c622-11e3-bf01-24c6515278c0.svcp_1-0-5.20150428.somatic.imputeCounts.tar.gz-download_time": 39, 
                "e23c591e-c622-11e3-bf01-24c6515278c0.svcp_1-0-5.20150428.somatic.imputeCounts.tar.gz-md5sum_time": 1, 
                "e23c591e-c622-11e3-bf01-24c6515278c0.svcp_1-0-5.20150428.somatic.indel.tar.gz-download_time": 50, 
                "e23c591e-c622-11e3-bf01-24c6515278c0.svcp_1-0-5.20150428.somatic.indel.tar.gz-md5sum_time": 3, 
                "e23c591e-c622-11e3-bf01-24c6515278c0.svcp_1-0-5.20150428.somatic.indel.vcf.gz-download_time": 17, 
                "e23c591e-c622-11e3-bf01-24c6515278c0.svcp_1-0-5.20150428.somatic.indel.vcf.gz-md5sum_time": 0, 
                "e23c591e-c622-11e3-bf01-24c6515278c0.svcp_1-0-5.20150428.somatic.indel.vcf.gz.tbi-download_time": 15, 
                "e23c591e-c622-11e3-bf01-24c6515278c0.svcp_1-0-5.20150428.somatic.indel.vcf.gz.tbi-md5sum_time": 0, 
                "e23c591e-c622-11e3-bf01-24c6515278c0.svcp_1-0-5.20150428.somatic.snv_mnv.tar.gz-download_time": 23, 
                "e23c591e-c622-11e3-bf01-24c6515278c0.svcp_1-0-5.20150428.somatic.snv_mnv.tar.gz-md5sum_time": 1, 
                "e23c591e-c622-11e3-bf01-24c6515278c0.svcp_1-0-5.20150428.somatic.snv_mnv.vcf.gz-download_time": 15, 
                "e23c591e-c622-11e3-bf01-24c6515278c0.svcp_1-0-5.20150428.somatic.snv_mnv.vcf.gz-md5sum_time": 0, 
                "e23c591e-c622-11e3-bf01-24c6515278c0.svcp_1-0-5.20150428.somatic.snv_mnv.vcf.gz.tbi-download_time": 14, 
                "e23c591e-c622-11e3-bf01-24c6515278c0.svcp_1-0-5.20150428.somatic.snv_mnv.vcf.gz.tbi-md5sum_time": 0, 
                "e23c591e-c622-11e3-bf01-24c6515278c0.svcp_1-0-5.20150428.somatic.verifyBamId.tar.gz-download_time": 15, 
                "e23c591e-c622-11e3-bf01-24c6515278c0.svcp_1-0-5.20150428.somatic.verifyBamId.tar.gz-md5sum_time": 0, 
                "e23c591e-c622-11e3-bf01-24c6515278c0.svfix_4-0-5.20160113.somatic.sv.tar.gz-download_time": 34, 
                "e23c591e-c622-11e3-bf01-24c6515278c0.svfix_4-0-5.20160113.somatic.sv.tar.gz-md5sum_time": 1, 
                "e23c591e-c622-11e3-bf01-24c6515278c0.svfix_4-0-5.20160113.somatic.sv.vcf.gz-download_time": 14, 
                "e23c591e-c622-11e3-bf01-24c6515278c0.svfix_4-0-5.20160113.somatic.sv.vcf.gz-md5sum_time": 0, 
                "e23c591e-c622-11e3-bf01-24c6515278c0.svfix_4-0-5.20160113.somatic.sv.vcf.gz.tbi-download_time": 15, 
                "e23c591e-c622-11e3-bf01-24c6515278c0.svfix_4-0-5.20160113.somatic.sv.vcf.gz.tbi-md5sum_time": 0, 
                "start": 1454541235, 
                "stop": 1454541564, 
                "time": 329
            }
        }
    }, 
    "aliquot_id": null, 
    "available_repos": [
        {
            "https://gtrepo-osdc-icgc.annailabs.com/": {
                "file_md5sum": "e5509885c5a6e655baa18f5908facf0b", 
                "file_size": 58232
            }
        }
    ], 
    "data_type": "Sanger-VCF", 
    "files": [
        {
            "file_md5sum": "be070940533782201c0ed906dedc812a", 
            "file_name": "e23c591e-c622-11e3-bf01-24c6515278c0.svcp_1-0-5.20150428.somatic.snv_mnv.vcf.gz", 
            "file_size": 2137621, 
            "object_id": "a7121805-23aa-5d60-9dc3-a487e4a9f140"
        }, 
        {
            "file_md5sum": "9a11c6d0d6d17cfd8ec17c9d16813dda", 
            "file_name": "e23c591e-c622-11e3-bf01-24c6515278c0.svcp_1-0-5.20150428.somatic.snv_mnv.vcf.gz.tbi", 
            "file_size": 330112, 
            "object_id": "381192f2-474d-5d80-9edd-94e6d77ed4e9"
        }, 
        {
            "file_md5sum": "4d9a32f277a68705ee70ada99bb874a7", 
            "file_name": "e23c591e-c622-11e3-bf01-24c6515278c0.svcp_1-0-5.20150428.somatic.cnv.vcf.gz", 
            "file_size": 2405, 
            "object_id": "9e5ce9b3-7915-5b82-88d5-af2003188a07"
        }, 
        {
            "file_md5sum": "d3b06188a76c7a0625fcdea22e855291", 
            "file_name": "e23c591e-c622-11e3-bf01-24c6515278c0.svcp_1-0-5.20150428.somatic.cnv.vcf.gz.tbi", 
            "file_size": 4500, 
            "object_id": "88574241-f543-5754-b202-b79099ffe5c0"
        }, 
        {
            "file_md5sum": "8b161f5aa83d9774b385c0ae9cb07954", 
            "file_name": "e23c591e-c622-11e3-bf01-24c6515278c0.svfix_4-0-5.20160113.somatic.sv.vcf.gz", 
            "file_size": 6232, 
            "object_id": "8011d24b-5d1a-58ac-a071-4e325753e0a5"
        }, 
        {
            "file_md5sum": "dedbd4d0100cafa2026d9daa469c2c56", 
            "file_name": "e23c591e-c622-11e3-bf01-24c6515278c0.svfix_4-0-5.20160113.somatic.sv.vcf.gz.tbi", 
            "file_size": 855, 
            "object_id": "ae465ed5-4de7-5b2c-9ac4-970fdfdeee77"
        }, 
        {
            "file_md5sum": "1df3b55cad2960aa92c4398fea5ceea0", 
            "file_name": "e23c591e-c622-11e3-bf01-24c6515278c0.svcp_1-0-5.20150428.somatic.indel.vcf.gz", 
            "file_size": 43487753, 
            "object_id": "37d8d231-80d6-5751-9e39-e708068f95e4"
        }, 
        {
            "file_md5sum": "ac5d055f89533e00b00cc51c32a6af18", 
            "file_name": "e23c591e-c622-11e3-bf01-24c6515278c0.svcp_1-0-5.20150428.somatic.indel.vcf.gz.tbi", 
            "file_size": 1448221, 
            "object_id": "20f0a200-08e3-59dc-b8eb-44857a15d714"
        }, 
        {
            "file_md5sum": "f5b9106105eca8fdbb362133a535a748", 
            "file_name": "e23c591e-c622-11e3-bf01-24c6515278c0.svcp_1-0-5.20150428.somatic.snv_mnv.tar.gz", 
            "file_size": 161068068, 
            "object_id": "2a77548d-8339-5144-a515-3daebd4fb699"
        }, 
        {
            "file_md5sum": "3e5ba5a69cd67b57b12553e7247cf590", 
            "file_name": "e23c591e-c622-11e3-bf01-24c6515278c0.svcp_1-0-5.20150428.somatic.cnv.tar.gz", 
            "file_size": 27153607, 
            "object_id": "92ecd2d5-51dc-5c0b-b359-af93028a2543"
        }, 
        {
            "file_md5sum": "14e3a13f88ec0111d086d8ae7145dd58", 
            "file_name": "e23c591e-c622-11e3-bf01-24c6515278c0.svfix_4-0-5.20160113.somatic.sv.tar.gz", 
            "file_size": 298694782, 
            "object_id": "ab2f9dbc-a00e-5734-a20c-339f8cb6fb5e"
        }, 
        {
            "file_md5sum": "8f682c4c0e8aa11cdeb77648e548863e",