{
    "_runs_": {
        "run_1453926074_05c4a5c1-34e5-4388-9768-ec89c1ee9cec": {
            "downloading": {
                "gnos-download_time": 88, 
                "start": 1453931026, 
                "stop": 1453931114, 
                "time": 88
            }, 
            "uploading": {
                "copy_meta_time": 1, 
                "start": 1453931137, 
                "stop": 1453931234, 
                "time": 97, 
                "upload_time": 96
            }
        }, 
        "run_1454512973_e3882142-08cf-45e0-9b4a-4bd52c15b4e1": {
            "downloading": {
                "2e0ed906-bb8c-11e5-970c-81cbeac6e0c4.xml-download_time": 12, 
                "2e0ed906-bb8c-11e5-970c-81cbeac6e0c4.xml-md5sum_time": 1, 
                "f07b9192-c86f-4ee4-a3b5-feb9c5098bf4.svcp_1-0-6.20150704.somatic.cnv.tar.gz-download_time": 14, 
                "f07b9192-c86f-4ee4-a3b5-feb9c5098bf4.svcp_1-0-6.20150704.somatic.cnv.tar.gz-md5sum_time": 0, 
                "f07b9192-c86f-4ee4-a3b5-feb9c5098bf4.svcp_1-0-6.20150704.somatic.cnv.vcf.gz-download_time": 13, 
                "f07b9192-c86f-4ee4-a3b5-feb9c5098bf4.svcp_1-0-6.20150704.somatic.cnv.vcf.gz-md5sum_time": 0, 
                "f07b9192-c86f-4ee4-a3b5-feb9c5098bf4.svcp_1-0-6.20150704.somatic.cnv.vcf.gz.tbi-download_time": 13, 
                "f07b9192-c86f-4ee4-a3b5-feb9c5098bf4.svcp_1-0-6.20150704.somatic.cnv.vcf.gz.tbi-md5sum_time": 0, 
                "f07b9192-c86f-4ee4-a3b5-feb9c5098bf4.svcp_1-0-6.20150704.somatic.genotype.tar.gz-download_time": 14, 
                "f07b9192-c86f-4ee4-a3b5-feb9c5098bf4.svcp_1-0-6.20150704.somatic.genotype.tar.gz-md5sum_time": 0, 
                "f07b9192-c86f-4ee4-a3b5-feb9c5098bf4.svcp_1-0-6.20150704.somatic.imputeCounts.tar.gz-download_time": 42, 
                "f07b9192-c86f-4ee4-a3b5-feb9c5098bf4.svcp_1-0-6.20150704.somatic.imputeCounts.tar.gz-md5sum_time": 2, 
                "f07b9192-c86f-4ee4-a3b5-feb9c5098bf4.svcp_1-0-6.20150704.somatic.indel.tar.gz-download_time": 67, 
                "f07b9192-c86f-4ee4-a3b5-feb9c5098bf4.svcp_1-0-6.20150704.somatic.indel.tar.gz-md5sum_time": 3, 
                "f07b9192-c86f-4ee4-a3b5-feb9c5098bf4.svcp_1-0-6.20150704.somatic.indel.vcf.gz-download_time": 19, 
                "f07b9192-c86f-4ee4-a3b5-feb9c5098bf4.svcp_1-0-6.20150704.somatic.indel.vcf.gz-md5sum_time": 0, 
                "f07b9192-c86f-4ee4-a3b5-feb9c5098bf4.svcp_1-0-6.20150704.somatic.indel.vcf.gz.tbi-download_time": 13, 
                "f07b9192-c86f-4ee4-a3b5-feb9c5098bf4.svcp_1-0-6.20150704.somatic.indel.vcf.gz.tbi-md5sum_time": 0, 
                "f07b9192-c86f-4ee4-a3b5-feb9c5098bf4.svcp_1-0-6.20150704.somatic.snv_mnv.tar.gz-download_time": 23, 
                "f07b9192-c86f-4ee4-a3b5-feb9c5098bf4.svcp_1-0-6.20150704.somatic.snv_mnv.tar.gz-md5sum_time": 1, 
                "f07b9192-c86f-4ee4-a3b5-feb9c5098bf4.svcp_1-0-6.20150704.somatic.snv_mnv.vcf.gz-download_time": 13, 
                "f07b9192-c86f-4ee4-a3b5-feb9c5098bf4.svcp_1-0-6.20150704.somatic.snv_mnv.vcf.gz-md5sum_time": 0, 
                "f07b9192-c86f-4ee4-a3b5-feb9c5098bf4.svcp_1-0-6.20150704.somatic.snv_mnv.vcf.gz.tbi-download_time": 13, 
                "f07b9192-c86f-4ee4-a3b5-feb9c5098bf4.svcp_1-0-6.20150704.somatic.snv_mnv.vcf.gz.tbi-md5sum_time": 0, 
                "f07b9192-c86f-4ee4-a3b5-feb9c5098bf4.svcp_1-0-6.20150704.somatic.verifyBamId.tar.gz-download_time": 13, 
                "f07b9192-c86f-4ee4-a3b5-feb9c5098bf4.svcp_1-0-6.20150704.somatic.verifyBamId.tar.gz-md5sum_time": 0, 
                "f07b9192-c86f-4ee4-a3b5-feb9c5098bf4.svfix_4-0-5.20160115.somatic.sv.tar.gz-download_time": 30, 
                "f07b9192-c86f-4ee4-a3b5-feb9c5098bf4.svfix_4-0-5.20160115.somatic.sv.tar.gz-md5sum_time": 1, 
                "f07b9192-c86f-4ee4-a3b5-feb9c5098bf4.svfix_4-0-5.20160115.somatic.sv.vcf.gz-download_time": 12, 
                "f07b9192-c86f-4ee4-a3b5-feb9c5098bf4.svfix_4-0-5.20160115.somatic.sv.vcf.gz-md5sum_time": 0, 
                "f07b9192-c86f-4ee4-a3b5-feb9c5098bf4.svfix_4-0-5.20160115.somatic.sv.vcf.gz.tbi-download_time": 12, 
                "f07b9192-c86f-4ee4-a3b5-feb9c5098bf4.svfix_4-0-5.20160115.somatic.sv.vcf.gz.tbi-md5sum_time": 0, 
                "start": 1454542998, 
                "stop": 1454543329, 
                "time": 331
            }
        }
    }, 
    "aliquot_id": null, 
    "available_repos": [
        {
            "https://gtrepo-osdc-icgc.annailabs.com/": {
                "file_md5sum": "7d8d2dd9545bcff360a0187dcb470652", 
                "file_size": 58370
            }
        }
    ], 
    "data_type": "Sanger-VCF", 
    "files": [
        {
            "file_md5sum": "782a7ba557c2aa517a94f9d675da4b95", 
            "file_name": "f07b9192-c86f-4ee4-a3b5-feb9c5098bf4.svcp_1-0-6.20150704.somatic.snv_mnv.vcf.gz", 
            "file_size": 6405451, 
            "object_id": "13e17d72-b139-5bcb-adde-41eaf5170c2a"
        }, 
        {
            "file_md5sum": "679fcc31c379ed75820b8a1877283f70", 
            "file_name": "f07b9192-c86f-4ee4-a3b5-feb9c5098bf4.svcp_1-0-6.20150704.somatic.snv_mnv.vcf.gz.tbi", 
            "file_size": 786105, 
            "object_id": "263bb8a8-c868-5705-8913-949db3abe06c"
        }, 
        {
            "file_md5sum": "47309955293a78574a4900b60e518598", 
            "file_name": "f07b9192-c86f-4ee4-a3b5-feb9c5098bf4.svcp_1-0-6.20150704.somatic.cnv.vcf.gz", 
            "file_size": 3196, 
            "object_id": "91385f44-8938-5b2d-80bd-387e218d3b50"
        }, 
        {
            "file_md5sum": "9bf5d807c3d79c0ddb7aa5ba7a62681a", 
            "file_name": "f07b9192-c86f-4ee4-a3b5-feb9c5098bf4.svcp_1-0-6.20150704.somatic.cnv.vcf.gz.tbi", 
            "file_size": 5051, 
            "object_id": "83890075-fc96-5004-bcfe-71bc650fefae"
        }, 
        {
            "file_md5sum": "1d272bf9f970a1ccedcccc8e2d16501c", 
            "file_name": "f07b9192-c86f-4ee4-a3b5-feb9c5098bf4.svfix_4-0-5.20160115.somatic.sv.vcf.gz", 
            "file_size": 28930, 
            "object_id": "82eaa1ab-a4cf-546c-863f-0184a12d8395"
        }, 
        {
            "file_md5sum": "25c35f12a5131d2f1415dff307b1d3d4", 
            "file_name": "f07b9192-c86f-4ee4-a3b5-feb9c5098bf4.svfix_4-0-5.20160115.somatic.sv.vcf.gz.tbi", 
            "file_size": 3773, 
            "object_id": "9f5e5882-30ff-59b8-a8f6-bc14d0de8d68"
        }, 
        {
            "file_md5sum": "b25520bca3e4624fae95f44dc043a8f7", 
            "file_name": "f07b9192-c86f-4ee4-a3b5-feb9c5098bf4.svcp_1-0-6.20150704.somatic.indel.vcf.gz", 
            "file_size": 48653442, 
            "object_id": "c68b604f-0720-59a7-b197-ab28781a6afb"
        }, 
        {
            "file_md5sum": "243d8c5880ab72426c73b82e1798fc8a", 
            "file_name": "f07b9192-c86f-4ee4-a3b5-feb9c5098bf4.svcp_1-0-6.20150704.somatic.indel.vcf.gz.tbi", 
            "file_size": 1463841, 
            "object_id": "f18ce2f4-99f9-53db-91da-0eeb670a9010"
        }, 
        {
            "file_md5sum": "b91c0aaca5ecd78d2f3596d415046733", 
            "file_name": "f07b9192-c86f-4ee4-a3b5-feb9c5098bf4.svcp_1-0-6.20150704.somatic.snv_mnv.tar.gz", 
            "file_size": 171814886, 
            "object_id": "1d162499-5fa7-562c-840c-a19db720ece6"
        }, 
        {
            "file_md5sum": "e13e340dd32153fc06691bf31f1d0e5f", 
            "file_name": "f07b9192-c86f-4ee4-a3b5-feb9c5098bf4.svcp_1-0-6.20150704.somatic.cnv.tar.gz", 
            "file_size": 26865554, 
            "object_id": "71ddf79e-49d2-5d8d-b6ff-7f21755035cf"
        }, 
        {
            "file_md5sum": "5fa4c022cb5eb95bed3b738f2b99ce32", 
            "file_name": "f07b9192-c86f-4ee4-a3b5-feb9c5098bf4.svfix_4-0-5.20160115.somatic.sv.tar.gz", 
            "file_size": 290876864, 
            "object_id": "f7d9921b-ba36-5119-b9d8-8740b74d6324"
        }, 
        {
            "file_md5sum": "09be41bb480bdc605bc9d6fcc418948b",