{
    "_runs_": {
        "run_1454285703_2b9791f1-d0a8-4403-bd2d-9f3d79bba1f0": {
            "downloading": {
                "gnos-download_time": 31, 
                "start": 1454286870, 
                "stop": 1454286901, 
                "time": 31
            }, 
            "uploading": {
                "copy_meta_time": 1, 
                "start": 1454286907, 
                "stop": 1454286936, 
                "time": 29, 
                "upload_time": 28
            }
        }, 
        "run_1454534667_3d8f1838-ee68-44bf-81da-e5c01ee678fa": {
            "downloading": {
                "36f75732-dde6-4ba7-913e-7d6595ad2b0e.xml-download_time": 13, 
                "36f75732-dde6-4ba7-913e-7d6595ad2b0e.xml-md5sum_time": 0, 
                "ad92f17f-11e6-49bd-9835-6b2f47053485.broad-dRanger.20150918.somatic.sv.vcf.gz-download_time": 13, 
                "ad92f17f-11e6-49bd-9835-6b2f47053485.broad-dRanger.20150918.somatic.sv.vcf.gz-md5sum_time": 0, 
                "ad92f17f-11e6-49bd-9835-6b2f47053485.broad-dRanger.20150918.somatic.sv.vcf.gz.idx-download_time": 14, 
                "ad92f17f-11e6-49bd-9835-6b2f47053485.broad-dRanger.20150918.somatic.sv.vcf.gz.idx-md5sum_time": 0, 
                "ad92f17f-11e6-49bd-9835-6b2f47053485.broad-dRanger_snowman.20150918.somatic.sv.vcf.gz-download_time": 13, 
                "ad92f17f-11e6-49bd-9835-6b2f47053485.broad-dRanger_snowman.20150918.somatic.sv.vcf.gz-md5sum_time": 0, 
                "ad92f17f-11e6-49bd-9835-6b2f47053485.broad-dRanger_snowman.20150918.somatic.sv.vcf.gz.idx-download_time": 13, 
                "ad92f17f-11e6-49bd-9835-6b2f47053485.broad-dRanger_snowman.20150918.somatic.sv.vcf.gz.idx-md5sum_time": 0, 
                "ad92f17f-11e6-49bd-9835-6b2f47053485.broad-mutect-v2.20151112.somatic.snv_mnv.vcf.gz-download_time": 13, 
                "ad92f17f-11e6-49bd-9835-6b2f47053485.broad-mutect-v2.20151112.somatic.snv_mnv.vcf.gz-md5sum_time": 0, 
                "ad92f17f-11e6-49bd-9835-6b2f47053485.broad-mutect-v2.20151112.somatic.snv_mnv.vcf.gz.idx-download_time": 14, 
                "ad92f17f-11e6-49bd-9835-6b2f47053485.broad-mutect-v2.20151112.somatic.snv_mnv.vcf.gz.idx-md5sum_time": 0, 
                "ad92f17f-11e6-49bd-9835-6b2f47053485.broad-snowman.20150918.germline.indel.vcf.gz-download_time": 14, 
                "ad92f17f-11e6-49bd-9835-6b2f47053485.broad-snowman.20150918.germline.indel.vcf.gz-md5sum_time": 0, 
                "ad92f17f-11e6-49bd-9835-6b2f47053485.broad-snowman.20150918.germline.indel.vcf.gz.idx-download_time": 13, 
                "ad92f17f-11e6-49bd-9835-6b2f47053485.broad-snowman.20150918.germline.indel.vcf.gz.idx-md5sum_time": 0, 
                "ad92f17f-11e6-49bd-9835-6b2f47053485.broad-snowman.20150918.germline.sv.vcf.gz-download_time": 13, 
                "ad92f17f-11e6-49bd-9835-6b2f47053485.broad-snowman.20150918.germline.sv.vcf.gz-md5sum_time": 0, 
                "ad92f17f-11e6-49bd-9835-6b2f47053485.broad-snowman.20150918.germline.sv.vcf.gz.idx-download_time": 13, 
                "ad92f17f-11e6-49bd-9835-6b2f47053485.broad-snowman.20150918.germline.sv.vcf.gz.idx-md5sum_time": 0, 
                "ad92f17f-11e6-49bd-9835-6b2f47053485.broad-snowman.20150918.somatic.indel.vcf.gz-download_time": 13, 
                "ad92f17f-11e6-49bd-9835-6b2f47053485.broad-snowman.20150918.somatic.indel.vcf.gz-md5sum_time": 0, 
                "ad92f17f-11e6-49bd-9835-6b2f47053485.broad-snowman.20150918.somatic.indel.vcf.gz.idx-download_time": 14, 
                "ad92f17f-11e6-49bd-9835-6b2f47053485.broad-snowman.20150918.somatic.indel.vcf.gz.idx-md5sum_time": 0, 
                "ad92f17f-11e6-49bd-9835-6b2f47053485.broad-snowman.20150918.somatic.sv.vcf.gz-download_time": 13, 
                "ad92f17f-11e6-49bd-9835-6b2f47053485.broad-snowman.20150918.somatic.sv.vcf.gz-md5sum_time": 0, 
                "ad92f17f-11e6-49bd-9835-6b2f47053485.broad-snowman.20150918.somatic.sv.vcf.gz.idx-download_time": 12, 
                "ad92f17f-11e6-49bd-9835-6b2f47053485.broad-snowman.20150918.somatic.sv.vcf.gz.idx-md5sum_time": 0, 
                "start": 1454545645, 
                "stop": 1454545843, 
                "time": 198
            }
        }
    }, 
    "aliquot_id": null, 
    "available_repos": [
        {
            "https://gtrepo-osdc-icgc.annailabs.com/": {
                "file_md5sum": "98ecbe8f565dacf6244cd9d1159d1cbe", 
                "file_size": 41654
            }
        }
    ], 
    "data_type": "Broad-VCF", 
    "files": [
        {
            "file_md5sum": "c2c49eb3189dbea3a07b1cc5e7f754df", 
            "file_name": "ad92f17f-11e6-49bd-9835-6b2f47053485.broad-mutect-v2.20151112.somatic.snv_mnv.vcf.gz", 
            "file_size": 116440, 
            "object_id": "341a14e9-f1f7-589f-b456-c00bcb364b71"
        }, 
        {
            "file_md5sum": "fd7293a1d3b2be8ad4d4d45b89bd4e39", 
            "file_name": "ad92f17f-11e6-49bd-9835-6b2f47053485.broad-mutect-v2.20151112.somatic.snv_mnv.vcf.gz.idx", 
            "file_size": 52396, 
            "object_id": "697531d9-69f5-57a6-8139-24d0741574a2"
        }, 
        {
            "file_md5sum": "49c0f0d3e8ad2a79dc9ea074c423c097", 
            "file_name": "ad92f17f-11e6-49bd-9835-6b2f47053485.broad-snowman.20150918.germline.indel.vcf.gz.idx", 
            "file_size": 1042370, 
            "object_id": "fc44f2ef-6d68-5af4-ac54-005b1061d472"
        }, 
        {
            "file_md5sum": "533a6fefb947a8658af938a7275c3f31", 
            "file_name": "ad92f17f-11e6-49bd-9835-6b2f47053485.broad-dRanger.20150918.somatic.sv.vcf.gz", 
            "file_size": 1825, 
            "object_id": "b3bcd81b-c790-5da6-a028-78169b387c34"
        }, 
        {
            "file_md5sum": "6dcbf6db5386031e09e41f24588396eb", 
            "file_name": "ad92f17f-11e6-49bd-9835-6b2f47053485.broad-snowman.20150918.germline.indel.vcf.gz", 
            "file_size": 10320540, 
            "object_id": "0c04443d-03ef-549c-bf05-241185caece0"
        }, 
        {
            "file_md5sum": "718d7089f28f07609a833f493ee073ea", 
            "file_name": "ad92f17f-11e6-49bd-9835-6b2f47053485.broad-dRanger.20150918.somatic.sv.vcf.gz.idx", 
            "file_size": 697, 
            "object_id": "2d15476c-4f11-55dd-bc07-c73bf3ce338c"
        }, 
        {
            "file_md5sum": "0c9f93f40b9f85f9b323a47f14ba76f5", 
            "file_name": "ad92f17f-11e6-49bd-9835-6b2f47053485.broad-dRanger_snowman.20150918.somatic.sv.vcf.gz", 
            "file_size": 5374, 
            "object_id": "bd3c32f9-6f42-556d-91c1-671a44679b96"
        }, 
        {
            "file_md5sum": "1690c23f9b2b77a58beda53b066f508a", 
            "file_name": "ad92f17f-11e6-49bd-9835-6b2f47053485.broad-snowman.20150918.somatic.indel.vcf.gz.idx", 
            "file_size": 7988, 
            "object_id": "9078eb7d-db87-5bb4-987f-90f4c4efdefe"
        }, 
        {
            "file_md5sum": "7532cb15c99240f27d6875a15655fe70", 
            "file_name": "ad92f17f-11e6-49bd-9835-6b2f47053485.broad-snowman.20150918.somatic.sv.vcf.gz.idx", 
            "file_size": 2088, 
            "object_id": "3a1a8a8d-285f-53e9-9d0c-5dabdaf286cd"
        }, 
        {
            "file_md5sum": "e3326854214e12dc308bcecd14de5b6e", 
            "file_name": "ad92f17f-11e6-49bd-9835-6b2f47053485.broad-snowman.20150918.somatic.indel.vcf.gz", 
            "file_size": 13057, 
            "object_id": "3aa20c79-91a8-51fa-9ce3-e9d49d57853e"
        }, 
        {
            "file_md5sum": "b3347862a5337a52a3032214981d2725", 
            "file_name": "ad92f17f-11e6-49bd-9835-6b2f47053485.broad-dRanger_snowman.20150918.somatic.sv.vcf.gz.idx", 
            "file_size": 2252, 
            "object_id": "7aaf48d5-63f7-5591-a3e9-dbaaeb350126"
        }, 
        {
            "file_md5sum": "4935fe9c6a956a772fe930bd6e42851e", 
            "file_name": "ad92f17f-11e6-49bd-9835-6b2f47053485.broad-snowman.20150918.germline.sv.vcf.gz.idx",