{
    "_runs_": {
        "run_1453925707_48c3c5ad-2118-4de3-b867-40dea8ad96eb": {
            "downloading": {
                "gnos-download_time": 107, 
                "start": 1453933064, 
                "stop": 1453933172, 
                "time": 108
            }, 
            "uploading": {
                "copy_meta_time": 1, 
                "start": 1453933176, 
                "stop": 1453933277, 
                "time": 101, 
                "upload_time": 99
            }
        }, 
        "run_1454534933_359d8549-4db8-44eb-91b1-6ee42b6c3730": {
            "downloading": {
                "3dc81bd4-ba09-11e5-a8b7-1d80eac6e0c4.xml-download_time": 13, 
                "3dc81bd4-ba09-11e5-a8b7-1d80eac6e0c4.xml-md5sum_time": 0, 
                "cb381d49-4546-400c-af02-f877083caa0a.svcp_1-0-5.20150325.somatic.cnv.tar.gz-download_time": 14, 
                "cb381d49-4546-400c-af02-f877083caa0a.svcp_1-0-5.20150325.somatic.cnv.tar.gz-md5sum_time": 0, 
                "cb381d49-4546-400c-af02-f877083caa0a.svcp_1-0-5.20150325.somatic.cnv.vcf.gz-download_time": 13, 
                "cb381d49-4546-400c-af02-f877083caa0a.svcp_1-0-5.20150325.somatic.cnv.vcf.gz-md5sum_time": 0, 
                "cb381d49-4546-400c-af02-f877083caa0a.svcp_1-0-5.20150325.somatic.cnv.vcf.gz.tbi-download_time": 12, 
                "cb381d49-4546-400c-af02-f877083caa0a.svcp_1-0-5.20150325.somatic.cnv.vcf.gz.tbi-md5sum_time": 0, 
                "cb381d49-4546-400c-af02-f877083caa0a.svcp_1-0-5.20150325.somatic.genotype.tar.gz-download_time": 14, 
                "cb381d49-4546-400c-af02-f877083caa0a.svcp_1-0-5.20150325.somatic.genotype.tar.gz-md5sum_time": 0, 
                "cb381d49-4546-400c-af02-f877083caa0a.svcp_1-0-5.20150325.somatic.imputeCounts.tar.gz-download_time": 41, 
                "cb381d49-4546-400c-af02-f877083caa0a.svcp_1-0-5.20150325.somatic.imputeCounts.tar.gz-md5sum_time": 1, 
                "cb381d49-4546-400c-af02-f877083caa0a.svcp_1-0-5.20150325.somatic.indel.tar.gz-download_time": 69, 
                "cb381d49-4546-400c-af02-f877083caa0a.svcp_1-0-5.20150325.somatic.indel.tar.gz-md5sum_time": 3, 
                "cb381d49-4546-400c-af02-f877083caa0a.svcp_1-0-5.20150325.somatic.indel.vcf.gz-download_time": 16, 
                "cb381d49-4546-400c-af02-f877083caa0a.svcp_1-0-5.20150325.somatic.indel.vcf.gz-md5sum_time": 1, 
                "cb381d49-4546-400c-af02-f877083caa0a.svcp_1-0-5.20150325.somatic.indel.vcf.gz.tbi-download_time": 12, 
                "cb381d49-4546-400c-af02-f877083caa0a.svcp_1-0-5.20150325.somatic.indel.vcf.gz.tbi-md5sum_time": 0, 
                "cb381d49-4546-400c-af02-f877083caa0a.svcp_1-0-5.20150325.somatic.snv_mnv.tar.gz-download_time": 22, 
                "cb381d49-4546-400c-af02-f877083caa0a.svcp_1-0-5.20150325.somatic.snv_mnv.tar.gz-md5sum_time": 1, 
                "cb381d49-4546-400c-af02-f877083caa0a.svcp_1-0-5.20150325.somatic.snv_mnv.vcf.gz-download_time": 14, 
                "cb381d49-4546-400c-af02-f877083caa0a.svcp_1-0-5.20150325.somatic.snv_mnv.vcf.gz-md5sum_time": 0, 
                "cb381d49-4546-400c-af02-f877083caa0a.svcp_1-0-5.20150325.somatic.snv_mnv.vcf.gz.tbi-download_time": 12, 
                "cb381d49-4546-400c-af02-f877083caa0a.svcp_1-0-5.20150325.somatic.snv_mnv.vcf.gz.tbi-md5sum_time": 0, 
                "cb381d49-4546-400c-af02-f877083caa0a.svcp_1-0-5.20150325.somatic.verifyBamId.tar.gz-download_time": 12, 
                "cb381d49-4546-400c-af02-f877083caa0a.svcp_1-0-5.20150325.somatic.verifyBamId.tar.gz-md5sum_time": 0, 
                "cb381d49-4546-400c-af02-f877083caa0a.svfix_4-0-5.20160113.somatic.sv.tar.gz-download_time": 30, 
                "cb381d49-4546-400c-af02-f877083caa0a.svfix_4-0-5.20160113.somatic.sv.tar.gz-md5sum_time": 1, 
                "cb381d49-4546-400c-af02-f877083caa0a.svfix_4-0-5.20160113.somatic.sv.vcf.gz-download_time": 13, 
                "cb381d49-4546-400c-af02-f877083caa0a.svfix_4-0-5.20160113.somatic.sv.vcf.gz-md5sum_time": 0, 
                "cb381d49-4546-400c-af02-f877083caa0a.svfix_4-0-5.20160113.somatic.sv.vcf.gz.tbi-download_time": 12, 
                "cb381d49-4546-400c-af02-f877083caa0a.svfix_4-0-5.20160113.somatic.sv.vcf.gz.tbi-md5sum_time": 0, 
                "start": 1454547430, 
                "stop": 1454547757, 
                "time": 327
            }
        }
    }, 
    "aliquot_id": null, 
    "available_repos": [
        {
            "https://gtrepo-osdc-icgc.annailabs.com/": {
                "file_md5sum": "8ed79de70cd3de39a434f1433c72ce63", 
                "file_size": 58723
            }
        }
    ], 
    "data_type": "Sanger-VCF", 
    "files": [
        {
            "file_md5sum": "3aaf5db326310398693c51ef006a3f43", 
            "file_name": "cb381d49-4546-400c-af02-f877083caa0a.svcp_1-0-5.20150325.somatic.snv_mnv.vcf.gz", 
            "file_size": 4514335, 
            "object_id": "e2f6e7a8-0b0e-537e-b313-979debd1f02e"
        }, 
        {
            "file_md5sum": "fb5b8f935b85352578529f75e8dfc7d6", 
            "file_name": "cb381d49-4546-400c-af02-f877083caa0a.svcp_1-0-5.20150325.somatic.snv_mnv.vcf.gz.tbi", 
            "file_size": 589770, 
            "object_id": "cea09d4c-9da6-5abd-a064-6b3beb304fae"
        }, 
        {
            "file_md5sum": "ba8ddf6598e11e160648d400f6efe413", 
            "file_name": "cb381d49-4546-400c-af02-f877083caa0a.svcp_1-0-5.20150325.somatic.cnv.vcf.gz", 
            "file_size": 3486, 
            "object_id": "0f941396-4248-5c57-b244-76ba589482e1"
        }, 
        {
            "file_md5sum": "921f63ede705bd52fd7808bf1a0b481e", 
            "file_name": "cb381d49-4546-400c-af02-f877083caa0a.svcp_1-0-5.20150325.somatic.cnv.vcf.gz.tbi", 
            "file_size": 5161, 
            "object_id": "b1a54a76-2ab6-5af6-849b-73baeff38a40"
        }, 
        {
            "file_md5sum": "aef70de9034d7c2cd8207c464d9602de", 
            "file_name": "cb381d49-4546-400c-af02-f877083caa0a.svfix_4-0-5.20160113.somatic.sv.vcf.gz", 
            "file_size": 71108, 
            "object_id": "442ce9d3-208d-5e0a-8122-2462a54434ff"
        }, 
        {
            "file_md5sum": "534bae80dfc8eede544b4978410b1cb3", 
            "file_name": "cb381d49-4546-400c-af02-f877083caa0a.svfix_4-0-5.20160113.somatic.sv.vcf.gz.tbi", 
            "file_size": 6228, 
            "object_id": "f4a7ce73-4367-5a2c-a221-c00aa9651247"
        }, 
        {
            "file_md5sum": "a1ace29c9c69bf236db4305b12947f95", 
            "file_name": "cb381d49-4546-400c-af02-f877083caa0a.svcp_1-0-5.20150325.somatic.indel.vcf.gz", 
            "file_size": 50568235, 
            "object_id": "da328b32-a573-5781-a2f9-fa25c178cec3"
        }, 
        {
            "file_md5sum": "4801175be8a982db4c35c0ae48f7f538", 
            "file_name": "cb381d49-4546-400c-af02-f877083caa0a.svcp_1-0-5.20150325.somatic.indel.vcf.gz.tbi", 
            "file_size": 1449795, 
            "object_id": "266e697e-f8b3-55b1-8f38-d31f5d4b003a"
        }, 
        {
            "file_md5sum": "d36adad0f57bf148478d26994b7be1ae", 
            "file_name": "cb381d49-4546-400c-af02-f877083caa0a.svcp_1-0-5.20150325.somatic.snv_mnv.tar.gz", 
            "file_size": 168129787, 
            "object_id": "1ee27c64-9153-5ac5-b38e-1c3ed64b2bf1"
        }, 
        {
            "file_md5sum": "72d4920fcf27958f72fef12ed824d202", 
            "file_name": "cb381d49-4546-400c-af02-f877083caa0a.svcp_1-0-5.20150325.somatic.cnv.tar.gz", 
            "file_size": 26532719, 
            "object_id": "c3901875-98fc-5e58-97ef-39417758faac"
        }, 
        {
            "file_md5sum": "626729884b00105b823061a725a64726", 
            "file_name": "cb381d49-4546-400c-af02-f877083caa0a.svfix_4-0-5.20160113.somatic.sv.tar.gz", 
            "file_size": 295096652, 
            "object_id": "c333599f-179b-54b7-ae45-55f617d8d82d"
        }, 
        {
            "file_md5sum": "aefada1a9416be4697f4d32e5b0d9f08",