{
    "_runs_": {
        "run_1454285764_f0bb0d9b-b6aa-4910-82ec-98267388a489": {
            "downloading": {
                "gnos-download_time": 41, 
                "start": 1454287113, 
                "stop": 1454287154, 
                "time": 41
            }, 
            "uploading": {
                "copy_meta_time": 1, 
                "start": 1454287170, 
                "stop": 1454287199, 
                "time": 29, 
                "upload_time": 28
            }
        }, 
        "run_1454534933_359d8549-4db8-44eb-91b1-6ee42b6c3730": {
            "downloading": {
                "4000ff76-a3ed-45fa-9e88-58786d21a138.xml-download_time": 12, 
                "4000ff76-a3ed-45fa-9e88-58786d21a138.xml-md5sum_time": 1, 
                "9aecfc8f-62ea-4acf-aa00-d1f0fe6c6556.broad-dRanger.20150918.somatic.sv.vcf.gz-download_time": 12, 
                "9aecfc8f-62ea-4acf-aa00-d1f0fe6c6556.broad-dRanger.20150918.somatic.sv.vcf.gz-md5sum_time": 0, 
                "9aecfc8f-62ea-4acf-aa00-d1f0fe6c6556.broad-dRanger.20150918.somatic.sv.vcf.gz.idx-download_time": 12, 
                "9aecfc8f-62ea-4acf-aa00-d1f0fe6c6556.broad-dRanger.20150918.somatic.sv.vcf.gz.idx-md5sum_time": 0, 
                "9aecfc8f-62ea-4acf-aa00-d1f0fe6c6556.broad-dRanger_snowman.20150918.somatic.sv.vcf.gz-download_time": 14, 
                "9aecfc8f-62ea-4acf-aa00-d1f0fe6c6556.broad-dRanger_snowman.20150918.somatic.sv.vcf.gz-md5sum_time": 0, 
                "9aecfc8f-62ea-4acf-aa00-d1f0fe6c6556.broad-dRanger_snowman.20150918.somatic.sv.vcf.gz.idx-download_time": 12, 
                "9aecfc8f-62ea-4acf-aa00-d1f0fe6c6556.broad-dRanger_snowman.20150918.somatic.sv.vcf.gz.idx-md5sum_time": 0, 
                "9aecfc8f-62ea-4acf-aa00-d1f0fe6c6556.broad-mutect-v2.20151112.somatic.snv_mnv.vcf.gz-download_time": 13, 
                "9aecfc8f-62ea-4acf-aa00-d1f0fe6c6556.broad-mutect-v2.20151112.somatic.snv_mnv.vcf.gz-md5sum_time": 0, 
                "9aecfc8f-62ea-4acf-aa00-d1f0fe6c6556.broad-mutect-v2.20151112.somatic.snv_mnv.vcf.gz.idx-download_time": 12, 
                "9aecfc8f-62ea-4acf-aa00-d1f0fe6c6556.broad-mutect-v2.20151112.somatic.snv_mnv.vcf.gz.idx-md5sum_time": 0, 
                "9aecfc8f-62ea-4acf-aa00-d1f0fe6c6556.broad-snowman.20150918.germline.indel.vcf.gz-download_time": 14, 
                "9aecfc8f-62ea-4acf-aa00-d1f0fe6c6556.broad-snowman.20150918.germline.indel.vcf.gz-md5sum_time": 0, 
                "9aecfc8f-62ea-4acf-aa00-d1f0fe6c6556.broad-snowman.20150918.germline.indel.vcf.gz.idx-download_time": 13, 
                "9aecfc8f-62ea-4acf-aa00-d1f0fe6c6556.broad-snowman.20150918.germline.indel.vcf.gz.idx-md5sum_time": 0, 
                "9aecfc8f-62ea-4acf-aa00-d1f0fe6c6556.broad-snowman.20150918.germline.sv.vcf.gz-download_time": 12, 
                "9aecfc8f-62ea-4acf-aa00-d1f0fe6c6556.broad-snowman.20150918.germline.sv.vcf.gz-md5sum_time": 0, 
                "9aecfc8f-62ea-4acf-aa00-d1f0fe6c6556.broad-snowman.20150918.germline.sv.vcf.gz.idx-download_time": 12, 
                "9aecfc8f-62ea-4acf-aa00-d1f0fe6c6556.broad-snowman.20150918.germline.sv.vcf.gz.idx-md5sum_time": 0, 
                "9aecfc8f-62ea-4acf-aa00-d1f0fe6c6556.broad-snowman.20150918.somatic.indel.vcf.gz-download_time": 12, 
                "9aecfc8f-62ea-4acf-aa00-d1f0fe6c6556.broad-snowman.20150918.somatic.indel.vcf.gz-md5sum_time": 0, 
                "9aecfc8f-62ea-4acf-aa00-d1f0fe6c6556.broad-snowman.20150918.somatic.indel.vcf.gz.idx-download_time": 12, 
                "9aecfc8f-62ea-4acf-aa00-d1f0fe6c6556.broad-snowman.20150918.somatic.indel.vcf.gz.idx-md5sum_time": 0, 
                "9aecfc8f-62ea-4acf-aa00-d1f0fe6c6556.broad-snowman.20150918.somatic.sv.vcf.gz-download_time": 13, 
                "9aecfc8f-62ea-4acf-aa00-d1f0fe6c6556.broad-snowman.20150918.somatic.sv.vcf.gz-md5sum_time": 0, 
                "9aecfc8f-62ea-4acf-aa00-d1f0fe6c6556.broad-snowman.20150918.somatic.sv.vcf.gz.idx-download_time": 14, 
                "9aecfc8f-62ea-4acf-aa00-d1f0fe6c6556.broad-snowman.20150918.somatic.sv.vcf.gz.idx-md5sum_time": 0, 
                "start": 1454548287, 
                "stop": 1454548477, 
                "time": 190
            }
        }
    }, 
    "aliquot_id": null, 
    "available_repos": [
        {
            "https://gtrepo-osdc-icgc.annailabs.com/": {
                "file_md5sum": "b9b317fd2b7a26cfaf320a0848ec4398", 
                "file_size": 41168
            }
        }
    ], 
    "data_type": "Broad-VCF", 
    "files": [
        {
            "file_md5sum": "6ee01b9a47b2edd92317db949b9c031d", 
            "file_name": "9aecfc8f-62ea-4acf-aa00-d1f0fe6c6556.broad-mutect-v2.20151112.somatic.snv_mnv.vcf.gz", 
            "file_size": 71893, 
            "object_id": "88c37dd0-28ec-5b3e-b31b-2477297b06f1"
        }, 
        {
            "file_md5sum": "8c1069f519a3edec10cf04a4d4e13025", 
            "file_name": "9aecfc8f-62ea-4acf-aa00-d1f0fe6c6556.broad-mutect-v2.20151112.somatic.snv_mnv.vcf.gz.idx", 
            "file_size": 33764, 
            "object_id": "3f93cef4-fbc7-54a5-ae64-f2c20d159f4b"
        }, 
        {
            "file_md5sum": "0a1b195d670d14d4d3b226e816c313b9", 
            "file_name": "9aecfc8f-62ea-4acf-aa00-d1f0fe6c6556.broad-snowman.20150918.somatic.indel.vcf.gz", 
            "file_size": 8948, 
            "object_id": "5069f9f8-cc64-54ca-a5a3-1d3b299e1a31"
        }, 
        {
            "file_md5sum": "49b3f169bdbc60738c2e0175f94adaa6", 
            "file_name": "9aecfc8f-62ea-4acf-aa00-d1f0fe6c6556.broad-snowman.20150918.germline.indel.vcf.gz.idx", 
            "file_size": 1053154, 
            "object_id": "f086cfe2-ffc6-5dc6-bed6-401993237bc7"
        }, 
        {
            "file_md5sum": "7b87d4e7615636cbfba2a7599b94f538", 
            "file_name": "9aecfc8f-62ea-4acf-aa00-d1f0fe6c6556.broad-snowman.20150918.somatic.sv.vcf.gz.idx", 
            "file_size": 5435, 
            "object_id": "35498221-0449-5747-a4b9-05f8f5d90ec7"
        }, 
        {
            "file_md5sum": "0c8c207ed9913fcf829ffc507178404e", 
            "file_name": "9aecfc8f-62ea-4acf-aa00-d1f0fe6c6556.broad-snowman.20150918.germline.sv.vcf.gz.idx", 
            "file_size": 57450, 
            "object_id": "1108c5ac-c5cf-5169-9ba9-8e3b6054a252"
        }, 
        {
            "file_md5sum": "f3a638dada8b7ac93d2eb2b63a0b4df5", 
            "file_name": "9aecfc8f-62ea-4acf-aa00-d1f0fe6c6556.broad-dRanger.20150918.somatic.sv.vcf.gz", 
            "file_size": 26555, 
            "object_id": "04e1bbaa-5be8-5bb8-877b-5cce7c2ac2ce"
        }, 
        {
            "file_md5sum": "6705c48026772bc9002d2b3a83035b71", 
            "file_name": "9aecfc8f-62ea-4acf-aa00-d1f0fe6c6556.broad-dRanger.20150918.somatic.sv.vcf.gz.idx", 
            "file_size": 2214, 
            "object_id": "20382ce6-ec97-5cbc-a521-2893cb6781e9"
        }, 
        {
            "file_md5sum": "66a20b8102f9fd5668024851f3f9b108", 
            "file_name": "9aecfc8f-62ea-4acf-aa00-d1f0fe6c6556.broad-snowman.20150918.germline.indel.vcf.gz", 
            "file_size": 10984330, 
            "object_id": "9934c408-a1b3-5ea5-a8b5-57ce8f52c0ff"
        }, 
        {
            "file_md5sum": "4ff2e016253bc0d1d26b0167966e3564", 
            "file_name": "9aecfc8f-62ea-4acf-aa00-d1f0fe6c6556.broad-snowman.20150918.germline.sv.vcf.gz", 
            "file_size": 1787639, 
            "object_id": "a2a2427d-2e0b-5a92-be36-74df417f0b26"
        }, 
        {
            "file_md5sum": "d3edf97db7460a75197ebec797839acd", 
            "file_name": "9aecfc8f-62ea-4acf-aa00-d1f0fe6c6556.broad-dRanger_snowman.20150918.somatic.sv.vcf.gz.idx", 
            "file_size": 5468, 
            "object_id": "04c9d0a7-dc0b-540e-8ceb-85f0f354850e"
        }, 
        {
            "file_md5sum": "dba170bcfa7de8c5eee6e3746513c500", 
            "file_name": "9aecfc8f-62ea-4acf-aa00-d1f0fe6c6556.broad-dRanger_snowman.20150918.somatic.sv.vcf.gz",