{
    "_runs_": {
        "run_1453926074_05c4a5c1-34e5-4388-9768-ec89c1ee9cec": {
            "downloading": {
                "gnos-download_time": 127, 
                "start": 1453935740, 
                "stop": 1453935867, 
                "time": 127
            }, 
            "uploading": {
                "copy_meta_time": 2, 
                "start": 1453935872, 
                "stop": 1453935956, 
                "time": 84, 
                "upload_time": 82
            }
        }, 
        "run_1454598144_bbf70d33-7456-4244-8ce0-130a0632afb6": {
            "downloading": {
                "19cd4360-8392-4bc2-ae88-fdc1335d886b.svcp_1-0-4.20150130.somatic.cnv.tar.gz-download_time": 15, 
                "19cd4360-8392-4bc2-ae88-fdc1335d886b.svcp_1-0-4.20150130.somatic.cnv.tar.gz-md5sum_time": 0, 
                "19cd4360-8392-4bc2-ae88-fdc1335d886b.svcp_1-0-4.20150130.somatic.cnv.vcf.gz-download_time": 12, 
                "19cd4360-8392-4bc2-ae88-fdc1335d886b.svcp_1-0-4.20150130.somatic.cnv.vcf.gz-md5sum_time": 0, 
                "19cd4360-8392-4bc2-ae88-fdc1335d886b.svcp_1-0-4.20150130.somatic.cnv.vcf.gz.tbi-download_time": 12, 
                "19cd4360-8392-4bc2-ae88-fdc1335d886b.svcp_1-0-4.20150130.somatic.cnv.vcf.gz.tbi-md5sum_time": 0, 
                "19cd4360-8392-4bc2-ae88-fdc1335d886b.svcp_1-0-4.20150130.somatic.genotype.tar.gz-download_time": 13, 
                "19cd4360-8392-4bc2-ae88-fdc1335d886b.svcp_1-0-4.20150130.somatic.genotype.tar.gz-md5sum_time": 0, 
                "19cd4360-8392-4bc2-ae88-fdc1335d886b.svcp_1-0-4.20150130.somatic.imputeCounts.tar.gz-download_time": 38, 
                "19cd4360-8392-4bc2-ae88-fdc1335d886b.svcp_1-0-4.20150130.somatic.imputeCounts.tar.gz-md5sum_time": 2, 
                "19cd4360-8392-4bc2-ae88-fdc1335d886b.svcp_1-0-4.20150130.somatic.indel.tar.gz-download_time": 51, 
                "19cd4360-8392-4bc2-ae88-fdc1335d886b.svcp_1-0-4.20150130.somatic.indel.tar.gz-md5sum_time": 3, 
                "19cd4360-8392-4bc2-ae88-fdc1335d886b.svcp_1-0-4.20150130.somatic.indel.vcf.gz-download_time": 15, 
                "19cd4360-8392-4bc2-ae88-fdc1335d886b.svcp_1-0-4.20150130.somatic.indel.vcf.gz-md5sum_time": 1, 
                "19cd4360-8392-4bc2-ae88-fdc1335d886b.svcp_1-0-4.20150130.somatic.indel.vcf.gz.tbi-download_time": 13, 
                "19cd4360-8392-4bc2-ae88-fdc1335d886b.svcp_1-0-4.20150130.somatic.indel.vcf.gz.tbi-md5sum_time": 0, 
                "19cd4360-8392-4bc2-ae88-fdc1335d886b.svcp_1-0-4.20150130.somatic.snv_mnv.tar.gz-download_time": 23, 
                "19cd4360-8392-4bc2-ae88-fdc1335d886b.svcp_1-0-4.20150130.somatic.snv_mnv.tar.gz-md5sum_time": 0, 
                "19cd4360-8392-4bc2-ae88-fdc1335d886b.svcp_1-0-4.20150130.somatic.snv_mnv.vcf.gz-download_time": 13, 
                "19cd4360-8392-4bc2-ae88-fdc1335d886b.svcp_1-0-4.20150130.somatic.snv_mnv.vcf.gz-md5sum_time": 0, 
                "19cd4360-8392-4bc2-ae88-fdc1335d886b.svcp_1-0-4.20150130.somatic.snv_mnv.vcf.gz.tbi-download_time": 12, 
                "19cd4360-8392-4bc2-ae88-fdc1335d886b.svcp_1-0-4.20150130.somatic.snv_mnv.vcf.gz.tbi-md5sum_time": 0, 
                "19cd4360-8392-4bc2-ae88-fdc1335d886b.svcp_1-0-4.20150130.somatic.verifyBamId.tar.gz-download_time": 12, 
                "19cd4360-8392-4bc2-ae88-fdc1335d886b.svcp_1-0-4.20150130.somatic.verifyBamId.tar.gz-md5sum_time": 0, 
                "19cd4360-8392-4bc2-ae88-fdc1335d886b.svfix_4-0-5.20160114.somatic.sv.tar.gz-download_time": 28, 
                "19cd4360-8392-4bc2-ae88-fdc1335d886b.svfix_4-0-5.20160114.somatic.sv.tar.gz-md5sum_time": 1, 
                "19cd4360-8392-4bc2-ae88-fdc1335d886b.svfix_4-0-5.20160114.somatic.sv.vcf.gz-download_time": 12, 
                "19cd4360-8392-4bc2-ae88-fdc1335d886b.svfix_4-0-5.20160114.somatic.sv.vcf.gz-md5sum_time": 0, 
                "19cd4360-8392-4bc2-ae88-fdc1335d886b.svfix_4-0-5.20160114.somatic.sv.vcf.gz.tbi-download_time": 12, 
                "19cd4360-8392-4bc2-ae88-fdc1335d886b.svfix_4-0-5.20160114.somatic.sv.vcf.gz.tbi-md5sum_time": 0, 
                "50447b20-badd-11e5-9285-ff6ceac6e0c4.xml-download_time": 13, 
                "50447b20-badd-11e5-9285-ff6ceac6e0c4.xml-md5sum_time": 0, 
                "start": 1454598510, 
                "stop": 1454598811, 
                "time": 301
            }
        }
    }, 
    "aliquot_id": null, 
    "available_repos": [
        {
            "https://gtrepo-osdc-icgc.annailabs.com/": {
                "file_md5sum": "40041887a71c8bc9ff5cd56279d7145a", 
                "file_size": 71641
            }
        }
    ], 
    "data_type": "Sanger-VCF", 
    "files": [
        {
            "file_md5sum": "b35018f882cd2e44c351399ef9e4492a", 
            "file_name": "19cd4360-8392-4bc2-ae88-fdc1335d886b.svcp_1-0-4.20150130.somatic.snv_mnv.vcf.gz", 
            "file_size": 1135754, 
            "object_id": "140909ac-5b5c-50e1-93de-d683eca43c1f"
        }, 
        {
            "file_md5sum": "d14f08ae9d5c7589bd92c2bb17c14fb6", 
            "file_name": "19cd4360-8392-4bc2-ae88-fdc1335d886b.svcp_1-0-4.20150130.somatic.snv_mnv.vcf.gz.tbi", 
            "file_size": 243507, 
            "object_id": "a3e4bf69-50e9-5384-8b6e-7a949fc97b70"
        }, 
        {
            "file_md5sum": "beed07777c7dfa6d20079feb752bfe55", 
            "file_name": "19cd4360-8392-4bc2-ae88-fdc1335d886b.svcp_1-0-4.20150130.somatic.cnv.vcf.gz", 
            "file_size": 2097, 
            "object_id": "250d03cf-98e3-5d7f-9848-e39a1fbf99e6"
        }, 
        {
            "file_md5sum": "ce4b8c9dc5a3500c7bee0812f4499d7e", 
            "file_name": "19cd4360-8392-4bc2-ae88-fdc1335d886b.svcp_1-0-4.20150130.somatic.cnv.vcf.gz.tbi", 
            "file_size": 4281, 
            "object_id": "af6a03ef-7fee-5288-af32-16c8885ad729"
        }, 
        {
            "file_md5sum": "3c7f2aaeb9fff095319a546e28b1b312", 
            "file_name": "19cd4360-8392-4bc2-ae88-fdc1335d886b.svfix_4-0-5.20160114.somatic.sv.vcf.gz", 
            "file_size": 3343, 
            "object_id": "70aceee4-63d6-501a-8d62-8b9e9ee464b0"
        }, 
        {
            "file_md5sum": "3e6f73ada7508f5dbd9c415facc3c294", 
            "file_name": "19cd4360-8392-4bc2-ae88-fdc1335d886b.svfix_4-0-5.20160114.somatic.sv.vcf.gz.tbi", 
            "file_size": 375, 
            "object_id": "5e8d24ca-4a61-5728-bce4-23c9a41b46da"
        }, 
        {
            "file_md5sum": "9b024227681ab1b8e5185575d870d84d", 
            "file_name": "19cd4360-8392-4bc2-ae88-fdc1335d886b.svcp_1-0-4.20150130.somatic.indel.vcf.gz", 
            "file_size": 45011886, 
            "object_id": "35cf053e-84fe-5d0e-b96b-4e651e802f4d"
        }, 
        {
            "file_md5sum": "3f2ab5a163b74de9f3904c3af3e8f10b", 
            "file_name": "19cd4360-8392-4bc2-ae88-fdc1335d886b.svcp_1-0-4.20150130.somatic.indel.vcf.gz.tbi", 
            "file_size": 1453949, 
            "object_id": "43a08273-a3fe-5abb-b005-d64a58e6fa5d"
        }, 
        {
            "file_md5sum": "4d1452e4a7f1c9a6de21adc662a64df9", 
            "file_name": "19cd4360-8392-4bc2-ae88-fdc1335d886b.svcp_1-0-4.20150130.somatic.snv_mnv.tar.gz", 
            "file_size": 162279777, 
            "object_id": "0114bade-72fd-5de5-86a1-2b997c989c6e"
        }, 
        {
            "file_md5sum": "c0ccfee58f8ce293369cc3e93261dba9", 
            "file_name": "19cd4360-8392-4bc2-ae88-fdc1335d886b.svcp_1-0-4.20150130.somatic.cnv.tar.gz", 
            "file_size": 27144454, 
            "object_id": "493133a0-9dca-59cb-9438-8e4209232d66"
        }, 
        {
            "file_md5sum": "e94f2e513658a415b744a49c8583fd94", 
            "file_name": "19cd4360-8392-4bc2-ae88-fdc1335d886b.svfix_4-0-5.20160114.somatic.sv.tar.gz", 
            "file_size": 301731501, 
            "object_id": "8d869cdd-c451-588f-982f-ff6130a4438d"
        }, 
        {
            "file_md5sum": "f65eabd18404ad42dd6288257db485bc",