{
    "_runs_": {
        "run_1454285934_d11d9507-caf5-4c24-8339-e748f4379583": {
            "downloading": {
                "gnos-download_time": 48, 
                "start": 1454287808, 
                "stop": 1454287856, 
                "time": 48
            }, 
            "uploading": {
                "copy_meta_time": 1, 
                "start": 1454287861, 
                "stop": 1454287888, 
                "time": 27, 
                "upload_time": 26
            }
        }, 
        "run_1454534865_ec967f0c-20d7-4c23-a0f7-b4bc3c626f23": {
            "downloading": {
                "42465bbd-289b-4e96-98fe-76809c5e1520.broad-dRanger.20150918.somatic.sv.vcf.gz-download_time": 12, 
                "42465bbd-289b-4e96-98fe-76809c5e1520.broad-dRanger.20150918.somatic.sv.vcf.gz-md5sum_time": 0, 
                "42465bbd-289b-4e96-98fe-76809c5e1520.broad-dRanger.20150918.somatic.sv.vcf.gz.idx-download_time": 12, 
                "42465bbd-289b-4e96-98fe-76809c5e1520.broad-dRanger.20150918.somatic.sv.vcf.gz.idx-md5sum_time": 0, 
                "42465bbd-289b-4e96-98fe-76809c5e1520.broad-dRanger_snowman.20150918.somatic.sv.vcf.gz-download_time": 13, 
                "42465bbd-289b-4e96-98fe-76809c5e1520.broad-dRanger_snowman.20150918.somatic.sv.vcf.gz-md5sum_time": 0, 
                "42465bbd-289b-4e96-98fe-76809c5e1520.broad-dRanger_snowman.20150918.somatic.sv.vcf.gz.idx-download_time": 13, 
                "42465bbd-289b-4e96-98fe-76809c5e1520.broad-dRanger_snowman.20150918.somatic.sv.vcf.gz.idx-md5sum_time": 0, 
                "42465bbd-289b-4e96-98fe-76809c5e1520.broad-mutect-v2.20151112.somatic.snv_mnv.vcf.gz-download_time": 13, 
                "42465bbd-289b-4e96-98fe-76809c5e1520.broad-mutect-v2.20151112.somatic.snv_mnv.vcf.gz-md5sum_time": 0, 
                "42465bbd-289b-4e96-98fe-76809c5e1520.broad-mutect-v2.20151112.somatic.snv_mnv.vcf.gz.idx-download_time": 13, 
                "42465bbd-289b-4e96-98fe-76809c5e1520.broad-mutect-v2.20151112.somatic.snv_mnv.vcf.gz.idx-md5sum_time": 0, 
                "42465bbd-289b-4e96-98fe-76809c5e1520.broad-snowman.20150918.germline.indel.vcf.gz-download_time": 14, 
                "42465bbd-289b-4e96-98fe-76809c5e1520.broad-snowman.20150918.germline.indel.vcf.gz-md5sum_time": 0, 
                "42465bbd-289b-4e96-98fe-76809c5e1520.broad-snowman.20150918.germline.indel.vcf.gz.idx-download_time": 12, 
                "42465bbd-289b-4e96-98fe-76809c5e1520.broad-snowman.20150918.germline.indel.vcf.gz.idx-md5sum_time": 0, 
                "42465bbd-289b-4e96-98fe-76809c5e1520.broad-snowman.20150918.germline.sv.vcf.gz-download_time": 13, 
                "42465bbd-289b-4e96-98fe-76809c5e1520.broad-snowman.20150918.germline.sv.vcf.gz-md5sum_time": 0, 
                "42465bbd-289b-4e96-98fe-76809c5e1520.broad-snowman.20150918.germline.sv.vcf.gz.idx-download_time": 13, 
                "42465bbd-289b-4e96-98fe-76809c5e1520.broad-snowman.20150918.germline.sv.vcf.gz.idx-md5sum_time": 0, 
                "42465bbd-289b-4e96-98fe-76809c5e1520.broad-snowman.20150918.somatic.indel.vcf.gz-download_time": 13, 
                "42465bbd-289b-4e96-98fe-76809c5e1520.broad-snowman.20150918.somatic.indel.vcf.gz-md5sum_time": 0, 
                "42465bbd-289b-4e96-98fe-76809c5e1520.broad-snowman.20150918.somatic.indel.vcf.gz.idx-download_time": 13, 
                "42465bbd-289b-4e96-98fe-76809c5e1520.broad-snowman.20150918.somatic.indel.vcf.gz.idx-md5sum_time": 0, 
                "42465bbd-289b-4e96-98fe-76809c5e1520.broad-snowman.20150918.somatic.sv.vcf.gz-download_time": 12, 
                "42465bbd-289b-4e96-98fe-76809c5e1520.broad-snowman.20150918.somatic.sv.vcf.gz-md5sum_time": 0, 
                "42465bbd-289b-4e96-98fe-76809c5e1520.broad-snowman.20150918.somatic.sv.vcf.gz.idx-download_time": 13, 
                "42465bbd-289b-4e96-98fe-76809c5e1520.broad-snowman.20150918.somatic.sv.vcf.gz.idx-md5sum_time": 0, 
                "52c880f3-a57d-4857-8ed3-bff380bef953.xml-download_time": 12, 
                "52c880f3-a57d-4857-8ed3-bff380bef953.xml-md5sum_time": 0, 
                "start": 1454555583, 
                "stop": 1454555774, 
                "time": 191
            }
        }
    }, 
    "aliquot_id": null, 
    "available_repos": [
        {
            "https://gtrepo-osdc-icgc.annailabs.com/": {
                "file_md5sum": "3897f3a2687c237718a7e93eddf83981", 
                "file_size": 41136
            }
        }
    ], 
    "data_type": "Broad-VCF", 
    "files": [
        {
            "file_md5sum": "8a6b69f22aa9ead61085691bc69c4a0b", 
            "file_name": "42465bbd-289b-4e96-98fe-76809c5e1520.broad-mutect-v2.20151112.somatic.snv_mnv.vcf.gz.idx", 
            "file_size": 96412, 
            "object_id": "fb69d853-c1e2-55be-884b-9c2efb3ed8f9"
        }, 
        {
            "file_md5sum": "c89f9f0edb6b6adbcb35037826c4465b", 
            "file_name": "42465bbd-289b-4e96-98fe-76809c5e1520.broad-mutect-v2.20151112.somatic.snv_mnv.vcf.gz", 
            "file_size": 242774, 
            "object_id": "daf73b53-8f33-591d-b1a7-62bb6c68e79d"
        }, 
        {
            "file_md5sum": "6e0805faaa3df7d733a72886355f0cc6", 
            "file_name": "42465bbd-289b-4e96-98fe-76809c5e1520.broad-snowman.20150918.somatic.sv.vcf.gz", 
            "file_size": 155106, 
            "object_id": "1e4b9540-d6c6-5833-9106-d0cf86c95f83"
        }, 
        {
            "file_md5sum": "bce3389a4acffb07c7be8280984b7c86", 
            "file_name": "42465bbd-289b-4e96-98fe-76809c5e1520.broad-snowman.20150918.germline.sv.vcf.gz", 
            "file_size": 1767451, 
            "object_id": "67114108-7b98-55bf-ba59-18ecd3d2e994"
        }, 
        {
            "file_md5sum": "66a88efa122e58ccba49196798b373fa", 
            "file_name": "42465bbd-289b-4e96-98fe-76809c5e1520.broad-snowman.20150918.germline.indel.vcf.gz", 
            "file_size": 11011022, 
            "object_id": "609628d1-622c-5ec9-beef-82d437801a3d"
        }, 
        {
            "file_md5sum": "d7d7390b6f154d219dc5cb7512d26ea6", 
            "file_name": "42465bbd-289b-4e96-98fe-76809c5e1520.broad-snowman.20150918.somatic.sv.vcf.gz.idx", 
            "file_size": 11200, 
            "object_id": "ea122abb-74a8-57ad-aed2-141f1bd2b263"
        }, 
        {
            "file_md5sum": "7625397ad0c5cea92a1e59bbb6efecf8", 
            "file_name": "42465bbd-289b-4e96-98fe-76809c5e1520.broad-snowman.20150918.germline.indel.vcf.gz.idx", 
            "file_size": 1051304, 
            "object_id": "34450ca1-b6c5-5481-95f4-c310e85ef4d1"
        }, 
        {
            "file_md5sum": "20c1954d13c6dfa0a3143857802345bc", 
            "file_name": "42465bbd-289b-4e96-98fe-76809c5e1520.broad-dRanger_snowman.20150918.somatic.sv.vcf.gz", 
            "file_size": 156484, 
            "object_id": "906937e9-a5ef-53c6-aa51-8563112e9afa"
        }, 
        {
            "file_md5sum": "466ed08f2f610ff6a844eb0d53ad134f", 
            "file_name": "42465bbd-289b-4e96-98fe-76809c5e1520.broad-dRanger.20150918.somatic.sv.vcf.gz", 
            "file_size": 89327, 
            "object_id": "e168f47f-3450-50bd-8558-080eb3e69383"
        }, 
        {
            "file_md5sum": "d91bed80751af349a32173c00c3eb03e", 
            "file_name": "42465bbd-289b-4e96-98fe-76809c5e1520.broad-snowman.20150918.germline.sv.vcf.gz.idx", 
            "file_size": 56538, 
            "object_id": "39bf3429-e20f-541b-84a4-d117460f91ec"
        }, 
        {
            "file_md5sum": "112680dfddcec6f0d57f5f697ecec3af", 
            "file_name": "42465bbd-289b-4e96-98fe-76809c5e1520.broad-dRanger_snowman.20150918.somatic.sv.vcf.gz.idx", 
            "file_size": 11101, 
            "object_id": "e6a2d06f-bf8e-5d67-b7a7-c8681ec8e879"
        }, 
        {
            "file_md5sum": "80a1c38a44c4e8d522831470d1f3b47c", 
            "file_name": "42465bbd-289b-4e96-98fe-76809c5e1520.broad-dRanger.20150918.somatic.sv.vcf.gz.idx",