{
    "_runs_": {
        "run_1453925707_48c3c5ad-2118-4de3-b867-40dea8ad96eb": {
            "downloading": {
                "gnos-download_time": 111, 
                "start": 1453937445, 
                "stop": 1453937556, 
                "time": 111
            }, 
            "uploading": {
                "copy_meta_time": 1, 
                "start": 1453937561, 
                "stop": 1453937650, 
                "time": 89, 
                "upload_time": 88
            }
        }, 
        "run_1454512973_e3882142-08cf-45e0-9b4a-4bd52c15b4e1": {
            "downloading": {
                "1df8939c-c622-11e3-bf01-24c6515278c0.svcp_1-0-7.20150611.somatic.cnv.tar.gz-download_time": 14, 
                "1df8939c-c622-11e3-bf01-24c6515278c0.svcp_1-0-7.20150611.somatic.cnv.tar.gz-md5sum_time": 0, 
                "1df8939c-c622-11e3-bf01-24c6515278c0.svcp_1-0-7.20150611.somatic.cnv.vcf.gz-download_time": 12, 
                "1df8939c-c622-11e3-bf01-24c6515278c0.svcp_1-0-7.20150611.somatic.cnv.vcf.gz-md5sum_time": 0, 
                "1df8939c-c622-11e3-bf01-24c6515278c0.svcp_1-0-7.20150611.somatic.cnv.vcf.gz.tbi-download_time": 13, 
                "1df8939c-c622-11e3-bf01-24c6515278c0.svcp_1-0-7.20150611.somatic.cnv.vcf.gz.tbi-md5sum_time": 0, 
                "1df8939c-c622-11e3-bf01-24c6515278c0.svcp_1-0-7.20150611.somatic.genotype.tar.gz-download_time": 13, 
                "1df8939c-c622-11e3-bf01-24c6515278c0.svcp_1-0-7.20150611.somatic.genotype.tar.gz-md5sum_time": 0, 
                "1df8939c-c622-11e3-bf01-24c6515278c0.svcp_1-0-7.20150611.somatic.imputeCounts.tar.gz-download_time": 41, 
                "1df8939c-c622-11e3-bf01-24c6515278c0.svcp_1-0-7.20150611.somatic.imputeCounts.tar.gz-md5sum_time": 1, 
                "1df8939c-c622-11e3-bf01-24c6515278c0.svcp_1-0-7.20150611.somatic.indel.tar.gz-download_time": 60, 
                "1df8939c-c622-11e3-bf01-24c6515278c0.svcp_1-0-7.20150611.somatic.indel.tar.gz-md5sum_time": 3, 
                "1df8939c-c622-11e3-bf01-24c6515278c0.svcp_1-0-7.20150611.somatic.indel.vcf.gz-download_time": 16, 
                "1df8939c-c622-11e3-bf01-24c6515278c0.svcp_1-0-7.20150611.somatic.indel.vcf.gz-md5sum_time": 0, 
                "1df8939c-c622-11e3-bf01-24c6515278c0.svcp_1-0-7.20150611.somatic.indel.vcf.gz.tbi-download_time": 14, 
                "1df8939c-c622-11e3-bf01-24c6515278c0.svcp_1-0-7.20150611.somatic.indel.vcf.gz.tbi-md5sum_time": 0, 
                "1df8939c-c622-11e3-bf01-24c6515278c0.svcp_1-0-7.20150611.somatic.snv_mnv.tar.gz-download_time": 25, 
                "1df8939c-c622-11e3-bf01-24c6515278c0.svcp_1-0-7.20150611.somatic.snv_mnv.tar.gz-md5sum_time": 1, 
                "1df8939c-c622-11e3-bf01-24c6515278c0.svcp_1-0-7.20150611.somatic.snv_mnv.vcf.gz-download_time": 12, 
                "1df8939c-c622-11e3-bf01-24c6515278c0.svcp_1-0-7.20150611.somatic.snv_mnv.vcf.gz-md5sum_time": 0, 
                "1df8939c-c622-11e3-bf01-24c6515278c0.svcp_1-0-7.20150611.somatic.snv_mnv.vcf.gz.tbi-download_time": 13, 
                "1df8939c-c622-11e3-bf01-24c6515278c0.svcp_1-0-7.20150611.somatic.snv_mnv.vcf.gz.tbi-md5sum_time": 0, 
                "1df8939c-c622-11e3-bf01-24c6515278c0.svcp_1-0-7.20150611.somatic.verifyBamId.tar.gz-download_time": 13, 
                "1df8939c-c622-11e3-bf01-24c6515278c0.svcp_1-0-7.20150611.somatic.verifyBamId.tar.gz-md5sum_time": 0, 
                "1df8939c-c622-11e3-bf01-24c6515278c0.svfix_4-0-5.20160113.somatic.sv.tar.gz-download_time": 30, 
                "1df8939c-c622-11e3-bf01-24c6515278c0.svfix_4-0-5.20160113.somatic.sv.tar.gz-md5sum_time": 1, 
                "1df8939c-c622-11e3-bf01-24c6515278c0.svfix_4-0-5.20160113.somatic.sv.vcf.gz-download_time": 13, 
                "1df8939c-c622-11e3-bf01-24c6515278c0.svfix_4-0-5.20160113.somatic.sv.vcf.gz-md5sum_time": 0, 
                "1df8939c-c622-11e3-bf01-24c6515278c0.svfix_4-0-5.20160113.somatic.sv.vcf.gz.tbi-download_time": 13, 
                "1df8939c-c622-11e3-bf01-24c6515278c0.svfix_4-0-5.20160113.somatic.sv.vcf.gz.tbi-md5sum_time": 0, 
                "5c635e2a-b9fd-11e5-b1dd-1980eac6e0c4.xml-download_time": 13, 
                "5c635e2a-b9fd-11e5-b1dd-1980eac6e0c4.xml-md5sum_time": 0, 
                "start": 1454560181, 
                "stop": 1454560502, 
                "time": 321
            }
        }
    }, 
    "aliquot_id": null, 
    "available_repos": [
        {
            "https://gtrepo-osdc-icgc.annailabs.com/": {
                "file_md5sum": "13e014f23439efa0c26beb4662aa242e", 
                "file_size": 79918
            }
        }
    ], 
    "data_type": "Sanger-VCF", 
    "files": [
        {
            "file_md5sum": "165f57935bb4b74d43eb344598cfe160", 
            "file_name": "1df8939c-c622-11e3-bf01-24c6515278c0.svcp_1-0-7.20150611.somatic.snv_mnv.vcf.gz", 
            "file_size": 2705060, 
            "object_id": "6dc5cf2f-2ff6-50c4-8da3-253b34539637"
        }, 
        {
            "file_md5sum": "b869576a56083e7432b8500632f0163b", 
            "file_name": "1df8939c-c622-11e3-bf01-24c6515278c0.svcp_1-0-7.20150611.somatic.snv_mnv.vcf.gz.tbi", 
            "file_size": 437489, 
            "object_id": "f815642e-a58b-5138-861e-3c78e1f9f074"
        }, 
        {
            "file_md5sum": "24e022ff4367a2e76ff075910b0c488c", 
            "file_name": "1df8939c-c622-11e3-bf01-24c6515278c0.svcp_1-0-7.20150611.somatic.cnv.vcf.gz", 
            "file_size": 2624, 
            "object_id": "d80a5ffd-7ab9-5d45-b7f7-5a8f5aef6bfb"
        }, 
        {
            "file_md5sum": "372ffeab9c5d0257ceb19b6ca290bbdb", 
            "file_name": "1df8939c-c622-11e3-bf01-24c6515278c0.svcp_1-0-7.20150611.somatic.cnv.vcf.gz.tbi", 
            "file_size": 4673, 
            "object_id": "02ce3596-15f4-5fd8-9ea4-c5c981b3691d"
        }, 
        {
            "file_md5sum": "1f095c44b5be1fe71082192b9b563663", 
            "file_name": "1df8939c-c622-11e3-bf01-24c6515278c0.svfix_4-0-5.20160113.somatic.sv.vcf.gz", 
            "file_size": 17784, 
            "object_id": "a3ea24a0-f80c-546f-8db4-3fbb5e18ac30"
        }, 
        {
            "file_md5sum": "8e8ac0525f777f28c8352c63e880a80a", 
            "file_name": "1df8939c-c622-11e3-bf01-24c6515278c0.svfix_4-0-5.20160113.somatic.sv.vcf.gz.tbi", 
            "file_size": 3699, 
            "object_id": "8ec58876-0cc8-5198-a3c1-8113fd794336"
        }, 
        {
            "file_md5sum": "0adaab7caa094a52cda4c699838db4ff", 
            "file_name": "1df8939c-c622-11e3-bf01-24c6515278c0.svcp_1-0-7.20150611.somatic.indel.vcf.gz", 
            "file_size": 52053639, 
            "object_id": "7f75e4cc-2aed-583a-91b4-6ff16a4a09ff"
        }, 
        {
            "file_md5sum": "d745a6c0cefb9aaaee11324affeca74a", 
            "file_name": "1df8939c-c622-11e3-bf01-24c6515278c0.svcp_1-0-7.20150611.somatic.indel.vcf.gz.tbi", 
            "file_size": 1489536, 
            "object_id": "1eefb272-3ccd-51ba-9fba-ca4cb0c4efb8"
        }, 
        {
            "file_md5sum": "896ca8205e22e8bfd25fc1dcef177097", 
            "file_name": "1df8939c-c622-11e3-bf01-24c6515278c0.svcp_1-0-7.20150611.somatic.snv_mnv.tar.gz", 
            "file_size": 163009306, 
            "object_id": "2f96e67c-daeb-5c6f-b5a5-429b84001c88"
        }, 
        {
            "file_md5sum": "519e13ac2c7ca6dc39bf08e91995453c", 
            "file_name": "1df8939c-c622-11e3-bf01-24c6515278c0.svcp_1-0-7.20150611.somatic.cnv.tar.gz", 
            "file_size": 26620590, 
            "object_id": "377cf551-451a-5d20-b913-823630bc8597"
        }, 
        {
            "file_md5sum": "c7edc98cfe89a7e71990e767fbd2dbb6", 
            "file_name": "1df8939c-c622-11e3-bf01-24c6515278c0.svfix_4-0-5.20160113.somatic.sv.tar.gz", 
            "file_size": 292065398, 
            "object_id": "844a1f38-a1c9-5653-bd91-c1478cad1f04"
        }, 
        {
            "file_md5sum": "405f831959fce0f368baa17ec9af57f2",