{
    "_runs_": {
        "run_1454096277_3df8e756-1217-40d1-a8d2-57ef22693db4": {
            "downloading": {
                "gnos-download_time": 167, 
                "start": 1454102901, 
                "stop": 1454103069, 
                "time": 168
            }, 
            "uploading": {
                "copy_meta_time": 2, 
                "start": 1454103092, 
                "stop": 1454103506, 
                "time": 414, 
                "upload_time": 411
            }
        }, 
        "run_1454598348_2b57db50-df57-4d2e-a686-49adc54172d4": {
            "downloading": {
                "3f99ae0e-c623-11e3-bf01-24c6515278c0.svcp_1-0-6.20150427.somatic.cnv.tar.gz-download_time": 15, 
                "3f99ae0e-c623-11e3-bf01-24c6515278c0.svcp_1-0-6.20150427.somatic.cnv.tar.gz-md5sum_time": 0, 
                "3f99ae0e-c623-11e3-bf01-24c6515278c0.svcp_1-0-6.20150427.somatic.cnv.vcf.gz-download_time": 12, 
                "3f99ae0e-c623-11e3-bf01-24c6515278c0.svcp_1-0-6.20150427.somatic.cnv.vcf.gz-md5sum_time": 0, 
                "3f99ae0e-c623-11e3-bf01-24c6515278c0.svcp_1-0-6.20150427.somatic.cnv.vcf.gz.tbi-download_time": 12, 
                "3f99ae0e-c623-11e3-bf01-24c6515278c0.svcp_1-0-6.20150427.somatic.cnv.vcf.gz.tbi-md5sum_time": 0, 
                "3f99ae0e-c623-11e3-bf01-24c6515278c0.svcp_1-0-6.20150427.somatic.genotype.tar.gz-download_time": 12, 
                "3f99ae0e-c623-11e3-bf01-24c6515278c0.svcp_1-0-6.20150427.somatic.genotype.tar.gz-md5sum_time": 0, 
                "3f99ae0e-c623-11e3-bf01-24c6515278c0.svcp_1-0-6.20150427.somatic.imputeCounts.tar.gz-download_time": 40, 
                "3f99ae0e-c623-11e3-bf01-24c6515278c0.svcp_1-0-6.20150427.somatic.imputeCounts.tar.gz-md5sum_time": 2, 
                "3f99ae0e-c623-11e3-bf01-24c6515278c0.svcp_1-0-6.20150427.somatic.indel.tar.gz-download_time": 58, 
                "3f99ae0e-c623-11e3-bf01-24c6515278c0.svcp_1-0-6.20150427.somatic.indel.tar.gz-md5sum_time": 2, 
                "3f99ae0e-c623-11e3-bf01-24c6515278c0.svcp_1-0-6.20150427.somatic.indel.vcf.gz-download_time": 17, 
                "3f99ae0e-c623-11e3-bf01-24c6515278c0.svcp_1-0-6.20150427.somatic.indel.vcf.gz-md5sum_time": 0, 
                "3f99ae0e-c623-11e3-bf01-24c6515278c0.svcp_1-0-6.20150427.somatic.indel.vcf.gz.tbi-download_time": 12, 
                "3f99ae0e-c623-11e3-bf01-24c6515278c0.svcp_1-0-6.20150427.somatic.indel.vcf.gz.tbi-md5sum_time": 0, 
                "3f99ae0e-c623-11e3-bf01-24c6515278c0.svcp_1-0-6.20150427.somatic.snv_mnv.tar.gz-download_time": 27, 
                "3f99ae0e-c623-11e3-bf01-24c6515278c0.svcp_1-0-6.20150427.somatic.snv_mnv.tar.gz-md5sum_time": 0, 
                "3f99ae0e-c623-11e3-bf01-24c6515278c0.svcp_1-0-6.20150427.somatic.snv_mnv.vcf.gz-download_time": 12, 
                "3f99ae0e-c623-11e3-bf01-24c6515278c0.svcp_1-0-6.20150427.somatic.snv_mnv.vcf.gz-md5sum_time": 0, 
                "3f99ae0e-c623-11e3-bf01-24c6515278c0.svcp_1-0-6.20150427.somatic.snv_mnv.vcf.gz.tbi-download_time": 13, 
                "3f99ae0e-c623-11e3-bf01-24c6515278c0.svcp_1-0-6.20150427.somatic.snv_mnv.vcf.gz.tbi-md5sum_time": 0, 
                "3f99ae0e-c623-11e3-bf01-24c6515278c0.svcp_1-0-6.20150427.somatic.verifyBamId.tar.gz-download_time": 13, 
                "3f99ae0e-c623-11e3-bf01-24c6515278c0.svcp_1-0-6.20150427.somatic.verifyBamId.tar.gz-md5sum_time": 0, 
                "3f99ae0e-c623-11e3-bf01-24c6515278c0.svfix_4-0-5.20160109.somatic.sv.tar.gz-download_time": 35, 
                "3f99ae0e-c623-11e3-bf01-24c6515278c0.svfix_4-0-5.20160109.somatic.sv.tar.gz-md5sum_time": 1, 
                "3f99ae0e-c623-11e3-bf01-24c6515278c0.svfix_4-0-5.20160109.somatic.sv.vcf.gz-download_time": 12, 
                "3f99ae0e-c623-11e3-bf01-24c6515278c0.svfix_4-0-5.20160109.somatic.sv.vcf.gz-md5sum_time": 0, 
                "3f99ae0e-c623-11e3-bf01-24c6515278c0.svfix_4-0-5.20160109.somatic.sv.vcf.gz.tbi-download_time": 13, 
                "3f99ae0e-c623-11e3-bf01-24c6515278c0.svfix_4-0-5.20160109.somatic.sv.vcf.gz.tbi-md5sum_time": 0, 
                "40b1e928-c623-11e3-bf01-24c6515278c0.svcp_1-0-6.20150427.somatic.cnv.tar.gz-download_time": 16, 
                "40b1e928-c623-11e3-bf01-24c6515278c0.svcp_1-0-6.20150427.somatic.cnv.tar.gz-md5sum_time": 0, 
                "40b1e928-c623-11e3-bf01-24c6515278c0.svcp_1-0-6.20150427.somatic.cnv.vcf.gz-download_time": 12, 
                "40b1e928-c623-11e3-bf01-24c6515278c0.svcp_1-0-6.20150427.somatic.cnv.vcf.gz-md5sum_time": 0, 
                "40b1e928-c623-11e3-bf01-24c6515278c0.svcp_1-0-6.20150427.somatic.cnv.vcf.gz.tbi-download_time": 13, 
                "40b1e928-c623-11e3-bf01-24c6515278c0.svcp_1-0-6.20150427.somatic.cnv.vcf.gz.tbi-md5sum_time": 0, 
                "40b1e928-c623-11e3-bf01-24c6515278c0.svcp_1-0-6.20150427.somatic.genotype.tar.gz-download_time": 12, 
                "40b1e928-c623-11e3-bf01-24c6515278c0.svcp_1-0-6.20150427.somatic.genotype.tar.gz-md5sum_time": 0, 
                "40b1e928-c623-11e3-bf01-24c6515278c0.svcp_1-0-6.20150427.somatic.imputeCounts.tar.gz-download_time": 42, 
                "40b1e928-c623-11e3-bf01-24c6515278c0.svcp_1-0-6.20150427.somatic.imputeCounts.tar.gz-md5sum_time": 2, 
                "40b1e928-c623-11e3-bf01-24c6515278c0.svcp_1-0-6.20150427.somatic.indel.tar.gz-download_time": 59, 
                "40b1e928-c623-11e3-bf01-24c6515278c0.svcp_1-0-6.20150427.somatic.indel.tar.gz-md5sum_time": 3, 
                "40b1e928-c623-11e3-bf01-24c6515278c0.svcp_1-0-6.20150427.somatic.indel.vcf.gz-download_time": 16, 
                "40b1e928-c623-11e3-bf01-24c6515278c0.svcp_1-0-6.20150427.somatic.indel.vcf.gz-md5sum_time": 0, 
                "40b1e928-c623-11e3-bf01-24c6515278c0.svcp_1-0-6.20150427.somatic.indel.vcf.gz.tbi-download_time": 13, 
                "40b1e928-c623-11e3-bf01-24c6515278c0.svcp_1-0-6.20150427.somatic.indel.vcf.gz.tbi-md5sum_time": 0, 
                "40b1e928-c623-11e3-bf01-24c6515278c0.svcp_1-0-6.20150427.somatic.snv_mnv.tar.gz-download_time": 24, 
                "40b1e928-c623-11e3-bf01-24c6515278c0.svcp_1-0-6.20150427.somatic.snv_mnv.tar.gz-md5sum_time": 0, 
                "40b1e928-c623-11e3-bf01-24c6515278c0.svcp_1-0-6.20150427.somatic.snv_mnv.vcf.gz-download_time": 13, 
                "40b1e928-c623-11e3-bf01-24c6515278c0.svcp_1-0-6.20150427.somatic.snv_mnv.vcf.gz-md5sum_time": 0, 
                "40b1e928-c623-11e3-bf01-24c6515278c0.svcp_1-0-6.20150427.somatic.snv_mnv.vcf.gz.tbi-download_time": 12, 
                "40b1e928-c623-11e3-bf01-24c6515278c0.svcp_1-0-6.20150427.somatic.snv_mnv.vcf.gz.tbi-md5sum_time": 1, 
                "40b1e928-c623-11e3-bf01-24c6515278c0.svcp_1-0-6.20150427.somatic.verifyBamId.tar.gz-download_time": 13, 
                "40b1e928-c623-11e3-bf01-24c6515278c0.svcp_1-0-6.20150427.somatic.verifyBamId.tar.gz-md5sum_time": 0, 
                "40b1e928-c623-11e3-bf01-24c6515278c0.svfix_4-0-5.20160109.somatic.sv.tar.gz-download_time": 32, 
                "40b1e928-c623-11e3-bf01-24c6515278c0.svfix_4-0-5.20160109.somatic.sv.tar.gz-md5sum_time": 1, 
                "40b1e928-c623-11e3-bf01-24c6515278c0.svfix_4-0-5.20160109.somatic.sv.vcf.gz-download_time": 12, 
                "40b1e928-c623-11e3-bf01-24c6515278c0.svfix_4-0-5.20160109.somatic.sv.vcf.gz-md5sum_time": 0, 
                "40b1e928-c623-11e3-bf01-24c6515278c0.svfix_4-0-5.20160109.somatic.sv.vcf.gz.tbi-download_time": 13, 
                "40b1e928-c623-11e3-bf01-24c6515278c0.svfix_4-0-5.20160109.somatic.sv.vcf.gz.tbi-md5sum_time": 0, 
                "5f4df1b0-b6cc-11e5-a99f-10b251327fcc.xml-download_time": 12, 
                "5f4df1b0-b6cc-11e5-a99f-10b251327fcc.xml-md5sum_time": 0, 
                "start": 1454598717, 
                "stop": 1454599346, 
                "time": 629
            }
        }
    }, 
    "aliquot_id": null,