{
    "_runs_": {
        "run_1453925560_6d0562d6-81f1-4b74-8cdf-3c59ab55d4ca": {
            "downloading": {
                "gnos-download_time": 102, 
                "start": 1453938821, 
                "stop": 1453938923, 
                "time": 102
            }, 
            "uploading": {
                "copy_meta_time": 1, 
                "start": 1453938933, 
                "stop": 1453939047, 
                "time": 114, 
                "upload_time": 112
            }
        }, 
        "run_1454512973_e3882142-08cf-45e0-9b4a-4bd52c15b4e1": {
            "downloading": {
                "61c5d4e2-bb74-11e5-970c-81cbeac6e0c4.xml-download_time": 14, 
                "61c5d4e2-bb74-11e5-970c-81cbeac6e0c4.xml-md5sum_time": 0, 
                "aa4a868a-df23-4eef-a618-e945aa2ce98a.svcp_1-0-4.20150210.somatic.cnv.tar.gz-download_time": 15, 
                "aa4a868a-df23-4eef-a618-e945aa2ce98a.svcp_1-0-4.20150210.somatic.cnv.tar.gz-md5sum_time": 0, 
                "aa4a868a-df23-4eef-a618-e945aa2ce98a.svcp_1-0-4.20150210.somatic.cnv.vcf.gz-download_time": 13, 
                "aa4a868a-df23-4eef-a618-e945aa2ce98a.svcp_1-0-4.20150210.somatic.cnv.vcf.gz-md5sum_time": 0, 
                "aa4a868a-df23-4eef-a618-e945aa2ce98a.svcp_1-0-4.20150210.somatic.cnv.vcf.gz.tbi-download_time": 13, 
                "aa4a868a-df23-4eef-a618-e945aa2ce98a.svcp_1-0-4.20150210.somatic.cnv.vcf.gz.tbi-md5sum_time": 0, 
                "aa4a868a-df23-4eef-a618-e945aa2ce98a.svcp_1-0-4.20150210.somatic.genotype.tar.gz-download_time": 14, 
                "aa4a868a-df23-4eef-a618-e945aa2ce98a.svcp_1-0-4.20150210.somatic.genotype.tar.gz-md5sum_time": 0, 
                "aa4a868a-df23-4eef-a618-e945aa2ce98a.svcp_1-0-4.20150210.somatic.imputeCounts.tar.gz-download_time": 39, 
                "aa4a868a-df23-4eef-a618-e945aa2ce98a.svcp_1-0-4.20150210.somatic.imputeCounts.tar.gz-md5sum_time": 1, 
                "aa4a868a-df23-4eef-a618-e945aa2ce98a.svcp_1-0-4.20150210.somatic.indel.tar.gz-download_time": 86, 
                "aa4a868a-df23-4eef-a618-e945aa2ce98a.svcp_1-0-4.20150210.somatic.indel.tar.gz-md5sum_time": 4, 
                "aa4a868a-df23-4eef-a618-e945aa2ce98a.svcp_1-0-4.20150210.somatic.indel.vcf.gz-download_time": 16, 
                "aa4a868a-df23-4eef-a618-e945aa2ce98a.svcp_1-0-4.20150210.somatic.indel.vcf.gz-md5sum_time": 0, 
                "aa4a868a-df23-4eef-a618-e945aa2ce98a.svcp_1-0-4.20150210.somatic.indel.vcf.gz.tbi-download_time": 13, 
                "aa4a868a-df23-4eef-a618-e945aa2ce98a.svcp_1-0-4.20150210.somatic.indel.vcf.gz.tbi-md5sum_time": 0, 
                "aa4a868a-df23-4eef-a618-e945aa2ce98a.svcp_1-0-4.20150210.somatic.snv_mnv.tar.gz-download_time": 23, 
                "aa4a868a-df23-4eef-a618-e945aa2ce98a.svcp_1-0-4.20150210.somatic.snv_mnv.tar.gz-md5sum_time": 1, 
                "aa4a868a-df23-4eef-a618-e945aa2ce98a.svcp_1-0-4.20150210.somatic.snv_mnv.vcf.gz-download_time": 14, 
                "aa4a868a-df23-4eef-a618-e945aa2ce98a.svcp_1-0-4.20150210.somatic.snv_mnv.vcf.gz-md5sum_time": 0, 
                "aa4a868a-df23-4eef-a618-e945aa2ce98a.svcp_1-0-4.20150210.somatic.snv_mnv.vcf.gz.tbi-download_time": 13, 
                "aa4a868a-df23-4eef-a618-e945aa2ce98a.svcp_1-0-4.20150210.somatic.snv_mnv.vcf.gz.tbi-md5sum_time": 0, 
                "aa4a868a-df23-4eef-a618-e945aa2ce98a.svcp_1-0-4.20150210.somatic.verifyBamId.tar.gz-download_time": 13, 
                "aa4a868a-df23-4eef-a618-e945aa2ce98a.svcp_1-0-4.20150210.somatic.verifyBamId.tar.gz-md5sum_time": 0, 
                "aa4a868a-df23-4eef-a618-e945aa2ce98a.svfix_4-0-5.20160115.somatic.sv.tar.gz-download_time": 29, 
                "aa4a868a-df23-4eef-a618-e945aa2ce98a.svfix_4-0-5.20160115.somatic.sv.tar.gz-md5sum_time": 2, 
                "aa4a868a-df23-4eef-a618-e945aa2ce98a.svfix_4-0-5.20160115.somatic.sv.vcf.gz-download_time": 13, 
                "aa4a868a-df23-4eef-a618-e945aa2ce98a.svfix_4-0-5.20160115.somatic.sv.vcf.gz-md5sum_time": 0, 
                "aa4a868a-df23-4eef-a618-e945aa2ce98a.svfix_4-0-5.20160115.somatic.sv.vcf.gz.tbi-download_time": 13, 
                "aa4a868a-df23-4eef-a618-e945aa2ce98a.svfix_4-0-5.20160115.somatic.sv.vcf.gz.tbi-md5sum_time": 0, 
                "start": 1454565147, 
                "stop": 1454565496, 
                "time": 349
            }
        }
    }, 
    "aliquot_id": null, 
    "available_repos": [
        {
            "https://gtrepo-osdc-icgc.annailabs.com/": {
                "file_md5sum": "89247c5901592b0f6aa0d680b178f59e", 
                "file_size": 57983
            }
        }
    ], 
    "data_type": "Sanger-VCF", 
    "files": [
        {
            "file_md5sum": "21ccfde3a2bb5b30b48cc63ae9372783", 
            "file_name": "aa4a868a-df23-4eef-a618-e945aa2ce98a.svcp_1-0-4.20150210.somatic.snv_mnv.vcf.gz", 
            "file_size": 5317290, 
            "object_id": "e9f1e9a6-c72b-5d35-8524-35eacefcc3bb"
        }, 
        {
            "file_md5sum": "77b9ca7c2257eb26b0ac9012e390be6c", 
            "file_name": "aa4a868a-df23-4eef-a618-e945aa2ce98a.svcp_1-0-4.20150210.somatic.snv_mnv.vcf.gz.tbi", 
            "file_size": 641297, 
            "object_id": "b6dd61f2-52c4-58ba-b259-d0beacbca130"
        }, 
        {
            "file_md5sum": "50c37b91d99ba0fecccd48fc85bcd9c4", 
            "file_name": "aa4a868a-df23-4eef-a618-e945aa2ce98a.svcp_1-0-4.20150210.somatic.cnv.vcf.gz", 
            "file_size": 3384, 
            "object_id": "d242bf65-0b8c-5082-b666-fdcb19354831"
        }, 
        {
            "file_md5sum": "af078d2ee377ce59f95e868be2e64502", 
            "file_name": "aa4a868a-df23-4eef-a618-e945aa2ce98a.svcp_1-0-4.20150210.somatic.cnv.vcf.gz.tbi", 
            "file_size": 5173, 
            "object_id": "4e51b52d-f175-5bf2-b68b-ae4b308f5287"
        }, 
        {
            "file_md5sum": "f7105315675b9c9f03f4ba39793e3fbc", 
            "file_name": "aa4a868a-df23-4eef-a618-e945aa2ce98a.svfix_4-0-5.20160115.somatic.sv.vcf.gz", 
            "file_size": 57754, 
            "object_id": "a36ec4e0-c7b9-5760-bf16-cec1c370b291"
        }, 
        {
            "file_md5sum": "c83b2edc68a4173700f3e9ca159a088b", 
            "file_name": "aa4a868a-df23-4eef-a618-e945aa2ce98a.svfix_4-0-5.20160115.somatic.sv.vcf.gz.tbi", 
            "file_size": 4088, 
            "object_id": "0156cf85-9f5b-57a6-bfe1-9a870ccf1933"
        }, 
        {
            "file_md5sum": "f714a25cd704d6870f1fad4f03b96142", 
            "file_name": "aa4a868a-df23-4eef-a618-e945aa2ce98a.svcp_1-0-4.20150210.somatic.indel.vcf.gz", 
            "file_size": 55375535, 
            "object_id": "45d16940-be25-55b3-8aed-ed97dd461881"
        }, 
        {
            "file_md5sum": "e5767262ada12e8321c793535dbf08e9", 
            "file_name": "aa4a868a-df23-4eef-a618-e945aa2ce98a.svcp_1-0-4.20150210.somatic.indel.vcf.gz.tbi", 
            "file_size": 1479031, 
            "object_id": "9a94aa2d-4468-52bd-ae0f-311634c04b76"
        }, 
        {
            "file_md5sum": "74f00380fa27cba0114fb96b3963013d", 
            "file_name": "aa4a868a-df23-4eef-a618-e945aa2ce98a.svcp_1-0-4.20150210.somatic.snv_mnv.tar.gz", 
            "file_size": 174375053, 
            "object_id": "fff41a7c-02f6-50a4-bf32-5f0177cb8348"
        }, 
        {
            "file_md5sum": "46b6f4b5ca8ed38a6950bab0792dd6ad", 
            "file_name": "aa4a868a-df23-4eef-a618-e945aa2ce98a.svcp_1-0-4.20150210.somatic.cnv.tar.gz", 
            "file_size": 26993697, 
            "object_id": "d1a52321-a464-570a-a7c2-d6cdd1a9fef1"
        }, 
        {
            "file_md5sum": "9c9ca2fec4b976bfdc9ff0682e45b75a", 
            "file_name": "aa4a868a-df23-4eef-a618-e945aa2ce98a.svfix_4-0-5.20160115.somatic.sv.tar.gz", 
            "file_size": 301559338, 
            "object_id": "23786096-9d7a-576b-bf97-e974ab6c2306"
        }, 
        {
            "file_md5sum": "e9beb0532da636c5dc3fc899e2eff309",