{
    "_runs_": {
        "run_1453925707_48c3c5ad-2118-4de3-b867-40dea8ad96eb": {
            "downloading": {
                "gnos-download_time": 93, 
                "start": 1453940561, 
                "stop": 1453940654, 
                "time": 93
            }, 
            "uploading": {
                "copy_meta_time": 1, 
                "start": 1453941172, 
                "stop": 1453941286, 
                "time": 114, 
                "upload_time": 112
            }
        }, 
        "run_1454598279_c1e044ce-0a62-47c0-97f5-97c726ab1d09": {
            "downloading": {
                "692c275e-bb92-11e5-970c-81cbeac6e0c4.xml-download_time": 13, 
                "692c275e-bb92-11e5-970c-81cbeac6e0c4.xml-md5sum_time": 0, 
                "941fcb56-e059-403d-aab1-0692a3ecc45e.svcp_1-0-4.20150121.somatic.cnv.tar.gz-download_time": 15, 
                "941fcb56-e059-403d-aab1-0692a3ecc45e.svcp_1-0-4.20150121.somatic.cnv.tar.gz-md5sum_time": 0, 
                "941fcb56-e059-403d-aab1-0692a3ecc45e.svcp_1-0-4.20150121.somatic.cnv.vcf.gz-download_time": 12, 
                "941fcb56-e059-403d-aab1-0692a3ecc45e.svcp_1-0-4.20150121.somatic.cnv.vcf.gz-md5sum_time": 0, 
                "941fcb56-e059-403d-aab1-0692a3ecc45e.svcp_1-0-4.20150121.somatic.cnv.vcf.gz.tbi-download_time": 12, 
                "941fcb56-e059-403d-aab1-0692a3ecc45e.svcp_1-0-4.20150121.somatic.cnv.vcf.gz.tbi-md5sum_time": 0, 
                "941fcb56-e059-403d-aab1-0692a3ecc45e.svcp_1-0-4.20150121.somatic.genotype.tar.gz-download_time": 13, 
                "941fcb56-e059-403d-aab1-0692a3ecc45e.svcp_1-0-4.20150121.somatic.genotype.tar.gz-md5sum_time": 0, 
                "941fcb56-e059-403d-aab1-0692a3ecc45e.svcp_1-0-4.20150121.somatic.imputeCounts.tar.gz-download_time": 43, 
                "941fcb56-e059-403d-aab1-0692a3ecc45e.svcp_1-0-4.20150121.somatic.imputeCounts.tar.gz-md5sum_time": 2, 
                "941fcb56-e059-403d-aab1-0692a3ecc45e.svcp_1-0-4.20150121.somatic.indel.tar.gz-download_time": 74, 
                "941fcb56-e059-403d-aab1-0692a3ecc45e.svcp_1-0-4.20150121.somatic.indel.tar.gz-md5sum_time": 3, 
                "941fcb56-e059-403d-aab1-0692a3ecc45e.svcp_1-0-4.20150121.somatic.indel.vcf.gz-download_time": 16, 
                "941fcb56-e059-403d-aab1-0692a3ecc45e.svcp_1-0-4.20150121.somatic.indel.vcf.gz-md5sum_time": 0, 
                "941fcb56-e059-403d-aab1-0692a3ecc45e.svcp_1-0-4.20150121.somatic.indel.vcf.gz.tbi-download_time": 13, 
                "941fcb56-e059-403d-aab1-0692a3ecc45e.svcp_1-0-4.20150121.somatic.indel.vcf.gz.tbi-md5sum_time": 0, 
                "941fcb56-e059-403d-aab1-0692a3ecc45e.svcp_1-0-4.20150121.somatic.snv_mnv.tar.gz-download_time": 21, 
                "941fcb56-e059-403d-aab1-0692a3ecc45e.svcp_1-0-4.20150121.somatic.snv_mnv.tar.gz-md5sum_time": 1, 
                "941fcb56-e059-403d-aab1-0692a3ecc45e.svcp_1-0-4.20150121.somatic.snv_mnv.vcf.gz-download_time": 13, 
                "941fcb56-e059-403d-aab1-0692a3ecc45e.svcp_1-0-4.20150121.somatic.snv_mnv.vcf.gz-md5sum_time": 0, 
                "941fcb56-e059-403d-aab1-0692a3ecc45e.svcp_1-0-4.20150121.somatic.snv_mnv.vcf.gz.tbi-download_time": 13, 
                "941fcb56-e059-403d-aab1-0692a3ecc45e.svcp_1-0-4.20150121.somatic.snv_mnv.vcf.gz.tbi-md5sum_time": 0, 
                "941fcb56-e059-403d-aab1-0692a3ecc45e.svcp_1-0-4.20150121.somatic.verifyBamId.tar.gz-download_time": 13, 
                "941fcb56-e059-403d-aab1-0692a3ecc45e.svcp_1-0-4.20150121.somatic.verifyBamId.tar.gz-md5sum_time": 0, 
                "941fcb56-e059-403d-aab1-0692a3ecc45e.svfix_4-0-5.20160115.somatic.sv.tar.gz-download_time": 30, 
                "941fcb56-e059-403d-aab1-0692a3ecc45e.svfix_4-0-5.20160115.somatic.sv.tar.gz-md5sum_time": 1, 
                "941fcb56-e059-403d-aab1-0692a3ecc45e.svfix_4-0-5.20160115.somatic.sv.vcf.gz-download_time": 12, 
                "941fcb56-e059-403d-aab1-0692a3ecc45e.svfix_4-0-5.20160115.somatic.sv.vcf.gz-md5sum_time": 0, 
                "941fcb56-e059-403d-aab1-0692a3ecc45e.svfix_4-0-5.20160115.somatic.sv.vcf.gz.tbi-download_time": 12, 
                "941fcb56-e059-403d-aab1-0692a3ecc45e.svfix_4-0-5.20160115.somatic.sv.vcf.gz.tbi-md5sum_time": 0, 
                "start": 1454600662, 
                "stop": 1454600995, 
                "time": 333
            }
        }
    }, 
    "aliquot_id": null, 
    "available_repos": [
        {
            "https://gtrepo-osdc-icgc.annailabs.com/": {
                "file_md5sum": "ec3822887d11e1eb4e6c8411c7e86659", 
                "file_size": 57705
            }
        }
    ], 
    "data_type": "Sanger-VCF", 
    "files": [
        {
            "file_md5sum": "ec4f00fd407a0a15f313b7d896a6bcdf", 
            "file_name": "941fcb56-e059-403d-aab1-0692a3ecc45e.svcp_1-0-4.20150121.somatic.snv_mnv.vcf.gz", 
            "file_size": 3491071, 
            "object_id": "9973752e-8bc6-5198-9da4-791fdde53685"
        }, 
        {
            "file_md5sum": "87c7c5d32e2e03cf02e019628510c2a2", 
            "file_name": "941fcb56-e059-403d-aab1-0692a3ecc45e.svcp_1-0-4.20150121.somatic.snv_mnv.vcf.gz.tbi", 
            "file_size": 456266, 
            "object_id": "c5e27948-ed8e-5371-ae77-eb35969a7f6c"
        }, 
        {
            "file_md5sum": "e7b6fc207293c27c41abe34eb8ae00ab", 
            "file_name": "941fcb56-e059-403d-aab1-0692a3ecc45e.svcp_1-0-4.20150121.somatic.cnv.vcf.gz", 
            "file_size": 4643, 
            "object_id": "f7f2db6a-45f6-5bf6-8f16-6a056e344b71"
        }, 
        {
            "file_md5sum": "cbc36ab18e64d9a7baf7b28d23cdadd0", 
            "file_name": "941fcb56-e059-403d-aab1-0692a3ecc45e.svcp_1-0-4.20150121.somatic.cnv.vcf.gz.tbi", 
            "file_size": 5963, 
            "object_id": "71275333-5465-5cd3-aac5-50e2b1986e9d"
        }, 
        {
            "file_md5sum": "ed4eff821aba0c70644a7d691a7ca1d5", 
            "file_name": "941fcb56-e059-403d-aab1-0692a3ecc45e.svfix_4-0-5.20160115.somatic.sv.vcf.gz", 
            "file_size": 96755, 
            "object_id": "71b7f237-52fb-52c2-8847-3542aa1eb36e"
        }, 
        {
            "file_md5sum": "024bfb357cf92313c6bb574865e1cf43", 
            "file_name": "941fcb56-e059-403d-aab1-0692a3ecc45e.svfix_4-0-5.20160115.somatic.sv.vcf.gz.tbi", 
            "file_size": 9322, 
            "object_id": "f43f3880-af75-548f-9887-cf93f9496622"
        }, 
        {
            "file_md5sum": "a143c0e37fe87855eaa5dc1dc0b3a36a", 
            "file_name": "941fcb56-e059-403d-aab1-0692a3ecc45e.svcp_1-0-4.20150121.somatic.indel.vcf.gz", 
            "file_size": 47438720, 
            "object_id": "0cf34313-96d3-55a5-bf74-ee72edb0f0e9"
        }, 
        {
            "file_md5sum": "2aeadc0e16da3535ae8490521dbb72c6", 
            "file_name": "941fcb56-e059-403d-aab1-0692a3ecc45e.svcp_1-0-4.20150121.somatic.indel.vcf.gz.tbi", 
            "file_size": 1431812, 
            "object_id": "92bedba9-a63e-59f7-ae99-7b15993d3b1f"
        }, 
        {
            "file_md5sum": "87bd31d7f50dfe40a97b3de2ec7b39ca", 
            "file_name": "941fcb56-e059-403d-aab1-0692a3ecc45e.svcp_1-0-4.20150121.somatic.snv_mnv.tar.gz", 
            "file_size": 170889428, 
            "object_id": "dfa93450-56bb-5e1a-9872-8ffdef2abf34"
        }, 
        {
            "file_md5sum": "e15f8161b352194f038f75c5e7b9b3c1", 
            "file_name": "941fcb56-e059-403d-aab1-0692a3ecc45e.svcp_1-0-4.20150121.somatic.cnv.tar.gz", 
            "file_size": 26604175, 
            "object_id": "5bca987a-6b20-50fd-85cd-9f3daa4d0f65"
        }, 
        {
            "file_md5sum": "e8ba9697ba03afb6b5f6f3d84148dd4f", 
            "file_name": "941fcb56-e059-403d-aab1-0692a3ecc45e.svfix_4-0-5.20160115.somatic.sv.tar.gz", 
            "file_size": 291192756, 
            "object_id": "2aa80c62-98fc-5a69-b781-721b678fcbbd"
        }, 
        {
            "file_md5sum": "3fc1c949b01e1642fbd2f8f283feb824",