{
    "_runs_": {
        "run_1453954967_deb85559-d172-4052-a892-08f8eadbcd71": {
            "downloading": {
                "gnos-download_time": 94, 
                "start": 1453955005, 
                "stop": 1453955100, 
                "time": 95
            }, 
            "uploading": {
                "copy_meta_time": 2, 
                "start": 1453955111, 
                "stop": 1453955218, 
                "time": 107, 
                "upload_time": 105
            }
        }, 
        "run_1454598348_2b57db50-df57-4d2e-a686-49adc54172d4": {
            "downloading": {
                "675a5a32-b405-4f03-bfcd-756343d1dfaf.svcp_1-0-6.20150623.somatic.cnv.tar.gz-download_time": 14, 
                "675a5a32-b405-4f03-bfcd-756343d1dfaf.svcp_1-0-6.20150623.somatic.cnv.tar.gz-md5sum_time": 0, 
                "675a5a32-b405-4f03-bfcd-756343d1dfaf.svcp_1-0-6.20150623.somatic.cnv.vcf.gz-download_time": 13, 
                "675a5a32-b405-4f03-bfcd-756343d1dfaf.svcp_1-0-6.20150623.somatic.cnv.vcf.gz-md5sum_time": 0, 
                "675a5a32-b405-4f03-bfcd-756343d1dfaf.svcp_1-0-6.20150623.somatic.cnv.vcf.gz.tbi-download_time": 13, 
                "675a5a32-b405-4f03-bfcd-756343d1dfaf.svcp_1-0-6.20150623.somatic.cnv.vcf.gz.tbi-md5sum_time": 0, 
                "675a5a32-b405-4f03-bfcd-756343d1dfaf.svcp_1-0-6.20150623.somatic.genotype.tar.gz-download_time": 13, 
                "675a5a32-b405-4f03-bfcd-756343d1dfaf.svcp_1-0-6.20150623.somatic.genotype.tar.gz-md5sum_time": 0, 
                "675a5a32-b405-4f03-bfcd-756343d1dfaf.svcp_1-0-6.20150623.somatic.imputeCounts.tar.gz-download_time": 44, 
                "675a5a32-b405-4f03-bfcd-756343d1dfaf.svcp_1-0-6.20150623.somatic.imputeCounts.tar.gz-md5sum_time": 1, 
                "675a5a32-b405-4f03-bfcd-756343d1dfaf.svcp_1-0-6.20150623.somatic.indel.tar.gz-download_time": 77, 
                "675a5a32-b405-4f03-bfcd-756343d1dfaf.svcp_1-0-6.20150623.somatic.indel.tar.gz-md5sum_time": 4, 
                "675a5a32-b405-4f03-bfcd-756343d1dfaf.svcp_1-0-6.20150623.somatic.indel.vcf.gz-download_time": 19, 
                "675a5a32-b405-4f03-bfcd-756343d1dfaf.svcp_1-0-6.20150623.somatic.indel.vcf.gz-md5sum_time": 0, 
                "675a5a32-b405-4f03-bfcd-756343d1dfaf.svcp_1-0-6.20150623.somatic.indel.vcf.gz.tbi-download_time": 13, 
                "675a5a32-b405-4f03-bfcd-756343d1dfaf.svcp_1-0-6.20150623.somatic.indel.vcf.gz.tbi-md5sum_time": 0, 
                "675a5a32-b405-4f03-bfcd-756343d1dfaf.svcp_1-0-6.20150623.somatic.snv_mnv.tar.gz-download_time": 23, 
                "675a5a32-b405-4f03-bfcd-756343d1dfaf.svcp_1-0-6.20150623.somatic.snv_mnv.tar.gz-md5sum_time": 1, 
                "675a5a32-b405-4f03-bfcd-756343d1dfaf.svcp_1-0-6.20150623.somatic.snv_mnv.vcf.gz-download_time": 13, 
                "675a5a32-b405-4f03-bfcd-756343d1dfaf.svcp_1-0-6.20150623.somatic.snv_mnv.vcf.gz-md5sum_time": 0, 
                "675a5a32-b405-4f03-bfcd-756343d1dfaf.svcp_1-0-6.20150623.somatic.snv_mnv.vcf.gz.tbi-download_time": 12, 
                "675a5a32-b405-4f03-bfcd-756343d1dfaf.svcp_1-0-6.20150623.somatic.snv_mnv.vcf.gz.tbi-md5sum_time": 0, 
                "675a5a32-b405-4f03-bfcd-756343d1dfaf.svcp_1-0-6.20150623.somatic.verifyBamId.tar.gz-download_time": 13, 
                "675a5a32-b405-4f03-bfcd-756343d1dfaf.svcp_1-0-6.20150623.somatic.verifyBamId.tar.gz-md5sum_time": 0, 
                "675a5a32-b405-4f03-bfcd-756343d1dfaf.svfix_4-0-5.20160113.somatic.sv.tar.gz-download_time": 30, 
                "675a5a32-b405-4f03-bfcd-756343d1dfaf.svfix_4-0-5.20160113.somatic.sv.tar.gz-md5sum_time": 1, 
                "675a5a32-b405-4f03-bfcd-756343d1dfaf.svfix_4-0-5.20160113.somatic.sv.vcf.gz-download_time": 12, 
                "675a5a32-b405-4f03-bfcd-756343d1dfaf.svfix_4-0-5.20160113.somatic.sv.vcf.gz-md5sum_time": 0, 
                "675a5a32-b405-4f03-bfcd-756343d1dfaf.svfix_4-0-5.20160113.somatic.sv.vcf.gz.tbi-download_time": 13, 
                "675a5a32-b405-4f03-bfcd-756343d1dfaf.svfix_4-0-5.20160113.somatic.sv.vcf.gz.tbi-md5sum_time": 0, 
                "6eca31b4-ba17-11e5-96be-2586eac6e0c4.xml-download_time": 12, 
                "6eca31b4-ba17-11e5-96be-2586eac6e0c4.xml-md5sum_time": 0, 
                "start": 1454603137, 
                "stop": 1454603479, 
                "time": 342
            }
        }
    }, 
    "aliquot_id": null, 
    "available_repos": [
        {
            "https://gtrepo-osdc-icgc.annailabs.com/": {
                "file_md5sum": "9e7340520cd1d09505024e34d98c4a57", 
                "file_size": 59272
            }
        }
    ], 
    "data_type": "Sanger-VCF", 
    "files": [
        {
            "file_md5sum": "6a52b52e81e7f02a00735a0046519555", 
            "file_name": "675a5a32-b405-4f03-bfcd-756343d1dfaf.svcp_1-0-6.20150623.somatic.snv_mnv.vcf.gz", 
            "file_size": 4160103, 
            "object_id": "318f30b1-31f0-55d7-9bde-fed3f5a0e315"
        }, 
        {
            "file_md5sum": "516d953f6ad35e1a847472ad19b247ac", 
            "file_name": "675a5a32-b405-4f03-bfcd-756343d1dfaf.svcp_1-0-6.20150623.somatic.snv_mnv.vcf.gz.tbi", 
            "file_size": 462629, 
            "object_id": "7a4e258a-dec2-5cfe-b6f1-aa057cd3f2b0"
        }, 
        {
            "file_md5sum": "a980310418eda5cf406959ac104175a9", 
            "file_name": "675a5a32-b405-4f03-bfcd-756343d1dfaf.svcp_1-0-6.20150623.somatic.cnv.vcf.gz", 
            "file_size": 9852, 
            "object_id": "895c2d96-f587-59a7-b269-474439a2afea"
        }, 
        {
            "file_md5sum": "942e675ddbd6bef9a5fcd9cc2be8869e", 
            "file_name": "675a5a32-b405-4f03-bfcd-756343d1dfaf.svcp_1-0-6.20150623.somatic.cnv.vcf.gz.tbi", 
            "file_size": 9261, 
            "object_id": "db80feb5-841e-5692-b0a4-61a87e107145"
        }, 
        {
            "file_md5sum": "f7a741532c6d6fba0b97e8247770aef6", 
            "file_name": "675a5a32-b405-4f03-bfcd-756343d1dfaf.svfix_4-0-5.20160113.somatic.sv.vcf.gz", 
            "file_size": 8307, 
            "object_id": "2f245024-6b49-58e6-90ec-807750198ff5"
        }, 
        {
            "file_md5sum": "c9d8bc1b8e0987215677a11e39b6debc", 
            "file_name": "675a5a32-b405-4f03-bfcd-756343d1dfaf.svfix_4-0-5.20160113.somatic.sv.vcf.gz.tbi", 
            "file_size": 1322, 
            "object_id": "3218e479-77bf-5ccb-aacb-1bb15ef08ed0"
        }, 
        {
            "file_md5sum": "99c6c9813be8abe47138f62bbf903c20", 
            "file_name": "675a5a32-b405-4f03-bfcd-756343d1dfaf.svcp_1-0-6.20150623.somatic.indel.vcf.gz", 
            "file_size": 53768074, 
            "object_id": "5c2b2aa0-f0fc-5678-b0ed-73c2d6ba84e4"
        }, 
        {
            "file_md5sum": "3bb7e6494b2a3fc303046814c3e1b655", 
            "file_name": "675a5a32-b405-4f03-bfcd-756343d1dfaf.svcp_1-0-6.20150623.somatic.indel.vcf.gz.tbi", 
            "file_size": 1505822, 
            "object_id": "f4ad2cb1-2ab6-5dd3-b75e-efa089c41161"
        }, 
        {
            "file_md5sum": "a62f72f83d46cc3651c7e85114d9ab5d", 
            "file_name": "675a5a32-b405-4f03-bfcd-756343d1dfaf.svcp_1-0-6.20150623.somatic.snv_mnv.tar.gz", 
            "file_size": 175945927, 
            "object_id": "a498eab5-8090-5fdd-814a-465ece3dd1ac"
        }, 
        {
            "file_md5sum": "8e4f2b08c43bf9473448106b91ef5718", 
            "file_name": "675a5a32-b405-4f03-bfcd-756343d1dfaf.svcp_1-0-6.20150623.somatic.cnv.tar.gz", 
            "file_size": 26974940, 
            "object_id": "6f0b057a-8ef1-5390-8b4f-93a380ca48e3"
        }, 
        {
            "file_md5sum": "6d2df60731c7d1f2aef23716efb86d52", 
            "file_name": "675a5a32-b405-4f03-bfcd-756343d1dfaf.svfix_4-0-5.20160113.somatic.sv.tar.gz", 
            "file_size": 298022931, 
            "object_id": "ce495b70-b411-554b-96a3-5ff78962a8c3"
        }, 
        {
            "file_md5sum": "e630e54f4972d6ad44f55129614b0c04",