{
    "_runs_": {
        "run_1454285703_2b9791f1-d0a8-4403-bd2d-9f3d79bba1f0": {
            "downloading": {
                "gnos-download_time": 158, 
                "start": 1454289575, 
                "stop": 1454289733, 
                "time": 158
            }, 
            "uploading": {
                "copy_meta_time": 2, 
                "start": 1454289752, 
                "stop": 1454289874, 
                "time": 122, 
                "upload_time": 120
            }
        }, 
        "run_1454598348_2b57db50-df57-4d2e-a686-49adc54172d4": {
            "downloading": {
                "569393c8-e2fe-4580-a45b-81f1b1e01135.svcp_1-0-4.20150115.somatic.cnv.tar.gz-download_time": 15, 
                "569393c8-e2fe-4580-a45b-81f1b1e01135.svcp_1-0-4.20150115.somatic.cnv.tar.gz-md5sum_time": 0, 
                "569393c8-e2fe-4580-a45b-81f1b1e01135.svcp_1-0-4.20150115.somatic.cnv.vcf.gz-download_time": 12, 
                "569393c8-e2fe-4580-a45b-81f1b1e01135.svcp_1-0-4.20150115.somatic.cnv.vcf.gz-md5sum_time": 0, 
                "569393c8-e2fe-4580-a45b-81f1b1e01135.svcp_1-0-4.20150115.somatic.cnv.vcf.gz.tbi-download_time": 12, 
                "569393c8-e2fe-4580-a45b-81f1b1e01135.svcp_1-0-4.20150115.somatic.cnv.vcf.gz.tbi-md5sum_time": 0, 
                "569393c8-e2fe-4580-a45b-81f1b1e01135.svcp_1-0-4.20150115.somatic.genotype.tar.gz-download_time": 14, 
                "569393c8-e2fe-4580-a45b-81f1b1e01135.svcp_1-0-4.20150115.somatic.genotype.tar.gz-md5sum_time": 0, 
                "569393c8-e2fe-4580-a45b-81f1b1e01135.svcp_1-0-4.20150115.somatic.imputeCounts.tar.gz-download_time": 43, 
                "569393c8-e2fe-4580-a45b-81f1b1e01135.svcp_1-0-4.20150115.somatic.imputeCounts.tar.gz-md5sum_time": 1, 
                "569393c8-e2fe-4580-a45b-81f1b1e01135.svcp_1-0-4.20150115.somatic.indel.tar.gz-download_time": 88, 
                "569393c8-e2fe-4580-a45b-81f1b1e01135.svcp_1-0-4.20150115.somatic.indel.tar.gz-md5sum_time": 4, 
                "569393c8-e2fe-4580-a45b-81f1b1e01135.svcp_1-0-4.20150115.somatic.indel.vcf.gz-download_time": 16, 
                "569393c8-e2fe-4580-a45b-81f1b1e01135.svcp_1-0-4.20150115.somatic.indel.vcf.gz-md5sum_time": 0, 
                "569393c8-e2fe-4580-a45b-81f1b1e01135.svcp_1-0-4.20150115.somatic.indel.vcf.gz.tbi-download_time": 13, 
                "569393c8-e2fe-4580-a45b-81f1b1e01135.svcp_1-0-4.20150115.somatic.indel.vcf.gz.tbi-md5sum_time": 0, 
                "569393c8-e2fe-4580-a45b-81f1b1e01135.svcp_1-0-4.20150115.somatic.snv_mnv.tar.gz-download_time": 22, 
                "569393c8-e2fe-4580-a45b-81f1b1e01135.svcp_1-0-4.20150115.somatic.snv_mnv.tar.gz-md5sum_time": 1, 
                "569393c8-e2fe-4580-a45b-81f1b1e01135.svcp_1-0-4.20150115.somatic.snv_mnv.vcf.gz-download_time": 14, 
                "569393c8-e2fe-4580-a45b-81f1b1e01135.svcp_1-0-4.20150115.somatic.snv_mnv.vcf.gz-md5sum_time": 0, 
                "569393c8-e2fe-4580-a45b-81f1b1e01135.svcp_1-0-4.20150115.somatic.snv_mnv.vcf.gz.tbi-download_time": 12, 
                "569393c8-e2fe-4580-a45b-81f1b1e01135.svcp_1-0-4.20150115.somatic.snv_mnv.vcf.gz.tbi-md5sum_time": 0, 
                "569393c8-e2fe-4580-a45b-81f1b1e01135.svcp_1-0-4.20150115.somatic.verifyBamId.tar.gz-download_time": 13, 
                "569393c8-e2fe-4580-a45b-81f1b1e01135.svcp_1-0-4.20150115.somatic.verifyBamId.tar.gz-md5sum_time": 0, 
                "569393c8-e2fe-4580-a45b-81f1b1e01135.svfix_4-0-5.20160126.somatic.sv.tar.gz-download_time": 32, 
                "569393c8-e2fe-4580-a45b-81f1b1e01135.svfix_4-0-5.20160126.somatic.sv.tar.gz-md5sum_time": 1, 
                "569393c8-e2fe-4580-a45b-81f1b1e01135.svfix_4-0-5.20160126.somatic.sv.vcf.gz-download_time": 12, 
                "569393c8-e2fe-4580-a45b-81f1b1e01135.svfix_4-0-5.20160126.somatic.sv.vcf.gz-md5sum_time": 0, 
                "569393c8-e2fe-4580-a45b-81f1b1e01135.svfix_4-0-5.20160126.somatic.sv.vcf.gz.tbi-download_time": 13, 
                "569393c8-e2fe-4580-a45b-81f1b1e01135.svfix_4-0-5.20160126.somatic.sv.vcf.gz.tbi-md5sum_time": 0, 
                "7f5155b8-c411-11e5-9352-deaad7f783dd.xml-download_time": 13, 
                "7f5155b8-c411-11e5-9352-deaad7f783dd.xml-md5sum_time": 0, 
                "start": 1454612445, 
                "stop": 1454612796, 
                "time": 351
            }
        }
    }, 
    "aliquot_id": null, 
    "available_repos": [
        {
            "https://gtrepo-osdc-icgc.annailabs.com/": {
                "file_md5sum": "e36b0816792dc0a1d02a69f2fafd0a28", 
                "file_size": 58947
            }
        }
    ], 
    "data_type": "Sanger-VCF", 
    "files": [
        {
            "file_md5sum": "824764784b2bbf40290865480ca85441", 
            "file_name": "569393c8-e2fe-4580-a45b-81f1b1e01135.svcp_1-0-4.20150115.somatic.snv_mnv.vcf.gz", 
            "file_size": 8300912, 
            "object_id": "7822b179-8032-5752-ae02-083aa3f30431"
        }, 
        {
            "file_md5sum": "728d4480caa86d56ac4b081a79e0a928", 
            "file_name": "569393c8-e2fe-4580-a45b-81f1b1e01135.svcp_1-0-4.20150115.somatic.snv_mnv.vcf.gz.tbi", 
            "file_size": 795538, 
            "object_id": "ca0d9400-b72c-5369-ba34-71258989f82f"
        }, 
        {
            "file_md5sum": "3640f64d2f6085404c57049dadf533e4", 
            "file_name": "569393c8-e2fe-4580-a45b-81f1b1e01135.svcp_1-0-4.20150115.somatic.cnv.vcf.gz", 
            "file_size": 7033, 
            "object_id": "d9ae7170-43f6-5541-849c-75550ad6c467"
        }, 
        {
            "file_md5sum": "fd9e8b28c5fab0b51bb823f029540069", 
            "file_name": "569393c8-e2fe-4580-a45b-81f1b1e01135.svcp_1-0-4.20150115.somatic.cnv.vcf.gz.tbi", 
            "file_size": 7453, 
            "object_id": "604f0cee-c78e-5703-b72c-d5b4f3451663"
        }, 
        {
            "file_md5sum": "1f736fe75326aaf0178b6af839d8369f", 
            "file_name": "569393c8-e2fe-4580-a45b-81f1b1e01135.svfix_4-0-5.20160126.somatic.sv.vcf.gz", 
            "file_size": 162474, 
            "object_id": "3188d7dc-c84c-5c51-994e-24a907f2e0b2"
        }, 
        {
            "file_md5sum": "b0852e82f9eca47c93a8a95ffaf77e21", 
            "file_name": "569393c8-e2fe-4580-a45b-81f1b1e01135.svfix_4-0-5.20160126.somatic.sv.vcf.gz.tbi", 
            "file_size": 16003, 
            "object_id": "a958d581-7c64-5bde-9ca7-7451046fadf4"
        }, 
        {
            "file_md5sum": "14d8ebc23eedc0be59e477e23a8a52a5", 
            "file_name": "569393c8-e2fe-4580-a45b-81f1b1e01135.svcp_1-0-4.20150115.somatic.indel.vcf.gz", 
            "file_size": 53235590, 
            "object_id": "13cc1463-3843-5fe3-b249-fc8a88352aaa"
        }, 
        {
            "file_md5sum": "866c2b8858c8d5207e274ce20a3f8058", 
            "file_name": "569393c8-e2fe-4580-a45b-81f1b1e01135.svcp_1-0-4.20150115.somatic.indel.vcf.gz.tbi", 
            "file_size": 1461102, 
            "object_id": "62163095-3bff-5c20-832d-08da88d5fa4c"
        }, 
        {
            "file_md5sum": "b9549bac058c127574a98f9f88535ab0", 
            "file_name": "569393c8-e2fe-4580-a45b-81f1b1e01135.svcp_1-0-4.20150115.somatic.snv_mnv.tar.gz", 
            "file_size": 175250706, 
            "object_id": "7ae2d619-7e30-55f0-b148-858e5d2b4ba9"
        }, 
        {
            "file_md5sum": "b5358aa130ffb1a2a5224a017fdda44d", 
            "file_name": "569393c8-e2fe-4580-a45b-81f1b1e01135.svcp_1-0-4.20150115.somatic.cnv.tar.gz", 
            "file_size": 26896036, 
            "object_id": "b2aaff8b-7340-548d-b50c-a7a0367a6e06"
        }, 
        {
            "file_md5sum": "472f6ae5dde70e15b52d086aff5107a3", 
            "file_name": "569393c8-e2fe-4580-a45b-81f1b1e01135.svfix_4-0-5.20160126.somatic.sv.tar.gz", 
            "file_size": 298522796, 
            "object_id": "59b76298-395b-51f7-b0d8-fac00ff5e3c2"
        }, 
        {
            "file_md5sum": "2c109fdf928bb49e82ed33aa9b47c175",