{
    "_runs_": {
        "run_1453954803_4800c167-7c4d-4303-8d07-93611ce411e7": {
            "downloading": {
                "gnos-download_time": 402, 
                "start": 1453958778, 
                "stop": 1453959181, 
                "time": 403
            }, 
            "uploading": {
                "copy_meta_time": 2, 
                "start": 1453959194, 
                "stop": 1453959304, 
                "time": 110, 
                "upload_time": 107
            }
        }, 
        "run_1454598413_3c185cae-f827-4907-acfc-2907c86d6d6a": {
            "downloading": {
                "7fc5462e-b5f9-11e5-b966-7d6a51327fcc.xml-download_time": 13, 
                "7fc5462e-b5f9-11e5-b966-7d6a51327fcc.xml-md5sum_time": 0, 
                "887616c5-06a7-4e83-948c-3546202349fb.svcp_1-0-5.20150810.somatic.cnv.tar.gz-download_time": 16, 
                "887616c5-06a7-4e83-948c-3546202349fb.svcp_1-0-5.20150810.somatic.cnv.tar.gz-md5sum_time": 0, 
                "887616c5-06a7-4e83-948c-3546202349fb.svcp_1-0-5.20150810.somatic.cnv.vcf.gz-download_time": 12, 
                "887616c5-06a7-4e83-948c-3546202349fb.svcp_1-0-5.20150810.somatic.cnv.vcf.gz-md5sum_time": 0, 
                "887616c5-06a7-4e83-948c-3546202349fb.svcp_1-0-5.20150810.somatic.cnv.vcf.gz.tbi-download_time": 12, 
                "887616c5-06a7-4e83-948c-3546202349fb.svcp_1-0-5.20150810.somatic.cnv.vcf.gz.tbi-md5sum_time": 0, 
                "887616c5-06a7-4e83-948c-3546202349fb.svcp_1-0-5.20150810.somatic.genotype.tar.gz-download_time": 13, 
                "887616c5-06a7-4e83-948c-3546202349fb.svcp_1-0-5.20150810.somatic.genotype.tar.gz-md5sum_time": 0, 
                "887616c5-06a7-4e83-948c-3546202349fb.svcp_1-0-5.20150810.somatic.imputeCounts.tar.gz-download_time": 40, 
                "887616c5-06a7-4e83-948c-3546202349fb.svcp_1-0-5.20150810.somatic.imputeCounts.tar.gz-md5sum_time": 2, 
                "887616c5-06a7-4e83-948c-3546202349fb.svcp_1-0-5.20150810.somatic.indel.tar.gz-download_time": 85, 
                "887616c5-06a7-4e83-948c-3546202349fb.svcp_1-0-5.20150810.somatic.indel.tar.gz-md5sum_time": 4, 
                "887616c5-06a7-4e83-948c-3546202349fb.svcp_1-0-5.20150810.somatic.indel.vcf.gz-download_time": 18, 
                "887616c5-06a7-4e83-948c-3546202349fb.svcp_1-0-5.20150810.somatic.indel.vcf.gz-md5sum_time": 0, 
                "887616c5-06a7-4e83-948c-3546202349fb.svcp_1-0-5.20150810.somatic.indel.vcf.gz.tbi-download_time": 14, 
                "887616c5-06a7-4e83-948c-3546202349fb.svcp_1-0-5.20150810.somatic.indel.vcf.gz.tbi-md5sum_time": 0, 
                "887616c5-06a7-4e83-948c-3546202349fb.svcp_1-0-5.20150810.somatic.snv_mnv.tar.gz-download_time": 23, 
                "887616c5-06a7-4e83-948c-3546202349fb.svcp_1-0-5.20150810.somatic.snv_mnv.tar.gz-md5sum_time": 0, 
                "887616c5-06a7-4e83-948c-3546202349fb.svcp_1-0-5.20150810.somatic.snv_mnv.vcf.gz-download_time": 13, 
                "887616c5-06a7-4e83-948c-3546202349fb.svcp_1-0-5.20150810.somatic.snv_mnv.vcf.gz-md5sum_time": 0, 
                "887616c5-06a7-4e83-948c-3546202349fb.svcp_1-0-5.20150810.somatic.snv_mnv.vcf.gz.tbi-download_time": 14, 
                "887616c5-06a7-4e83-948c-3546202349fb.svcp_1-0-5.20150810.somatic.snv_mnv.vcf.gz.tbi-md5sum_time": 0, 
                "887616c5-06a7-4e83-948c-3546202349fb.svcp_1-0-5.20150810.somatic.verifyBamId.tar.gz-download_time": 13, 
                "887616c5-06a7-4e83-948c-3546202349fb.svcp_1-0-5.20150810.somatic.verifyBamId.tar.gz-md5sum_time": 0, 
                "887616c5-06a7-4e83-948c-3546202349fb.svfix_4-0-5.20160108.somatic.sv.tar.gz-download_time": 30, 
                "887616c5-06a7-4e83-948c-3546202349fb.svfix_4-0-5.20160108.somatic.sv.tar.gz-md5sum_time": 2, 
                "887616c5-06a7-4e83-948c-3546202349fb.svfix_4-0-5.20160108.somatic.sv.vcf.gz-download_time": 13, 
                "887616c5-06a7-4e83-948c-3546202349fb.svfix_4-0-5.20160108.somatic.sv.vcf.gz-md5sum_time": 0, 
                "887616c5-06a7-4e83-948c-3546202349fb.svfix_4-0-5.20160108.somatic.sv.vcf.gz.tbi-download_time": 12, 
                "887616c5-06a7-4e83-948c-3546202349fb.svfix_4-0-5.20160108.somatic.sv.vcf.gz.tbi-md5sum_time": 0, 
                "start": 1454613061, 
                "stop": 1454613410, 
                "time": 349
            }
        }
    }, 
    "aliquot_id": null, 
    "available_repos": [
        {
            "https://gtrepo-bsc.annailabs.com/": {
                "file_md5sum": "404d5ece548b34f0b2d9b07bf3465c87", 
                "file_size": 59623
            }
        }
    ], 
    "data_type": "Sanger-VCF", 
    "files": [
        {
            "file_md5sum": "303e7c53226662a5c5080769cd667dcd", 
            "file_name": "887616c5-06a7-4e83-948c-3546202349fb.svcp_1-0-5.20150810.somatic.snv_mnv.vcf.gz", 
            "file_size": 3755624, 
            "object_id": "bcd37cb5-95d9-5d9f-b720-82bf35c7dd54"
        }, 
        {
            "file_md5sum": "bc05e3df09342a1c2342df40f1d64d45", 
            "file_name": "887616c5-06a7-4e83-948c-3546202349fb.svcp_1-0-5.20150810.somatic.snv_mnv.vcf.gz.tbi", 
            "file_size": 476473, 
            "object_id": "d9e3683a-796f-5994-9e6c-b9433e275214"
        }, 
        {
            "file_md5sum": "fb179e11f1f46487ff73a82beceb5e3d", 
            "file_name": "887616c5-06a7-4e83-948c-3546202349fb.svcp_1-0-5.20150810.somatic.cnv.vcf.gz", 
            "file_size": 5745, 
            "object_id": "5704c579-b90e-55c3-8023-4795e97982db"
        }, 
        {
            "file_md5sum": "6665308e1d23807c86ed7a60f3e8b176", 
            "file_name": "887616c5-06a7-4e83-948c-3546202349fb.svcp_1-0-5.20150810.somatic.cnv.vcf.gz.tbi", 
            "file_size": 6967, 
            "object_id": "a887e842-9411-577d-82f7-0037764e3d40"
        }, 
        {
            "file_md5sum": "a05bd4cabcf59290bc4f66d91ad5c083", 
            "file_name": "887616c5-06a7-4e83-948c-3546202349fb.svfix_4-0-5.20160108.somatic.sv.vcf.gz", 
            "file_size": 50512, 
            "object_id": "3ee96112-ed0c-5f3a-ab08-392090532317"
        }, 
        {
            "file_md5sum": "24fce43882805a05a972c922211a780c", 
            "file_name": "887616c5-06a7-4e83-948c-3546202349fb.svfix_4-0-5.20160108.somatic.sv.vcf.gz.tbi", 
            "file_size": 3780, 
            "object_id": "582c48b6-4355-566f-a864-5e2fbcafb380"
        }, 
        {
            "file_md5sum": "a6ea5ee5299b594d6b587d6a60b8d90b", 
            "file_name": "887616c5-06a7-4e83-948c-3546202349fb.svcp_1-0-5.20150810.somatic.indel.vcf.gz", 
            "file_size": 71515828, 
            "object_id": "9e0bebe1-5f6b-5e39-a0ba-8e3a76b10868"
        }, 
        {
            "file_md5sum": "b3b8410db01705dfe55cf96e9c3003c3", 
            "file_name": "887616c5-06a7-4e83-948c-3546202349fb.svcp_1-0-5.20150810.somatic.indel.vcf.gz.tbi", 
            "file_size": 1563092, 
            "object_id": "bca98051-c533-5bd5-bd1b-52bef7996095"
        }, 
        {
            "file_md5sum": "023cf892e6779ff1f04276ae325e1265", 
            "file_name": "887616c5-06a7-4e83-948c-3546202349fb.svcp_1-0-5.20150810.somatic.snv_mnv.tar.gz", 
            "file_size": 168833670, 
            "object_id": "224a5ee2-a270-5e8a-8041-de4f917c7ccf"
        }, 
        {
            "file_md5sum": "86301a17f10c2b8f5884e7c130cc1a4c", 
            "file_name": "887616c5-06a7-4e83-948c-3546202349fb.svcp_1-0-5.20150810.somatic.cnv.tar.gz", 
            "file_size": 27169868, 
            "object_id": "9c38bba8-7513-51b9-9a7c-5c442a9df989"
        }, 
        {
            "file_md5sum": "4682b6e4a9250aaf0d81d410db872635", 
            "file_name": "887616c5-06a7-4e83-948c-3546202349fb.svfix_4-0-5.20160108.somatic.sv.tar.gz", 
            "file_size": 314430772, 
            "object_id": "bf217390-49d5-5385-94cb-d1593c60f1f7"
        }, 
        {
            "file_md5sum": "afe25e3ceea468abd3b032b1774976a0",