{
    "_runs_": {
        "run_1453954910_5609ae24-c8e4-4bbb-a25d-d0836c411348": {
            "downloading": {
                "gnos-download_time": 92, 
                "start": 1453960879, 
                "stop": 1453960971, 
                "time": 92
            }, 
            "uploading": {
                "copy_meta_time": 1, 
                "start": 1453960995, 
                "stop": 1453961087, 
                "time": 92, 
                "upload_time": 90
            }
        }, 
        "run_1454598413_3c185cae-f827-4907-acfc-2907c86d6d6a": {
            "downloading": {
                "6e776415-ddf4-4060-953f-08ef22441234.svcp_1-0-5.20150325.somatic.cnv.tar.gz-download_time": 15, 
                "6e776415-ddf4-4060-953f-08ef22441234.svcp_1-0-5.20150325.somatic.cnv.tar.gz-md5sum_time": 0, 
                "6e776415-ddf4-4060-953f-08ef22441234.svcp_1-0-5.20150325.somatic.cnv.vcf.gz-download_time": 12, 
                "6e776415-ddf4-4060-953f-08ef22441234.svcp_1-0-5.20150325.somatic.cnv.vcf.gz-md5sum_time": 0, 
                "6e776415-ddf4-4060-953f-08ef22441234.svcp_1-0-5.20150325.somatic.cnv.vcf.gz.tbi-download_time": 12, 
                "6e776415-ddf4-4060-953f-08ef22441234.svcp_1-0-5.20150325.somatic.cnv.vcf.gz.tbi-md5sum_time": 0, 
                "6e776415-ddf4-4060-953f-08ef22441234.svcp_1-0-5.20150325.somatic.genotype.tar.gz-download_time": 15, 
                "6e776415-ddf4-4060-953f-08ef22441234.svcp_1-0-5.20150325.somatic.genotype.tar.gz-md5sum_time": 0, 
                "6e776415-ddf4-4060-953f-08ef22441234.svcp_1-0-5.20150325.somatic.imputeCounts.tar.gz-download_time": 42, 
                "6e776415-ddf4-4060-953f-08ef22441234.svcp_1-0-5.20150325.somatic.imputeCounts.tar.gz-md5sum_time": 1, 
                "6e776415-ddf4-4060-953f-08ef22441234.svcp_1-0-5.20150325.somatic.indel.tar.gz-download_time": 62, 
                "6e776415-ddf4-4060-953f-08ef22441234.svcp_1-0-5.20150325.somatic.indel.tar.gz-md5sum_time": 3, 
                "6e776415-ddf4-4060-953f-08ef22441234.svcp_1-0-5.20150325.somatic.indel.vcf.gz-download_time": 16, 
                "6e776415-ddf4-4060-953f-08ef22441234.svcp_1-0-5.20150325.somatic.indel.vcf.gz-md5sum_time": 0, 
                "6e776415-ddf4-4060-953f-08ef22441234.svcp_1-0-5.20150325.somatic.indel.vcf.gz.tbi-download_time": 13, 
                "6e776415-ddf4-4060-953f-08ef22441234.svcp_1-0-5.20150325.somatic.indel.vcf.gz.tbi-md5sum_time": 0, 
                "6e776415-ddf4-4060-953f-08ef22441234.svcp_1-0-5.20150325.somatic.snv_mnv.tar.gz-download_time": 22, 
                "6e776415-ddf4-4060-953f-08ef22441234.svcp_1-0-5.20150325.somatic.snv_mnv.tar.gz-md5sum_time": 1, 
                "6e776415-ddf4-4060-953f-08ef22441234.svcp_1-0-5.20150325.somatic.snv_mnv.vcf.gz-download_time": 13, 
                "6e776415-ddf4-4060-953f-08ef22441234.svcp_1-0-5.20150325.somatic.snv_mnv.vcf.gz-md5sum_time": 0, 
                "6e776415-ddf4-4060-953f-08ef22441234.svcp_1-0-5.20150325.somatic.snv_mnv.vcf.gz.tbi-download_time": 12, 
                "6e776415-ddf4-4060-953f-08ef22441234.svcp_1-0-5.20150325.somatic.snv_mnv.vcf.gz.tbi-md5sum_time": 1, 
                "6e776415-ddf4-4060-953f-08ef22441234.svcp_1-0-5.20150325.somatic.verifyBamId.tar.gz-download_time": 13, 
                "6e776415-ddf4-4060-953f-08ef22441234.svcp_1-0-5.20150325.somatic.verifyBamId.tar.gz-md5sum_time": 0, 
                "6e776415-ddf4-4060-953f-08ef22441234.svfix_4-0-5.20160115.somatic.sv.tar.gz-download_time": 29, 
                "6e776415-ddf4-4060-953f-08ef22441234.svfix_4-0-5.20160115.somatic.sv.tar.gz-md5sum_time": 1, 
                "6e776415-ddf4-4060-953f-08ef22441234.svfix_4-0-5.20160115.somatic.sv.vcf.gz-download_time": 13, 
                "6e776415-ddf4-4060-953f-08ef22441234.svfix_4-0-5.20160115.somatic.sv.vcf.gz-md5sum_time": 0, 
                "6e776415-ddf4-4060-953f-08ef22441234.svfix_4-0-5.20160115.somatic.sv.vcf.gz.tbi-download_time": 12, 
                "6e776415-ddf4-4060-953f-08ef22441234.svfix_4-0-5.20160115.somatic.sv.vcf.gz.tbi-md5sum_time": 0, 
                "8a55df24-bb9c-11e5-970c-81cbeac6e0c4.xml-download_time": 13, 
                "8a55df24-bb9c-11e5-970c-81cbeac6e0c4.xml-md5sum_time": 0, 
                "start": 1454619352, 
                "stop": 1454619673, 
                "time": 321
            }
        }
    }, 
    "aliquot_id": null, 
    "available_repos": [
        {
            "https://gtrepo-osdc-icgc.annailabs.com/": {
                "file_md5sum": "48360a5ccaafbddfb8b4939541389b2a", 
                "file_size": 58255
            }
        }
    ], 
    "data_type": "Sanger-VCF", 
    "files": [
        {
            "file_md5sum": "f2e86ad53a64b1d0cfb6f90fd7a00bcf", 
            "file_name": "6e776415-ddf4-4060-953f-08ef22441234.svcp_1-0-5.20150325.somatic.snv_mnv.vcf.gz", 
            "file_size": 2375321, 
            "object_id": "f501ed3c-4375-5fbb-b395-961289b30258"
        }, 
        {
            "file_md5sum": "fd7f15e93fb1498e1b7f5da93aab9b34", 
            "file_name": "6e776415-ddf4-4060-953f-08ef22441234.svcp_1-0-5.20150325.somatic.snv_mnv.vcf.gz.tbi", 
            "file_size": 400403, 
            "object_id": "8f2cc3a6-f27c-5fdc-a9ca-c4bd8ff14613"
        }, 
        {
            "file_md5sum": "84559d817ea3d08b8549a1ff7ef3b39e", 
            "file_name": "6e776415-ddf4-4060-953f-08ef22441234.svcp_1-0-5.20150325.somatic.cnv.vcf.gz", 
            "file_size": 4464, 
            "object_id": "bf3f69b3-9f70-57e9-89d7-ea0fece2e258"
        }, 
        {
            "file_md5sum": "0a2382e17043a84478a15760d27dff8d", 
            "file_name": "6e776415-ddf4-4060-953f-08ef22441234.svcp_1-0-5.20150325.somatic.cnv.vcf.gz.tbi", 
            "file_size": 5876, 
            "object_id": "a89b6be4-1d07-550f-9d95-8c2e56ac5957"
        }, 
        {
            "file_md5sum": "52cb05a7da8614dab7347b811482c5d9", 
            "file_name": "6e776415-ddf4-4060-953f-08ef22441234.svfix_4-0-5.20160115.somatic.sv.vcf.gz", 
            "file_size": 81997, 
            "object_id": "8da30f56-f7a4-57f7-b596-40efa58dd961"
        }, 
        {
            "file_md5sum": "7ee785dc30c325e18dd5a5f4757aa5a9", 
            "file_name": "6e776415-ddf4-4060-953f-08ef22441234.svfix_4-0-5.20160115.somatic.sv.vcf.gz.tbi", 
            "file_size": 7740, 
            "object_id": "c6b19712-3869-55a2-ac07-1d5db9c4cf20"
        }, 
        {
            "file_md5sum": "0c0488d8aa650a5d052638acf716bf19", 
            "file_name": "6e776415-ddf4-4060-953f-08ef22441234.svcp_1-0-5.20150325.somatic.indel.vcf.gz", 
            "file_size": 47768723, 
            "object_id": "337b5b8b-2c50-577b-afde-166c686f21b2"
        }, 
        {
            "file_md5sum": "8ca7d2eddd71b5626f16146c8eb10c36", 
            "file_name": "6e776415-ddf4-4060-953f-08ef22441234.svcp_1-0-5.20150325.somatic.indel.vcf.gz.tbi", 
            "file_size": 1461481, 
            "object_id": "719fcc4a-5022-5d5b-855c-21223ecdafd7"
        }, 
        {
            "file_md5sum": "0e7cc7b7a35248eb59ee455d749479d3", 
            "file_name": "6e776415-ddf4-4060-953f-08ef22441234.svcp_1-0-5.20150325.somatic.snv_mnv.tar.gz", 
            "file_size": 162004085, 
            "object_id": "80469a91-1769-5287-9b6d-9330109bd546"
        }, 
        {
            "file_md5sum": "a4a0757dfdca162d0b3335b32df64f1f", 
            "file_name": "6e776415-ddf4-4060-953f-08ef22441234.svcp_1-0-5.20150325.somatic.cnv.tar.gz", 
            "file_size": 26815035, 
            "object_id": "c054e7b2-67b1-53c5-94a9-6deaef57e977"
        }, 
        {
            "file_md5sum": "d0e6d10e606e71b233d38539b0179337", 
            "file_name": "6e776415-ddf4-4060-953f-08ef22441234.svfix_4-0-5.20160115.somatic.sv.tar.gz", 
            "file_size": 292217038, 
            "object_id": "7cea9068-af28-5a1c-9a40-e5961df1ee23"
        }, 
        {
            "file_md5sum": "4d8f8a7424386e43fb925670fa61c564",