{
    "_runs_": {
        "run_1453954910_5609ae24-c8e4-4bbb-a25d-d0836c411348": {
            "downloading": {
                "gnos-download_time": 104, 
                "start": 1453964119, 
                "stop": 1453964223, 
                "time": 104
            }, 
            "uploading": {
                "copy_meta_time": 1, 
                "start": 1453964237, 
                "stop": 1453964332, 
                "time": 95, 
                "upload_time": 93
            }
        }, 
        "run_1454598413_3c185cae-f827-4907-acfc-2907c86d6d6a": {
            "downloading": {
                "984db85c-bb85-11e5-970c-81cbeac6e0c4.xml-download_time": 12, 
                "984db85c-bb85-11e5-970c-81cbeac6e0c4.xml-md5sum_time": 0, 
                "f6189828-eeaa-4d21-b163-53bf3d47a640.svcp_1-0-4.20150204.somatic.cnv.tar.gz-download_time": 15, 
                "f6189828-eeaa-4d21-b163-53bf3d47a640.svcp_1-0-4.20150204.somatic.cnv.tar.gz-md5sum_time": 0, 
                "f6189828-eeaa-4d21-b163-53bf3d47a640.svcp_1-0-4.20150204.somatic.cnv.vcf.gz-download_time": 12, 
                "f6189828-eeaa-4d21-b163-53bf3d47a640.svcp_1-0-4.20150204.somatic.cnv.vcf.gz-md5sum_time": 0, 
                "f6189828-eeaa-4d21-b163-53bf3d47a640.svcp_1-0-4.20150204.somatic.cnv.vcf.gz.tbi-download_time": 13, 
                "f6189828-eeaa-4d21-b163-53bf3d47a640.svcp_1-0-4.20150204.somatic.cnv.vcf.gz.tbi-md5sum_time": 0, 
                "f6189828-eeaa-4d21-b163-53bf3d47a640.svcp_1-0-4.20150204.somatic.genotype.tar.gz-download_time": 13, 
                "f6189828-eeaa-4d21-b163-53bf3d47a640.svcp_1-0-4.20150204.somatic.genotype.tar.gz-md5sum_time": 0, 
                "f6189828-eeaa-4d21-b163-53bf3d47a640.svcp_1-0-4.20150204.somatic.imputeCounts.tar.gz-download_time": 44, 
                "f6189828-eeaa-4d21-b163-53bf3d47a640.svcp_1-0-4.20150204.somatic.imputeCounts.tar.gz-md5sum_time": 2, 
                "f6189828-eeaa-4d21-b163-53bf3d47a640.svcp_1-0-4.20150204.somatic.indel.tar.gz-download_time": 71, 
                "f6189828-eeaa-4d21-b163-53bf3d47a640.svcp_1-0-4.20150204.somatic.indel.tar.gz-md5sum_time": 3, 
                "f6189828-eeaa-4d21-b163-53bf3d47a640.svcp_1-0-4.20150204.somatic.indel.vcf.gz-download_time": 16, 
                "f6189828-eeaa-4d21-b163-53bf3d47a640.svcp_1-0-4.20150204.somatic.indel.vcf.gz-md5sum_time": 0, 
                "f6189828-eeaa-4d21-b163-53bf3d47a640.svcp_1-0-4.20150204.somatic.indel.vcf.gz.tbi-download_time": 13, 
                "f6189828-eeaa-4d21-b163-53bf3d47a640.svcp_1-0-4.20150204.somatic.indel.vcf.gz.tbi-md5sum_time": 0, 
                "f6189828-eeaa-4d21-b163-53bf3d47a640.svcp_1-0-4.20150204.somatic.snv_mnv.tar.gz-download_time": 22, 
                "f6189828-eeaa-4d21-b163-53bf3d47a640.svcp_1-0-4.20150204.somatic.snv_mnv.tar.gz-md5sum_time": 0, 
                "f6189828-eeaa-4d21-b163-53bf3d47a640.svcp_1-0-4.20150204.somatic.snv_mnv.vcf.gz-download_time": 19, 
                "f6189828-eeaa-4d21-b163-53bf3d47a640.svcp_1-0-4.20150204.somatic.snv_mnv.vcf.gz-md5sum_time": 0, 
                "f6189828-eeaa-4d21-b163-53bf3d47a640.svcp_1-0-4.20150204.somatic.snv_mnv.vcf.gz.tbi-download_time": 13, 
                "f6189828-eeaa-4d21-b163-53bf3d47a640.svcp_1-0-4.20150204.somatic.snv_mnv.vcf.gz.tbi-md5sum_time": 0, 
                "f6189828-eeaa-4d21-b163-53bf3d47a640.svcp_1-0-4.20150204.somatic.verifyBamId.tar.gz-download_time": 14, 
                "f6189828-eeaa-4d21-b163-53bf3d47a640.svcp_1-0-4.20150204.somatic.verifyBamId.tar.gz-md5sum_time": 0, 
                "f6189828-eeaa-4d21-b163-53bf3d47a640.svfix_4-0-5.20160115.somatic.sv.tar.gz-download_time": 29, 
                "f6189828-eeaa-4d21-b163-53bf3d47a640.svfix_4-0-5.20160115.somatic.sv.tar.gz-md5sum_time": 1, 
                "f6189828-eeaa-4d21-b163-53bf3d47a640.svfix_4-0-5.20160115.somatic.sv.vcf.gz-download_time": 13, 
                "f6189828-eeaa-4d21-b163-53bf3d47a640.svfix_4-0-5.20160115.somatic.sv.vcf.gz-md5sum_time": 0, 
                "f6189828-eeaa-4d21-b163-53bf3d47a640.svfix_4-0-5.20160115.somatic.sv.vcf.gz.tbi-download_time": 12, 
                "f6189828-eeaa-4d21-b163-53bf3d47a640.svfix_4-0-5.20160115.somatic.sv.vcf.gz.tbi-md5sum_time": 0, 
                "start": 1454629944, 
                "stop": 1454630281, 
                "time": 337
            }
        }
    }, 
    "aliquot_id": null, 
    "available_repos": [
        {
            "https://gtrepo-osdc-icgc.annailabs.com/": {
                "file_md5sum": "eee1ec01fad084e726c1be61af1633f4", 
                "file_size": 57702
            }
        }
    ], 
    "data_type": "Sanger-VCF", 
    "files": [
        {
            "file_md5sum": "fccc13c8fbd0aa9ef8e61dbbb5121884", 
            "file_name": "f6189828-eeaa-4d21-b163-53bf3d47a640.svcp_1-0-4.20150204.somatic.snv_mnv.vcf.gz", 
            "file_size": 2356154, 
            "object_id": "c941d47b-cbef-5fef-91ee-87a9b24a6329"
        }, 
        {
            "file_md5sum": "4f0ac094fd11d0ccc22e341204b600c5", 
            "file_name": "f6189828-eeaa-4d21-b163-53bf3d47a640.svcp_1-0-4.20150204.somatic.snv_mnv.vcf.gz.tbi", 
            "file_size": 408531, 
            "object_id": "31328c96-1ba7-5689-a6e3-17d599e3cb6a"
        }, 
        {
            "file_md5sum": "6ffd071d4b6f3570f382ef755beb6dda", 
            "file_name": "f6189828-eeaa-4d21-b163-53bf3d47a640.svcp_1-0-4.20150204.somatic.cnv.vcf.gz", 
            "file_size": 4055, 
            "object_id": "5df60369-e766-5ec2-9362-c062b9f995fc"
        }, 
        {
            "file_md5sum": "768d94fd3acdc8b535ec7d5378d75854", 
            "file_name": "f6189828-eeaa-4d21-b163-53bf3d47a640.svcp_1-0-4.20150204.somatic.cnv.vcf.gz.tbi", 
            "file_size": 5662, 
            "object_id": "a9c08f3b-1040-5e55-b427-31b184ccb6df"
        }, 
        {
            "file_md5sum": "12c098fde2b274ac22ec15f6e9051d5c", 
            "file_name": "f6189828-eeaa-4d21-b163-53bf3d47a640.svfix_4-0-5.20160115.somatic.sv.vcf.gz", 
            "file_size": 74453, 
            "object_id": "1ba31764-48df-5d58-a981-421d902baf4d"
        }, 
        {
            "file_md5sum": "6201795c9d14391b92c40c85a21fbbca", 
            "file_name": "f6189828-eeaa-4d21-b163-53bf3d47a640.svfix_4-0-5.20160115.somatic.sv.vcf.gz.tbi", 
            "file_size": 8258, 
            "object_id": "41182cf1-d4c3-54b9-89cd-8a7b7b64d691"
        }, 
        {
            "file_md5sum": "9806e571e11c08a925e788b1b5a8e98a", 
            "file_name": "f6189828-eeaa-4d21-b163-53bf3d47a640.svcp_1-0-4.20150204.somatic.indel.vcf.gz", 
            "file_size": 50650154, 
            "object_id": "21e9be42-bbcb-5077-91e8-02d08259d6be"
        }, 
        {
            "file_md5sum": "8203ac3f8d975ba541e823c129055895", 
            "file_name": "f6189828-eeaa-4d21-b163-53bf3d47a640.svcp_1-0-4.20150204.somatic.indel.vcf.gz.tbi", 
            "file_size": 1457188, 
            "object_id": "6fea822c-39ae-58b7-b68c-acc37cc074b2"
        }, 
        {
            "file_md5sum": "b4ff1f8b9f2892d4f3d339d3b5d38174", 
            "file_name": "f6189828-eeaa-4d21-b163-53bf3d47a640.svcp_1-0-4.20150204.somatic.snv_mnv.tar.gz", 
            "file_size": 167838512, 
            "object_id": "93e927a6-86b4-5360-bfc6-84e022a0825e"
        }, 
        {
            "file_md5sum": "ddb5db8ea3b9b86a4244a01023c78360", 
            "file_name": "f6189828-eeaa-4d21-b163-53bf3d47a640.svcp_1-0-4.20150204.somatic.cnv.tar.gz", 
            "file_size": 26703004, 
            "object_id": "9d8d965a-a229-525c-bb6e-a35fb9f05d45"
        }, 
        {
            "file_md5sum": "4b33fa10ad62e55f09862d2fa82cdbdf", 
            "file_name": "f6189828-eeaa-4d21-b163-53bf3d47a640.svfix_4-0-5.20160115.somatic.sv.tar.gz", 
            "file_size": 291500073, 
            "object_id": "d963159b-1c4d-5d63-ac54-68cc33ff149d"
        }, 
        {
            "file_md5sum": "0d3bd45189053c50d59a5864c48e2656",