{
    "_runs_": {
        "run_1453954855_ec8b3200-ece3-4876-b26c-61d25a8034bf": {
            "downloading": {
                "gnos-download_time": 81, 
                "start": 1453973298, 
                "stop": 1453973379, 
                "time": 81
            }, 
            "uploading": {
                "copy_meta_time": 1, 
                "start": 1453973387, 
                "stop": 1453973475, 
                "time": 88, 
                "upload_time": 86
            }
        }, 
        "run_1454698755_903b0f92-d9ee-49d4-8095-339a44ab6782": {
            "downloading": {
                "a9d055c6-6c53-4e85-8270-34883a1342a9.svcp_1-0-4.20150203.somatic.cnv.tar.gz-download_time": 16, 
                "a9d055c6-6c53-4e85-8270-34883a1342a9.svcp_1-0-4.20150203.somatic.cnv.tar.gz-md5sum_time": 0, 
                "a9d055c6-6c53-4e85-8270-34883a1342a9.svcp_1-0-4.20150203.somatic.cnv.vcf.gz-download_time": 13, 
                "a9d055c6-6c53-4e85-8270-34883a1342a9.svcp_1-0-4.20150203.somatic.cnv.vcf.gz-md5sum_time": 0, 
                "a9d055c6-6c53-4e85-8270-34883a1342a9.svcp_1-0-4.20150203.somatic.cnv.vcf.gz.tbi-download_time": 13, 
                "a9d055c6-6c53-4e85-8270-34883a1342a9.svcp_1-0-4.20150203.somatic.cnv.vcf.gz.tbi-md5sum_time": 0, 
                "a9d055c6-6c53-4e85-8270-34883a1342a9.svcp_1-0-4.20150203.somatic.genotype.tar.gz-download_time": 13, 
                "a9d055c6-6c53-4e85-8270-34883a1342a9.svcp_1-0-4.20150203.somatic.genotype.tar.gz-md5sum_time": 0, 
                "a9d055c6-6c53-4e85-8270-34883a1342a9.svcp_1-0-4.20150203.somatic.imputeCounts.tar.gz-download_time": 43, 
                "a9d055c6-6c53-4e85-8270-34883a1342a9.svcp_1-0-4.20150203.somatic.imputeCounts.tar.gz-md5sum_time": 2, 
                "a9d055c6-6c53-4e85-8270-34883a1342a9.svcp_1-0-4.20150203.somatic.indel.tar.gz-download_time": 52, 
                "a9d055c6-6c53-4e85-8270-34883a1342a9.svcp_1-0-4.20150203.somatic.indel.tar.gz-md5sum_time": 2, 
                "a9d055c6-6c53-4e85-8270-34883a1342a9.svcp_1-0-4.20150203.somatic.indel.vcf.gz-download_time": 16, 
                "a9d055c6-6c53-4e85-8270-34883a1342a9.svcp_1-0-4.20150203.somatic.indel.vcf.gz-md5sum_time": 0, 
                "a9d055c6-6c53-4e85-8270-34883a1342a9.svcp_1-0-4.20150203.somatic.indel.vcf.gz.tbi-download_time": 12, 
                "a9d055c6-6c53-4e85-8270-34883a1342a9.svcp_1-0-4.20150203.somatic.indel.vcf.gz.tbi-md5sum_time": 0, 
                "a9d055c6-6c53-4e85-8270-34883a1342a9.svcp_1-0-4.20150203.somatic.snv_mnv.tar.gz-download_time": 22, 
                "a9d055c6-6c53-4e85-8270-34883a1342a9.svcp_1-0-4.20150203.somatic.snv_mnv.tar.gz-md5sum_time": 1, 
                "a9d055c6-6c53-4e85-8270-34883a1342a9.svcp_1-0-4.20150203.somatic.snv_mnv.vcf.gz-download_time": 13, 
                "a9d055c6-6c53-4e85-8270-34883a1342a9.svcp_1-0-4.20150203.somatic.snv_mnv.vcf.gz-md5sum_time": 0, 
                "a9d055c6-6c53-4e85-8270-34883a1342a9.svcp_1-0-4.20150203.somatic.snv_mnv.vcf.gz.tbi-download_time": 15, 
                "a9d055c6-6c53-4e85-8270-34883a1342a9.svcp_1-0-4.20150203.somatic.snv_mnv.vcf.gz.tbi-md5sum_time": 0, 
                "a9d055c6-6c53-4e85-8270-34883a1342a9.svcp_1-0-4.20150203.somatic.verifyBamId.tar.gz-download_time": 14, 
                "a9d055c6-6c53-4e85-8270-34883a1342a9.svcp_1-0-4.20150203.somatic.verifyBamId.tar.gz-md5sum_time": 0, 
                "a9d055c6-6c53-4e85-8270-34883a1342a9.svfix_4-0-5.20160114.somatic.sv.tar.gz-download_time": 29, 
                "a9d055c6-6c53-4e85-8270-34883a1342a9.svfix_4-0-5.20160114.somatic.sv.tar.gz-md5sum_time": 2, 
                "a9d055c6-6c53-4e85-8270-34883a1342a9.svfix_4-0-5.20160114.somatic.sv.vcf.gz-download_time": 12, 
                "a9d055c6-6c53-4e85-8270-34883a1342a9.svfix_4-0-5.20160114.somatic.sv.vcf.gz-md5sum_time": 0, 
                "a9d055c6-6c53-4e85-8270-34883a1342a9.svfix_4-0-5.20160114.somatic.sv.vcf.gz.tbi-download_time": 13, 
                "a9d055c6-6c53-4e85-8270-34883a1342a9.svfix_4-0-5.20160114.somatic.sv.vcf.gz.tbi-md5sum_time": 0, 
                "c1465c5c-bacf-11e5-9285-ff6ceac6e0c4.xml-download_time": 13, 
                "c1465c5c-bacf-11e5-9285-ff6ceac6e0c4.xml-md5sum_time": 0, 
                "start": 1454711590, 
                "stop": 1454711906, 
                "time": 316
            }
        }
    }, 
    "aliquot_id": null, 
    "available_repos": [
        {
            "https://gtrepo-osdc-icgc.annailabs.com/": {
                "file_md5sum": "4fc8b8d36dda7db5e569eea31454fa66", 
                "file_size": 61217
            }
        }
    ], 
    "data_type": "Sanger-VCF", 
    "files": [
        {
            "file_md5sum": "744d7bd4f8adc4b0a329c58a59399a0c", 
            "file_name": "a9d055c6-6c53-4e85-8270-34883a1342a9.svcp_1-0-4.20150203.somatic.snv_mnv.vcf.gz", 
            "file_size": 2314110, 
            "object_id": "ab975afe-5a03-5bd7-b8d6-1ab16cc9c3ae"
        }, 
        {
            "file_md5sum": "b7e2d59a04ab1a44a35d0d149435d3cc", 
            "file_name": "a9d055c6-6c53-4e85-8270-34883a1342a9.svcp_1-0-4.20150203.somatic.snv_mnv.vcf.gz.tbi", 
            "file_size": 314633, 
            "object_id": "aee725fc-f76f-521c-90de-e0cd73c9ca38"
        }, 
        {
            "file_md5sum": "41e82765c1f1101df5c6d39bff241cb1", 
            "file_name": "a9d055c6-6c53-4e85-8270-34883a1342a9.svcp_1-0-4.20150203.somatic.cnv.vcf.gz", 
            "file_size": 1913, 
            "object_id": "0bde4b34-0d48-566c-a87c-341851d7b921"
        }, 
        {
            "file_md5sum": "e6d8c4fb088f0813612a6bb213cb9749", 
            "file_name": "a9d055c6-6c53-4e85-8270-34883a1342a9.svcp_1-0-4.20150203.somatic.cnv.vcf.gz.tbi", 
            "file_size": 4092, 
            "object_id": "11a1d772-06fa-5a32-8cb3-7ba8d1e4822b"
        }, 
        {
            "file_md5sum": "39540e4bcee83f75c770473abaa16e91", 
            "file_name": "a9d055c6-6c53-4e85-8270-34883a1342a9.svfix_4-0-5.20160114.somatic.sv.vcf.gz", 
            "file_size": 4140, 
            "object_id": "3840fef3-23e1-56d1-b7f3-a17e9445b67c"
        }, 
        {
            "file_md5sum": "1779e8093134be81d04ded989e5d3c5b", 
            "file_name": "a9d055c6-6c53-4e85-8270-34883a1342a9.svfix_4-0-5.20160114.somatic.sv.vcf.gz.tbi", 
            "file_size": 580, 
            "object_id": "6827c460-8668-5c8d-984f-5ab145af16c2"
        }, 
        {
            "file_md5sum": "92bdb8d304ef4bc89e34dc68407e7b99", 
            "file_name": "a9d055c6-6c53-4e85-8270-34883a1342a9.svcp_1-0-4.20150203.somatic.indel.vcf.gz", 
            "file_size": 43728757, 
            "object_id": "e0ce488e-f1ed-558e-9313-584a2eb73d45"
        }, 
        {
            "file_md5sum": "cb220f1a52aeaa66780f51a2d8a25fff", 
            "file_name": "a9d055c6-6c53-4e85-8270-34883a1342a9.svcp_1-0-4.20150203.somatic.indel.vcf.gz.tbi", 
            "file_size": 1412344, 
            "object_id": "73d8c028-141e-5fa8-a89e-a85ba485cede"
        }, 
        {
            "file_md5sum": "2b0efcfbcc6f7a80b252ab68d73f64a1", 
            "file_name": "a9d055c6-6c53-4e85-8270-34883a1342a9.svcp_1-0-4.20150203.somatic.snv_mnv.tar.gz", 
            "file_size": 161670413, 
            "object_id": "2057f51d-876c-5fd2-9ac7-ba54ebd64d66"
        }, 
        {
            "file_md5sum": "463fa2c8376003718480aae1211875b5", 
            "file_name": "a9d055c6-6c53-4e85-8270-34883a1342a9.svcp_1-0-4.20150203.somatic.cnv.tar.gz", 
            "file_size": 27228844, 
            "object_id": "2532a338-dab8-5277-81f5-494bcdfd469e"
        }, 
        {
            "file_md5sum": "d08da69ab7799ea1667ba0ee9b7cb7a0", 
            "file_name": "a9d055c6-6c53-4e85-8270-34883a1342a9.svfix_4-0-5.20160114.somatic.sv.tar.gz", 
            "file_size": 285224340, 
            "object_id": "90a1f9be-cb2c-5ef9-8188-bae72a475e24"
        }, 
        {
            "file_md5sum": "ab11f811e7cb9dadd68f9a0554d151e8",