{
    "_runs_": {
        "run_1454096207_7aa7eb73-c46e-4969-98b0-0947e2ff3cdc": {
            "downloading": {
                "gnos-download_time": 83, 
                "start": 1454104856, 
                "stop": 1454104940, 
                "time": 84
            }, 
            "uploading": {
                "copy_meta_time": 1, 
                "start": 1454104945, 
                "stop": 1454105037, 
                "time": 92, 
                "upload_time": 90
            }
        }, 
        "run_1454698888_5069c0b3-ffbf-4c39-89a5-f83edddf434c": {
            "downloading": {
                "c7d734fe-b716-11e5-a99f-10b251327fcc.xml-download_time": 13, 
                "c7d734fe-b716-11e5-a99f-10b251327fcc.xml-md5sum_time": 0, 
                "e99ccc0c-c622-11e3-bf01-24c6515278c0.svcp_1-0-5.20150428.somatic.cnv.tar.gz-download_time": 15, 
                "e99ccc0c-c622-11e3-bf01-24c6515278c0.svcp_1-0-5.20150428.somatic.cnv.tar.gz-md5sum_time": 0, 
                "e99ccc0c-c622-11e3-bf01-24c6515278c0.svcp_1-0-5.20150428.somatic.cnv.vcf.gz-download_time": 14, 
                "e99ccc0c-c622-11e3-bf01-24c6515278c0.svcp_1-0-5.20150428.somatic.cnv.vcf.gz-md5sum_time": 0, 
                "e99ccc0c-c622-11e3-bf01-24c6515278c0.svcp_1-0-5.20150428.somatic.cnv.vcf.gz.tbi-download_time": 13, 
                "e99ccc0c-c622-11e3-bf01-24c6515278c0.svcp_1-0-5.20150428.somatic.cnv.vcf.gz.tbi-md5sum_time": 0, 
                "e99ccc0c-c622-11e3-bf01-24c6515278c0.svcp_1-0-5.20150428.somatic.genotype.tar.gz-download_time": 13, 
                "e99ccc0c-c622-11e3-bf01-24c6515278c0.svcp_1-0-5.20150428.somatic.genotype.tar.gz-md5sum_time": 0, 
                "e99ccc0c-c622-11e3-bf01-24c6515278c0.svcp_1-0-5.20150428.somatic.imputeCounts.tar.gz-download_time": 43, 
                "e99ccc0c-c622-11e3-bf01-24c6515278c0.svcp_1-0-5.20150428.somatic.imputeCounts.tar.gz-md5sum_time": 2, 
                "e99ccc0c-c622-11e3-bf01-24c6515278c0.svcp_1-0-5.20150428.somatic.indel.tar.gz-download_time": 65, 
                "e99ccc0c-c622-11e3-bf01-24c6515278c0.svcp_1-0-5.20150428.somatic.indel.tar.gz-md5sum_time": 2, 
                "e99ccc0c-c622-11e3-bf01-24c6515278c0.svcp_1-0-5.20150428.somatic.indel.vcf.gz-download_time": 17, 
                "e99ccc0c-c622-11e3-bf01-24c6515278c0.svcp_1-0-5.20150428.somatic.indel.vcf.gz-md5sum_time": 1, 
                "e99ccc0c-c622-11e3-bf01-24c6515278c0.svcp_1-0-5.20150428.somatic.indel.vcf.gz.tbi-download_time": 13, 
                "e99ccc0c-c622-11e3-bf01-24c6515278c0.svcp_1-0-5.20150428.somatic.indel.vcf.gz.tbi-md5sum_time": 0, 
                "e99ccc0c-c622-11e3-bf01-24c6515278c0.svcp_1-0-5.20150428.somatic.snv_mnv.tar.gz-download_time": 22, 
                "e99ccc0c-c622-11e3-bf01-24c6515278c0.svcp_1-0-5.20150428.somatic.snv_mnv.tar.gz-md5sum_time": 1, 
                "e99ccc0c-c622-11e3-bf01-24c6515278c0.svcp_1-0-5.20150428.somatic.snv_mnv.vcf.gz-download_time": 14, 
                "e99ccc0c-c622-11e3-bf01-24c6515278c0.svcp_1-0-5.20150428.somatic.snv_mnv.vcf.gz-md5sum_time": 0, 
                "e99ccc0c-c622-11e3-bf01-24c6515278c0.svcp_1-0-5.20150428.somatic.snv_mnv.vcf.gz.tbi-download_time": 14, 
                "e99ccc0c-c622-11e3-bf01-24c6515278c0.svcp_1-0-5.20150428.somatic.snv_mnv.vcf.gz.tbi-md5sum_time": 0, 
                "e99ccc0c-c622-11e3-bf01-24c6515278c0.svcp_1-0-5.20150428.somatic.verifyBamId.tar.gz-download_time": 13, 
                "e99ccc0c-c622-11e3-bf01-24c6515278c0.svcp_1-0-5.20150428.somatic.verifyBamId.tar.gz-md5sum_time": 0, 
                "e99ccc0c-c622-11e3-bf01-24c6515278c0.svfix_4-0-5.20160109.somatic.sv.tar.gz-download_time": 31, 
                "e99ccc0c-c622-11e3-bf01-24c6515278c0.svfix_4-0-5.20160109.somatic.sv.tar.gz-md5sum_time": 1, 
                "e99ccc0c-c622-11e3-bf01-24c6515278c0.svfix_4-0-5.20160109.somatic.sv.vcf.gz-download_time": 13, 
                "e99ccc0c-c622-11e3-bf01-24c6515278c0.svfix_4-0-5.20160109.somatic.sv.vcf.gz-md5sum_time": 0, 
                "e99ccc0c-c622-11e3-bf01-24c6515278c0.svfix_4-0-5.20160109.somatic.sv.vcf.gz.tbi-download_time": 13, 
                "e99ccc0c-c622-11e3-bf01-24c6515278c0.svfix_4-0-5.20160109.somatic.sv.vcf.gz.tbi-md5sum_time": 0, 
                "start": 1454714104, 
                "stop": 1454714438, 
                "time": 334
            }
        }
    }, 
    "aliquot_id": null, 
    "available_repos": [
        {
            "https://gtrepo-dkfz.annailabs.com/": {
                "file_md5sum": "355eeaf41fbdaf3245065036c07d24e8", 
                "file_size": 58518
            }
        }
    ], 
    "data_type": "Sanger-VCF", 
    "files": [
        {
            "file_md5sum": "6a3e77c26f4c9eb6a5778d40cbc88b4a", 
            "file_name": "e99ccc0c-c622-11e3-bf01-24c6515278c0.svcp_1-0-5.20150428.somatic.snv_mnv.vcf.gz", 
            "file_size": 1750175, 
            "object_id": "aee28409-eb33-5d3d-8f67-0a010259b71a"
        }, 
        {
            "file_md5sum": "f03aa0eda3e775c3287faf6e6e150e2e", 
            "file_name": "e99ccc0c-c622-11e3-bf01-24c6515278c0.svcp_1-0-5.20150428.somatic.snv_mnv.vcf.gz.tbi", 
            "file_size": 345802, 
            "object_id": "ebe259de-1829-5bc5-b877-a7ff30927703"
        }, 
        {
            "file_md5sum": "dcc3294668df0a452f7853ad9b73e523", 
            "file_name": "e99ccc0c-c622-11e3-bf01-24c6515278c0.svcp_1-0-5.20150428.somatic.cnv.vcf.gz", 
            "file_size": 2391, 
            "object_id": "ab1d3306-ed43-58e6-a172-3ee327c98cbe"
        }, 
        {
            "file_md5sum": "8b82118065fde058ed46687893b9c3ed", 
            "file_name": "e99ccc0c-c622-11e3-bf01-24c6515278c0.svcp_1-0-5.20150428.somatic.cnv.vcf.gz.tbi", 
            "file_size": 4536, 
            "object_id": "dced3e45-bbe1-5a28-873d-338e9e706b8a"
        }, 
        {
            "file_md5sum": "ea7b9649c4d492f55761ba16596ff490", 
            "file_name": "e99ccc0c-c622-11e3-bf01-24c6515278c0.svfix_4-0-5.20160109.somatic.sv.vcf.gz", 
            "file_size": 11297, 
            "object_id": "1105298e-b8ee-599a-ba88-fbb3918d2b2f"
        }, 
        {
            "file_md5sum": "770585ec37615e9355062748ea5ae914", 
            "file_name": "e99ccc0c-c622-11e3-bf01-24c6515278c0.svfix_4-0-5.20160109.somatic.sv.vcf.gz.tbi", 
            "file_size": 1933, 
            "object_id": "9a8b771c-233b-52b8-9cba-1956b568390a"
        }, 
        {
            "file_md5sum": "08baf6b79f5256860f34f02e0ff307c9", 
            "file_name": "e99ccc0c-c622-11e3-bf01-24c6515278c0.svcp_1-0-5.20150428.somatic.indel.vcf.gz", 
            "file_size": 50766322, 
            "object_id": "ac292511-1e50-5d0f-8191-23982948b990"
        }, 
        {
            "file_md5sum": "ffab8012baa112a4511d6633df2490ac", 
            "file_name": "e99ccc0c-c622-11e3-bf01-24c6515278c0.svcp_1-0-5.20150428.somatic.indel.vcf.gz.tbi", 
            "file_size": 1492880, 
            "object_id": "681452ad-e204-5c0a-84cb-27a4f01ef2a0"
        }, 
        {
            "file_md5sum": "d9f3c50aefca30d6b6a30c7917eee949", 
            "file_name": "e99ccc0c-c622-11e3-bf01-24c6515278c0.svcp_1-0-5.20150428.somatic.snv_mnv.tar.gz", 
            "file_size": 157727279, 
            "object_id": "14adc0cd-833d-5be0-a616-a41ac1caa760"
        }, 
        {
            "file_md5sum": "db0154bd1ca546f4943717688c9687e5", 
            "file_name": "e99ccc0c-c622-11e3-bf01-24c6515278c0.svcp_1-0-5.20150428.somatic.cnv.tar.gz", 
            "file_size": 26802431, 
            "object_id": "433e9901-a864-5073-8ad5-3f5894a3b3ee"
        }, 
        {
            "file_md5sum": "ce788c38b78efa826856e6f81a05c5bc", 
            "file_name": "e99ccc0c-c622-11e3-bf01-24c6515278c0.svfix_4-0-5.20160109.somatic.sv.tar.gz", 
            "file_size": 302129370, 
            "object_id": "217b58bf-e23d-5779-a840-f7f8d4576ef5"
        }, 
        {
            "file_md5sum": "4b87d46c9d085da7ce12e37e6eb93f3d",