{
    "_runs_": {
        "run_1454096172_62349ac7-c920-456e-bba6-edfcfe6380eb": {
            "downloading": {
                "gnos-download_time": 88, 
                "start": 1454104977, 
                "stop": 1454105066, 
                "time": 89
            }, 
            "uploading": {
                "copy_meta_time": 2, 
                "start": 1454105070, 
                "stop": 1454105159, 
                "time": 89, 
                "upload_time": 87
            }
        }, 
        "run_1454698820_31e0fe60-9a43-4101-83ad-8a596dbe60ad": {
            "downloading": {
                "35f82a33-bde2-47e2-8aba-ff1fd5920219.svcp_1-0-5.20150630.somatic.cnv.tar.gz-download_time": 15, 
                "35f82a33-bde2-47e2-8aba-ff1fd5920219.svcp_1-0-5.20150630.somatic.cnv.tar.gz-md5sum_time": 0, 
                "35f82a33-bde2-47e2-8aba-ff1fd5920219.svcp_1-0-5.20150630.somatic.cnv.vcf.gz-download_time": 13, 
                "35f82a33-bde2-47e2-8aba-ff1fd5920219.svcp_1-0-5.20150630.somatic.cnv.vcf.gz-md5sum_time": 0, 
                "35f82a33-bde2-47e2-8aba-ff1fd5920219.svcp_1-0-5.20150630.somatic.cnv.vcf.gz.tbi-download_time": 12, 
                "35f82a33-bde2-47e2-8aba-ff1fd5920219.svcp_1-0-5.20150630.somatic.cnv.vcf.gz.tbi-md5sum_time": 0, 
                "35f82a33-bde2-47e2-8aba-ff1fd5920219.svcp_1-0-5.20150630.somatic.genotype.tar.gz-download_time": 13, 
                "35f82a33-bde2-47e2-8aba-ff1fd5920219.svcp_1-0-5.20150630.somatic.genotype.tar.gz-md5sum_time": 0, 
                "35f82a33-bde2-47e2-8aba-ff1fd5920219.svcp_1-0-5.20150630.somatic.imputeCounts.tar.gz-download_time": 43, 
                "35f82a33-bde2-47e2-8aba-ff1fd5920219.svcp_1-0-5.20150630.somatic.imputeCounts.tar.gz-md5sum_time": 2, 
                "35f82a33-bde2-47e2-8aba-ff1fd5920219.svcp_1-0-5.20150630.somatic.indel.tar.gz-download_time": 68, 
                "35f82a33-bde2-47e2-8aba-ff1fd5920219.svcp_1-0-5.20150630.somatic.indel.tar.gz-md5sum_time": 4, 
                "35f82a33-bde2-47e2-8aba-ff1fd5920219.svcp_1-0-5.20150630.somatic.indel.vcf.gz-download_time": 17, 
                "35f82a33-bde2-47e2-8aba-ff1fd5920219.svcp_1-0-5.20150630.somatic.indel.vcf.gz-md5sum_time": 0, 
                "35f82a33-bde2-47e2-8aba-ff1fd5920219.svcp_1-0-5.20150630.somatic.indel.vcf.gz.tbi-download_time": 12, 
                "35f82a33-bde2-47e2-8aba-ff1fd5920219.svcp_1-0-5.20150630.somatic.indel.vcf.gz.tbi-md5sum_time": 0, 
                "35f82a33-bde2-47e2-8aba-ff1fd5920219.svcp_1-0-5.20150630.somatic.snv_mnv.tar.gz-download_time": 21, 
                "35f82a33-bde2-47e2-8aba-ff1fd5920219.svcp_1-0-5.20150630.somatic.snv_mnv.tar.gz-md5sum_time": 1, 
                "35f82a33-bde2-47e2-8aba-ff1fd5920219.svcp_1-0-5.20150630.somatic.snv_mnv.vcf.gz-download_time": 13, 
                "35f82a33-bde2-47e2-8aba-ff1fd5920219.svcp_1-0-5.20150630.somatic.snv_mnv.vcf.gz-md5sum_time": 0, 
                "35f82a33-bde2-47e2-8aba-ff1fd5920219.svcp_1-0-5.20150630.somatic.snv_mnv.vcf.gz.tbi-download_time": 13, 
                "35f82a33-bde2-47e2-8aba-ff1fd5920219.svcp_1-0-5.20150630.somatic.snv_mnv.vcf.gz.tbi-md5sum_time": 0, 
                "35f82a33-bde2-47e2-8aba-ff1fd5920219.svcp_1-0-5.20150630.somatic.verifyBamId.tar.gz-download_time": 12, 
                "35f82a33-bde2-47e2-8aba-ff1fd5920219.svcp_1-0-5.20150630.somatic.verifyBamId.tar.gz-md5sum_time": 0, 
                "35f82a33-bde2-47e2-8aba-ff1fd5920219.svfix_4-0-5.20160107.somatic.sv.tar.gz-download_time": 31, 
                "35f82a33-bde2-47e2-8aba-ff1fd5920219.svfix_4-0-5.20160107.somatic.sv.tar.gz-md5sum_time": 1, 
                "35f82a33-bde2-47e2-8aba-ff1fd5920219.svfix_4-0-5.20160107.somatic.sv.vcf.gz-download_time": 13, 
                "35f82a33-bde2-47e2-8aba-ff1fd5920219.svfix_4-0-5.20160107.somatic.sv.vcf.gz-md5sum_time": 0, 
                "35f82a33-bde2-47e2-8aba-ff1fd5920219.svfix_4-0-5.20160107.somatic.sv.vcf.gz.tbi-download_time": 12, 
                "35f82a33-bde2-47e2-8aba-ff1fd5920219.svfix_4-0-5.20160107.somatic.sv.vcf.gz.tbi-md5sum_time": 0, 
                "c9aea062-b547-11e5-b950-10b251327fcc.xml-download_time": 13, 
                "c9aea062-b547-11e5-b950-10b251327fcc.xml-md5sum_time": 0, 
                "start": 1454714787, 
                "stop": 1454715116, 
                "time": 329
            }
        }
    }, 
    "aliquot_id": null, 
    "available_repos": [
        {
            "https://gtrepo-dkfz.annailabs.com/": {
                "file_md5sum": "842097e8de56f886f3e594c29734e1ed", 
                "file_size": 58725
            }
        }
    ], 
    "data_type": "Sanger-VCF", 
    "files": [
        {
            "file_md5sum": "b3321eda1124b29322b82a6b2a1a1605", 
            "file_name": "35f82a33-bde2-47e2-8aba-ff1fd5920219.svcp_1-0-5.20150630.somatic.snv_mnv.vcf.gz", 
            "file_size": 2156421, 
            "object_id": "b02d751a-d626-507e-939f-8f3595d8c0e4"
        }, 
        {
            "file_md5sum": "2dcd2859fdb7ba05eb937bf5c55250ee", 
            "file_name": "35f82a33-bde2-47e2-8aba-ff1fd5920219.svcp_1-0-5.20150630.somatic.snv_mnv.vcf.gz.tbi", 
            "file_size": 378286, 
            "object_id": "9e24982b-a4b4-5245-8ac7-110e93c9f834"
        }, 
        {
            "file_md5sum": "ea44c2fdfbeb317bc1308ea23dce7206", 
            "file_name": "35f82a33-bde2-47e2-8aba-ff1fd5920219.svcp_1-0-5.20150630.somatic.cnv.vcf.gz", 
            "file_size": 2129, 
            "object_id": "44d3ecb4-8baa-5b12-8ace-e4791ecb2a12"
        }, 
        {
            "file_md5sum": "6b0c2209072388c7b06a7c7d7a23ee41", 
            "file_name": "35f82a33-bde2-47e2-8aba-ff1fd5920219.svcp_1-0-5.20150630.somatic.cnv.vcf.gz.tbi", 
            "file_size": 4248, 
            "object_id": "e481ff8e-a5db-5712-841c-4b1435bb2731"
        }, 
        {
            "file_md5sum": "7395d8c4a0e978e2d9a7c65ed3d54d6e", 
            "file_name": "35f82a33-bde2-47e2-8aba-ff1fd5920219.svfix_4-0-5.20160107.somatic.sv.vcf.gz", 
            "file_size": 12649, 
            "object_id": "eb35f014-f90e-5179-8b07-1335e39b9e2f"
        }, 
        {
            "file_md5sum": "412344c5dcfbed8ae2e2a0ffc6901ddb", 
            "file_name": "35f82a33-bde2-47e2-8aba-ff1fd5920219.svfix_4-0-5.20160107.somatic.sv.vcf.gz.tbi", 
            "file_size": 1911, 
            "object_id": "0ea8f13e-7bca-5069-9651-0d18571d534b"
        }, 
        {
            "file_md5sum": "899afa896cd602b831a7755d4412633b", 
            "file_name": "35f82a33-bde2-47e2-8aba-ff1fd5920219.svcp_1-0-5.20150630.somatic.indel.vcf.gz", 
            "file_size": 49950549, 
            "object_id": "e90456c5-8d1f-52dc-89c1-4ad836ab41e6"
        }, 
        {
            "file_md5sum": "dd7b2b54452cb2a5a61847c026d8d04f", 
            "file_name": "35f82a33-bde2-47e2-8aba-ff1fd5920219.svcp_1-0-5.20150630.somatic.indel.vcf.gz.tbi", 
            "file_size": 1478174, 
            "object_id": "c5621886-447b-5880-8405-b954581e5ad8"
        }, 
        {
            "file_md5sum": "f7fe11a9b5de98d22878980571e6dd0d", 
            "file_name": "35f82a33-bde2-47e2-8aba-ff1fd5920219.svcp_1-0-5.20150630.somatic.snv_mnv.tar.gz", 
            "file_size": 162992329, 
            "object_id": "a7270fa6-a308-58a4-b09f-2da3007d1624"
        }, 
        {
            "file_md5sum": "d5d3d426d4d46bf6be90e0be43827b5d", 
            "file_name": "35f82a33-bde2-47e2-8aba-ff1fd5920219.svcp_1-0-5.20150630.somatic.cnv.tar.gz", 
            "file_size": 26691531, 
            "object_id": "28837288-f8a3-594a-b31d-3332b993e3ce"
        }, 
        {
            "file_md5sum": "87939155cbf727522aa60da1b3ea79a3", 
            "file_name": "35f82a33-bde2-47e2-8aba-ff1fd5920219.svfix_4-0-5.20160107.somatic.sv.tar.gz", 
            "file_size": 292251106, 
            "object_id": "8f37d2d8-3491-5ce5-9838-93148f7fd325"
        }, 
        {
            "file_md5sum": "7b05313353864ec110ee58d4910adefe",