{
    "_runs_": {
        "run_1454285703_2b9791f1-d0a8-4403-bd2d-9f3d79bba1f0": {
            "downloading": {
                "gnos-download_time": 43, 
                "start": 1454294286, 
                "stop": 1454294329, 
                "time": 43
            }, 
            "uploading": {
                "copy_meta_time": 1, 
                "start": 1454294332, 
                "stop": 1454294361, 
                "time": 29, 
                "upload_time": 28
            }
        }, 
        "run_1454698952_d058bae5-5e42-417a-bcd7-9a6997a804ed": {
            "downloading": {
                "616ff577-c5c3-432e-a857-f29901de119c.broad-dRanger.20150918.somatic.sv.vcf.gz-download_time": 12, 
                "616ff577-c5c3-432e-a857-f29901de119c.broad-dRanger.20150918.somatic.sv.vcf.gz-md5sum_time": 0, 
                "616ff577-c5c3-432e-a857-f29901de119c.broad-dRanger.20150918.somatic.sv.vcf.gz.idx-download_time": 12, 
                "616ff577-c5c3-432e-a857-f29901de119c.broad-dRanger.20150918.somatic.sv.vcf.gz.idx-md5sum_time": 0, 
                "616ff577-c5c3-432e-a857-f29901de119c.broad-dRanger_snowman.20150918.somatic.sv.vcf.gz-download_time": 12, 
                "616ff577-c5c3-432e-a857-f29901de119c.broad-dRanger_snowman.20150918.somatic.sv.vcf.gz-md5sum_time": 0, 
                "616ff577-c5c3-432e-a857-f29901de119c.broad-dRanger_snowman.20150918.somatic.sv.vcf.gz.idx-download_time": 12, 
                "616ff577-c5c3-432e-a857-f29901de119c.broad-dRanger_snowman.20150918.somatic.sv.vcf.gz.idx-md5sum_time": 0, 
                "616ff577-c5c3-432e-a857-f29901de119c.broad-mutect-v2.20151112.somatic.snv_mnv.vcf.gz-download_time": 12, 
                "616ff577-c5c3-432e-a857-f29901de119c.broad-mutect-v2.20151112.somatic.snv_mnv.vcf.gz-md5sum_time": 0, 
                "616ff577-c5c3-432e-a857-f29901de119c.broad-mutect-v2.20151112.somatic.snv_mnv.vcf.gz.idx-download_time": 13, 
                "616ff577-c5c3-432e-a857-f29901de119c.broad-mutect-v2.20151112.somatic.snv_mnv.vcf.gz.idx-md5sum_time": 0, 
                "616ff577-c5c3-432e-a857-f29901de119c.broad-snowman.20150918.germline.indel.vcf.gz-download_time": 13, 
                "616ff577-c5c3-432e-a857-f29901de119c.broad-snowman.20150918.germline.indel.vcf.gz-md5sum_time": 0, 
                "616ff577-c5c3-432e-a857-f29901de119c.broad-snowman.20150918.germline.indel.vcf.gz.idx-download_time": 13, 
                "616ff577-c5c3-432e-a857-f29901de119c.broad-snowman.20150918.germline.indel.vcf.gz.idx-md5sum_time": 0, 
                "616ff577-c5c3-432e-a857-f29901de119c.broad-snowman.20150918.germline.sv.vcf.gz-download_time": 13, 
                "616ff577-c5c3-432e-a857-f29901de119c.broad-snowman.20150918.germline.sv.vcf.gz-md5sum_time": 0, 
                "616ff577-c5c3-432e-a857-f29901de119c.broad-snowman.20150918.germline.sv.vcf.gz.idx-download_time": 13, 
                "616ff577-c5c3-432e-a857-f29901de119c.broad-snowman.20150918.germline.sv.vcf.gz.idx-md5sum_time": 0, 
                "616ff577-c5c3-432e-a857-f29901de119c.broad-snowman.20150918.somatic.indel.vcf.gz-download_time": 12, 
                "616ff577-c5c3-432e-a857-f29901de119c.broad-snowman.20150918.somatic.indel.vcf.gz-md5sum_time": 0, 
                "616ff577-c5c3-432e-a857-f29901de119c.broad-snowman.20150918.somatic.indel.vcf.gz.idx-download_time": 12, 
                "616ff577-c5c3-432e-a857-f29901de119c.broad-snowman.20150918.somatic.indel.vcf.gz.idx-md5sum_time": 0, 
                "616ff577-c5c3-432e-a857-f29901de119c.broad-snowman.20150918.somatic.sv.vcf.gz-download_time": 13, 
                "616ff577-c5c3-432e-a857-f29901de119c.broad-snowman.20150918.somatic.sv.vcf.gz-md5sum_time": 0, 
                "616ff577-c5c3-432e-a857-f29901de119c.broad-snowman.20150918.somatic.sv.vcf.gz.idx-download_time": 13, 
                "616ff577-c5c3-432e-a857-f29901de119c.broad-snowman.20150918.somatic.sv.vcf.gz.idx-md5sum_time": 0, 
                "d32450d5-d4c6-4996-b13c-276b4a5cb49a.xml-download_time": 13, 
                "d32450d5-d4c6-4996-b13c-276b4a5cb49a.xml-md5sum_time": 0, 
                "start": 1454718426, 
                "stop": 1454718614, 
                "time": 188
            }
        }
    }, 
    "aliquot_id": null, 
    "available_repos": [
        {
            "https://gtrepo-osdc-icgc.annailabs.com/": {
                "file_md5sum": "560024ffbedbbdbad2066fb59ba3330c", 
                "file_size": 43213
            }
        }
    ], 
    "data_type": "Broad-VCF", 
    "files": [
        {
            "file_md5sum": "2e08daaa2f6e78a045700b4463f40aad", 
            "file_name": "616ff577-c5c3-432e-a857-f29901de119c.broad-mutect-v2.20151112.somatic.snv_mnv.vcf.gz.idx", 
            "file_size": 47205, 
            "object_id": "8962839b-0e3b-5d1f-bd08-fcdda7167935"
        }, 
        {
            "file_md5sum": "3434ef1e8b4db3a6ccb82ea56a8fdcdf", 
            "file_name": "616ff577-c5c3-432e-a857-f29901de119c.broad-mutect-v2.20151112.somatic.snv_mnv.vcf.gz", 
            "file_size": 106666, 
            "object_id": "56f17920-c725-5ae0-a566-b70e2c5d4004"
        }, 
        {
            "file_md5sum": "7c2a5a56b7b856132be17f11b9b113d3", 
            "file_name": "616ff577-c5c3-432e-a857-f29901de119c.broad-snowman.20150918.somatic.sv.vcf.gz", 
            "file_size": 18191, 
            "object_id": "bb17a80c-293a-5d00-a31a-22c93a879b6c"
        }, 
        {
            "file_md5sum": "28b9d7767b356a47f1fb59930a5e4304", 
            "file_name": "616ff577-c5c3-432e-a857-f29901de119c.broad-snowman.20150918.somatic.indel.vcf.gz.idx", 
            "file_size": 10639, 
            "object_id": "b3f97b2b-e1b1-58bf-a5bb-e4c12d728cad"
        }, 
        {
            "file_md5sum": "d17dedef08e10f4f2782f5ba82699a66", 
            "file_name": "616ff577-c5c3-432e-a857-f29901de119c.broad-snowman.20150918.germline.sv.vcf.gz", 
            "file_size": 1978880, 
            "object_id": "df327233-48b3-598e-b20b-e4046f7ef7ac"
        }, 
        {
            "file_md5sum": "8e0c11c3eaea7d7cfeff32c1e08396c1", 
            "file_name": "616ff577-c5c3-432e-a857-f29901de119c.broad-snowman.20150918.germline.indel.vcf.gz.idx", 
            "file_size": 1046794, 
            "object_id": "e2009653-db3c-5549-b8d9-385c92313c43"
        }, 
        {
            "file_md5sum": "aa04602fb5f9d63210645c3a155e651d", 
            "file_name": "616ff577-c5c3-432e-a857-f29901de119c.broad-snowman.20150918.germline.indel.vcf.gz", 
            "file_size": 11219801, 
            "object_id": "381e6e52-cb3d-5766-b551-48937e51a535"
        }, 
        {
            "file_md5sum": "9ffa7983c14b84920392cae90f66f201", 
            "file_name": "616ff577-c5c3-432e-a857-f29901de119c.broad-snowman.20150918.germline.sv.vcf.gz.idx", 
            "file_size": 59862, 
            "object_id": "642d4c25-6582-56d0-9a8d-6d0f8914599f"
        }, 
        {
            "file_md5sum": "ce55a2eb4b9158454b16b7d161447cb5", 
            "file_name": "616ff577-c5c3-432e-a857-f29901de119c.broad-snowman.20150918.somatic.indel.vcf.gz", 
            "file_size": 22478, 
            "object_id": "2167ed16-5199-5f09-a464-fabfbc42b8a8"
        }, 
        {
            "file_md5sum": "1f21f48a4f0e3db549f622f95fc032c6", 
            "file_name": "616ff577-c5c3-432e-a857-f29901de119c.broad-dRanger_snowman.20150918.somatic.sv.vcf.gz.idx", 
            "file_size": 5236, 
            "object_id": "d5891886-2c1c-55b3-aebe-e717fd269511"
        }, 
        {
            "file_md5sum": "b45805c953b312f08642065ea52a072a", 
            "file_name": "616ff577-c5c3-432e-a857-f29901de119c.broad-snowman.20150918.somatic.sv.vcf.gz.idx", 
            "file_size": 5114, 
            "object_id": "7bdc65b6-365c-5d3c-babf-cfb9eaf9d04e"
        }, 
        {
            "file_md5sum": "ed3683770e6e2d1386e2a8bf0f4b82d0", 
            "file_name": "616ff577-c5c3-432e-a857-f29901de119c.broad-dRanger.20150918.somatic.sv.vcf.gz.idx",