{
    "_runs_": {
        "run_1453954803_4800c167-7c4d-4303-8d07-93611ce411e7": {
            "downloading": {
                "gnos-download_time": 123, 
                "start": 1453978528, 
                "stop": 1453978651, 
                "time": 123
            }, 
            "uploading": {
                "copy_meta_time": 2, 
                "start": 1453978665, 
                "stop": 1453978761, 
                "time": 96, 
                "upload_time": 94
            }
        }, 
        "run_1454698820_31e0fe60-9a43-4101-83ad-8a596dbe60ad": {
            "downloading": {
                "b80ca528-2c5f-400c-8df3-9c47869a64c2.svcp_1-0-5.20150316.somatic.cnv.tar.gz-download_time": 14, 
                "b80ca528-2c5f-400c-8df3-9c47869a64c2.svcp_1-0-5.20150316.somatic.cnv.tar.gz-md5sum_time": 0, 
                "b80ca528-2c5f-400c-8df3-9c47869a64c2.svcp_1-0-5.20150316.somatic.cnv.vcf.gz-download_time": 12, 
                "b80ca528-2c5f-400c-8df3-9c47869a64c2.svcp_1-0-5.20150316.somatic.cnv.vcf.gz-md5sum_time": 0, 
                "b80ca528-2c5f-400c-8df3-9c47869a64c2.svcp_1-0-5.20150316.somatic.cnv.vcf.gz.tbi-download_time": 12, 
                "b80ca528-2c5f-400c-8df3-9c47869a64c2.svcp_1-0-5.20150316.somatic.cnv.vcf.gz.tbi-md5sum_time": 0, 
                "b80ca528-2c5f-400c-8df3-9c47869a64c2.svcp_1-0-5.20150316.somatic.genotype.tar.gz-download_time": 14, 
                "b80ca528-2c5f-400c-8df3-9c47869a64c2.svcp_1-0-5.20150316.somatic.genotype.tar.gz-md5sum_time": 0, 
                "b80ca528-2c5f-400c-8df3-9c47869a64c2.svcp_1-0-5.20150316.somatic.imputeCounts.tar.gz-download_time": 44, 
                "b80ca528-2c5f-400c-8df3-9c47869a64c2.svcp_1-0-5.20150316.somatic.imputeCounts.tar.gz-md5sum_time": 1, 
                "b80ca528-2c5f-400c-8df3-9c47869a64c2.svcp_1-0-5.20150316.somatic.indel.tar.gz-download_time": 73, 
                "b80ca528-2c5f-400c-8df3-9c47869a64c2.svcp_1-0-5.20150316.somatic.indel.tar.gz-md5sum_time": 3, 
                "b80ca528-2c5f-400c-8df3-9c47869a64c2.svcp_1-0-5.20150316.somatic.indel.vcf.gz-download_time": 16, 
                "b80ca528-2c5f-400c-8df3-9c47869a64c2.svcp_1-0-5.20150316.somatic.indel.vcf.gz-md5sum_time": 0, 
                "b80ca528-2c5f-400c-8df3-9c47869a64c2.svcp_1-0-5.20150316.somatic.indel.vcf.gz.tbi-download_time": 13, 
                "b80ca528-2c5f-400c-8df3-9c47869a64c2.svcp_1-0-5.20150316.somatic.indel.vcf.gz.tbi-md5sum_time": 0, 
                "b80ca528-2c5f-400c-8df3-9c47869a64c2.svcp_1-0-5.20150316.somatic.snv_mnv.tar.gz-download_time": 22, 
                "b80ca528-2c5f-400c-8df3-9c47869a64c2.svcp_1-0-5.20150316.somatic.snv_mnv.tar.gz-md5sum_time": 1, 
                "b80ca528-2c5f-400c-8df3-9c47869a64c2.svcp_1-0-5.20150316.somatic.snv_mnv.vcf.gz-download_time": 13, 
                "b80ca528-2c5f-400c-8df3-9c47869a64c2.svcp_1-0-5.20150316.somatic.snv_mnv.vcf.gz-md5sum_time": 0, 
                "b80ca528-2c5f-400c-8df3-9c47869a64c2.svcp_1-0-5.20150316.somatic.snv_mnv.vcf.gz.tbi-download_time": 12, 
                "b80ca528-2c5f-400c-8df3-9c47869a64c2.svcp_1-0-5.20150316.somatic.snv_mnv.vcf.gz.tbi-md5sum_time": 0, 
                "b80ca528-2c5f-400c-8df3-9c47869a64c2.svcp_1-0-5.20150316.somatic.verifyBamId.tar.gz-download_time": 14, 
                "b80ca528-2c5f-400c-8df3-9c47869a64c2.svcp_1-0-5.20150316.somatic.verifyBamId.tar.gz-md5sum_time": 0, 
                "b80ca528-2c5f-400c-8df3-9c47869a64c2.svfix_4-0-5.20160114.somatic.sv.tar.gz-download_time": 31, 
                "b80ca528-2c5f-400c-8df3-9c47869a64c2.svfix_4-0-5.20160114.somatic.sv.tar.gz-md5sum_time": 1, 
                "b80ca528-2c5f-400c-8df3-9c47869a64c2.svfix_4-0-5.20160114.somatic.sv.vcf.gz-download_time": 13, 
                "b80ca528-2c5f-400c-8df3-9c47869a64c2.svfix_4-0-5.20160114.somatic.sv.vcf.gz-md5sum_time": 0, 
                "b80ca528-2c5f-400c-8df3-9c47869a64c2.svfix_4-0-5.20160114.somatic.sv.vcf.gz.tbi-download_time": 12, 
                "b80ca528-2c5f-400c-8df3-9c47869a64c2.svfix_4-0-5.20160114.somatic.sv.vcf.gz.tbi-md5sum_time": 0, 
                "d6088da8-bacb-11e5-9285-ff6ceac6e0c4.xml-download_time": 12, 
                "d6088da8-bacb-11e5-9285-ff6ceac6e0c4.xml-md5sum_time": 0, 
                "start": 1454719879, 
                "stop": 1454720212, 
                "time": 333
            }
        }
    }, 
    "aliquot_id": null, 
    "available_repos": [
        {
            "https://gtrepo-osdc-icgc.annailabs.com/": {
                "file_md5sum": "bc1d74e87d24d29d43e4268fa21efacb", 
                "file_size": 59691
            }
        }
    ], 
    "data_type": "Sanger-VCF", 
    "files": [
        {
            "file_md5sum": "634e1a5fe28127012afbdbb51b62a2c5", 
            "file_name": "b80ca528-2c5f-400c-8df3-9c47869a64c2.svcp_1-0-5.20150316.somatic.snv_mnv.vcf.gz", 
            "file_size": 4490697, 
            "object_id": "d006281e-3ef0-5aac-8012-3366142064df"
        }, 
        {
            "file_md5sum": "f302f7ef1648c340eea927658c13997a", 
            "file_name": "b80ca528-2c5f-400c-8df3-9c47869a64c2.svcp_1-0-5.20150316.somatic.snv_mnv.vcf.gz.tbi", 
            "file_size": 525690, 
            "object_id": "50fda239-ff8d-5572-acfb-9d8c88fef87d"
        }, 
        {
            "file_md5sum": "bd302b55ac49d4ef28ef0b3e9a7f145a", 
            "file_name": "b80ca528-2c5f-400c-8df3-9c47869a64c2.svcp_1-0-5.20150316.somatic.cnv.vcf.gz", 
            "file_size": 2286, 
            "object_id": "99d4087d-a96a-5ac7-83da-02f7d1fef109"
        }, 
        {
            "file_md5sum": "2de18d3bdc6e480865deb87874b46577", 
            "file_name": "b80ca528-2c5f-400c-8df3-9c47869a64c2.svcp_1-0-5.20150316.somatic.cnv.vcf.gz.tbi", 
            "file_size": 4427, 
            "object_id": "5eb16f01-bfe5-5e3a-bdb8-001a1e69c591"
        }, 
        {
            "file_md5sum": "e291ddf72249ff2d04a8e52a76f3ac4d", 
            "file_name": "b80ca528-2c5f-400c-8df3-9c47869a64c2.svfix_4-0-5.20160114.somatic.sv.vcf.gz", 
            "file_size": 7160, 
            "object_id": "1136767c-3b53-5380-b323-12220fa72359"
        }, 
        {
            "file_md5sum": "59c2b28ba53cdbbd0570dfe81bb37698", 
            "file_name": "b80ca528-2c5f-400c-8df3-9c47869a64c2.svfix_4-0-5.20160114.somatic.sv.vcf.gz.tbi", 
            "file_size": 1504, 
            "object_id": "b34bf0c0-3582-5bc9-8b36-0c7ad55b503b"
        }, 
        {
            "file_md5sum": "1637b139b53c33ddad8fe06520dd1d1a", 
            "file_name": "b80ca528-2c5f-400c-8df3-9c47869a64c2.svcp_1-0-5.20150316.somatic.indel.vcf.gz", 
            "file_size": 54262326, 
            "object_id": "89b8f24c-603b-597f-b9dc-b5d266de34e2"
        }, 
        {
            "file_md5sum": "fa0224cb56fa396473e82a50bf58b159", 
            "file_name": "b80ca528-2c5f-400c-8df3-9c47869a64c2.svcp_1-0-5.20150316.somatic.indel.vcf.gz.tbi", 
            "file_size": 1507546, 
            "object_id": "090f5ae3-8307-5b5d-93f3-51ff86cba609"
        }, 
        {
            "file_md5sum": "2ce182642e3bc2abab2f603325ce634b", 
            "file_name": "b80ca528-2c5f-400c-8df3-9c47869a64c2.svcp_1-0-5.20150316.somatic.snv_mnv.tar.gz", 
            "file_size": 176587114, 
            "object_id": "224f8826-7dc6-56fb-a676-8944b3215d39"
        }, 
        {
            "file_md5sum": "eda739fc5ba4150290e8d8349003b248", 
            "file_name": "b80ca528-2c5f-400c-8df3-9c47869a64c2.svcp_1-0-5.20150316.somatic.cnv.tar.gz", 
            "file_size": 27216902, 
            "object_id": "1919fe0f-5481-5e53-a222-ecf422b66884"
        }, 
        {
            "file_md5sum": "7d38cfe9a6476bd489a742b1eb64363e", 
            "file_name": "b80ca528-2c5f-400c-8df3-9c47869a64c2.svfix_4-0-5.20160114.somatic.sv.tar.gz", 
            "file_size": 293244075, 
            "object_id": "623f4321-f656-5631-9241-6321fe0da255"
        }, 
        {
            "file_md5sum": "ece6a98636d73a2a463d1ffc78f51beb",