{
    "_runs_": {
        "run_1453954803_4800c167-7c4d-4303-8d07-93611ce411e7": {
            "downloading": {
                "gnos-download_time": 88, 
                "start": 1453979006, 
                "stop": 1453979094, 
                "time": 88
            }, 
            "uploading": {
                "copy_meta_time": 1, 
                "start": 1453979113, 
                "stop": 1453979210, 
                "time": 97, 
                "upload_time": 95
            }
        }, 
        "run_1454699093_57d685ba-f89e-44a4-80bd-3ee7609d262a": {
            "downloading": {
                "d6c200ca-bad1-11e5-9285-ff6ceac6e0c4.xml-download_time": 13, 
                "d6c200ca-bad1-11e5-9285-ff6ceac6e0c4.xml-md5sum_time": 0, 
                "f393bb0a-9b20-a0e5-e040-11ac0d48454e.svcp_1-0-4.20150223.somatic.cnv.tar.gz-download_time": 15, 
                "f393bb0a-9b20-a0e5-e040-11ac0d48454e.svcp_1-0-4.20150223.somatic.cnv.tar.gz-md5sum_time": 0, 
                "f393bb0a-9b20-a0e5-e040-11ac0d48454e.svcp_1-0-4.20150223.somatic.cnv.vcf.gz-download_time": 13, 
                "f393bb0a-9b20-a0e5-e040-11ac0d48454e.svcp_1-0-4.20150223.somatic.cnv.vcf.gz-md5sum_time": 0, 
                "f393bb0a-9b20-a0e5-e040-11ac0d48454e.svcp_1-0-4.20150223.somatic.cnv.vcf.gz.tbi-download_time": 12, 
                "f393bb0a-9b20-a0e5-e040-11ac0d48454e.svcp_1-0-4.20150223.somatic.cnv.vcf.gz.tbi-md5sum_time": 0, 
                "f393bb0a-9b20-a0e5-e040-11ac0d48454e.svcp_1-0-4.20150223.somatic.genotype.tar.gz-download_time": 15, 
                "f393bb0a-9b20-a0e5-e040-11ac0d48454e.svcp_1-0-4.20150223.somatic.genotype.tar.gz-md5sum_time": 0, 
                "f393bb0a-9b20-a0e5-e040-11ac0d48454e.svcp_1-0-4.20150223.somatic.imputeCounts.tar.gz-download_time": 42, 
                "f393bb0a-9b20-a0e5-e040-11ac0d48454e.svcp_1-0-4.20150223.somatic.imputeCounts.tar.gz-md5sum_time": 1, 
                "f393bb0a-9b20-a0e5-e040-11ac0d48454e.svcp_1-0-4.20150223.somatic.indel.tar.gz-download_time": 69, 
                "f393bb0a-9b20-a0e5-e040-11ac0d48454e.svcp_1-0-4.20150223.somatic.indel.tar.gz-md5sum_time": 3, 
                "f393bb0a-9b20-a0e5-e040-11ac0d48454e.svcp_1-0-4.20150223.somatic.indel.vcf.gz-download_time": 21, 
                "f393bb0a-9b20-a0e5-e040-11ac0d48454e.svcp_1-0-4.20150223.somatic.indel.vcf.gz-md5sum_time": 0, 
                "f393bb0a-9b20-a0e5-e040-11ac0d48454e.svcp_1-0-4.20150223.somatic.indel.vcf.gz.tbi-download_time": 13, 
                "f393bb0a-9b20-a0e5-e040-11ac0d48454e.svcp_1-0-4.20150223.somatic.indel.vcf.gz.tbi-md5sum_time": 0, 
                "f393bb0a-9b20-a0e5-e040-11ac0d48454e.svcp_1-0-4.20150223.somatic.snv_mnv.tar.gz-download_time": 24, 
                "f393bb0a-9b20-a0e5-e040-11ac0d48454e.svcp_1-0-4.20150223.somatic.snv_mnv.tar.gz-md5sum_time": 0, 
                "f393bb0a-9b20-a0e5-e040-11ac0d48454e.svcp_1-0-4.20150223.somatic.snv_mnv.vcf.gz-download_time": 13, 
                "f393bb0a-9b20-a0e5-e040-11ac0d48454e.svcp_1-0-4.20150223.somatic.snv_mnv.vcf.gz-md5sum_time": 0, 
                "f393bb0a-9b20-a0e5-e040-11ac0d48454e.svcp_1-0-4.20150223.somatic.snv_mnv.vcf.gz.tbi-download_time": 13, 
                "f393bb0a-9b20-a0e5-e040-11ac0d48454e.svcp_1-0-4.20150223.somatic.snv_mnv.vcf.gz.tbi-md5sum_time": 0, 
                "f393bb0a-9b20-a0e5-e040-11ac0d48454e.svcp_1-0-4.20150223.somatic.verifyBamId.tar.gz-download_time": 12, 
                "f393bb0a-9b20-a0e5-e040-11ac0d48454e.svcp_1-0-4.20150223.somatic.verifyBamId.tar.gz-md5sum_time": 0, 
                "f393bb0a-9b20-a0e5-e040-11ac0d48454e.svfix_4-0-5.20160114.somatic.sv.tar.gz-download_time": 34, 
                "f393bb0a-9b20-a0e5-e040-11ac0d48454e.svfix_4-0-5.20160114.somatic.sv.tar.gz-md5sum_time": 1, 
                "f393bb0a-9b20-a0e5-e040-11ac0d48454e.svfix_4-0-5.20160114.somatic.sv.vcf.gz-download_time": 13, 
                "f393bb0a-9b20-a0e5-e040-11ac0d48454e.svfix_4-0-5.20160114.somatic.sv.vcf.gz-md5sum_time": 0, 
                "f393bb0a-9b20-a0e5-e040-11ac0d48454e.svfix_4-0-5.20160114.somatic.sv.vcf.gz.tbi-download_time": 12, 
                "f393bb0a-9b20-a0e5-e040-11ac0d48454e.svfix_4-0-5.20160114.somatic.sv.vcf.gz.tbi-md5sum_time": 0, 
                "start": 1454720315, 
                "stop": 1454720654, 
                "time": 339
            }
        }
    }, 
    "aliquot_id": null, 
    "available_repos": [
        {
            "https://gtrepo-osdc-icgc.annailabs.com/": {
                "file_md5sum": "c80de6893a25e29c17a0e7a29f732d05", 
                "file_size": 64900
            }
        }
    ], 
    "data_type": "Sanger-VCF", 
    "files": [
        {
            "file_md5sum": "ece9dff229dacf3b5edbf16e281d6ee3", 
            "file_name": "f393bb0a-9b20-a0e5-e040-11ac0d48454e.svcp_1-0-4.20150223.somatic.snv_mnv.vcf.gz", 
            "file_size": 5034736, 
            "object_id": "41850a9e-5c9b-59f8-969f-e5d0f849f855"
        }, 
        {
            "file_md5sum": "877945b7d81c7c07da67e0bf0f5d7257", 
            "file_name": "f393bb0a-9b20-a0e5-e040-11ac0d48454e.svcp_1-0-4.20150223.somatic.snv_mnv.vcf.gz.tbi", 
            "file_size": 612266, 
            "object_id": "72309152-8843-5fa4-a7fe-b419ab4284f2"
        }, 
        {
            "file_md5sum": "90934e1d9889643f53374f90785c9291", 
            "file_name": "f393bb0a-9b20-a0e5-e040-11ac0d48454e.svcp_1-0-4.20150223.somatic.cnv.vcf.gz", 
            "file_size": 4245, 
            "object_id": "d1185874-4acd-514b-856c-e723feb3ac2c"
        }, 
        {
            "file_md5sum": "99140d45317c4484cf287e658439c2d4", 
            "file_name": "f393bb0a-9b20-a0e5-e040-11ac0d48454e.svcp_1-0-4.20150223.somatic.cnv.vcf.gz.tbi", 
            "file_size": 5648, 
            "object_id": "f7493512-998f-5587-9145-53160f264959"
        }, 
        {
            "file_md5sum": "2540047daf561caeb7781f9d66a3c252", 
            "file_name": "f393bb0a-9b20-a0e5-e040-11ac0d48454e.svfix_4-0-5.20160114.somatic.sv.vcf.gz", 
            "file_size": 50900, 
            "object_id": "6f6091dd-7bab-55fb-b222-6fa5680c328a"
        }, 
        {
            "file_md5sum": "547b012f6ba9fdb5f721f7eb6bf97ede", 
            "file_name": "f393bb0a-9b20-a0e5-e040-11ac0d48454e.svfix_4-0-5.20160114.somatic.sv.vcf.gz.tbi", 
            "file_size": 6494, 
            "object_id": "75ea96b2-38ba-5f1c-9093-843c576a0880"
        }, 
        {
            "file_md5sum": "0458dcca3ad09396a3b6bf579082e71f", 
            "file_name": "f393bb0a-9b20-a0e5-e040-11ac0d48454e.svcp_1-0-4.20150223.somatic.indel.vcf.gz", 
            "file_size": 55161469, 
            "object_id": "57885b63-a79c-5825-be44-843c5155310e"
        }, 
        {
            "file_md5sum": "91878d7bb962204109d7a572e4349d12", 
            "file_name": "f393bb0a-9b20-a0e5-e040-11ac0d48454e.svcp_1-0-4.20150223.somatic.indel.vcf.gz.tbi", 
            "file_size": 1479537, 
            "object_id": "fbf8ac20-5a06-5f8c-9f9f-d76e2aeba48b"
        }, 
        {
            "file_md5sum": "c39af66a33a378343dceddf370035383", 
            "file_name": "f393bb0a-9b20-a0e5-e040-11ac0d48454e.svcp_1-0-4.20150223.somatic.snv_mnv.tar.gz", 
            "file_size": 170799786, 
            "object_id": "d45b3676-1c81-5f87-b3bf-a7883899d6e5"
        }, 
        {
            "file_md5sum": "f3ffe0a1a339b18108e1bc177dc003af", 
            "file_name": "f393bb0a-9b20-a0e5-e040-11ac0d48454e.svcp_1-0-4.20150223.somatic.cnv.tar.gz", 
            "file_size": 27419732, 
            "object_id": "80e83a84-64fe-5d0b-9c85-a92002a41020"
        }, 
        {
            "file_md5sum": "7adb2e2c12b9ec13e7b63336cb5decc7", 
            "file_name": "f393bb0a-9b20-a0e5-e040-11ac0d48454e.svfix_4-0-5.20160114.somatic.sv.tar.gz", 
            "file_size": 312801407, 
            "object_id": "f34cee88-c25a-5294-a384-fe73688a84a9"
        }, 
        {
            "file_md5sum": "2433d1e4d82a3da9674790e88eafcde5",