{
    "_runs_": {
        "run_1453954478_6fbbb9b2-9779-4aa5-981e-84cae8d8b713": {
            "downloading": {
                "gnos-download_time": 111, 
                "start": 1453980536, 
                "stop": 1453980647, 
                "time": 111
            }, 
            "uploading": {
                "copy_meta_time": 1, 
                "start": 1453980663, 
                "stop": 1453980814, 
                "time": 151, 
                "upload_time": 149
            }
        }, 
        "run_1454698820_31e0fe60-9a43-4101-83ad-8a596dbe60ad": {
            "downloading": {
                "dec33108-bb9a-11e5-970c-81cbeac6e0c4.xml-download_time": 12, 
                "dec33108-bb9a-11e5-970c-81cbeac6e0c4.xml-md5sum_time": 0, 
                "e541b5b9-546d-47bc-acd6-4006ce0eec1d.svcp_1-0-4.20150220.somatic.cnv.tar.gz-download_time": 14, 
                "e541b5b9-546d-47bc-acd6-4006ce0eec1d.svcp_1-0-4.20150220.somatic.cnv.tar.gz-md5sum_time": 0, 
                "e541b5b9-546d-47bc-acd6-4006ce0eec1d.svcp_1-0-4.20150220.somatic.cnv.vcf.gz-download_time": 12, 
                "e541b5b9-546d-47bc-acd6-4006ce0eec1d.svcp_1-0-4.20150220.somatic.cnv.vcf.gz-md5sum_time": 0, 
                "e541b5b9-546d-47bc-acd6-4006ce0eec1d.svcp_1-0-4.20150220.somatic.cnv.vcf.gz.tbi-download_time": 12, 
                "e541b5b9-546d-47bc-acd6-4006ce0eec1d.svcp_1-0-4.20150220.somatic.cnv.vcf.gz.tbi-md5sum_time": 0, 
                "e541b5b9-546d-47bc-acd6-4006ce0eec1d.svcp_1-0-4.20150220.somatic.genotype.tar.gz-download_time": 13, 
                "e541b5b9-546d-47bc-acd6-4006ce0eec1d.svcp_1-0-4.20150220.somatic.genotype.tar.gz-md5sum_time": 0, 
                "e541b5b9-546d-47bc-acd6-4006ce0eec1d.svcp_1-0-4.20150220.somatic.imputeCounts.tar.gz-download_time": 42, 
                "e541b5b9-546d-47bc-acd6-4006ce0eec1d.svcp_1-0-4.20150220.somatic.imputeCounts.tar.gz-md5sum_time": 2, 
                "e541b5b9-546d-47bc-acd6-4006ce0eec1d.svcp_1-0-4.20150220.somatic.indel.tar.gz-download_time": 74, 
                "e541b5b9-546d-47bc-acd6-4006ce0eec1d.svcp_1-0-4.20150220.somatic.indel.tar.gz-md5sum_time": 4, 
                "e541b5b9-546d-47bc-acd6-4006ce0eec1d.svcp_1-0-4.20150220.somatic.indel.vcf.gz-download_time": 16, 
                "e541b5b9-546d-47bc-acd6-4006ce0eec1d.svcp_1-0-4.20150220.somatic.indel.vcf.gz-md5sum_time": 0, 
                "e541b5b9-546d-47bc-acd6-4006ce0eec1d.svcp_1-0-4.20150220.somatic.indel.vcf.gz.tbi-download_time": 13, 
                "e541b5b9-546d-47bc-acd6-4006ce0eec1d.svcp_1-0-4.20150220.somatic.indel.vcf.gz.tbi-md5sum_time": 0, 
                "e541b5b9-546d-47bc-acd6-4006ce0eec1d.svcp_1-0-4.20150220.somatic.snv_mnv.tar.gz-download_time": 22, 
                "e541b5b9-546d-47bc-acd6-4006ce0eec1d.svcp_1-0-4.20150220.somatic.snv_mnv.tar.gz-md5sum_time": 1, 
                "e541b5b9-546d-47bc-acd6-4006ce0eec1d.svcp_1-0-4.20150220.somatic.snv_mnv.vcf.gz-download_time": 13, 
                "e541b5b9-546d-47bc-acd6-4006ce0eec1d.svcp_1-0-4.20150220.somatic.snv_mnv.vcf.gz-md5sum_time": 0, 
                "e541b5b9-546d-47bc-acd6-4006ce0eec1d.svcp_1-0-4.20150220.somatic.snv_mnv.vcf.gz.tbi-download_time": 12, 
                "e541b5b9-546d-47bc-acd6-4006ce0eec1d.svcp_1-0-4.20150220.somatic.snv_mnv.vcf.gz.tbi-md5sum_time": 0, 
                "e541b5b9-546d-47bc-acd6-4006ce0eec1d.svcp_1-0-4.20150220.somatic.verifyBamId.tar.gz-download_time": 13, 
                "e541b5b9-546d-47bc-acd6-4006ce0eec1d.svcp_1-0-4.20150220.somatic.verifyBamId.tar.gz-md5sum_time": 0, 
                "e541b5b9-546d-47bc-acd6-4006ce0eec1d.svfix_4-0-5.20160115.somatic.sv.tar.gz-download_time": 39, 
                "e541b5b9-546d-47bc-acd6-4006ce0eec1d.svfix_4-0-5.20160115.somatic.sv.tar.gz-md5sum_time": 1, 
                "e541b5b9-546d-47bc-acd6-4006ce0eec1d.svfix_4-0-5.20160115.somatic.sv.vcf.gz-download_time": 12, 
                "e541b5b9-546d-47bc-acd6-4006ce0eec1d.svfix_4-0-5.20160115.somatic.sv.vcf.gz-md5sum_time": 0, 
                "e541b5b9-546d-47bc-acd6-4006ce0eec1d.svfix_4-0-5.20160115.somatic.sv.vcf.gz.tbi-download_time": 12, 
                "e541b5b9-546d-47bc-acd6-4006ce0eec1d.svfix_4-0-5.20160115.somatic.sv.vcf.gz.tbi-md5sum_time": 0, 
                "start": 1454723007, 
                "stop": 1454723346, 
                "time": 339
            }
        }
    }, 
    "aliquot_id": null, 
    "available_repos": [
        {
            "https://gtrepo-osdc-icgc.annailabs.com/": {
                "file_md5sum": "758d22f711ddd176cb5c0cf0d48d0d74", 
                "file_size": 57929
            }
        }
    ], 
    "data_type": "Sanger-VCF", 
    "files": [
        {
            "file_md5sum": "cd78810c174ecbaca88a5775355b7721", 
            "file_name": "e541b5b9-546d-47bc-acd6-4006ce0eec1d.svcp_1-0-4.20150220.somatic.snv_mnv.vcf.gz", 
            "file_size": 4471194, 
            "object_id": "3c6c3f0c-b79d-5bcd-8cef-182b9e283b14"
        }, 
        {
            "file_md5sum": "66c313531d2463382f3c1035cda6858f", 
            "file_name": "e541b5b9-546d-47bc-acd6-4006ce0eec1d.svcp_1-0-4.20150220.somatic.snv_mnv.vcf.gz.tbi", 
            "file_size": 569187, 
            "object_id": "e0f50fc7-882b-51c9-af31-3cba55b3c6e9"
        }, 
        {
            "file_md5sum": "0cd095a326d9230e4bbf14188b2bf9de", 
            "file_name": "e541b5b9-546d-47bc-acd6-4006ce0eec1d.svcp_1-0-4.20150220.somatic.cnv.vcf.gz", 
            "file_size": 2192, 
            "object_id": "1ed14440-e711-5502-945f-c169d4157107"
        }, 
        {
            "file_md5sum": "4e8d7fb7b432de2b4f8f0f22d029ca0a", 
            "file_name": "e541b5b9-546d-47bc-acd6-4006ce0eec1d.svcp_1-0-4.20150220.somatic.cnv.vcf.gz.tbi", 
            "file_size": 4331, 
            "object_id": "e37fd53d-5eb3-5182-9428-2b3403700bcb"
        }, 
        {
            "file_md5sum": "f5283a3461281ac12a7f17259f38afba", 
            "file_name": "e541b5b9-546d-47bc-acd6-4006ce0eec1d.svfix_4-0-5.20160115.somatic.sv.vcf.gz", 
            "file_size": 6781, 
            "object_id": "a9add043-963c-5d67-a5b9-ab99618d4ce9"
        }, 
        {
            "file_md5sum": "07692c35f38e22d645558433564d83ff", 
            "file_name": "e541b5b9-546d-47bc-acd6-4006ce0eec1d.svfix_4-0-5.20160115.somatic.sv.vcf.gz.tbi", 
            "file_size": 836, 
            "object_id": "85f5687c-4d96-5637-a7fe-6de7e7fa65ae"
        }, 
        {
            "file_md5sum": "583b01f1a8b93378c7c062a45c891ca2", 
            "file_name": "e541b5b9-546d-47bc-acd6-4006ce0eec1d.svcp_1-0-4.20150220.somatic.indel.vcf.gz", 
            "file_size": 52069343, 
            "object_id": "d6b198cd-ae88-5aa2-8fe1-ab691e9998b0"
        }, 
        {
            "file_md5sum": "0149bf16ad0d19e207e551627ee08548", 
            "file_name": "e541b5b9-546d-47bc-acd6-4006ce0eec1d.svcp_1-0-4.20150220.somatic.indel.vcf.gz.tbi", 
            "file_size": 1458575, 
            "object_id": "721e6005-9ba6-58a2-989f-381830329300"
        }, 
        {
            "file_md5sum": "b00b0908b729cdb2eb10da0d0734d783", 
            "file_name": "e541b5b9-546d-47bc-acd6-4006ce0eec1d.svcp_1-0-4.20150220.somatic.snv_mnv.tar.gz", 
            "file_size": 171529219, 
            "object_id": "a9399ad5-bf07-5ab0-96bf-cf3aa4fda846"
        }, 
        {
            "file_md5sum": "05db107c9f5f6fd1b7955b988737ac0f", 
            "file_name": "e541b5b9-546d-47bc-acd6-4006ce0eec1d.svcp_1-0-4.20150220.somatic.cnv.tar.gz", 
            "file_size": 26988611, 
            "object_id": "3093a28f-22d7-5655-b6cd-aef5244e398f"
        }, 
        {
            "file_md5sum": "c12cb575f543bbb1103dc51811032a5e", 
            "file_name": "e541b5b9-546d-47bc-acd6-4006ce0eec1d.svfix_4-0-5.20160115.somatic.sv.tar.gz", 
            "file_size": 297523375, 
            "object_id": "5c75cbc4-d529-5998-8983-32494651ffbb"
        }, 
        {
            "file_md5sum": "1c6cf82c5772da43bb104ef8a872569d",