{
    "_runs_": {
        "run_1454096207_7aa7eb73-c46e-4969-98b0-0947e2ff3cdc": {
            "downloading": {
                "gnos-download_time": 82, 
                "start": 1454105459, 
                "stop": 1454105542, 
                "time": 83
            }, 
            "uploading": {
                "copy_meta_time": 2, 
                "start": 1454105547, 
                "stop": 1454105706, 
                "time": 159, 
                "upload_time": 156
            }
        }, 
        "run_1454699093_57d685ba-f89e-44a4-80bd-3ee7609d262a": {
            "downloading": {
                "030695f6-c623-11e3-bf01-24c6515278c0.svcp_1-0-5.20150422.somatic.cnv.tar.gz-download_time": 14, 
                "030695f6-c623-11e3-bf01-24c6515278c0.svcp_1-0-5.20150422.somatic.cnv.tar.gz-md5sum_time": 0, 
                "030695f6-c623-11e3-bf01-24c6515278c0.svcp_1-0-5.20150422.somatic.cnv.vcf.gz-download_time": 13, 
                "030695f6-c623-11e3-bf01-24c6515278c0.svcp_1-0-5.20150422.somatic.cnv.vcf.gz-md5sum_time": 0, 
                "030695f6-c623-11e3-bf01-24c6515278c0.svcp_1-0-5.20150422.somatic.cnv.vcf.gz.tbi-download_time": 12, 
                "030695f6-c623-11e3-bf01-24c6515278c0.svcp_1-0-5.20150422.somatic.cnv.vcf.gz.tbi-md5sum_time": 0, 
                "030695f6-c623-11e3-bf01-24c6515278c0.svcp_1-0-5.20150422.somatic.genotype.tar.gz-download_time": 13, 
                "030695f6-c623-11e3-bf01-24c6515278c0.svcp_1-0-5.20150422.somatic.genotype.tar.gz-md5sum_time": 0, 
                "030695f6-c623-11e3-bf01-24c6515278c0.svcp_1-0-5.20150422.somatic.imputeCounts.tar.gz-download_time": 40, 
                "030695f6-c623-11e3-bf01-24c6515278c0.svcp_1-0-5.20150422.somatic.imputeCounts.tar.gz-md5sum_time": 2, 
                "030695f6-c623-11e3-bf01-24c6515278c0.svcp_1-0-5.20150422.somatic.indel.tar.gz-download_time": 63, 
                "030695f6-c623-11e3-bf01-24c6515278c0.svcp_1-0-5.20150422.somatic.indel.tar.gz-md5sum_time": 2, 
                "030695f6-c623-11e3-bf01-24c6515278c0.svcp_1-0-5.20150422.somatic.indel.vcf.gz-download_time": 16, 
                "030695f6-c623-11e3-bf01-24c6515278c0.svcp_1-0-5.20150422.somatic.indel.vcf.gz-md5sum_time": 0, 
                "030695f6-c623-11e3-bf01-24c6515278c0.svcp_1-0-5.20150422.somatic.indel.vcf.gz.tbi-download_time": 13, 
                "030695f6-c623-11e3-bf01-24c6515278c0.svcp_1-0-5.20150422.somatic.indel.vcf.gz.tbi-md5sum_time": 0, 
                "030695f6-c623-11e3-bf01-24c6515278c0.svcp_1-0-5.20150422.somatic.snv_mnv.tar.gz-download_time": 24, 
                "030695f6-c623-11e3-bf01-24c6515278c0.svcp_1-0-5.20150422.somatic.snv_mnv.tar.gz-md5sum_time": 1, 
                "030695f6-c623-11e3-bf01-24c6515278c0.svcp_1-0-5.20150422.somatic.snv_mnv.vcf.gz-download_time": 13, 
                "030695f6-c623-11e3-bf01-24c6515278c0.svcp_1-0-5.20150422.somatic.snv_mnv.vcf.gz-md5sum_time": 0, 
                "030695f6-c623-11e3-bf01-24c6515278c0.svcp_1-0-5.20150422.somatic.snv_mnv.vcf.gz.tbi-download_time": 13, 
                "030695f6-c623-11e3-bf01-24c6515278c0.svcp_1-0-5.20150422.somatic.snv_mnv.vcf.gz.tbi-md5sum_time": 0, 
                "030695f6-c623-11e3-bf01-24c6515278c0.svcp_1-0-5.20150422.somatic.verifyBamId.tar.gz-download_time": 13, 
                "030695f6-c623-11e3-bf01-24c6515278c0.svcp_1-0-5.20150422.somatic.verifyBamId.tar.gz-md5sum_time": 0, 
                "030695f6-c623-11e3-bf01-24c6515278c0.svfix_4-0-5.20160107.somatic.sv.tar.gz-download_time": 31, 
                "030695f6-c623-11e3-bf01-24c6515278c0.svfix_4-0-5.20160107.somatic.sv.tar.gz-md5sum_time": 1, 
                "030695f6-c623-11e3-bf01-24c6515278c0.svfix_4-0-5.20160107.somatic.sv.vcf.gz-download_time": 12, 
                "030695f6-c623-11e3-bf01-24c6515278c0.svfix_4-0-5.20160107.somatic.sv.vcf.gz-md5sum_time": 0, 
                "030695f6-c623-11e3-bf01-24c6515278c0.svfix_4-0-5.20160107.somatic.sv.vcf.gz.tbi-download_time": 12, 
                "030695f6-c623-11e3-bf01-24c6515278c0.svfix_4-0-5.20160107.somatic.sv.vcf.gz.tbi-md5sum_time": 0, 
                "e9276296-b590-11e5-83f8-10b251327fcc.xml-download_time": 12, 
                "e9276296-b590-11e5-83f8-10b251327fcc.xml-md5sum_time": 0, 
                "start": 1454727796, 
                "stop": 1454728116, 
                "time": 320
            }
        }
    }, 
    "aliquot_id": null, 
    "available_repos": [
        {
            "https://gtrepo-dkfz.annailabs.com/": {
                "file_md5sum": "9f3d96a07df627123c37463d1776e3fa", 
                "file_size": 58170
            }
        }
    ], 
    "data_type": "Sanger-VCF", 
    "files": [
        {
            "file_md5sum": "ba980ca8217e1faf7ef556b9ff56dfbf", 
            "file_name": "030695f6-c623-11e3-bf01-24c6515278c0.svcp_1-0-5.20150422.somatic.snv_mnv.vcf.gz", 
            "file_size": 2879062, 
            "object_id": "13495595-636b-500b-8185-2847a7f760b7"
        }, 
        {
            "file_md5sum": "6b9e33bd939ba9bd55cf36b9f966c233", 
            "file_name": "030695f6-c623-11e3-bf01-24c6515278c0.svcp_1-0-5.20150422.somatic.snv_mnv.vcf.gz.tbi", 
            "file_size": 418748, 
            "object_id": "0ed65f1e-b9fb-5aae-9e40-c462d94445c6"
        }, 
        {
            "file_md5sum": "fcd8d09f29a8e2b69e6edeadea5fe227", 
            "file_name": "030695f6-c623-11e3-bf01-24c6515278c0.svcp_1-0-5.20150422.somatic.cnv.vcf.gz", 
            "file_size": 3614, 
            "object_id": "3ba84f6d-a228-520c-90eb-78e1800c824e"
        }, 
        {
            "file_md5sum": "73eae629559770bbcb2c35a843b24afd", 
            "file_name": "030695f6-c623-11e3-bf01-24c6515278c0.svcp_1-0-5.20150422.somatic.cnv.vcf.gz.tbi", 
            "file_size": 5242, 
            "object_id": "365a1b4b-da1a-50f7-8c6b-ee4293488ee0"
        }, 
        {
            "file_md5sum": "513dfea92e2e94f0c4396dc49850291c", 
            "file_name": "030695f6-c623-11e3-bf01-24c6515278c0.svfix_4-0-5.20160107.somatic.sv.vcf.gz", 
            "file_size": 46240, 
            "object_id": "e54f4b7c-049f-53ae-bf72-b91c0caeb2f0"
        }, 
        {
            "file_md5sum": "ec9be1c0a3e649612c391b3950808bf7", 
            "file_name": "030695f6-c623-11e3-bf01-24c6515278c0.svfix_4-0-5.20160107.somatic.sv.vcf.gz.tbi", 
            "file_size": 5620, 
            "object_id": "061f7f4f-ddf7-56c3-87b7-bccb1767ddbc"
        }, 
        {
            "file_md5sum": "37d925c42693fcc3e7cc7fb41ce0cf74", 
            "file_name": "030695f6-c623-11e3-bf01-24c6515278c0.svcp_1-0-5.20150422.somatic.indel.vcf.gz", 
            "file_size": 47665925, 
            "object_id": "f48ceb8c-2603-5fe1-86bd-1257285f3fbd"
        }, 
        {
            "file_md5sum": "e29410d8fe8fb254b45ec1eaad2a8634", 
            "file_name": "030695f6-c623-11e3-bf01-24c6515278c0.svcp_1-0-5.20150422.somatic.indel.vcf.gz.tbi", 
            "file_size": 1473166, 
            "object_id": "7fec2085-e0d7-5f4f-8052-85baf66634e9"
        }, 
        {
            "file_md5sum": "343e0b21a7aca91635e7b046da294edd", 
            "file_name": "030695f6-c623-11e3-bf01-24c6515278c0.svcp_1-0-5.20150422.somatic.snv_mnv.tar.gz", 
            "file_size": 161024053, 
            "object_id": "75550f9b-1a98-5c40-9b29-efd401b92aec"
        }, 
        {
            "file_md5sum": "00b3798ad82b640cb58db1f029fe6856", 
            "file_name": "030695f6-c623-11e3-bf01-24c6515278c0.svcp_1-0-5.20150422.somatic.cnv.tar.gz", 
            "file_size": 27058441, 
            "object_id": "f5c7b8bf-f742-5458-bd33-c22f94114bcf"
        }, 
        {
            "file_md5sum": "8b1d38809ba9dbef4ff87e56f8b4af20", 
            "file_name": "030695f6-c623-11e3-bf01-24c6515278c0.svfix_4-0-5.20160107.somatic.sv.tar.gz", 
            "file_size": 298048758, 
            "object_id": "19488cbe-4ac3-54fa-b366-255b11a3825a"
        }, 
        {
            "file_md5sum": "a38e005e4db258afe6a400953f5a323a",