{
    "_runs_": {
        "run_1449256362_f285340f-6a1e-4280-8af8-91051b7f471f": {
            "downloading": {
                "04490a1b-8c05-41c9-8286-6df26bf4ccbd.xml-download_time": 13, 
                "04490a1b-8c05-41c9-8286-6df26bf4ccbd.xml-md5sum_time": 0, 
                "73afad06-c623-11e3-bf01-24c6515278c0.svcp_1-0-6.20150429.somatic.binnedReadCounts.tar.gz-download_time": 21, 
                "73afad06-c623-11e3-bf01-24c6515278c0.svcp_1-0-6.20150429.somatic.binnedReadCounts.tar.gz-md5sum_time": 1, 
                "73afad06-c623-11e3-bf01-24c6515278c0.svcp_1-0-6.20150429.somatic.cnv.tar.gz-download_time": 15, 
                "73afad06-c623-11e3-bf01-24c6515278c0.svcp_1-0-6.20150429.somatic.cnv.tar.gz-md5sum_time": 0, 
                "73afad06-c623-11e3-bf01-24c6515278c0.svcp_1-0-6.20150429.somatic.cnv.vcf.gz-download_time": 14, 
                "73afad06-c623-11e3-bf01-24c6515278c0.svcp_1-0-6.20150429.somatic.cnv.vcf.gz-md5sum_time": 0, 
                "73afad06-c623-11e3-bf01-24c6515278c0.svcp_1-0-6.20150429.somatic.cnv.vcf.gz.tbi-download_time": 14, 
                "73afad06-c623-11e3-bf01-24c6515278c0.svcp_1-0-6.20150429.somatic.cnv.vcf.gz.tbi-md5sum_time": 0, 
                "73afad06-c623-11e3-bf01-24c6515278c0.svcp_1-0-6.20150429.somatic.genotype.tar.gz-download_time": 15, 
                "73afad06-c623-11e3-bf01-24c6515278c0.svcp_1-0-6.20150429.somatic.genotype.tar.gz-md5sum_time": 0, 
                "73afad06-c623-11e3-bf01-24c6515278c0.svcp_1-0-6.20150429.somatic.imputeCounts.tar.gz-download_time": 44, 
                "73afad06-c623-11e3-bf01-24c6515278c0.svcp_1-0-6.20150429.somatic.imputeCounts.tar.gz-md5sum_time": 2, 
                "73afad06-c623-11e3-bf01-24c6515278c0.svcp_1-0-6.20150429.somatic.indel.tar.gz-download_time": 57, 
                "73afad06-c623-11e3-bf01-24c6515278c0.svcp_1-0-6.20150429.somatic.indel.tar.gz-md5sum_time": 3, 
                "73afad06-c623-11e3-bf01-24c6515278c0.svcp_1-0-6.20150429.somatic.indel.vcf.gz-download_time": 16, 
                "73afad06-c623-11e3-bf01-24c6515278c0.svcp_1-0-6.20150429.somatic.indel.vcf.gz-md5sum_time": 0, 
                "73afad06-c623-11e3-bf01-24c6515278c0.svcp_1-0-6.20150429.somatic.indel.vcf.gz.tbi-download_time": 13, 
                "73afad06-c623-11e3-bf01-24c6515278c0.svcp_1-0-6.20150429.somatic.indel.vcf.gz.tbi-md5sum_time": 0, 
                "73afad06-c623-11e3-bf01-24c6515278c0.svcp_1-0-6.20150429.somatic.snv_mnv.tar.gz-download_time": 23, 
                "73afad06-c623-11e3-bf01-24c6515278c0.svcp_1-0-6.20150429.somatic.snv_mnv.tar.gz-md5sum_time": 1, 
                "73afad06-c623-11e3-bf01-24c6515278c0.svcp_1-0-6.20150429.somatic.snv_mnv.vcf.gz-download_time": 14, 
                "73afad06-c623-11e3-bf01-24c6515278c0.svcp_1-0-6.20150429.somatic.snv_mnv.vcf.gz-md5sum_time": 0, 
                "73afad06-c623-11e3-bf01-24c6515278c0.svcp_1-0-6.20150429.somatic.snv_mnv.vcf.gz.tbi-download_time": 13, 
                "73afad06-c623-11e3-bf01-24c6515278c0.svcp_1-0-6.20150429.somatic.snv_mnv.vcf.gz.tbi-md5sum_time": 0, 
                "73afad06-c623-11e3-bf01-24c6515278c0.svcp_1-0-6.20150429.somatic.sv.tar.gz-download_time": 653, 
                "73afad06-c623-11e3-bf01-24c6515278c0.svcp_1-0-6.20150429.somatic.sv.tar.gz-md5sum_time": 56, 
                "73afad06-c623-11e3-bf01-24c6515278c0.svcp_1-0-6.20150429.somatic.sv.vcf.gz-download_time": 13, 
                "73afad06-c623-11e3-bf01-24c6515278c0.svcp_1-0-6.20150429.somatic.sv.vcf.gz-md5sum_time": 0, 
                "73afad06-c623-11e3-bf01-24c6515278c0.svcp_1-0-6.20150429.somatic.sv.vcf.gz.tbi-download_time": 14, 
                "73afad06-c623-11e3-bf01-24c6515278c0.svcp_1-0-6.20150429.somatic.sv.vcf.gz.tbi-md5sum_time": 0, 
                "73afad06-c623-11e3-bf01-24c6515278c0.svcp_1-0-6.20150429.somatic.verifyBamId.tar.gz-download_time": 14, 
                "73afad06-c623-11e3-bf01-24c6515278c0.svcp_1-0-6.20150429.somatic.verifyBamId.tar.gz-md5sum_time": 0, 
                "start": 1449257695, 
                "stop": 1449258725, 
                "time": 1030
            }
        }
    }, 
    "aliquot_id": null, 
    "available_repos": [
        {
            "https://gtrepo-riken.annailabs.com/": {
                "file_md5sum": "88f4cefbe7a6d3058d0c55c878c5c365", 
                "file_size": 58723
            }
        }
    ], 
    "data_type": "Sanger-VCF", 
    "files": [
        {
            "file_md5sum": "98b3042bc5d4ee9d701073335166a239", 
            "file_name": "73afad06-c623-11e3-bf01-24c6515278c0.svcp_1-0-6.20150429.somatic.snv_mnv.vcf.gz", 
            "file_size": 1753658, 
            "object_id": "727fd267-da1c-5eac-a411-a7ebb7ddf4c6"
        }, 
        {
            "file_md5sum": "94b157ff0504a50e1908b1d8602f3e61", 
            "file_name": "73afad06-c623-11e3-bf01-24c6515278c0.svcp_1-0-6.20150429.somatic.snv_mnv.vcf.gz.tbi", 
            "file_size": 343408, 
            "object_id": "bd67c66d-2083-5dff-9fec-dc9a44e994f1"
        }, 
        {
            "file_md5sum": "fa62c7a0e736cc7d5602bb477f10b7c1", 
            "file_name": "73afad06-c623-11e3-bf01-24c6515278c0.svcp_1-0-6.20150429.somatic.cnv.vcf.gz", 
            "file_size": 8354, 
            "object_id": "afd771b5-5a87-5db4-9095-3a3be33e4b70"
        }, 
        {
            "file_md5sum": "059461e095605c33936f88a40a24936d", 
            "file_name": "73afad06-c623-11e3-bf01-24c6515278c0.svcp_1-0-6.20150429.somatic.cnv.vcf.gz.tbi", 
            "file_size": 8617, 
            "object_id": "f926999f-5fcd-5ba2-b682-3fce0f0a908c"
        }, 
        {
            "file_md5sum": "d90b73d9fa74cca432f375c7cda6732f", 
            "file_name": "73afad06-c623-11e3-bf01-24c6515278c0.svcp_1-0-6.20150429.somatic.sv.vcf.gz", 
            "file_size": 9736, 
            "object_id": "c3dc7f78-dbfb-56c9-aaea-9a8d3ef6d70f"
        }, 
        {
            "file_md5sum": "53a22d70fa4f45c18035642a68957784", 
            "file_name": "73afad06-c623-11e3-bf01-24c6515278c0.svcp_1-0-6.20150429.somatic.sv.vcf.gz.tbi", 
            "file_size": 2294, 
            "object_id": "26a124ee-72bb-58f3-9766-a6854bdba179"
        }, 
        {
            "file_md5sum": "6bf066acede43a884923d5adfbe4d8d8", 
            "file_name": "73afad06-c623-11e3-bf01-24c6515278c0.svcp_1-0-6.20150429.somatic.indel.vcf.gz", 
            "file_size": 50583569, 
            "object_id": "972f110a-3be0-5e66-8931-e3b6fb450ffa"
        }, 
        {
            "file_md5sum": "3566261833b2dd2cd5c2813f80aca6a1", 
            "file_name": "73afad06-c623-11e3-bf01-24c6515278c0.svcp_1-0-6.20150429.somatic.indel.vcf.gz.tbi", 
            "file_size": 1493379, 
            "object_id": "d2e45a57-1eb9-58ba-b615-5ed427e8cb38"
        }, 
        {
            "file_md5sum": "a5970544f40460a84727ee9b74566297", 
            "file_name": "73afad06-c623-11e3-bf01-24c6515278c0.svcp_1-0-6.20150429.somatic.snv_mnv.tar.gz", 
            "file_size": 156649903, 
            "object_id": "0ac917a6-f24f-5b90-805c-55d267c79eb0"
        }, 
        {
            "file_md5sum": "dde97ba823a5ac8043a94181778c4641", 
            "file_name": "73afad06-c623-11e3-bf01-24c6515278c0.svcp_1-0-6.20150429.somatic.cnv.tar.gz", 
            "file_size": 27122180, 
            "object_id": "b17a54a0-5027-5d91-89ec-2baf727733a8"
        }, 
        {
            "file_md5sum": "9afb75b172752118945119013f2df989", 
            "file_name": "73afad06-c623-11e3-bf01-24c6515278c0.svcp_1-0-6.20150429.somatic.sv.tar.gz", 
            "file_size": 8318510882, 
            "object_id": "98509de1-af2f-53b5-a98b-3d54f4e1622d"
        }, 
        {
            "file_md5sum": "75cf6351460e0f6310bfa790b6675b8f", 
            "file_name": "73afad06-c623-11e3-bf01-24c6515278c0.svcp_1-0-6.20150429.somatic.indel.tar.gz", 
            "file_size": 738932324,