{
    "_runs_": {
        "run_1449256150_30778ae0-aac1-42f3-87c3-490a453045cd": {
            "downloading": {
                "04f6a3af-712b-4b08-927a-e30b131b56b0.xml-download_time": 13, 
                "04f6a3af-712b-4b08-927a-e30b131b56b0.xml-md5sum_time": 0, 
                "b5cc4a6d-93a9-497c-a7bb-a5db82edc176.svcp_1-0-4.20150218.somatic.binnedReadCounts.tar.gz-download_time": 24, 
                "b5cc4a6d-93a9-497c-a7bb-a5db82edc176.svcp_1-0-4.20150218.somatic.binnedReadCounts.tar.gz-md5sum_time": 0, 
                "b5cc4a6d-93a9-497c-a7bb-a5db82edc176.svcp_1-0-4.20150218.somatic.cnv.tar.gz-download_time": 15, 
                "b5cc4a6d-93a9-497c-a7bb-a5db82edc176.svcp_1-0-4.20150218.somatic.cnv.tar.gz-md5sum_time": 0, 
                "b5cc4a6d-93a9-497c-a7bb-a5db82edc176.svcp_1-0-4.20150218.somatic.cnv.vcf.gz-download_time": 13, 
                "b5cc4a6d-93a9-497c-a7bb-a5db82edc176.svcp_1-0-4.20150218.somatic.cnv.vcf.gz-md5sum_time": 0, 
                "b5cc4a6d-93a9-497c-a7bb-a5db82edc176.svcp_1-0-4.20150218.somatic.cnv.vcf.gz.tbi-download_time": 12, 
                "b5cc4a6d-93a9-497c-a7bb-a5db82edc176.svcp_1-0-4.20150218.somatic.cnv.vcf.gz.tbi-md5sum_time": 0, 
                "b5cc4a6d-93a9-497c-a7bb-a5db82edc176.svcp_1-0-4.20150218.somatic.genotype.tar.gz-download_time": 14, 
                "b5cc4a6d-93a9-497c-a7bb-a5db82edc176.svcp_1-0-4.20150218.somatic.genotype.tar.gz-md5sum_time": 0, 
                "b5cc4a6d-93a9-497c-a7bb-a5db82edc176.svcp_1-0-4.20150218.somatic.imputeCounts.tar.gz-download_time": 45, 
                "b5cc4a6d-93a9-497c-a7bb-a5db82edc176.svcp_1-0-4.20150218.somatic.imputeCounts.tar.gz-md5sum_time": 2, 
                "b5cc4a6d-93a9-497c-a7bb-a5db82edc176.svcp_1-0-4.20150218.somatic.indel.tar.gz-download_time": 83, 
                "b5cc4a6d-93a9-497c-a7bb-a5db82edc176.svcp_1-0-4.20150218.somatic.indel.tar.gz-md5sum_time": 4, 
                "b5cc4a6d-93a9-497c-a7bb-a5db82edc176.svcp_1-0-4.20150218.somatic.indel.vcf.gz-download_time": 17, 
                "b5cc4a6d-93a9-497c-a7bb-a5db82edc176.svcp_1-0-4.20150218.somatic.indel.vcf.gz-md5sum_time": 0, 
                "b5cc4a6d-93a9-497c-a7bb-a5db82edc176.svcp_1-0-4.20150218.somatic.indel.vcf.gz.tbi-download_time": 14, 
                "b5cc4a6d-93a9-497c-a7bb-a5db82edc176.svcp_1-0-4.20150218.somatic.indel.vcf.gz.tbi-md5sum_time": 0, 
                "b5cc4a6d-93a9-497c-a7bb-a5db82edc176.svcp_1-0-4.20150218.somatic.snv_mnv.tar.gz-download_time": 22, 
                "b5cc4a6d-93a9-497c-a7bb-a5db82edc176.svcp_1-0-4.20150218.somatic.snv_mnv.tar.gz-md5sum_time": 1, 
                "b5cc4a6d-93a9-497c-a7bb-a5db82edc176.svcp_1-0-4.20150218.somatic.snv_mnv.vcf.gz-download_time": 13, 
                "b5cc4a6d-93a9-497c-a7bb-a5db82edc176.svcp_1-0-4.20150218.somatic.snv_mnv.vcf.gz-md5sum_time": 1, 
                "b5cc4a6d-93a9-497c-a7bb-a5db82edc176.svcp_1-0-4.20150218.somatic.snv_mnv.vcf.gz.tbi-download_time": 12, 
                "b5cc4a6d-93a9-497c-a7bb-a5db82edc176.svcp_1-0-4.20150218.somatic.snv_mnv.vcf.gz.tbi-md5sum_time": 0, 
                "b5cc4a6d-93a9-497c-a7bb-a5db82edc176.svcp_1-0-4.20150218.somatic.sv.tar.gz-download_time": 68, 
                "b5cc4a6d-93a9-497c-a7bb-a5db82edc176.svcp_1-0-4.20150218.somatic.sv.tar.gz-md5sum_time": 3, 
                "b5cc4a6d-93a9-497c-a7bb-a5db82edc176.svcp_1-0-4.20150218.somatic.sv.vcf.gz-download_time": 13, 
                "b5cc4a6d-93a9-497c-a7bb-a5db82edc176.svcp_1-0-4.20150218.somatic.sv.vcf.gz-md5sum_time": 0, 
                "b5cc4a6d-93a9-497c-a7bb-a5db82edc176.svcp_1-0-4.20150218.somatic.sv.vcf.gz.tbi-download_time": 13, 
                "b5cc4a6d-93a9-497c-a7bb-a5db82edc176.svcp_1-0-4.20150218.somatic.sv.vcf.gz.tbi-md5sum_time": 0, 
                "b5cc4a6d-93a9-497c-a7bb-a5db82edc176.svcp_1-0-4.20150218.somatic.verifyBamId.tar.gz-download_time": 14, 
                "b5cc4a6d-93a9-497c-a7bb-a5db82edc176.svcp_1-0-4.20150218.somatic.verifyBamId.tar.gz-md5sum_time": 0, 
                "start": 1449258557, 
                "stop": 1449258974, 
                "time": 417
            }
        }
    }, 
    "aliquot_id": null, 
    "available_repos": [
        {
            "https://gtrepo-osdc-icgc.annailabs.com/": {
                "file_md5sum": "8e687110443ecfebd44c869935b9ca80", 
                "file_size": 58750
            }
        }
    ], 
    "data_type": "Sanger-VCF", 
    "files": [
        {
            "file_md5sum": "4ac4b490f38fb371c51181807916c247", 
            "file_name": "b5cc4a6d-93a9-497c-a7bb-a5db82edc176.svcp_1-0-4.20150218.somatic.snv_mnv.vcf.gz", 
            "file_size": 2117759, 
            "object_id": "17ee19e4-61cf-57fe-a842-09fa1247bc5f"
        }, 
        {
            "file_md5sum": "28f3d03c030f1c9a8ae386bbd0afe435", 
            "file_name": "b5cc4a6d-93a9-497c-a7bb-a5db82edc176.svcp_1-0-4.20150218.somatic.snv_mnv.vcf.gz.tbi", 
            "file_size": 349853, 
            "object_id": "73156420-0470-5d6f-b96b-17761feeec1d"
        }, 
        {
            "file_md5sum": "4a55f2ff4877b795c4ae54706030d3a8", 
            "file_name": "b5cc4a6d-93a9-497c-a7bb-a5db82edc176.svcp_1-0-4.20150218.somatic.cnv.vcf.gz", 
            "file_size": 2026, 
            "object_id": "563c21ed-1a48-59c9-badc-13cc24f8796f"
        }, 
        {
            "file_md5sum": "b3b7eaddf721de99fa7fd5b3c3d45e9e", 
            "file_name": "b5cc4a6d-93a9-497c-a7bb-a5db82edc176.svcp_1-0-4.20150218.somatic.cnv.vcf.gz.tbi", 
            "file_size": 4196, 
            "object_id": "e0e0f754-af1d-5dd6-a33c-12a031b73e4c"
        }, 
        {
            "file_md5sum": "9d3bf76dc9e43bd040f3802b9a2fb5da", 
            "file_name": "b5cc4a6d-93a9-497c-a7bb-a5db82edc176.svcp_1-0-4.20150218.somatic.sv.vcf.gz", 
            "file_size": 3302, 
            "object_id": "c089941e-22a4-5158-be28-6a0b558ca523"
        }, 
        {
            "file_md5sum": "21f153f4d98f9361b31d48f9550eb0cd", 
            "file_name": "b5cc4a6d-93a9-497c-a7bb-a5db82edc176.svcp_1-0-4.20150218.somatic.sv.vcf.gz.tbi", 
            "file_size": 636, 
            "object_id": "42eba563-a000-5344-b9bd-65ac9e4652fa"
        }, 
        {
            "file_md5sum": "05bbfd89e2db52659cf001273a867709", 
            "file_name": "b5cc4a6d-93a9-497c-a7bb-a5db82edc176.svcp_1-0-4.20150218.somatic.indel.vcf.gz", 
            "file_size": 52398445, 
            "object_id": "d2d9fce4-f617-5e10-9f40-ad1a0036bf0c"
        }, 
        {
            "file_md5sum": "7651a91550b0f42d58af3f355a16c437", 
            "file_name": "b5cc4a6d-93a9-497c-a7bb-a5db82edc176.svcp_1-0-4.20150218.somatic.indel.vcf.gz.tbi", 
            "file_size": 1459322, 
            "object_id": "53b64134-d0cd-53d5-ac2a-65f22628e09d"
        }, 
        {
            "file_md5sum": "16b5ac933cce0935ed18e2553e9c36ba", 
            "file_name": "b5cc4a6d-93a9-497c-a7bb-a5db82edc176.svcp_1-0-4.20150218.somatic.snv_mnv.tar.gz", 
            "file_size": 167696891, 
            "object_id": "4dff7206-4cba-5995-a433-99ca3a369257"
        }, 
        {
            "file_md5sum": "34ed1f7de3e241a6a23fd0af282d94a0", 
            "file_name": "b5cc4a6d-93a9-497c-a7bb-a5db82edc176.svcp_1-0-4.20150218.somatic.cnv.tar.gz", 
            "file_size": 26713624, 
            "object_id": "47f7e758-8da3-57c1-9ae5-ddbc2babec6c"
        }, 
        {
            "file_md5sum": "f38625212ba5a237e3702bb1e1ad9216", 
            "file_name": "b5cc4a6d-93a9-497c-a7bb-a5db82edc176.svcp_1-0-4.20150218.somatic.sv.tar.gz", 
            "file_size": 914065791, 
            "object_id": "e80774a7-73cd-5065-89cc-07d13e85ed23"
        }, 
        {
            "file_md5sum": "69b4138e26cb58f5ee6924ec048d90a6", 
            "file_name": "b5cc4a6d-93a9-497c-a7bb-a5db82edc176.svcp_1-0-4.20150218.somatic.indel.tar.gz", 
            "file_size": 974556063,