{
    "_runs_": {
        "run_1449256082_1952fd1a-a01c-401b-a592-79b18b22a57e": {
            "downloading": {
                "0a3e6264-5a00-4bd9-a6dd-b6e0e73d6be4.xml-download_time": 14, 
                "0a3e6264-5a00-4bd9-a6dd-b6e0e73d6be4.xml-md5sum_time": 0, 
                "94244f28-4ba2-4aa6-a0fb-0cd9b94bf9cc.svcp_1-0-4.20150217.somatic.binnedReadCounts.tar.gz-download_time": 20, 
                "94244f28-4ba2-4aa6-a0fb-0cd9b94bf9cc.svcp_1-0-4.20150217.somatic.binnedReadCounts.tar.gz-md5sum_time": 1, 
                "94244f28-4ba2-4aa6-a0fb-0cd9b94bf9cc.svcp_1-0-4.20150217.somatic.cnv.tar.gz-download_time": 15, 
                "94244f28-4ba2-4aa6-a0fb-0cd9b94bf9cc.svcp_1-0-4.20150217.somatic.cnv.tar.gz-md5sum_time": 0, 
                "94244f28-4ba2-4aa6-a0fb-0cd9b94bf9cc.svcp_1-0-4.20150217.somatic.cnv.vcf.gz-download_time": 12, 
                "94244f28-4ba2-4aa6-a0fb-0cd9b94bf9cc.svcp_1-0-4.20150217.somatic.cnv.vcf.gz-md5sum_time": 0, 
                "94244f28-4ba2-4aa6-a0fb-0cd9b94bf9cc.svcp_1-0-4.20150217.somatic.cnv.vcf.gz.tbi-download_time": 14, 
                "94244f28-4ba2-4aa6-a0fb-0cd9b94bf9cc.svcp_1-0-4.20150217.somatic.cnv.vcf.gz.tbi-md5sum_time": 0, 
                "94244f28-4ba2-4aa6-a0fb-0cd9b94bf9cc.svcp_1-0-4.20150217.somatic.genotype.tar.gz-download_time": 14, 
                "94244f28-4ba2-4aa6-a0fb-0cd9b94bf9cc.svcp_1-0-4.20150217.somatic.genotype.tar.gz-md5sum_time": 0, 
                "94244f28-4ba2-4aa6-a0fb-0cd9b94bf9cc.svcp_1-0-4.20150217.somatic.imputeCounts.tar.gz-download_time": 42, 
                "94244f28-4ba2-4aa6-a0fb-0cd9b94bf9cc.svcp_1-0-4.20150217.somatic.imputeCounts.tar.gz-md5sum_time": 2, 
                "94244f28-4ba2-4aa6-a0fb-0cd9b94bf9cc.svcp_1-0-4.20150217.somatic.indel.tar.gz-download_time": 78, 
                "94244f28-4ba2-4aa6-a0fb-0cd9b94bf9cc.svcp_1-0-4.20150217.somatic.indel.tar.gz-md5sum_time": 3, 
                "94244f28-4ba2-4aa6-a0fb-0cd9b94bf9cc.svcp_1-0-4.20150217.somatic.indel.vcf.gz-download_time": 17, 
                "94244f28-4ba2-4aa6-a0fb-0cd9b94bf9cc.svcp_1-0-4.20150217.somatic.indel.vcf.gz-md5sum_time": 0, 
                "94244f28-4ba2-4aa6-a0fb-0cd9b94bf9cc.svcp_1-0-4.20150217.somatic.indel.vcf.gz.tbi-download_time": 19, 
                "94244f28-4ba2-4aa6-a0fb-0cd9b94bf9cc.svcp_1-0-4.20150217.somatic.indel.vcf.gz.tbi-md5sum_time": 0, 
                "94244f28-4ba2-4aa6-a0fb-0cd9b94bf9cc.svcp_1-0-4.20150217.somatic.snv_mnv.tar.gz-download_time": 24, 
                "94244f28-4ba2-4aa6-a0fb-0cd9b94bf9cc.svcp_1-0-4.20150217.somatic.snv_mnv.tar.gz-md5sum_time": 0, 
                "94244f28-4ba2-4aa6-a0fb-0cd9b94bf9cc.svcp_1-0-4.20150217.somatic.snv_mnv.vcf.gz-download_time": 13, 
                "94244f28-4ba2-4aa6-a0fb-0cd9b94bf9cc.svcp_1-0-4.20150217.somatic.snv_mnv.vcf.gz-md5sum_time": 0, 
                "94244f28-4ba2-4aa6-a0fb-0cd9b94bf9cc.svcp_1-0-4.20150217.somatic.snv_mnv.vcf.gz.tbi-download_time": 14, 
                "94244f28-4ba2-4aa6-a0fb-0cd9b94bf9cc.svcp_1-0-4.20150217.somatic.snv_mnv.vcf.gz.tbi-md5sum_time": 0, 
                "94244f28-4ba2-4aa6-a0fb-0cd9b94bf9cc.svcp_1-0-4.20150217.somatic.sv.tar.gz-download_time": 551, 
                "94244f28-4ba2-4aa6-a0fb-0cd9b94bf9cc.svcp_1-0-4.20150217.somatic.sv.tar.gz-md5sum_time": 52, 
                "94244f28-4ba2-4aa6-a0fb-0cd9b94bf9cc.svcp_1-0-4.20150217.somatic.sv.vcf.gz-download_time": 14, 
                "94244f28-4ba2-4aa6-a0fb-0cd9b94bf9cc.svcp_1-0-4.20150217.somatic.sv.vcf.gz-md5sum_time": 0, 
                "94244f28-4ba2-4aa6-a0fb-0cd9b94bf9cc.svcp_1-0-4.20150217.somatic.sv.vcf.gz.tbi-download_time": 13, 
                "94244f28-4ba2-4aa6-a0fb-0cd9b94bf9cc.svcp_1-0-4.20150217.somatic.sv.vcf.gz.tbi-md5sum_time": 0, 
                "94244f28-4ba2-4aa6-a0fb-0cd9b94bf9cc.svcp_1-0-4.20150217.somatic.verifyBamId.tar.gz-download_time": 14, 
                "94244f28-4ba2-4aa6-a0fb-0cd9b94bf9cc.svcp_1-0-4.20150217.somatic.verifyBamId.tar.gz-md5sum_time": 0, 
                "start": 1449262042, 
                "stop": 1449262989, 
                "time": 947
            }
        }
    }, 
    "aliquot_id": null, 
    "available_repos": [
        {
            "https://gtrepo-osdc-icgc.annailabs.com/": {
                "file_md5sum": "2aece2fd9e496b27aa1bdf3b98198710", 
                "file_size": 58871
            }
        }
    ], 
    "data_type": "Sanger-VCF", 
    "files": [
        {
            "file_md5sum": "280ac8d9ce5272e683b1a3ff2d1e1aec", 
            "file_name": "94244f28-4ba2-4aa6-a0fb-0cd9b94bf9cc.svcp_1-0-4.20150217.somatic.snv_mnv.vcf.gz", 
            "file_size": 3870531, 
            "object_id": "dd544f33-d9a2-5b72-8337-ed15fba832d3"
        }, 
        {
            "file_md5sum": "ab6e0ca1f6359ada93172ce1ef33d095", 
            "file_name": "94244f28-4ba2-4aa6-a0fb-0cd9b94bf9cc.svcp_1-0-4.20150217.somatic.snv_mnv.vcf.gz.tbi", 
            "file_size": 481574, 
            "object_id": "f75f1a29-0e5d-53c7-a573-5aa1f10236ff"
        }, 
        {
            "file_md5sum": "771fc9af4c9676226dcd4d529a82d3c1", 
            "file_name": "94244f28-4ba2-4aa6-a0fb-0cd9b94bf9cc.svcp_1-0-4.20150217.somatic.cnv.vcf.gz", 
            "file_size": 2013, 
            "object_id": "d09ce1d7-1f81-5051-bed3-ccdbcaae6c7e"
        }, 
        {
            "file_md5sum": "b21ebb7b49d62e94d88dd63c00f0c3e9", 
            "file_name": "94244f28-4ba2-4aa6-a0fb-0cd9b94bf9cc.svcp_1-0-4.20150217.somatic.cnv.vcf.gz.tbi", 
            "file_size": 4220, 
            "object_id": "435569e3-f53f-5beb-93c7-2480b04a46f8"
        }, 
        {
            "file_md5sum": "d0bd7eb5046ad251907b8c2ffd4a3b16", 
            "file_name": "94244f28-4ba2-4aa6-a0fb-0cd9b94bf9cc.svcp_1-0-4.20150217.somatic.sv.vcf.gz", 
            "file_size": 4084, 
            "object_id": "7acb7b99-6f8d-5f08-9714-063e11435a60"
        }, 
        {
            "file_md5sum": "125f81d4b639d23695c2781f94bf9c9a", 
            "file_name": "94244f28-4ba2-4aa6-a0fb-0cd9b94bf9cc.svcp_1-0-4.20150217.somatic.sv.vcf.gz.tbi", 
            "file_size": 657, 
            "object_id": "0210ebb2-7614-5e78-8777-f1664c357223"
        }, 
        {
            "file_md5sum": "cccbb3fce8bc228202a6c2fd5932b8f2", 
            "file_name": "94244f28-4ba2-4aa6-a0fb-0cd9b94bf9cc.svcp_1-0-4.20150217.somatic.indel.vcf.gz", 
            "file_size": 51144586, 
            "object_id": "21d9785a-7c21-53e3-a2dc-d108f6f828eb"
        }, 
        {
            "file_md5sum": "42fc1177adbf471c41edd31cbcfd2a98", 
            "file_name": "94244f28-4ba2-4aa6-a0fb-0cd9b94bf9cc.svcp_1-0-4.20150217.somatic.indel.vcf.gz.tbi", 
            "file_size": 1473092, 
            "object_id": "210cb31a-6c23-5cad-8b8b-3dc467825200"
        }, 
        {
            "file_md5sum": "9bd49725d4e7974723af9ad756880ede", 
            "file_name": "94244f28-4ba2-4aa6-a0fb-0cd9b94bf9cc.svcp_1-0-4.20150217.somatic.snv_mnv.tar.gz", 
            "file_size": 172011619, 
            "object_id": "a3255cba-5fa3-545c-a307-e63515f69602"
        }, 
        {
            "file_md5sum": "774fd7ccd78e36b0abba0661ac15ddcc", 
            "file_name": "94244f28-4ba2-4aa6-a0fb-0cd9b94bf9cc.svcp_1-0-4.20150217.somatic.cnv.tar.gz", 
            "file_size": 27014809, 
            "object_id": "58048208-67a3-5018-aef5-81b39d57db85"
        }, 
        {
            "file_md5sum": "df5b5b453b04efbaf6a8180ad32247c5", 
            "file_name": "94244f28-4ba2-4aa6-a0fb-0cd9b94bf9cc.svcp_1-0-4.20150217.somatic.sv.tar.gz", 
            "file_size": 7005462859, 
            "object_id": "b1c2b305-a77d-5ef1-bae7-847c132bc025"
        }, 
        {
            "file_md5sum": "7adc88880f9cc2ba55e68004d588b918", 
            "file_name": "94244f28-4ba2-4aa6-a0fb-0cd9b94bf9cc.svcp_1-0-4.20150217.somatic.indel.tar.gz", 
            "file_size": 976374341,