{
    "_runs_": {
        "run_1449001000_1cdb0908-2bfb-4a61-9e53-3f924af793f4": {
            "downloading": {
                "gnos-download_time": 248, 
                "start": 1449023047, 
                "stop": 1449023295, 
                "time": 248
            }, 
            "uploading": {
                "copy_meta_time": 2, 
                "start": 1449023305, 
                "stop": 1449023453, 
                "time": 148, 
                "upload_time": 146
            }
        }, 
        "run_1449256362_f285340f-6a1e-4280-8af8-91051b7f471f": {
            "downloading": {
                "0a95d5ca-a0a2-11e4-9c92-f091f8d8eb0b.xml-download_time": 13, 
                "0a95d5ca-a0a2-11e4-9c92-f091f8d8eb0b.xml-md5sum_time": 0, 
                "31a70598-33be-4f09-9990-bd7594467802.svcp_1-0-2.20150111.somatic.binnedReadCounts.tar.gz-download_time": 24, 
                "31a70598-33be-4f09-9990-bd7594467802.svcp_1-0-2.20150111.somatic.binnedReadCounts.tar.gz-md5sum_time": 0, 
                "31a70598-33be-4f09-9990-bd7594467802.svcp_1-0-2.20150111.somatic.cnv.tar.gz-download_time": 16, 
                "31a70598-33be-4f09-9990-bd7594467802.svcp_1-0-2.20150111.somatic.cnv.tar.gz-md5sum_time": 0, 
                "31a70598-33be-4f09-9990-bd7594467802.svcp_1-0-2.20150111.somatic.cnv.vcf.gz-download_time": 13, 
                "31a70598-33be-4f09-9990-bd7594467802.svcp_1-0-2.20150111.somatic.cnv.vcf.gz-md5sum_time": 0, 
                "31a70598-33be-4f09-9990-bd7594467802.svcp_1-0-2.20150111.somatic.cnv.vcf.gz.tbi-download_time": 13, 
                "31a70598-33be-4f09-9990-bd7594467802.svcp_1-0-2.20150111.somatic.cnv.vcf.gz.tbi-md5sum_time": 0, 
                "31a70598-33be-4f09-9990-bd7594467802.svcp_1-0-2.20150111.somatic.genotype.tar.gz-download_time": 14, 
                "31a70598-33be-4f09-9990-bd7594467802.svcp_1-0-2.20150111.somatic.genotype.tar.gz-md5sum_time": 0, 
                "31a70598-33be-4f09-9990-bd7594467802.svcp_1-0-2.20150111.somatic.imputeCounts.tar.gz-download_time": 44, 
                "31a70598-33be-4f09-9990-bd7594467802.svcp_1-0-2.20150111.somatic.imputeCounts.tar.gz-md5sum_time": 1, 
                "31a70598-33be-4f09-9990-bd7594467802.svcp_1-0-2.20150111.somatic.indel.tar.gz-download_time": 81, 
                "31a70598-33be-4f09-9990-bd7594467802.svcp_1-0-2.20150111.somatic.indel.tar.gz-md5sum_time": 4, 
                "31a70598-33be-4f09-9990-bd7594467802.svcp_1-0-2.20150111.somatic.indel.vcf.gz-download_time": 17, 
                "31a70598-33be-4f09-9990-bd7594467802.svcp_1-0-2.20150111.somatic.indel.vcf.gz-md5sum_time": 0, 
                "31a70598-33be-4f09-9990-bd7594467802.svcp_1-0-2.20150111.somatic.indel.vcf.gz.tbi-download_time": 14, 
                "31a70598-33be-4f09-9990-bd7594467802.svcp_1-0-2.20150111.somatic.indel.vcf.gz.tbi-md5sum_time": 1, 
                "31a70598-33be-4f09-9990-bd7594467802.svcp_1-0-2.20150111.somatic.snv_mnv.tar.gz-download_time": 23, 
                "31a70598-33be-4f09-9990-bd7594467802.svcp_1-0-2.20150111.somatic.snv_mnv.tar.gz-md5sum_time": 1, 
                "31a70598-33be-4f09-9990-bd7594467802.svcp_1-0-2.20150111.somatic.snv_mnv.vcf.gz-download_time": 14, 
                "31a70598-33be-4f09-9990-bd7594467802.svcp_1-0-2.20150111.somatic.snv_mnv.vcf.gz-md5sum_time": 0, 
                "31a70598-33be-4f09-9990-bd7594467802.svcp_1-0-2.20150111.somatic.snv_mnv.vcf.gz.tbi-download_time": 14, 
                "31a70598-33be-4f09-9990-bd7594467802.svcp_1-0-2.20150111.somatic.snv_mnv.vcf.gz.tbi-md5sum_time": 0, 
                "31a70598-33be-4f09-9990-bd7594467802.svcp_1-0-2.20150111.somatic.sv.tar.gz-download_time": 89, 
                "31a70598-33be-4f09-9990-bd7594467802.svcp_1-0-2.20150111.somatic.sv.tar.gz-md5sum_time": 5, 
                "31a70598-33be-4f09-9990-bd7594467802.svcp_1-0-2.20150111.somatic.sv.vcf.gz-download_time": 13, 
                "31a70598-33be-4f09-9990-bd7594467802.svcp_1-0-2.20150111.somatic.sv.vcf.gz-md5sum_time": 0, 
                "31a70598-33be-4f09-9990-bd7594467802.svcp_1-0-2.20150111.somatic.sv.vcf.gz.tbi-download_time": 14, 
                "31a70598-33be-4f09-9990-bd7594467802.svcp_1-0-2.20150111.somatic.sv.vcf.gz.tbi-md5sum_time": 0, 
                "31a70598-33be-4f09-9990-bd7594467802.svcp_1-0-2.20150111.somatic.verifyBamId.tar.gz-download_time": 13, 
                "31a70598-33be-4f09-9990-bd7594467802.svcp_1-0-2.20150111.somatic.verifyBamId.tar.gz-md5sum_time": 0, 
                "start": 1449262292, 
                "stop": 1449262734, 
                "time": 442
            }
        }
    }, 
    "aliquot_id": null, 
    "available_repos": [
        {
            "https://gtrepo-bsc.annailabs.com/": {
                "file_md5sum": "271838fb6fdaed1fbb81f7e5c1349ce5", 
                "file_size": 63201
            }
        }
    ], 
    "data_type": "Sanger-VCF", 
    "files": [
        {
            "file_md5sum": "7880f04607d1b7eea3682f71dd66535e", 
            "file_name": "31a70598-33be-4f09-9990-bd7594467802.svcp_1-0-2.20150111.somatic.snv_mnv.vcf.gz", 
            "file_size": 1487978, 
            "object_id": "289fe0d5-3ad8-5c4a-8362-075d98715f51"
        }, 
        {
            "file_md5sum": "92d4d06f33574de925a779c381af00b5", 
            "file_name": "31a70598-33be-4f09-9990-bd7594467802.svcp_1-0-2.20150111.somatic.snv_mnv.vcf.gz.tbi", 
            "file_size": 263728, 
            "object_id": "e531975f-e40e-5940-b0c0-f3e56b75d511"
        }, 
        {
            "file_md5sum": "629697124d21a5d0609ebaa44d9d78a4", 
            "file_name": "31a70598-33be-4f09-9990-bd7594467802.svcp_1-0-2.20150111.somatic.cnv.vcf.gz", 
            "file_size": 2096, 
            "object_id": "c9e653d1-3418-563c-8db7-0584c208749f"
        }, 
        {
            "file_md5sum": "46e1c9fc95ab092daa82d91af719511f", 
            "file_name": "31a70598-33be-4f09-9990-bd7594467802.svcp_1-0-2.20150111.somatic.cnv.vcf.gz.tbi", 
            "file_size": 4261, 
            "object_id": "cee95f28-1ff3-5d75-9eb8-af8ce0ce46e3"
        }, 
        {
            "file_md5sum": "5563755422ae6fb49a9d887eaa7b4c06", 
            "file_name": "31a70598-33be-4f09-9990-bd7594467802.svcp_1-0-2.20150111.somatic.sv.vcf.gz", 
            "file_size": 3496, 
            "object_id": "443a6cee-e2b0-5656-bd54-41b2622dce64"
        }, 
        {
            "file_md5sum": "59916d59af653246a3cf61f5f23598ff", 
            "file_name": "31a70598-33be-4f09-9990-bd7594467802.svcp_1-0-2.20150111.somatic.sv.vcf.gz.tbi", 
            "file_size": 594, 
            "object_id": "4b0ed8f1-715b-5df9-bf8c-cad9f265c280"
        }, 
        {
            "file_md5sum": "5acc2423ec1d5129ca6cdebd9f9cd442", 
            "file_name": "31a70598-33be-4f09-9990-bd7594467802.svcp_1-0-2.20150111.somatic.indel.vcf.gz", 
            "file_size": 50902356, 
            "object_id": "8419f866-68c8-5602-9b7c-3c8fe9ecfc2a"
        }, 
        {
            "file_md5sum": "e0ae5a72ebd5b663446f5567f9c28239", 
            "file_name": "31a70598-33be-4f09-9990-bd7594467802.svcp_1-0-2.20150111.somatic.indel.vcf.gz.tbi", 
            "file_size": 1434629, 
            "object_id": "439a3d3f-4aa9-5650-a90e-0898557b1d39"
        }, 
        {
            "file_md5sum": "24f521f7082b3cf512e0997d31478396", 
            "file_name": "31a70598-33be-4f09-9990-bd7594467802.svcp_1-0-2.20150111.somatic.snv_mnv.tar.gz", 
            "file_size": 159856891, 
            "object_id": "aa71c7cf-cec5-56fb-8be9-f543d81cd5e8"
        }, 
        {
            "file_md5sum": "12ae0881a0554207332ff4bbafa569e1", 
            "file_name": "31a70598-33be-4f09-9990-bd7594467802.svcp_1-0-2.20150111.somatic.cnv.tar.gz", 
            "file_size": 26261253, 
            "object_id": "cfec1e7f-8af4-5366-a7b7-d00f0adae33a"
        }, 
        {
            "file_md5sum": "360918b02cd59653d7e864b40f612393",