{
    "_runs_": {
        "run_1449252103_152c7654-43a8-4095-9763-2d1564a0e842": {
            "downloading": {
                "0b2bf1a8-dfcf-44d3-ad87-d28649ad6475.xml-download_time": 13, 
                "0b2bf1a8-dfcf-44d3-ad87-d28649ad6475.xml-md5sum_time": 0, 
                "f9206fae-85ee-7798-e040-11ac0d484bb0.svcp_1-0-5.20150306.somatic.binnedReadCounts.tar.gz-download_time": 20, 
                "f9206fae-85ee-7798-e040-11ac0d484bb0.svcp_1-0-5.20150306.somatic.binnedReadCounts.tar.gz-md5sum_time": 0, 
                "f9206fae-85ee-7798-e040-11ac0d484bb0.svcp_1-0-5.20150306.somatic.cnv.tar.gz-download_time": 15, 
                "f9206fae-85ee-7798-e040-11ac0d484bb0.svcp_1-0-5.20150306.somatic.cnv.tar.gz-md5sum_time": 0, 
                "f9206fae-85ee-7798-e040-11ac0d484bb0.svcp_1-0-5.20150306.somatic.cnv.vcf.gz-download_time": 13, 
                "f9206fae-85ee-7798-e040-11ac0d484bb0.svcp_1-0-5.20150306.somatic.cnv.vcf.gz-md5sum_time": 0, 
                "f9206fae-85ee-7798-e040-11ac0d484bb0.svcp_1-0-5.20150306.somatic.cnv.vcf.gz.tbi-download_time": 12, 
                "f9206fae-85ee-7798-e040-11ac0d484bb0.svcp_1-0-5.20150306.somatic.cnv.vcf.gz.tbi-md5sum_time": 0, 
                "f9206fae-85ee-7798-e040-11ac0d484bb0.svcp_1-0-5.20150306.somatic.genotype.tar.gz-download_time": 12, 
                "f9206fae-85ee-7798-e040-11ac0d484bb0.svcp_1-0-5.20150306.somatic.genotype.tar.gz-md5sum_time": 0, 
                "f9206fae-85ee-7798-e040-11ac0d484bb0.svcp_1-0-5.20150306.somatic.imputeCounts.tar.gz-download_time": 44, 
                "f9206fae-85ee-7798-e040-11ac0d484bb0.svcp_1-0-5.20150306.somatic.imputeCounts.tar.gz-md5sum_time": 1, 
                "f9206fae-85ee-7798-e040-11ac0d484bb0.svcp_1-0-5.20150306.somatic.indel.tar.gz-download_time": 53, 
                "f9206fae-85ee-7798-e040-11ac0d484bb0.svcp_1-0-5.20150306.somatic.indel.tar.gz-md5sum_time": 3, 
                "f9206fae-85ee-7798-e040-11ac0d484bb0.svcp_1-0-5.20150306.somatic.indel.vcf.gz-download_time": 16, 
                "f9206fae-85ee-7798-e040-11ac0d484bb0.svcp_1-0-5.20150306.somatic.indel.vcf.gz-md5sum_time": 0, 
                "f9206fae-85ee-7798-e040-11ac0d484bb0.svcp_1-0-5.20150306.somatic.indel.vcf.gz.tbi-download_time": 13, 
                "f9206fae-85ee-7798-e040-11ac0d484bb0.svcp_1-0-5.20150306.somatic.indel.vcf.gz.tbi-md5sum_time": 0, 
                "f9206fae-85ee-7798-e040-11ac0d484bb0.svcp_1-0-5.20150306.somatic.snv_mnv.tar.gz-download_time": 22, 
                "f9206fae-85ee-7798-e040-11ac0d484bb0.svcp_1-0-5.20150306.somatic.snv_mnv.tar.gz-md5sum_time": 1, 
                "f9206fae-85ee-7798-e040-11ac0d484bb0.svcp_1-0-5.20150306.somatic.snv_mnv.vcf.gz-download_time": 14, 
                "f9206fae-85ee-7798-e040-11ac0d484bb0.svcp_1-0-5.20150306.somatic.snv_mnv.vcf.gz-md5sum_time": 0, 
                "f9206fae-85ee-7798-e040-11ac0d484bb0.svcp_1-0-5.20150306.somatic.snv_mnv.vcf.gz.tbi-download_time": 13, 
                "f9206fae-85ee-7798-e040-11ac0d484bb0.svcp_1-0-5.20150306.somatic.snv_mnv.vcf.gz.tbi-md5sum_time": 0, 
                "f9206fae-85ee-7798-e040-11ac0d484bb0.svcp_1-0-5.20150306.somatic.sv.tar.gz-download_time": 454, 
                "f9206fae-85ee-7798-e040-11ac0d484bb0.svcp_1-0-5.20150306.somatic.sv.tar.gz-md5sum_time": 38, 
                "f9206fae-85ee-7798-e040-11ac0d484bb0.svcp_1-0-5.20150306.somatic.sv.vcf.gz-download_time": 12, 
                "f9206fae-85ee-7798-e040-11ac0d484bb0.svcp_1-0-5.20150306.somatic.sv.vcf.gz-md5sum_time": 0, 
                "f9206fae-85ee-7798-e040-11ac0d484bb0.svcp_1-0-5.20150306.somatic.sv.vcf.gz.tbi-download_time": 13, 
                "f9206fae-85ee-7798-e040-11ac0d484bb0.svcp_1-0-5.20150306.somatic.sv.vcf.gz.tbi-md5sum_time": 0, 
                "f9206fae-85ee-7798-e040-11ac0d484bb0.svcp_1-0-5.20150306.somatic.verifyBamId.tar.gz-download_time": 14, 
                "f9206fae-85ee-7798-e040-11ac0d484bb0.svcp_1-0-5.20150306.somatic.verifyBamId.tar.gz-md5sum_time": 0, 
                "f9293ab0-8f79-d8dc-e040-11ac0d483b83.svcp_1-0-5.20150306.somatic.binnedReadCounts.tar.gz-download_time": 18, 
                "f9293ab0-8f79-d8dc-e040-11ac0d483b83.svcp_1-0-5.20150306.somatic.binnedReadCounts.tar.gz-md5sum_time": 1, 
                "f9293ab0-8f79-d8dc-e040-11ac0d483b83.svcp_1-0-5.20150306.somatic.cnv.tar.gz-download_time": 16, 
                "f9293ab0-8f79-d8dc-e040-11ac0d483b83.svcp_1-0-5.20150306.somatic.cnv.tar.gz-md5sum_time": 0, 
                "f9293ab0-8f79-d8dc-e040-11ac0d483b83.svcp_1-0-5.20150306.somatic.cnv.vcf.gz-download_time": 13, 
                "f9293ab0-8f79-d8dc-e040-11ac0d483b83.svcp_1-0-5.20150306.somatic.cnv.vcf.gz-md5sum_time": 0, 
                "f9293ab0-8f79-d8dc-e040-11ac0d483b83.svcp_1-0-5.20150306.somatic.cnv.vcf.gz.tbi-download_time": 13, 
                "f9293ab0-8f79-d8dc-e040-11ac0d483b83.svcp_1-0-5.20150306.somatic.cnv.vcf.gz.tbi-md5sum_time": 0, 
                "f9293ab0-8f79-d8dc-e040-11ac0d483b83.svcp_1-0-5.20150306.somatic.genotype.tar.gz-download_time": 12, 
                "f9293ab0-8f79-d8dc-e040-11ac0d483b83.svcp_1-0-5.20150306.somatic.genotype.tar.gz-md5sum_time": 0, 
                "f9293ab0-8f79-d8dc-e040-11ac0d483b83.svcp_1-0-5.20150306.somatic.imputeCounts.tar.gz-download_time": 40, 
                "f9293ab0-8f79-d8dc-e040-11ac0d483b83.svcp_1-0-5.20150306.somatic.imputeCounts.tar.gz-md5sum_time": 2, 
                "f9293ab0-8f79-d8dc-e040-11ac0d483b83.svcp_1-0-5.20150306.somatic.indel.tar.gz-download_time": 58, 
                "f9293ab0-8f79-d8dc-e040-11ac0d483b83.svcp_1-0-5.20150306.somatic.indel.tar.gz-md5sum_time": 3, 
                "f9293ab0-8f79-d8dc-e040-11ac0d483b83.svcp_1-0-5.20150306.somatic.indel.vcf.gz-download_time": 16, 
                "f9293ab0-8f79-d8dc-e040-11ac0d483b83.svcp_1-0-5.20150306.somatic.indel.vcf.gz-md5sum_time": 0, 
                "f9293ab0-8f79-d8dc-e040-11ac0d483b83.svcp_1-0-5.20150306.somatic.indel.vcf.gz.tbi-download_time": 14, 
                "f9293ab0-8f79-d8dc-e040-11ac0d483b83.svcp_1-0-5.20150306.somatic.indel.vcf.gz.tbi-md5sum_time": 0, 
                "f9293ab0-8f79-d8dc-e040-11ac0d483b83.svcp_1-0-5.20150306.somatic.snv_mnv.tar.gz-download_time": 23, 
                "f9293ab0-8f79-d8dc-e040-11ac0d483b83.svcp_1-0-5.20150306.somatic.snv_mnv.tar.gz-md5sum_time": 1, 
                "f9293ab0-8f79-d8dc-e040-11ac0d483b83.svcp_1-0-5.20150306.somatic.snv_mnv.vcf.gz-download_time": 14, 
                "f9293ab0-8f79-d8dc-e040-11ac0d483b83.svcp_1-0-5.20150306.somatic.snv_mnv.vcf.gz-md5sum_time": 0, 
                "f9293ab0-8f79-d8dc-e040-11ac0d483b83.svcp_1-0-5.20150306.somatic.snv_mnv.vcf.gz.tbi-download_time": 12, 
                "f9293ab0-8f79-d8dc-e040-11ac0d483b83.svcp_1-0-5.20150306.somatic.snv_mnv.vcf.gz.tbi-md5sum_time": 0, 
                "f9293ab0-8f79-d8dc-e040-11ac0d483b83.svcp_1-0-5.20150306.somatic.sv.tar.gz-download_time": 337, 
                "f9293ab0-8f79-d8dc-e040-11ac0d483b83.svcp_1-0-5.20150306.somatic.sv.tar.gz-md5sum_time": 29, 
                "f9293ab0-8f79-d8dc-e040-11ac0d483b83.svcp_1-0-5.20150306.somatic.sv.vcf.gz-download_time": 12, 
                "f9293ab0-8f79-d8dc-e040-11ac0d483b83.svcp_1-0-5.20150306.somatic.sv.vcf.gz-md5sum_time": 0, 
                "f9293ab0-8f79-d8dc-e040-11ac0d483b83.svcp_1-0-5.20150306.somatic.sv.vcf.gz.tbi-download_time": 14, 
                "f9293ab0-8f79-d8dc-e040-11ac0d483b83.svcp_1-0-5.20150306.somatic.sv.vcf.gz.tbi-md5sum_time": 0, 
                "f9293ab0-8f79-d8dc-e040-11ac0d483b83.svcp_1-0-5.20150306.somatic.verifyBamId.tar.gz-download_time": 14, 
                "f9293ab0-8f79-d8dc-e040-11ac0d483b83.svcp_1-0-5.20150306.somatic.verifyBamId.tar.gz-md5sum_time": 0, 
                "start": 1449262663, 
                "stop": 1449264121, 
                "time": 1458
            }
        }
    }, 
    "aliquot_id": null,