{
    "_runs_": {
        "run_1449000949_07760fbf-916f-45ff-bfbf-0e708657dbd1": {
            "downloading": {
                "gnos-download_time": 302, 
                "start": 1449079008, 
                "stop": 1449079310, 
                "time": 302
            }, 
            "uploading": {
                "copy_meta_time": 2, 
                "start": 1449079326, 
                "stop": 1449079560, 
                "time": 234, 
                "upload_time": 231
            }
        }, 
        "run_1449256569_76e81a59-4210-47e5-9370-3d9c27baa182": {
            "downloading": {
                "0d51f219-75aa-49cc-ae03-0ab76b66dbbb.xml-download_time": 12, 
                "0d51f219-75aa-49cc-ae03-0ab76b66dbbb.xml-md5sum_time": 0, 
                "524bbd14-1e1f-479b-9a71-d27fce32d8bc.dkfz-copyNumberEstimation_1-0-189.20151007.somatic.cnv.tar.gz-download_time": 229, 
                "524bbd14-1e1f-479b-9a71-d27fce32d8bc.dkfz-copyNumberEstimation_1-0-189.20151007.somatic.cnv.tar.gz-md5sum_time": 22, 
                "524bbd14-1e1f-479b-9a71-d27fce32d8bc.dkfz-copyNumberEstimation_1-0-189.20151007.somatic.cnv.vcf.gz-download_time": 13, 
                "524bbd14-1e1f-479b-9a71-d27fce32d8bc.dkfz-copyNumberEstimation_1-0-189.20151007.somatic.cnv.vcf.gz-md5sum_time": 0, 
                "524bbd14-1e1f-479b-9a71-d27fce32d8bc.dkfz-copyNumberEstimation_1-0-189.20151007.somatic.cnv.vcf.gz.tbi-download_time": 14, 
                "524bbd14-1e1f-479b-9a71-d27fce32d8bc.dkfz-copyNumberEstimation_1-0-189.20151007.somatic.cnv.vcf.gz.tbi-md5sum_time": 0, 
                "524bbd14-1e1f-479b-9a71-d27fce32d8bc.dkfz-indelCalling_1-0-132-1.20151007.germline.indel.vcf.gz-download_time": 18, 
                "524bbd14-1e1f-479b-9a71-d27fce32d8bc.dkfz-indelCalling_1-0-132-1.20151007.germline.indel.vcf.gz-md5sum_time": 1, 
                "524bbd14-1e1f-479b-9a71-d27fce32d8bc.dkfz-indelCalling_1-0-132-1.20151007.germline.indel.vcf.gz.tbi-download_time": 13, 
                "524bbd14-1e1f-479b-9a71-d27fce32d8bc.dkfz-indelCalling_1-0-132-1.20151007.germline.indel.vcf.gz.tbi-md5sum_time": 0, 
                "524bbd14-1e1f-479b-9a71-d27fce32d8bc.dkfz-indelCalling_1-0-132-1.20151007.somatic.indel.tar.gz-download_time": 50, 
                "524bbd14-1e1f-479b-9a71-d27fce32d8bc.dkfz-indelCalling_1-0-132-1.20151007.somatic.indel.tar.gz-md5sum_time": 2, 
                "524bbd14-1e1f-479b-9a71-d27fce32d8bc.dkfz-indelCalling_1-0-132-1.20151007.somatic.indel.vcf.gz-download_time": 14, 
                "524bbd14-1e1f-479b-9a71-d27fce32d8bc.dkfz-indelCalling_1-0-132-1.20151007.somatic.indel.vcf.gz-md5sum_time": 0, 
                "524bbd14-1e1f-479b-9a71-d27fce32d8bc.dkfz-indelCalling_1-0-132-1.20151007.somatic.indel.vcf.gz.tbi-download_time": 13, 
                "524bbd14-1e1f-479b-9a71-d27fce32d8bc.dkfz-indelCalling_1-0-132-1.20151007.somatic.indel.vcf.gz.tbi-md5sum_time": 0, 
                "524bbd14-1e1f-479b-9a71-d27fce32d8bc.dkfz-snvCalling_1-0-132-1.20151007.germline.snv_mnv.vcf.gz-download_time": 19, 
                "524bbd14-1e1f-479b-9a71-d27fce32d8bc.dkfz-snvCalling_1-0-132-1.20151007.germline.snv_mnv.vcf.gz-md5sum_time": 1, 
                "524bbd14-1e1f-479b-9a71-d27fce32d8bc.dkfz-snvCalling_1-0-132-1.20151007.germline.snv_mnv.vcf.gz.tbi-download_time": 14, 
                "524bbd14-1e1f-479b-9a71-d27fce32d8bc.dkfz-snvCalling_1-0-132-1.20151007.germline.snv_mnv.vcf.gz.tbi-md5sum_time": 0, 
                "524bbd14-1e1f-479b-9a71-d27fce32d8bc.dkfz-snvCalling_1-0-132-1.20151007.somatic.snv_mnv.tar.gz-download_time": 81, 
                "524bbd14-1e1f-479b-9a71-d27fce32d8bc.dkfz-snvCalling_1-0-132-1.20151007.somatic.snv_mnv.tar.gz-md5sum_time": 4, 
                "524bbd14-1e1f-479b-9a71-d27fce32d8bc.dkfz-snvCalling_1-0-132-1.20151007.somatic.snv_mnv.vcf.gz-download_time": 14, 
                "524bbd14-1e1f-479b-9a71-d27fce32d8bc.dkfz-snvCalling_1-0-132-1.20151007.somatic.snv_mnv.vcf.gz-md5sum_time": 0, 
                "524bbd14-1e1f-479b-9a71-d27fce32d8bc.dkfz-snvCalling_1-0-132-1.20151007.somatic.snv_mnv.vcf.gz.tbi-download_time": 13, 
                "524bbd14-1e1f-479b-9a71-d27fce32d8bc.dkfz-snvCalling_1-0-132-1.20151007.somatic.snv_mnv.vcf.gz.tbi-md5sum_time": 0, 
                "524bbd14-1e1f-479b-9a71-d27fce32d8bc.embl-delly_1-3-0-preFilter.20151007.germline.sv.bedpe.txt.tar.gz-download_time": 14, 
                "524bbd14-1e1f-479b-9a71-d27fce32d8bc.embl-delly_1-3-0-preFilter.20151007.germline.sv.bedpe.txt.tar.gz-md5sum_time": 0, 
                "524bbd14-1e1f-479b-9a71-d27fce32d8bc.embl-delly_1-3-0-preFilter.20151007.germline.sv.readname.txt.tar.gz-download_time": 13, 
                "524bbd14-1e1f-479b-9a71-d27fce32d8bc.embl-delly_1-3-0-preFilter.20151007.germline.sv.readname.txt.tar.gz-md5sum_time": 0, 
                "524bbd14-1e1f-479b-9a71-d27fce32d8bc.embl-delly_1-3-0-preFilter.20151007.germline.sv.vcf.gz-download_time": 13, 
                "524bbd14-1e1f-479b-9a71-d27fce32d8bc.embl-delly_1-3-0-preFilter.20151007.germline.sv.vcf.gz-md5sum_time": 0, 
                "524bbd14-1e1f-479b-9a71-d27fce32d8bc.embl-delly_1-3-0-preFilter.20151007.germline.sv.vcf.gz.tbi-download_time": 13, 
                "524bbd14-1e1f-479b-9a71-d27fce32d8bc.embl-delly_1-3-0-preFilter.20151007.germline.sv.vcf.gz.tbi-md5sum_time": 0, 
                "524bbd14-1e1f-479b-9a71-d27fce32d8bc.embl-delly_1-3-0-preFilter.20151007.somatic.sv.bedpe.txt.tar.gz-download_time": 13, 
                "524bbd14-1e1f-479b-9a71-d27fce32d8bc.embl-delly_1-3-0-preFilter.20151007.somatic.sv.bedpe.txt.tar.gz-md5sum_time": 0, 
                "524bbd14-1e1f-479b-9a71-d27fce32d8bc.embl-delly_1-3-0-preFilter.20151007.somatic.sv.readname.txt.tar.gz-download_time": 12, 
                "524bbd14-1e1f-479b-9a71-d27fce32d8bc.embl-delly_1-3-0-preFilter.20151007.somatic.sv.readname.txt.tar.gz-md5sum_time": 0, 
                "524bbd14-1e1f-479b-9a71-d27fce32d8bc.embl-delly_1-3-0-preFilter.20151007.somatic.sv.vcf.gz-download_time": 13, 
                "524bbd14-1e1f-479b-9a71-d27fce32d8bc.embl-delly_1-3-0-preFilter.20151007.somatic.sv.vcf.gz-md5sum_time": 0, 
                "524bbd14-1e1f-479b-9a71-d27fce32d8bc.embl-delly_1-3-0-preFilter.20151007.somatic.sv.vcf.gz.tbi-download_time": 13, 
                "524bbd14-1e1f-479b-9a71-d27fce32d8bc.embl-delly_1-3-0-preFilter.20151007.somatic.sv.vcf.gz.tbi-md5sum_time": 0, 
                "524bbd14-1e1f-479b-9a71-d27fce32d8bc.embl-delly_1-3-0-preFilter.20151007.sv.cov.plots.tar.gz-download_time": 14, 
                "524bbd14-1e1f-479b-9a71-d27fce32d8bc.embl-delly_1-3-0-preFilter.20151007.sv.cov.plots.tar.gz-md5sum_time": 0, 
                "524bbd14-1e1f-479b-9a71-d27fce32d8bc.embl-delly_1-3-0-preFilter.20151007.sv.cov.tar.gz-download_time": 17, 
                "524bbd14-1e1f-479b-9a71-d27fce32d8bc.embl-delly_1-3-0-preFilter.20151007.sv.cov.tar.gz-md5sum_time": 1, 
                "524bbd14-1e1f-479b-9a71-d27fce32d8bc.embl-delly_1-3-0-preFilter.20151007.sv.log.tar.gz-download_time": 14, 
                "524bbd14-1e1f-479b-9a71-d27fce32d8bc.embl-delly_1-3-0-preFilter.20151007.sv.log.tar.gz-md5sum_time": 0, 
                "524bbd14-1e1f-479b-9a71-d27fce32d8bc.embl-delly_1-3-0-preFilter.20151007.sv.vcf.gz-download_time": 14, 
                "524bbd14-1e1f-479b-9a71-d27fce32d8bc.embl-delly_1-3-0-preFilter.20151007.sv.vcf.gz-md5sum_time": 0, 
                "524bbd14-1e1f-479b-9a71-d27fce32d8bc.embl-delly_1-3-0-preFilter.20151007.sv.vcf.gz.tbi-download_time": 13, 
                "524bbd14-1e1f-479b-9a71-d27fce32d8bc.embl-delly_1-3-0-preFilter.20151007.sv.vcf.gz.tbi-md5sum_time": 0, 
                "start": 1449264128, 
                "stop": 1449264853, 
                "time": 725
            }
        }
    }, 
    "aliquot_id": null, 
    "available_repos": [
        {
            "https://gtrepo-ebi.annailabs.com/": {
                "file_md5sum": "73787c7837a1db43ba117fd5d417f968",