{
    "_runs_": {
        "run_1449000949_07760fbf-916f-45ff-bfbf-0e708657dbd1": {
            "downloading": {
                "gnos-download_time": 342, 
                "start": 1449079576, 
                "stop": 1449079919, 
                "time": 343
            }, 
            "uploading": {
                "copy_meta_time": 2, 
                "start": 1449079933, 
                "stop": 1449080172, 
                "time": 239, 
                "upload_time": 237
            }
        }, 
        "run_1449256082_1952fd1a-a01c-401b-a592-79b18b22a57e": {
            "downloading": {
                "0e3a259c-a15b-4a1a-b1e3-4201b32f337a.xml-download_time": 14, 
                "0e3a259c-a15b-4a1a-b1e3-4201b32f337a.xml-md5sum_time": 0, 
                "9c730cfb-3fd6-428a-a0a4-c061ca5db06c.dkfz-copyNumberEstimation_1-0-189-hpc-fix.1508272125.somatic.cnv.tar.gz-download_time": 259, 
                "9c730cfb-3fd6-428a-a0a4-c061ca5db06c.dkfz-copyNumberEstimation_1-0-189-hpc-fix.1508272125.somatic.cnv.tar.gz-md5sum_time": 22, 
                "9c730cfb-3fd6-428a-a0a4-c061ca5db06c.dkfz-copyNumberEstimation_1-0-189-hpc-fix.1508272125.somatic.cnv.vcf.gz-download_time": 14, 
                "9c730cfb-3fd6-428a-a0a4-c061ca5db06c.dkfz-copyNumberEstimation_1-0-189-hpc-fix.1508272125.somatic.cnv.vcf.gz-md5sum_time": 0, 
                "9c730cfb-3fd6-428a-a0a4-c061ca5db06c.dkfz-copyNumberEstimation_1-0-189-hpc-fix.1508272125.somatic.cnv.vcf.gz.tbi-download_time": 14, 
                "9c730cfb-3fd6-428a-a0a4-c061ca5db06c.dkfz-copyNumberEstimation_1-0-189-hpc-fix.1508272125.somatic.cnv.vcf.gz.tbi-md5sum_time": 0, 
                "9c730cfb-3fd6-428a-a0a4-c061ca5db06c.dkfz-indelCalling_1-0-132-1.20150602.germline.indel.vcf.gz-download_time": 19, 
                "9c730cfb-3fd6-428a-a0a4-c061ca5db06c.dkfz-indelCalling_1-0-132-1.20150602.germline.indel.vcf.gz-md5sum_time": 0, 
                "9c730cfb-3fd6-428a-a0a4-c061ca5db06c.dkfz-indelCalling_1-0-132-1.20150602.germline.indel.vcf.gz.tbi-download_time": 14, 
                "9c730cfb-3fd6-428a-a0a4-c061ca5db06c.dkfz-indelCalling_1-0-132-1.20150602.germline.indel.vcf.gz.tbi-md5sum_time": 0, 
                "9c730cfb-3fd6-428a-a0a4-c061ca5db06c.dkfz-indelCalling_1-0-132-1.20150602.somatic.indel.tar.gz-download_time": 51, 
                "9c730cfb-3fd6-428a-a0a4-c061ca5db06c.dkfz-indelCalling_1-0-132-1.20150602.somatic.indel.tar.gz-md5sum_time": 2, 
                "9c730cfb-3fd6-428a-a0a4-c061ca5db06c.dkfz-indelCalling_1-0-132-1.20150602.somatic.indel.vcf.gz-download_time": 15, 
                "9c730cfb-3fd6-428a-a0a4-c061ca5db06c.dkfz-indelCalling_1-0-132-1.20150602.somatic.indel.vcf.gz-md5sum_time": 0, 
                "9c730cfb-3fd6-428a-a0a4-c061ca5db06c.dkfz-indelCalling_1-0-132-1.20150602.somatic.indel.vcf.gz.tbi-download_time": 13, 
                "9c730cfb-3fd6-428a-a0a4-c061ca5db06c.dkfz-indelCalling_1-0-132-1.20150602.somatic.indel.vcf.gz.tbi-md5sum_time": 0, 
                "9c730cfb-3fd6-428a-a0a4-c061ca5db06c.dkfz-snvCalling_1-0-132-1.20150602.germline.snv_mnv.vcf.gz-download_time": 19, 
                "9c730cfb-3fd6-428a-a0a4-c061ca5db06c.dkfz-snvCalling_1-0-132-1.20150602.germline.snv_mnv.vcf.gz-md5sum_time": 0, 
                "9c730cfb-3fd6-428a-a0a4-c061ca5db06c.dkfz-snvCalling_1-0-132-1.20150602.germline.snv_mnv.vcf.gz.tbi-download_time": 15, 
                "9c730cfb-3fd6-428a-a0a4-c061ca5db06c.dkfz-snvCalling_1-0-132-1.20150602.germline.snv_mnv.vcf.gz.tbi-md5sum_time": 0, 
                "9c730cfb-3fd6-428a-a0a4-c061ca5db06c.dkfz-snvCalling_1-0-132-1.20150602.somatic.snv_mnv.tar.gz-download_time": 72, 
                "9c730cfb-3fd6-428a-a0a4-c061ca5db06c.dkfz-snvCalling_1-0-132-1.20150602.somatic.snv_mnv.tar.gz-md5sum_time": 3, 
                "9c730cfb-3fd6-428a-a0a4-c061ca5db06c.dkfz-snvCalling_1-0-132-1.20150602.somatic.snv_mnv.vcf.gz-download_time": 14, 
                "9c730cfb-3fd6-428a-a0a4-c061ca5db06c.dkfz-snvCalling_1-0-132-1.20150602.somatic.snv_mnv.vcf.gz-md5sum_time": 0, 
                "9c730cfb-3fd6-428a-a0a4-c061ca5db06c.dkfz-snvCalling_1-0-132-1.20150602.somatic.snv_mnv.vcf.gz.tbi-download_time": 13, 
                "9c730cfb-3fd6-428a-a0a4-c061ca5db06c.dkfz-snvCalling_1-0-132-1.20150602.somatic.snv_mnv.vcf.gz.tbi-md5sum_time": 0, 
                "9c730cfb-3fd6-428a-a0a4-c061ca5db06c.embl-delly_1-0-0-preFilter.20150602.germline.sv.bedpe.txt.tar.gz-download_time": 13, 
                "9c730cfb-3fd6-428a-a0a4-c061ca5db06c.embl-delly_1-0-0-preFilter.20150602.germline.sv.bedpe.txt.tar.gz-md5sum_time": 0, 
                "9c730cfb-3fd6-428a-a0a4-c061ca5db06c.embl-delly_1-0-0-preFilter.20150602.germline.sv.readname.txt.tar.gz-download_time": 14, 
                "9c730cfb-3fd6-428a-a0a4-c061ca5db06c.embl-delly_1-0-0-preFilter.20150602.germline.sv.readname.txt.tar.gz-md5sum_time": 0, 
                "9c730cfb-3fd6-428a-a0a4-c061ca5db06c.embl-delly_1-0-0-preFilter.20150602.germline.sv.vcf.gz-download_time": 14, 
                "9c730cfb-3fd6-428a-a0a4-c061ca5db06c.embl-delly_1-0-0-preFilter.20150602.germline.sv.vcf.gz-md5sum_time": 0, 
                "9c730cfb-3fd6-428a-a0a4-c061ca5db06c.embl-delly_1-0-0-preFilter.20150602.germline.sv.vcf.gz.tbi-download_time": 14, 
                "9c730cfb-3fd6-428a-a0a4-c061ca5db06c.embl-delly_1-0-0-preFilter.20150602.germline.sv.vcf.gz.tbi-md5sum_time": 0, 
                "9c730cfb-3fd6-428a-a0a4-c061ca5db06c.embl-delly_1-0-0-preFilter.20150602.somatic.sv.bedpe.txt.tar.gz-download_time": 13, 
                "9c730cfb-3fd6-428a-a0a4-c061ca5db06c.embl-delly_1-0-0-preFilter.20150602.somatic.sv.bedpe.txt.tar.gz-md5sum_time": 0, 
                "9c730cfb-3fd6-428a-a0a4-c061ca5db06c.embl-delly_1-0-0-preFilter.20150602.somatic.sv.readname.txt.tar.gz-download_time": 15, 
                "9c730cfb-3fd6-428a-a0a4-c061ca5db06c.embl-delly_1-0-0-preFilter.20150602.somatic.sv.readname.txt.tar.gz-md5sum_time": 0, 
                "9c730cfb-3fd6-428a-a0a4-c061ca5db06c.embl-delly_1-0-0-preFilter.20150602.somatic.sv.vcf.gz-download_time": 14, 
                "9c730cfb-3fd6-428a-a0a4-c061ca5db06c.embl-delly_1-0-0-preFilter.20150602.somatic.sv.vcf.gz-md5sum_time": 0, 
                "9c730cfb-3fd6-428a-a0a4-c061ca5db06c.embl-delly_1-0-0-preFilter.20150602.somatic.sv.vcf.gz.tbi-download_time": 14, 
                "9c730cfb-3fd6-428a-a0a4-c061ca5db06c.embl-delly_1-0-0-preFilter.20150602.somatic.sv.vcf.gz.tbi-md5sum_time": 0, 
                "9c730cfb-3fd6-428a-a0a4-c061ca5db06c.embl-delly_1-0-0-preFilter.20150602.sv.cov.plots.tar.gz-download_time": 15, 
                "9c730cfb-3fd6-428a-a0a4-c061ca5db06c.embl-delly_1-0-0-preFilter.20150602.sv.cov.plots.tar.gz-md5sum_time": 0, 
                "9c730cfb-3fd6-428a-a0a4-c061ca5db06c.embl-delly_1-0-0-preFilter.20150602.sv.cov.tar.gz-download_time": 19, 
                "9c730cfb-3fd6-428a-a0a4-c061ca5db06c.embl-delly_1-0-0-preFilter.20150602.sv.cov.tar.gz-md5sum_time": 0, 
                "9c730cfb-3fd6-428a-a0a4-c061ca5db06c.embl-delly_1-0-0-preFilter.20150602.sv.vcf.gz-download_time": 13, 
                "9c730cfb-3fd6-428a-a0a4-c061ca5db06c.embl-delly_1-0-0-preFilter.20150602.sv.vcf.gz-md5sum_time": 0, 
                "9c730cfb-3fd6-428a-a0a4-c061ca5db06c.embl-delly_1-0-0-preFilter.20150602.sv.vcf.gz.tbi-download_time": 15, 
                "9c730cfb-3fd6-428a-a0a4-c061ca5db06c.embl-delly_1-0-0-preFilter.20150602.sv.vcf.gz.tbi-md5sum_time": 0, 
                "start": 1449264907, 
                "stop": 1449265654, 
                "time": 747
            }
        }
    }, 
    "aliquot_id": null, 
    "available_repos": [
        {
            "https://gtrepo-dkfz.annailabs.com/": {
                "file_md5sum": "2abc24332638fd49a6687072a2daaf1f", 
                "file_size": 60124
            }
        }
    ], 
    "data_type": "Dkfz_embl-VCF", 
    "files": [
        {
            "file_md5sum": "27f71799da67903a22d607a434d1a1be",