{
    "_runs_": {
        "run_1449256569_76e81a59-4210-47e5-9370-3d9c27baa182": {
            "downloading": {
                "0ea17523-7836-4122-be31-b060566c80da.xml-download_time": 14, 
                "0ea17523-7836-4122-be31-b060566c80da.xml-md5sum_time": 0, 
                "20d1b88b-3ff6-4201-a748-6a993500c652.svcp_1-0-5.20150330.somatic.binnedReadCounts.tar.gz-download_time": 21, 
                "20d1b88b-3ff6-4201-a748-6a993500c652.svcp_1-0-5.20150330.somatic.binnedReadCounts.tar.gz-md5sum_time": 0, 
                "20d1b88b-3ff6-4201-a748-6a993500c652.svcp_1-0-5.20150330.somatic.cnv.tar.gz-download_time": 15, 
                "20d1b88b-3ff6-4201-a748-6a993500c652.svcp_1-0-5.20150330.somatic.cnv.tar.gz-md5sum_time": 0, 
                "20d1b88b-3ff6-4201-a748-6a993500c652.svcp_1-0-5.20150330.somatic.cnv.vcf.gz-download_time": 14, 
                "20d1b88b-3ff6-4201-a748-6a993500c652.svcp_1-0-5.20150330.somatic.cnv.vcf.gz-md5sum_time": 0, 
                "20d1b88b-3ff6-4201-a748-6a993500c652.svcp_1-0-5.20150330.somatic.cnv.vcf.gz.tbi-download_time": 13, 
                "20d1b88b-3ff6-4201-a748-6a993500c652.svcp_1-0-5.20150330.somatic.cnv.vcf.gz.tbi-md5sum_time": 0, 
                "20d1b88b-3ff6-4201-a748-6a993500c652.svcp_1-0-5.20150330.somatic.genotype.tar.gz-download_time": 14, 
                "20d1b88b-3ff6-4201-a748-6a993500c652.svcp_1-0-5.20150330.somatic.genotype.tar.gz-md5sum_time": 0, 
                "20d1b88b-3ff6-4201-a748-6a993500c652.svcp_1-0-5.20150330.somatic.imputeCounts.tar.gz-download_time": 42, 
                "20d1b88b-3ff6-4201-a748-6a993500c652.svcp_1-0-5.20150330.somatic.imputeCounts.tar.gz-md5sum_time": 1, 
                "20d1b88b-3ff6-4201-a748-6a993500c652.svcp_1-0-5.20150330.somatic.indel.tar.gz-download_time": 77, 
                "20d1b88b-3ff6-4201-a748-6a993500c652.svcp_1-0-5.20150330.somatic.indel.tar.gz-md5sum_time": 3, 
                "20d1b88b-3ff6-4201-a748-6a993500c652.svcp_1-0-5.20150330.somatic.indel.vcf.gz-download_time": 17, 
                "20d1b88b-3ff6-4201-a748-6a993500c652.svcp_1-0-5.20150330.somatic.indel.vcf.gz-md5sum_time": 0, 
                "20d1b88b-3ff6-4201-a748-6a993500c652.svcp_1-0-5.20150330.somatic.indel.vcf.gz.tbi-download_time": 14, 
                "20d1b88b-3ff6-4201-a748-6a993500c652.svcp_1-0-5.20150330.somatic.indel.vcf.gz.tbi-md5sum_time": 0, 
                "20d1b88b-3ff6-4201-a748-6a993500c652.svcp_1-0-5.20150330.somatic.snv_mnv.tar.gz-download_time": 22, 
                "20d1b88b-3ff6-4201-a748-6a993500c652.svcp_1-0-5.20150330.somatic.snv_mnv.tar.gz-md5sum_time": 1, 
                "20d1b88b-3ff6-4201-a748-6a993500c652.svcp_1-0-5.20150330.somatic.snv_mnv.vcf.gz-download_time": 14, 
                "20d1b88b-3ff6-4201-a748-6a993500c652.svcp_1-0-5.20150330.somatic.snv_mnv.vcf.gz-md5sum_time": 0, 
                "20d1b88b-3ff6-4201-a748-6a993500c652.svcp_1-0-5.20150330.somatic.snv_mnv.vcf.gz.tbi-download_time": 14, 
                "20d1b88b-3ff6-4201-a748-6a993500c652.svcp_1-0-5.20150330.somatic.snv_mnv.vcf.gz.tbi-md5sum_time": 0, 
                "20d1b88b-3ff6-4201-a748-6a993500c652.svcp_1-0-5.20150330.somatic.sv.tar.gz-download_time": 129, 
                "20d1b88b-3ff6-4201-a748-6a993500c652.svcp_1-0-5.20150330.somatic.sv.tar.gz-md5sum_time": 8, 
                "20d1b88b-3ff6-4201-a748-6a993500c652.svcp_1-0-5.20150330.somatic.sv.vcf.gz-download_time": 13, 
                "20d1b88b-3ff6-4201-a748-6a993500c652.svcp_1-0-5.20150330.somatic.sv.vcf.gz-md5sum_time": 0, 
                "20d1b88b-3ff6-4201-a748-6a993500c652.svcp_1-0-5.20150330.somatic.sv.vcf.gz.tbi-download_time": 14, 
                "20d1b88b-3ff6-4201-a748-6a993500c652.svcp_1-0-5.20150330.somatic.sv.vcf.gz.tbi-md5sum_time": 0, 
                "20d1b88b-3ff6-4201-a748-6a993500c652.svcp_1-0-5.20150330.somatic.verifyBamId.tar.gz-download_time": 14, 
                "20d1b88b-3ff6-4201-a748-6a993500c652.svcp_1-0-5.20150330.somatic.verifyBamId.tar.gz-md5sum_time": 0, 
                "start": 1449265449, 
                "stop": 1449265924, 
                "time": 475
            }
        }
    }, 
    "aliquot_id": null, 
    "available_repos": [
        {
            "https://gtrepo-osdc-icgc.annailabs.com/": {
                "file_md5sum": "7ac76b415c8adfcdd8d16f233a04fe70", 
                "file_size": 59674
            }
        }
    ], 
    "data_type": "Sanger-VCF", 
    "files": [
        {
            "file_md5sum": "148a0c01b7de819c53065afd14b4d9a7", 
            "file_name": "20d1b88b-3ff6-4201-a748-6a993500c652.svcp_1-0-5.20150330.somatic.snv_mnv.vcf.gz", 
            "file_size": 5310754, 
            "object_id": "943b0b7b-4c3d-5f6f-86c4-143ebbacb7e0"
        }, 
        {
            "file_md5sum": "0a992cd29bcd63ab815df3e65fb3a47d", 
            "file_name": "20d1b88b-3ff6-4201-a748-6a993500c652.svcp_1-0-5.20150330.somatic.snv_mnv.vcf.gz.tbi", 
            "file_size": 602114, 
            "object_id": "866c5cdc-a182-5e7d-a36a-578387dfeddb"
        }, 
        {
            "file_md5sum": "b3342a569274e1e5ec9dfe310c2c4981", 
            "file_name": "20d1b88b-3ff6-4201-a748-6a993500c652.svcp_1-0-5.20150330.somatic.cnv.vcf.gz", 
            "file_size": 2425, 
            "object_id": "c6ca9db5-3927-5a36-9d81-5a2605f455b8"
        }, 
        {
            "file_md5sum": "a193705fb64694802d751dc16aa0272f", 
            "file_name": "20d1b88b-3ff6-4201-a748-6a993500c652.svcp_1-0-5.20150330.somatic.cnv.vcf.gz.tbi", 
            "file_size": 4527, 
            "object_id": "309a7f8f-db39-5170-b227-3a2839771ca4"
        }, 
        {
            "file_md5sum": "f4f4714ec60024e81b7e47f0d2d2c0ce", 
            "file_name": "20d1b88b-3ff6-4201-a748-6a993500c652.svcp_1-0-5.20150330.somatic.sv.vcf.gz", 
            "file_size": 11327, 
            "object_id": "99ffd074-896f-5402-976e-3334a0bc77e7"
        }, 
        {
            "file_md5sum": "def5b083e38e2686a7bfadb5f0bed051", 
            "file_name": "20d1b88b-3ff6-4201-a748-6a993500c652.svcp_1-0-5.20150330.somatic.sv.vcf.gz.tbi", 
            "file_size": 3052, 
            "object_id": "1ae25c00-3442-53bd-8c17-02c71bc9e200"
        }, 
        {
            "file_md5sum": "f109b8c6c5f20504fa3dd42c592ebe04", 
            "file_name": "20d1b88b-3ff6-4201-a748-6a993500c652.svcp_1-0-5.20150330.somatic.indel.vcf.gz", 
            "file_size": 51057609, 
            "object_id": "a36652f4-efe6-517f-9f66-270cf6259159"
        }, 
        {
            "file_md5sum": "658c516b25c1d480ca47c8958c82f959", 
            "file_name": "20d1b88b-3ff6-4201-a748-6a993500c652.svcp_1-0-5.20150330.somatic.indel.vcf.gz.tbi", 
            "file_size": 1443822, 
            "object_id": "10cb9bad-dd4e-5f7b-9e37-fbda7fb45829"
        }, 
        {
            "file_md5sum": "6de43362af1575f0b862992ab4001c2d", 
            "file_name": "20d1b88b-3ff6-4201-a748-6a993500c652.svcp_1-0-5.20150330.somatic.snv_mnv.tar.gz", 
            "file_size": 170484202, 
            "object_id": "027abd6a-019e-5344-a2c9-6656d7495335"
        }, 
        {
            "file_md5sum": "51aa5c9cdf47eb9371f15ad884d2a2b0", 
            "file_name": "20d1b88b-3ff6-4201-a748-6a993500c652.svcp_1-0-5.20150330.somatic.cnv.tar.gz", 
            "file_size": 27198424, 
            "object_id": "b3187883-4de5-5cbe-a97d-95bffaf867c8"
        }, 
        {
            "file_md5sum": "65994b24daec414293feeafbac7a0b95", 
            "file_name": "20d1b88b-3ff6-4201-a748-6a993500c652.svcp_1-0-5.20150330.somatic.sv.tar.gz", 
            "file_size": 1792908575, 
            "object_id": "2765b703-fb20-59da-8fea-6f6407c5d1ff"
        }, 
        {
            "file_md5sum": "fa2fd6251eca73d1de8eb5c7d490d82f", 
            "file_name": "20d1b88b-3ff6-4201-a748-6a993500c652.svcp_1-0-5.20150330.somatic.indel.tar.gz", 
            "file_size": 973942084,