{
    "_runs_": {
        "run_1449000815_cad35a1b-43f5-4525-abb7-3c35ec6f1dfc": {
            "downloading": {
                "gnos-download_time": 471, 
                "start": 1449188025, 
                "stop": 1449188498, 
                "time": 473
            }, 
            "uploading": {
                "copy_meta_time": 2, 
                "start": 1449188518, 
                "stop": 1449188755, 
                "time": 237, 
                "upload_time": 235
            }
        }, 
        "run_1449252103_152c7654-43a8-4095-9763-2d1564a0e842": {
            "downloading": {
                "0edb873c-8ba3-4caa-a51d-1af36fe4d255.xml-download_time": 12, 
                "0edb873c-8ba3-4caa-a51d-1af36fe4d255.xml-md5sum_time": 0, 
                "fc96f0df-ef04-411e-e040-11ac0d484291.dkfz-copyNumberEstimation_1-0-189-hpc-fix.1508261917.somatic.cnv.tar.gz-download_time": 213, 
                "fc96f0df-ef04-411e-e040-11ac0d484291.dkfz-copyNumberEstimation_1-0-189-hpc-fix.1508261917.somatic.cnv.tar.gz-md5sum_time": 19, 
                "fc96f0df-ef04-411e-e040-11ac0d484291.dkfz-copyNumberEstimation_1-0-189-hpc-fix.1508261917.somatic.cnv.vcf.gz-download_time": 13, 
                "fc96f0df-ef04-411e-e040-11ac0d484291.dkfz-copyNumberEstimation_1-0-189-hpc-fix.1508261917.somatic.cnv.vcf.gz-md5sum_time": 0, 
                "fc96f0df-ef04-411e-e040-11ac0d484291.dkfz-copyNumberEstimation_1-0-189-hpc-fix.1508261917.somatic.cnv.vcf.gz.tbi-download_time": 13, 
                "fc96f0df-ef04-411e-e040-11ac0d484291.dkfz-copyNumberEstimation_1-0-189-hpc-fix.1508261917.somatic.cnv.vcf.gz.tbi-md5sum_time": 0, 
                "fc96f0df-ef04-411e-e040-11ac0d484291.dkfz-indelCalling_1-0-132-1.20150719.germline.indel.vcf.gz-download_time": 19, 
                "fc96f0df-ef04-411e-e040-11ac0d484291.dkfz-indelCalling_1-0-132-1.20150719.germline.indel.vcf.gz-md5sum_time": 0, 
                "fc96f0df-ef04-411e-e040-11ac0d484291.dkfz-indelCalling_1-0-132-1.20150719.germline.indel.vcf.gz.tbi-download_time": 14, 
                "fc96f0df-ef04-411e-e040-11ac0d484291.dkfz-indelCalling_1-0-132-1.20150719.germline.indel.vcf.gz.tbi-md5sum_time": 0, 
                "fc96f0df-ef04-411e-e040-11ac0d484291.dkfz-indelCalling_1-0-132-1.20150719.somatic.indel.tar.gz-download_time": 52, 
                "fc96f0df-ef04-411e-e040-11ac0d484291.dkfz-indelCalling_1-0-132-1.20150719.somatic.indel.tar.gz-md5sum_time": 2, 
                "fc96f0df-ef04-411e-e040-11ac0d484291.dkfz-indelCalling_1-0-132-1.20150719.somatic.indel.vcf.gz-download_time": 13, 
                "fc96f0df-ef04-411e-e040-11ac0d484291.dkfz-indelCalling_1-0-132-1.20150719.somatic.indel.vcf.gz-md5sum_time": 0, 
                "fc96f0df-ef04-411e-e040-11ac0d484291.dkfz-indelCalling_1-0-132-1.20150719.somatic.indel.vcf.gz.tbi-download_time": 13, 
                "fc96f0df-ef04-411e-e040-11ac0d484291.dkfz-indelCalling_1-0-132-1.20150719.somatic.indel.vcf.gz.tbi-md5sum_time": 0, 
                "fc96f0df-ef04-411e-e040-11ac0d484291.dkfz-snvCalling_1-0-132-1.20150719.germline.snv_mnv.vcf.gz-download_time": 21, 
                "fc96f0df-ef04-411e-e040-11ac0d484291.dkfz-snvCalling_1-0-132-1.20150719.germline.snv_mnv.vcf.gz-md5sum_time": 0, 
                "fc96f0df-ef04-411e-e040-11ac0d484291.dkfz-snvCalling_1-0-132-1.20150719.germline.snv_mnv.vcf.gz.tbi-download_time": 13, 
                "fc96f0df-ef04-411e-e040-11ac0d484291.dkfz-snvCalling_1-0-132-1.20150719.germline.snv_mnv.vcf.gz.tbi-md5sum_time": 0, 
                "fc96f0df-ef04-411e-e040-11ac0d484291.dkfz-snvCalling_1-0-132-1.20150719.somatic.snv_mnv.tar.gz-download_time": 77, 
                "fc96f0df-ef04-411e-e040-11ac0d484291.dkfz-snvCalling_1-0-132-1.20150719.somatic.snv_mnv.tar.gz-md5sum_time": 4, 
                "fc96f0df-ef04-411e-e040-11ac0d484291.dkfz-snvCalling_1-0-132-1.20150719.somatic.snv_mnv.vcf.gz-download_time": 12, 
                "fc96f0df-ef04-411e-e040-11ac0d484291.dkfz-snvCalling_1-0-132-1.20150719.somatic.snv_mnv.vcf.gz-md5sum_time": 0, 
                "fc96f0df-ef04-411e-e040-11ac0d484291.dkfz-snvCalling_1-0-132-1.20150719.somatic.snv_mnv.vcf.gz.tbi-download_time": 14, 
                "fc96f0df-ef04-411e-e040-11ac0d484291.dkfz-snvCalling_1-0-132-1.20150719.somatic.snv_mnv.vcf.gz.tbi-md5sum_time": 0, 
                "fc96f0df-ef04-411e-e040-11ac0d484291.embl-delly_1-0-0-preFilter.20150719.germline.sv.bedpe.txt.tar.gz-download_time": 12, 
                "fc96f0df-ef04-411e-e040-11ac0d484291.embl-delly_1-0-0-preFilter.20150719.germline.sv.bedpe.txt.tar.gz-md5sum_time": 0, 
                "fc96f0df-ef04-411e-e040-11ac0d484291.embl-delly_1-0-0-preFilter.20150719.germline.sv.readname.txt.tar.gz-download_time": 13, 
                "fc96f0df-ef04-411e-e040-11ac0d484291.embl-delly_1-0-0-preFilter.20150719.germline.sv.readname.txt.tar.gz-md5sum_time": 0, 
                "fc96f0df-ef04-411e-e040-11ac0d484291.embl-delly_1-0-0-preFilter.20150719.germline.sv.vcf.gz-download_time": 13, 
                "fc96f0df-ef04-411e-e040-11ac0d484291.embl-delly_1-0-0-preFilter.20150719.germline.sv.vcf.gz-md5sum_time": 0, 
                "fc96f0df-ef04-411e-e040-11ac0d484291.embl-delly_1-0-0-preFilter.20150719.germline.sv.vcf.gz.tbi-download_time": 12, 
                "fc96f0df-ef04-411e-e040-11ac0d484291.embl-delly_1-0-0-preFilter.20150719.germline.sv.vcf.gz.tbi-md5sum_time": 0, 
                "fc96f0df-ef04-411e-e040-11ac0d484291.embl-delly_1-0-0-preFilter.20150719.somatic.sv.bedpe.txt.tar.gz-download_time": 12, 
                "fc96f0df-ef04-411e-e040-11ac0d484291.embl-delly_1-0-0-preFilter.20150719.somatic.sv.bedpe.txt.tar.gz-md5sum_time": 0, 
                "fc96f0df-ef04-411e-e040-11ac0d484291.embl-delly_1-0-0-preFilter.20150719.somatic.sv.readname.txt.tar.gz-download_time": 13, 
                "fc96f0df-ef04-411e-e040-11ac0d484291.embl-delly_1-0-0-preFilter.20150719.somatic.sv.readname.txt.tar.gz-md5sum_time": 0, 
                "fc96f0df-ef04-411e-e040-11ac0d484291.embl-delly_1-0-0-preFilter.20150719.somatic.sv.vcf.gz-download_time": 13, 
                "fc96f0df-ef04-411e-e040-11ac0d484291.embl-delly_1-0-0-preFilter.20150719.somatic.sv.vcf.gz-md5sum_time": 0, 
                "fc96f0df-ef04-411e-e040-11ac0d484291.embl-delly_1-0-0-preFilter.20150719.somatic.sv.vcf.gz.tbi-download_time": 13, 
                "fc96f0df-ef04-411e-e040-11ac0d484291.embl-delly_1-0-0-preFilter.20150719.somatic.sv.vcf.gz.tbi-md5sum_time": 0, 
                "fc96f0df-ef04-411e-e040-11ac0d484291.embl-delly_1-0-0-preFilter.20150719.sv.cov.plots.tar.gz-download_time": 15, 
                "fc96f0df-ef04-411e-e040-11ac0d484291.embl-delly_1-0-0-preFilter.20150719.sv.cov.plots.tar.gz-md5sum_time": 0, 
                "fc96f0df-ef04-411e-e040-11ac0d484291.embl-delly_1-0-0-preFilter.20150719.sv.cov.tar.gz-download_time": 16, 
                "fc96f0df-ef04-411e-e040-11ac0d484291.embl-delly_1-0-0-preFilter.20150719.sv.cov.tar.gz-md5sum_time": 0, 
                "fc96f0df-ef04-411e-e040-11ac0d484291.embl-delly_1-0-0-preFilter.20150719.sv.vcf.gz-download_time": 13, 
                "fc96f0df-ef04-411e-e040-11ac0d484291.embl-delly_1-0-0-preFilter.20150719.sv.vcf.gz-md5sum_time": 0, 
                "fc96f0df-ef04-411e-e040-11ac0d484291.embl-delly_1-0-0-preFilter.20150719.sv.vcf.gz.tbi-download_time": 13, 
                "fc96f0df-ef04-411e-e040-11ac0d484291.embl-delly_1-0-0-preFilter.20150719.sv.vcf.gz.tbi-md5sum_time": 0, 
                "start": 1449265497, 
                "stop": 1449266180, 
                "time": 683
            }
        }
    }, 
    "aliquot_id": null, 
    "available_repos": [
        {
            "https://gtrepo-dkfz.annailabs.com/": {
                "file_md5sum": "1184911071c7f6ee1e2370fd53571fab", 
                "file_size": 65821
            }
        }
    ], 
    "data_type": "Dkfz_embl-VCF", 
    "files": [
        {
            "file_md5sum": "036a5a66ef99c4d63ade998075f3f021",