{
    "_runs_": {
        "run_1449000949_07760fbf-916f-45ff-bfbf-0e708657dbd1": {
            "downloading": {
                "gnos-download_time": 311, 
                "start": 1449080862, 
                "stop": 1449081174, 
                "time": 312
            }, 
            "uploading": {
                "copy_meta_time": 2, 
                "start": 1449081190, 
                "stop": 1449081411, 
                "time": 221, 
                "upload_time": 219
            }
        }, 
        "run_1449256082_1952fd1a-a01c-401b-a592-79b18b22a57e": {
            "downloading": {
                "108b4ef7-74a9-44db-8283-aa55dbcbf7fd.xml-download_time": 14, 
                "108b4ef7-74a9-44db-8283-aa55dbcbf7fd.xml-md5sum_time": 0, 
                "43d630aa-3890-401c-bf56-e3a9f325734f.dkfz-copyNumberEstimation_1-0-189-hpc-fix.1508272246.somatic.cnv.tar.gz-download_time": 244, 
                "43d630aa-3890-401c-bf56-e3a9f325734f.dkfz-copyNumberEstimation_1-0-189-hpc-fix.1508272246.somatic.cnv.tar.gz-md5sum_time": 22, 
                "43d630aa-3890-401c-bf56-e3a9f325734f.dkfz-copyNumberEstimation_1-0-189-hpc-fix.1508272246.somatic.cnv.vcf.gz-download_time": 14, 
                "43d630aa-3890-401c-bf56-e3a9f325734f.dkfz-copyNumberEstimation_1-0-189-hpc-fix.1508272246.somatic.cnv.vcf.gz-md5sum_time": 0, 
                "43d630aa-3890-401c-bf56-e3a9f325734f.dkfz-copyNumberEstimation_1-0-189-hpc-fix.1508272246.somatic.cnv.vcf.gz.tbi-download_time": 16, 
                "43d630aa-3890-401c-bf56-e3a9f325734f.dkfz-copyNumberEstimation_1-0-189-hpc-fix.1508272246.somatic.cnv.vcf.gz.tbi-md5sum_time": 0, 
                "43d630aa-3890-401c-bf56-e3a9f325734f.dkfz-indelCalling_1-0-132-1.20150608.germline.indel.vcf.gz-download_time": 20, 
                "43d630aa-3890-401c-bf56-e3a9f325734f.dkfz-indelCalling_1-0-132-1.20150608.germline.indel.vcf.gz-md5sum_time": 0, 
                "43d630aa-3890-401c-bf56-e3a9f325734f.dkfz-indelCalling_1-0-132-1.20150608.germline.indel.vcf.gz.tbi-download_time": 13, 
                "43d630aa-3890-401c-bf56-e3a9f325734f.dkfz-indelCalling_1-0-132-1.20150608.germline.indel.vcf.gz.tbi-md5sum_time": 0, 
                "43d630aa-3890-401c-bf56-e3a9f325734f.dkfz-indelCalling_1-0-132-1.20150608.somatic.indel.tar.gz-download_time": 49, 
                "43d630aa-3890-401c-bf56-e3a9f325734f.dkfz-indelCalling_1-0-132-1.20150608.somatic.indel.tar.gz-md5sum_time": 3, 
                "43d630aa-3890-401c-bf56-e3a9f325734f.dkfz-indelCalling_1-0-132-1.20150608.somatic.indel.vcf.gz-download_time": 14, 
                "43d630aa-3890-401c-bf56-e3a9f325734f.dkfz-indelCalling_1-0-132-1.20150608.somatic.indel.vcf.gz-md5sum_time": 0, 
                "43d630aa-3890-401c-bf56-e3a9f325734f.dkfz-indelCalling_1-0-132-1.20150608.somatic.indel.vcf.gz.tbi-download_time": 14, 
                "43d630aa-3890-401c-bf56-e3a9f325734f.dkfz-indelCalling_1-0-132-1.20150608.somatic.indel.vcf.gz.tbi-md5sum_time": 0, 
                "43d630aa-3890-401c-bf56-e3a9f325734f.dkfz-snvCalling_1-0-132-1.20150608.germline.snv_mnv.vcf.gz-download_time": 22, 
                "43d630aa-3890-401c-bf56-e3a9f325734f.dkfz-snvCalling_1-0-132-1.20150608.germline.snv_mnv.vcf.gz-md5sum_time": 0, 
                "43d630aa-3890-401c-bf56-e3a9f325734f.dkfz-snvCalling_1-0-132-1.20150608.germline.snv_mnv.vcf.gz.tbi-download_time": 15, 
                "43d630aa-3890-401c-bf56-e3a9f325734f.dkfz-snvCalling_1-0-132-1.20150608.germline.snv_mnv.vcf.gz.tbi-md5sum_time": 0, 
                "43d630aa-3890-401c-bf56-e3a9f325734f.dkfz-snvCalling_1-0-132-1.20150608.somatic.snv_mnv.tar.gz-download_time": 72, 
                "43d630aa-3890-401c-bf56-e3a9f325734f.dkfz-snvCalling_1-0-132-1.20150608.somatic.snv_mnv.tar.gz-md5sum_time": 4, 
                "43d630aa-3890-401c-bf56-e3a9f325734f.dkfz-snvCalling_1-0-132-1.20150608.somatic.snv_mnv.vcf.gz-download_time": 13, 
                "43d630aa-3890-401c-bf56-e3a9f325734f.dkfz-snvCalling_1-0-132-1.20150608.somatic.snv_mnv.vcf.gz-md5sum_time": 0, 
                "43d630aa-3890-401c-bf56-e3a9f325734f.dkfz-snvCalling_1-0-132-1.20150608.somatic.snv_mnv.vcf.gz.tbi-download_time": 14, 
                "43d630aa-3890-401c-bf56-e3a9f325734f.dkfz-snvCalling_1-0-132-1.20150608.somatic.snv_mnv.vcf.gz.tbi-md5sum_time": 0, 
                "43d630aa-3890-401c-bf56-e3a9f325734f.embl-delly_1-0-0-preFilter.20150608.germline.sv.bedpe.txt.tar.gz-download_time": 13, 
                "43d630aa-3890-401c-bf56-e3a9f325734f.embl-delly_1-0-0-preFilter.20150608.germline.sv.bedpe.txt.tar.gz-md5sum_time": 0, 
                "43d630aa-3890-401c-bf56-e3a9f325734f.embl-delly_1-0-0-preFilter.20150608.germline.sv.readname.txt.tar.gz-download_time": 14, 
                "43d630aa-3890-401c-bf56-e3a9f325734f.embl-delly_1-0-0-preFilter.20150608.germline.sv.readname.txt.tar.gz-md5sum_time": 0, 
                "43d630aa-3890-401c-bf56-e3a9f325734f.embl-delly_1-0-0-preFilter.20150608.germline.sv.vcf.gz-download_time": 14, 
                "43d630aa-3890-401c-bf56-e3a9f325734f.embl-delly_1-0-0-preFilter.20150608.germline.sv.vcf.gz-md5sum_time": 0, 
                "43d630aa-3890-401c-bf56-e3a9f325734f.embl-delly_1-0-0-preFilter.20150608.germline.sv.vcf.gz.tbi-download_time": 14, 
                "43d630aa-3890-401c-bf56-e3a9f325734f.embl-delly_1-0-0-preFilter.20150608.germline.sv.vcf.gz.tbi-md5sum_time": 0, 
                "43d630aa-3890-401c-bf56-e3a9f325734f.embl-delly_1-0-0-preFilter.20150608.somatic.sv.bedpe.txt.tar.gz-download_time": 14, 
                "43d630aa-3890-401c-bf56-e3a9f325734f.embl-delly_1-0-0-preFilter.20150608.somatic.sv.bedpe.txt.tar.gz-md5sum_time": 0, 
                "43d630aa-3890-401c-bf56-e3a9f325734f.embl-delly_1-0-0-preFilter.20150608.somatic.sv.readname.txt.tar.gz-download_time": 13, 
                "43d630aa-3890-401c-bf56-e3a9f325734f.embl-delly_1-0-0-preFilter.20150608.somatic.sv.readname.txt.tar.gz-md5sum_time": 0, 
                "43d630aa-3890-401c-bf56-e3a9f325734f.embl-delly_1-0-0-preFilter.20150608.somatic.sv.vcf.gz-download_time": 13, 
                "43d630aa-3890-401c-bf56-e3a9f325734f.embl-delly_1-0-0-preFilter.20150608.somatic.sv.vcf.gz-md5sum_time": 1, 
                "43d630aa-3890-401c-bf56-e3a9f325734f.embl-delly_1-0-0-preFilter.20150608.somatic.sv.vcf.gz.tbi-download_time": 13, 
                "43d630aa-3890-401c-bf56-e3a9f325734f.embl-delly_1-0-0-preFilter.20150608.somatic.sv.vcf.gz.tbi-md5sum_time": 0, 
                "43d630aa-3890-401c-bf56-e3a9f325734f.embl-delly_1-0-0-preFilter.20150608.sv.cov.plots.tar.gz-download_time": 16, 
                "43d630aa-3890-401c-bf56-e3a9f325734f.embl-delly_1-0-0-preFilter.20150608.sv.cov.plots.tar.gz-md5sum_time": 0, 
                "43d630aa-3890-401c-bf56-e3a9f325734f.embl-delly_1-0-0-preFilter.20150608.sv.cov.tar.gz-download_time": 20, 
                "43d630aa-3890-401c-bf56-e3a9f325734f.embl-delly_1-0-0-preFilter.20150608.sv.cov.tar.gz-md5sum_time": 0, 
                "43d630aa-3890-401c-bf56-e3a9f325734f.embl-delly_1-0-0-preFilter.20150608.sv.vcf.gz-download_time": 14, 
                "43d630aa-3890-401c-bf56-e3a9f325734f.embl-delly_1-0-0-preFilter.20150608.sv.vcf.gz-md5sum_time": 0, 
                "43d630aa-3890-401c-bf56-e3a9f325734f.embl-delly_1-0-0-preFilter.20150608.sv.vcf.gz.tbi-download_time": 13, 
                "43d630aa-3890-401c-bf56-e3a9f325734f.embl-delly_1-0-0-preFilter.20150608.sv.vcf.gz.tbi-md5sum_time": 0, 
                "start": 1449266354, 
                "stop": 1449267089, 
                "time": 735
            }
        }
    }, 
    "aliquot_id": null, 
    "available_repos": [
        {
            "https://gtrepo-dkfz.annailabs.com/": {
                "file_md5sum": "3464a2d703b6704e7b6d89b4126f547a", 
                "file_size": 60348
            }
        }
    ], 
    "data_type": "Dkfz_embl-VCF", 
    "files": [
        {
            "file_md5sum": "e9a20a38bdc0c3d7a37a2e6473614f0a",