{
    "_runs_": {
        "run_1449256569_76e81a59-4210-47e5-9370-3d9c27baa182": {
            "downloading": {
                "10964a73-338e-432b-b3f3-e73b7d64c8ac.xml-download_time": 12, 
                "10964a73-338e-432b-b3f3-e73b7d64c8ac.xml-md5sum_time": 0, 
                "fc447d51-cdc2-a180-e040-11ac0c4846a4.svcp_1-0-3.20150105.somatic.binnedReadCounts.tar.gz-download_time": 21, 
                "fc447d51-cdc2-a180-e040-11ac0c4846a4.svcp_1-0-3.20150105.somatic.binnedReadCounts.tar.gz-md5sum_time": 0, 
                "fc447d51-cdc2-a180-e040-11ac0c4846a4.svcp_1-0-3.20150105.somatic.cnv.tar.gz-download_time": 15, 
                "fc447d51-cdc2-a180-e040-11ac0c4846a4.svcp_1-0-3.20150105.somatic.cnv.tar.gz-md5sum_time": 0, 
                "fc447d51-cdc2-a180-e040-11ac0c4846a4.svcp_1-0-3.20150105.somatic.cnv.vcf.gz-download_time": 13, 
                "fc447d51-cdc2-a180-e040-11ac0c4846a4.svcp_1-0-3.20150105.somatic.cnv.vcf.gz-md5sum_time": 0, 
                "fc447d51-cdc2-a180-e040-11ac0c4846a4.svcp_1-0-3.20150105.somatic.cnv.vcf.gz.tbi-download_time": 13, 
                "fc447d51-cdc2-a180-e040-11ac0c4846a4.svcp_1-0-3.20150105.somatic.cnv.vcf.gz.tbi-md5sum_time": 0, 
                "fc447d51-cdc2-a180-e040-11ac0c4846a4.svcp_1-0-3.20150105.somatic.genotype.tar.gz-download_time": 13, 
                "fc447d51-cdc2-a180-e040-11ac0c4846a4.svcp_1-0-3.20150105.somatic.genotype.tar.gz-md5sum_time": 0, 
                "fc447d51-cdc2-a180-e040-11ac0c4846a4.svcp_1-0-3.20150105.somatic.imputeCounts.tar.gz-download_time": 42, 
                "fc447d51-cdc2-a180-e040-11ac0c4846a4.svcp_1-0-3.20150105.somatic.imputeCounts.tar.gz-md5sum_time": 1, 
                "fc447d51-cdc2-a180-e040-11ac0c4846a4.svcp_1-0-3.20150105.somatic.indel.tar.gz-download_time": 62, 
                "fc447d51-cdc2-a180-e040-11ac0c4846a4.svcp_1-0-3.20150105.somatic.indel.tar.gz-md5sum_time": 3, 
                "fc447d51-cdc2-a180-e040-11ac0c4846a4.svcp_1-0-3.20150105.somatic.indel.vcf.gz-download_time": 17, 
                "fc447d51-cdc2-a180-e040-11ac0c4846a4.svcp_1-0-3.20150105.somatic.indel.vcf.gz-md5sum_time": 0, 
                "fc447d51-cdc2-a180-e040-11ac0c4846a4.svcp_1-0-3.20150105.somatic.indel.vcf.gz.tbi-download_time": 14, 
                "fc447d51-cdc2-a180-e040-11ac0c4846a4.svcp_1-0-3.20150105.somatic.indel.vcf.gz.tbi-md5sum_time": 0, 
                "fc447d51-cdc2-a180-e040-11ac0c4846a4.svcp_1-0-3.20150105.somatic.snv_mnv.tar.gz-download_time": 22, 
                "fc447d51-cdc2-a180-e040-11ac0c4846a4.svcp_1-0-3.20150105.somatic.snv_mnv.tar.gz-md5sum_time": 0, 
                "fc447d51-cdc2-a180-e040-11ac0c4846a4.svcp_1-0-3.20150105.somatic.snv_mnv.vcf.gz-download_time": 14, 
                "fc447d51-cdc2-a180-e040-11ac0c4846a4.svcp_1-0-3.20150105.somatic.snv_mnv.vcf.gz-md5sum_time": 0, 
                "fc447d51-cdc2-a180-e040-11ac0c4846a4.svcp_1-0-3.20150105.somatic.snv_mnv.vcf.gz.tbi-download_time": 13, 
                "fc447d51-cdc2-a180-e040-11ac0c4846a4.svcp_1-0-3.20150105.somatic.snv_mnv.vcf.gz.tbi-md5sum_time": 0, 
                "fc447d51-cdc2-a180-e040-11ac0c4846a4.svcp_1-0-3.20150105.somatic.sv.tar.gz-download_time": 221, 
                "fc447d51-cdc2-a180-e040-11ac0c4846a4.svcp_1-0-3.20150105.somatic.sv.tar.gz-md5sum_time": 18, 
                "fc447d51-cdc2-a180-e040-11ac0c4846a4.svcp_1-0-3.20150105.somatic.sv.vcf.gz-download_time": 14, 
                "fc447d51-cdc2-a180-e040-11ac0c4846a4.svcp_1-0-3.20150105.somatic.sv.vcf.gz-md5sum_time": 0, 
                "fc447d51-cdc2-a180-e040-11ac0c4846a4.svcp_1-0-3.20150105.somatic.sv.vcf.gz.tbi-download_time": 13, 
                "fc447d51-cdc2-a180-e040-11ac0c4846a4.svcp_1-0-3.20150105.somatic.sv.vcf.gz.tbi-md5sum_time": 0, 
                "fc447d51-cdc2-a180-e040-11ac0c4846a4.svcp_1-0-3.20150105.somatic.verifyBamId.tar.gz-download_time": 14, 
                "fc447d51-cdc2-a180-e040-11ac0c4846a4.svcp_1-0-3.20150105.somatic.verifyBamId.tar.gz-md5sum_time": 0, 
                "start": 1449266549, 
                "stop": 1449267105, 
                "time": 556
            }
        }
    }, 
    "aliquot_id": null, 
    "available_repos": [
        {
            "https://gtrepo-ebi.annailabs.com/": {
                "file_md5sum": "520c30889519f8009ab018e31263ed00", 
                "file_size": 62140
            }
        }
    ], 
    "data_type": "Sanger-VCF", 
    "files": [
        {
            "file_md5sum": "dbeac625954981c95d3383b9af83266c", 
            "file_name": "fc447d51-cdc2-a180-e040-11ac0c4846a4.svcp_1-0-3.20150105.somatic.snv_mnv.vcf.gz", 
            "file_size": 4626681, 
            "object_id": "4b15d263-bbd7-5041-86ff-e11ea555f196"
        }, 
        {
            "file_md5sum": "ec2c59e3ab6a179ece6fe66f4cd1d9e5", 
            "file_name": "fc447d51-cdc2-a180-e040-11ac0c4846a4.svcp_1-0-3.20150105.somatic.snv_mnv.vcf.gz.tbi", 
            "file_size": 608957, 
            "object_id": "d8c04820-9beb-5a9b-b5ac-43c9d7f1b142"
        }, 
        {
            "file_md5sum": "d8b785b1a2683bc4db7bbd5d427dc7db", 
            "file_name": "fc447d51-cdc2-a180-e040-11ac0c4846a4.svcp_1-0-3.20150105.somatic.cnv.vcf.gz", 
            "file_size": 8894, 
            "object_id": "752ccb69-f310-500c-a185-d673453ff253"
        }, 
        {
            "file_md5sum": "d4f78dd736f5cacc37d045debe0919f9", 
            "file_name": "fc447d51-cdc2-a180-e040-11ac0c4846a4.svcp_1-0-3.20150105.somatic.cnv.vcf.gz.tbi", 
            "file_size": 8500, 
            "object_id": "79dde359-6f2d-5825-ac1d-8274db94d902"
        }, 
        {
            "file_md5sum": "58e60adb3f014dada2452e1f3773322c", 
            "file_name": "fc447d51-cdc2-a180-e040-11ac0c4846a4.svcp_1-0-3.20150105.somatic.sv.vcf.gz", 
            "file_size": 67635, 
            "object_id": "4e5e980d-0020-51f4-b8a4-4ba06b81cbc0"
        }, 
        {
            "file_md5sum": "aa595d9eff723abbe4291efedfd0dc63", 
            "file_name": "fc447d51-cdc2-a180-e040-11ac0c4846a4.svcp_1-0-3.20150105.somatic.sv.vcf.gz.tbi", 
            "file_size": 13682, 
            "object_id": "b9036baf-7cae-5fa9-954f-bf0fa209a25d"
        }, 
        {
            "file_md5sum": "00983e0835627122d885cd6ebe3043a7", 
            "file_name": "fc447d51-cdc2-a180-e040-11ac0c4846a4.svcp_1-0-3.20150105.somatic.indel.vcf.gz", 
            "file_size": 51252977, 
            "object_id": "d4490194-1ad5-54fe-ae54-7c61fcbd683c"
        }, 
        {
            "file_md5sum": "021f13491a2d84095a9c3903a1bab5d3", 
            "file_name": "fc447d51-cdc2-a180-e040-11ac0c4846a4.svcp_1-0-3.20150105.somatic.indel.vcf.gz.tbi", 
            "file_size": 1470550, 
            "object_id": "31cc5551-1558-56aa-ab4d-27f3f472158f"
        }, 
        {
            "file_md5sum": "e407fb32adcbf99e6ae9a8932d286b08", 
            "file_name": "fc447d51-cdc2-a180-e040-11ac0c4846a4.svcp_1-0-3.20150105.somatic.snv_mnv.tar.gz", 
            "file_size": 176577082, 
            "object_id": "6166da27-2d18-59be-9ecb-1524462bdf92"
        }, 
        {
            "file_md5sum": "af5d53206eff1e552df952095307dbb4", 
            "file_name": "fc447d51-cdc2-a180-e040-11ac0c4846a4.svcp_1-0-3.20150105.somatic.cnv.tar.gz", 
            "file_size": 27455251, 
            "object_id": "9ef7240f-5621-5816-8cb9-e4f9a7d7e727"
        }, 
        {
            "file_md5sum": "1e123a848cac350654f50e91f7b77a30", 
            "file_name": "fc447d51-cdc2-a180-e040-11ac0c4846a4.svcp_1-0-3.20150105.somatic.sv.tar.gz", 
            "file_size": 2881705355, 
            "object_id": "56a60eb9-794a-5fc7-89b2-b30f08d05efc"
        }, 
        {
            "file_md5sum": "a90caf7673cc65a77924e8d6d35f8400", 
            "file_name": "fc447d51-cdc2-a180-e040-11ac0c4846a4.svcp_1-0-3.20150105.somatic.indel.tar.gz", 
            "file_size": 850879024,