{
    "_runs_": {
        "run_1449256569_76e81a59-4210-47e5-9370-3d9c27baa182": {
            "downloading": {
                "130b9934-a630-4018-acf1-75b099445a2c.xml-download_time": 12, 
                "130b9934-a630-4018-acf1-75b099445a2c.xml-md5sum_time": 0, 
                "f393bb01-6ed7-9533-e040-11ac0d484521.svcp_1-0-5.20150320.somatic.binnedReadCounts.tar.gz-download_time": 22, 
                "f393bb01-6ed7-9533-e040-11ac0d484521.svcp_1-0-5.20150320.somatic.binnedReadCounts.tar.gz-md5sum_time": 0, 
                "f393bb01-6ed7-9533-e040-11ac0d484521.svcp_1-0-5.20150320.somatic.cnv.tar.gz-download_time": 15, 
                "f393bb01-6ed7-9533-e040-11ac0d484521.svcp_1-0-5.20150320.somatic.cnv.tar.gz-md5sum_time": 0, 
                "f393bb01-6ed7-9533-e040-11ac0d484521.svcp_1-0-5.20150320.somatic.cnv.vcf.gz-download_time": 13, 
                "f393bb01-6ed7-9533-e040-11ac0d484521.svcp_1-0-5.20150320.somatic.cnv.vcf.gz-md5sum_time": 0, 
                "f393bb01-6ed7-9533-e040-11ac0d484521.svcp_1-0-5.20150320.somatic.cnv.vcf.gz.tbi-download_time": 13, 
                "f393bb01-6ed7-9533-e040-11ac0d484521.svcp_1-0-5.20150320.somatic.cnv.vcf.gz.tbi-md5sum_time": 0, 
                "f393bb01-6ed7-9533-e040-11ac0d484521.svcp_1-0-5.20150320.somatic.genotype.tar.gz-download_time": 13, 
                "f393bb01-6ed7-9533-e040-11ac0d484521.svcp_1-0-5.20150320.somatic.genotype.tar.gz-md5sum_time": 0, 
                "f393bb01-6ed7-9533-e040-11ac0d484521.svcp_1-0-5.20150320.somatic.imputeCounts.tar.gz-download_time": 43, 
                "f393bb01-6ed7-9533-e040-11ac0d484521.svcp_1-0-5.20150320.somatic.imputeCounts.tar.gz-md5sum_time": 2, 
                "f393bb01-6ed7-9533-e040-11ac0d484521.svcp_1-0-5.20150320.somatic.indel.tar.gz-download_time": 55, 
                "f393bb01-6ed7-9533-e040-11ac0d484521.svcp_1-0-5.20150320.somatic.indel.tar.gz-md5sum_time": 2, 
                "f393bb01-6ed7-9533-e040-11ac0d484521.svcp_1-0-5.20150320.somatic.indel.vcf.gz-download_time": 16, 
                "f393bb01-6ed7-9533-e040-11ac0d484521.svcp_1-0-5.20150320.somatic.indel.vcf.gz-md5sum_time": 1, 
                "f393bb01-6ed7-9533-e040-11ac0d484521.svcp_1-0-5.20150320.somatic.indel.vcf.gz.tbi-download_time": 13, 
                "f393bb01-6ed7-9533-e040-11ac0d484521.svcp_1-0-5.20150320.somatic.indel.vcf.gz.tbi-md5sum_time": 0, 
                "f393bb01-6ed7-9533-e040-11ac0d484521.svcp_1-0-5.20150320.somatic.snv_mnv.tar.gz-download_time": 23, 
                "f393bb01-6ed7-9533-e040-11ac0d484521.svcp_1-0-5.20150320.somatic.snv_mnv.tar.gz-md5sum_time": 0, 
                "f393bb01-6ed7-9533-e040-11ac0d484521.svcp_1-0-5.20150320.somatic.snv_mnv.vcf.gz-download_time": 14, 
                "f393bb01-6ed7-9533-e040-11ac0d484521.svcp_1-0-5.20150320.somatic.snv_mnv.vcf.gz-md5sum_time": 0, 
                "f393bb01-6ed7-9533-e040-11ac0d484521.svcp_1-0-5.20150320.somatic.snv_mnv.vcf.gz.tbi-download_time": 14, 
                "f393bb01-6ed7-9533-e040-11ac0d484521.svcp_1-0-5.20150320.somatic.snv_mnv.vcf.gz.tbi-md5sum_time": 0, 
                "f393bb01-6ed7-9533-e040-11ac0d484521.svcp_1-0-5.20150320.somatic.sv.tar.gz-download_time": 797, 
                "f393bb01-6ed7-9533-e040-11ac0d484521.svcp_1-0-5.20150320.somatic.sv.tar.gz-md5sum_time": 68, 
                "f393bb01-6ed7-9533-e040-11ac0d484521.svcp_1-0-5.20150320.somatic.sv.vcf.gz-download_time": 13, 
                "f393bb01-6ed7-9533-e040-11ac0d484521.svcp_1-0-5.20150320.somatic.sv.vcf.gz-md5sum_time": 0, 
                "f393bb01-6ed7-9533-e040-11ac0d484521.svcp_1-0-5.20150320.somatic.sv.vcf.gz.tbi-download_time": 13, 
                "f393bb01-6ed7-9533-e040-11ac0d484521.svcp_1-0-5.20150320.somatic.sv.vcf.gz.tbi-md5sum_time": 0, 
                "f393bb01-6ed7-9533-e040-11ac0d484521.svcp_1-0-5.20150320.somatic.verifyBamId.tar.gz-download_time": 15, 
                "f393bb01-6ed7-9533-e040-11ac0d484521.svcp_1-0-5.20150320.somatic.verifyBamId.tar.gz-md5sum_time": 0, 
                "start": 1449267912, 
                "stop": 1449269090, 
                "time": 1178
            }
        }
    }, 
    "aliquot_id": null, 
    "available_repos": [
        {
            "https://gtrepo-ebi.annailabs.com/": {
                "file_md5sum": "f376bfe35a961a089b6852797d1dc134", 
                "file_size": 60677
            }
        }
    ], 
    "data_type": "Sanger-VCF", 
    "files": [
        {
            "file_md5sum": "63c3f51f3b2782f1cbc93a8367bf41ca", 
            "file_name": "f393bb01-6ed7-9533-e040-11ac0d484521.svcp_1-0-5.20150320.somatic.snv_mnv.vcf.gz", 
            "file_size": 3069968, 
            "object_id": "7881c483-5602-52f1-ad09-625074ca61f2"
        }, 
        {
            "file_md5sum": "9658e4472686fb3e3ab60fde98c2919f", 
            "file_name": "f393bb01-6ed7-9533-e040-11ac0d484521.svcp_1-0-5.20150320.somatic.snv_mnv.vcf.gz.tbi", 
            "file_size": 469807, 
            "object_id": "40cd7f8f-4cf6-54b3-9597-01a13e0a336b"
        }, 
        {
            "file_md5sum": "28a58ca3ffe41d7aa8bb2ee902e7bbe2", 
            "file_name": "f393bb01-6ed7-9533-e040-11ac0d484521.svcp_1-0-5.20150320.somatic.cnv.vcf.gz", 
            "file_size": 3973, 
            "object_id": "5728c28d-6259-58d1-b1bf-3acaa0a31f3c"
        }, 
        {
            "file_md5sum": "7c48fbf56082048e7d0ecfaa890e87ff", 
            "file_name": "f393bb01-6ed7-9533-e040-11ac0d484521.svcp_1-0-5.20150320.somatic.cnv.vcf.gz.tbi", 
            "file_size": 5580, 
            "object_id": "24b11bb0-2546-5af8-b66f-8cb38b63bff6"
        }, 
        {
            "file_md5sum": "3312e534cbed92dde8f85ffb51150ecd", 
            "file_name": "f393bb01-6ed7-9533-e040-11ac0d484521.svcp_1-0-5.20150320.somatic.sv.vcf.gz", 
            "file_size": 43467, 
            "object_id": "34b6f84b-63cf-5661-a8b1-efb486896bc8"
        }, 
        {
            "file_md5sum": "67bcf8548417df17d3fd1f3e0417de17", 
            "file_name": "f393bb01-6ed7-9533-e040-11ac0d484521.svcp_1-0-5.20150320.somatic.sv.vcf.gz.tbi", 
            "file_size": 9183, 
            "object_id": "6cf84981-17a7-5a07-b7f4-450ca518e30c"
        }, 
        {
            "file_md5sum": "fa7856decf3118c19a343c1e6d5a6117", 
            "file_name": "f393bb01-6ed7-9533-e040-11ac0d484521.svcp_1-0-5.20150320.somatic.indel.vcf.gz", 
            "file_size": 45903673, 
            "object_id": "fa841b06-b44e-5bc5-b900-d929fb20cccd"
        }, 
        {
            "file_md5sum": "2f8e2f1b9b06215036726a1b8311f081", 
            "file_name": "f393bb01-6ed7-9533-e040-11ac0d484521.svcp_1-0-5.20150320.somatic.indel.vcf.gz.tbi", 
            "file_size": 1415945, 
            "object_id": "c782aadd-9825-5285-b54c-6bd0d53048b7"
        }, 
        {
            "file_md5sum": "0a4e0d04cf32eb947dc0b451176e5a9f", 
            "file_name": "f393bb01-6ed7-9533-e040-11ac0d484521.svcp_1-0-5.20150320.somatic.snv_mnv.tar.gz", 
            "file_size": 169105582, 
            "object_id": "daab96e2-6f90-59fd-a8d0-57fe2172c6af"
        }, 
        {
            "file_md5sum": "5b59c60ecf5a074cf03ea4460be5927e", 
            "file_name": "f393bb01-6ed7-9533-e040-11ac0d484521.svcp_1-0-5.20150320.somatic.cnv.tar.gz", 
            "file_size": 26746453, 
            "object_id": "dc81d2c7-d87e-5461-81ca-c2831738fe87"
        }, 
        {
            "file_md5sum": "9abf6b7eb958a37c66919ee650bcbcd7", 
            "file_name": "f393bb01-6ed7-9533-e040-11ac0d484521.svcp_1-0-5.20150320.somatic.sv.tar.gz", 
            "file_size": 9614171311, 
            "object_id": "14e84aba-c075-56e5-bac2-9ba5e3c15be9"
        }, 
        {
            "file_md5sum": "8849250841c4be977c009af711f68577", 
            "file_name": "f393bb01-6ed7-9533-e040-11ac0d484521.svcp_1-0-5.20150320.somatic.indel.tar.gz", 
            "file_size": 761868831,