{
    "_runs_": {
        "run_1449256082_1952fd1a-a01c-401b-a592-79b18b22a57e": {
            "downloading": {
                "178e55da-a02a-49aa-8bd7-7ce68110c908.xml-download_time": 13, 
                "178e55da-a02a-49aa-8bd7-7ce68110c908.xml-md5sum_time": 0, 
                "f7cc504a-37c9-45f5-b50d-599c54dca157.svcp_1-0-5.20150807.somatic.binnedReadCounts.tar.gz-download_time": 20, 
                "f7cc504a-37c9-45f5-b50d-599c54dca157.svcp_1-0-5.20150807.somatic.binnedReadCounts.tar.gz-md5sum_time": 1, 
                "f7cc504a-37c9-45f5-b50d-599c54dca157.svcp_1-0-5.20150807.somatic.cnv.tar.gz-download_time": 16, 
                "f7cc504a-37c9-45f5-b50d-599c54dca157.svcp_1-0-5.20150807.somatic.cnv.tar.gz-md5sum_time": 0, 
                "f7cc504a-37c9-45f5-b50d-599c54dca157.svcp_1-0-5.20150807.somatic.cnv.vcf.gz-download_time": 14, 
                "f7cc504a-37c9-45f5-b50d-599c54dca157.svcp_1-0-5.20150807.somatic.cnv.vcf.gz-md5sum_time": 0, 
                "f7cc504a-37c9-45f5-b50d-599c54dca157.svcp_1-0-5.20150807.somatic.cnv.vcf.gz.tbi-download_time": 13, 
                "f7cc504a-37c9-45f5-b50d-599c54dca157.svcp_1-0-5.20150807.somatic.cnv.vcf.gz.tbi-md5sum_time": 0, 
                "f7cc504a-37c9-45f5-b50d-599c54dca157.svcp_1-0-5.20150807.somatic.genotype.tar.gz-download_time": 13, 
                "f7cc504a-37c9-45f5-b50d-599c54dca157.svcp_1-0-5.20150807.somatic.genotype.tar.gz-md5sum_time": 0, 
                "f7cc504a-37c9-45f5-b50d-599c54dca157.svcp_1-0-5.20150807.somatic.imputeCounts.tar.gz-download_time": 40, 
                "f7cc504a-37c9-45f5-b50d-599c54dca157.svcp_1-0-5.20150807.somatic.imputeCounts.tar.gz-md5sum_time": 2, 
                "f7cc504a-37c9-45f5-b50d-599c54dca157.svcp_1-0-5.20150807.somatic.indel.tar.gz-download_time": 80, 
                "f7cc504a-37c9-45f5-b50d-599c54dca157.svcp_1-0-5.20150807.somatic.indel.tar.gz-md5sum_time": 4, 
                "f7cc504a-37c9-45f5-b50d-599c54dca157.svcp_1-0-5.20150807.somatic.indel.vcf.gz-download_time": 19, 
                "f7cc504a-37c9-45f5-b50d-599c54dca157.svcp_1-0-5.20150807.somatic.indel.vcf.gz-md5sum_time": 0, 
                "f7cc504a-37c9-45f5-b50d-599c54dca157.svcp_1-0-5.20150807.somatic.indel.vcf.gz.tbi-download_time": 14, 
                "f7cc504a-37c9-45f5-b50d-599c54dca157.svcp_1-0-5.20150807.somatic.indel.vcf.gz.tbi-md5sum_time": 0, 
                "f7cc504a-37c9-45f5-b50d-599c54dca157.svcp_1-0-5.20150807.somatic.snv_mnv.tar.gz-download_time": 23, 
                "f7cc504a-37c9-45f5-b50d-599c54dca157.svcp_1-0-5.20150807.somatic.snv_mnv.tar.gz-md5sum_time": 1, 
                "f7cc504a-37c9-45f5-b50d-599c54dca157.svcp_1-0-5.20150807.somatic.snv_mnv.vcf.gz-download_time": 15, 
                "f7cc504a-37c9-45f5-b50d-599c54dca157.svcp_1-0-5.20150807.somatic.snv_mnv.vcf.gz-md5sum_time": 0, 
                "f7cc504a-37c9-45f5-b50d-599c54dca157.svcp_1-0-5.20150807.somatic.snv_mnv.vcf.gz.tbi-download_time": 14, 
                "f7cc504a-37c9-45f5-b50d-599c54dca157.svcp_1-0-5.20150807.somatic.snv_mnv.vcf.gz.tbi-md5sum_time": 0, 
                "f7cc504a-37c9-45f5-b50d-599c54dca157.svcp_1-0-5.20150807.somatic.sv.tar.gz-download_time": 437, 
                "f7cc504a-37c9-45f5-b50d-599c54dca157.svcp_1-0-5.20150807.somatic.sv.tar.gz-md5sum_time": 38, 
                "f7cc504a-37c9-45f5-b50d-599c54dca157.svcp_1-0-5.20150807.somatic.sv.vcf.gz-download_time": 14, 
                "f7cc504a-37c9-45f5-b50d-599c54dca157.svcp_1-0-5.20150807.somatic.sv.vcf.gz-md5sum_time": 0, 
                "f7cc504a-37c9-45f5-b50d-599c54dca157.svcp_1-0-5.20150807.somatic.sv.vcf.gz.tbi-download_time": 13, 
                "f7cc504a-37c9-45f5-b50d-599c54dca157.svcp_1-0-5.20150807.somatic.sv.vcf.gz.tbi-md5sum_time": 0, 
                "f7cc504a-37c9-45f5-b50d-599c54dca157.svcp_1-0-5.20150807.somatic.verifyBamId.tar.gz-download_time": 14, 
                "f7cc504a-37c9-45f5-b50d-599c54dca157.svcp_1-0-5.20150807.somatic.verifyBamId.tar.gz-md5sum_time": 0, 
                "start": 1449271144, 
                "stop": 1449271963, 
                "time": 819
            }
        }
    }, 
    "aliquot_id": null, 
    "available_repos": [
        {
            "https://gtrepo-etri.annailabs.com/": {
                "file_md5sum": "12b70943a1ce1e72023f94c6a5d0ad10", 
                "file_size": 60838
            }
        }
    ], 
    "data_type": "Sanger-VCF", 
    "files": [
        {
            "file_md5sum": "c7883408cba3644d7b17034a5f6d2540", 
            "file_name": "f7cc504a-37c9-45f5-b50d-599c54dca157.svcp_1-0-5.20150807.somatic.snv_mnv.vcf.gz", 
            "file_size": 4865354, 
            "object_id": "10492ff9-a519-503c-b2fa-58bf693dbab2"
        }, 
        {
            "file_md5sum": "befbb3a0e04b2b60c34ee3aca07f987e", 
            "file_name": "f7cc504a-37c9-45f5-b50d-599c54dca157.svcp_1-0-5.20150807.somatic.snv_mnv.vcf.gz.tbi", 
            "file_size": 569384, 
            "object_id": "fca879ce-8c9a-5028-bbd7-e08a10f7d31a"
        }, 
        {
            "file_md5sum": "70770a98d310630373dfcd3939c6c981", 
            "file_name": "f7cc504a-37c9-45f5-b50d-599c54dca157.svcp_1-0-5.20150807.somatic.cnv.vcf.gz", 
            "file_size": 4065, 
            "object_id": "a370e72e-2478-5336-99dc-701b2183c567"
        }, 
        {
            "file_md5sum": "2e9848af59de56cb0b25cf7528194fd4", 
            "file_name": "f7cc504a-37c9-45f5-b50d-599c54dca157.svcp_1-0-5.20150807.somatic.cnv.vcf.gz.tbi", 
            "file_size": 5780, 
            "object_id": "04732a83-0d94-5770-9aaa-466fae078bd2"
        }, 
        {
            "file_md5sum": "46e26f18509afdbb3ed8516b93830c6f", 
            "file_name": "f7cc504a-37c9-45f5-b50d-599c54dca157.svcp_1-0-5.20150807.somatic.sv.vcf.gz", 
            "file_size": 24923, 
            "object_id": "ad3f7a05-198a-51af-8460-6e1e49277334"
        }, 
        {
            "file_md5sum": "54572938809364a17899bc26b5839829", 
            "file_name": "f7cc504a-37c9-45f5-b50d-599c54dca157.svcp_1-0-5.20150807.somatic.sv.vcf.gz.tbi", 
            "file_size": 4968, 
            "object_id": "c13abc24-3b1e-5070-b209-bd4e34f86954"
        }, 
        {
            "file_md5sum": "3a5b833f7530037ec2cc1a4ac0d383b3", 
            "file_name": "f7cc504a-37c9-45f5-b50d-599c54dca157.svcp_1-0-5.20150807.somatic.indel.vcf.gz", 
            "file_size": 71214768, 
            "object_id": "41a9c1a3-9a86-5543-a6bf-63bfff5373b2"
        }, 
        {
            "file_md5sum": "6512268d2b167870d481c3035cae8686", 
            "file_name": "f7cc504a-37c9-45f5-b50d-599c54dca157.svcp_1-0-5.20150807.somatic.indel.vcf.gz.tbi", 
            "file_size": 1566967, 
            "object_id": "50eb88e2-c7c7-5630-a59f-0e57a6f745fb"
        }, 
        {
            "file_md5sum": "6ea958121c727a37dbd599058efe4049", 
            "file_name": "f7cc504a-37c9-45f5-b50d-599c54dca157.svcp_1-0-5.20150807.somatic.snv_mnv.tar.gz", 
            "file_size": 168363731, 
            "object_id": "ce68e000-df35-55e6-aa80-013083ce69a0"
        }, 
        {
            "file_md5sum": "f713bcc8ad09dd192d4abd23e999fb4a", 
            "file_name": "f7cc504a-37c9-45f5-b50d-599c54dca157.svcp_1-0-5.20150807.somatic.cnv.tar.gz", 
            "file_size": 27133899, 
            "object_id": "56b8bbeb-d55b-5d50-80d0-c3c0816b3995"
        }, 
        {
            "file_md5sum": "48b3612ce3c7a587d034ac184e2c4fe4", 
            "file_name": "f7cc504a-37c9-45f5-b50d-599c54dca157.svcp_1-0-5.20150807.somatic.sv.tar.gz", 
            "file_size": 5593136575, 
            "object_id": "79caff8d-f7cb-5ae0-89d0-d871eb946ccf"
        }, 
        {
            "file_md5sum": "2f983f082dc8f6aa270605687e6c61e6", 
            "file_name": "f7cc504a-37c9-45f5-b50d-599c54dca157.svcp_1-0-5.20150807.somatic.indel.tar.gz", 
            "file_size": 1060722643,