{
    "_runs_": {
        "run_1449082559_8e64d380-ff2b-4a89-9d31-5c368d71de35": {
            "downloading": {
                "gnos-download_time": 341, 
                "start": 1449082582, 
                "stop": 1449082924, 
                "time": 342
            }, 
            "uploading": {
                "copy_meta_time": 2, 
                "start": 1449082933, 
                "stop": 1449083191, 
                "time": 258, 
                "upload_time": 256
            }
        }, 
        "run_1449256362_f285340f-6a1e-4280-8af8-91051b7f471f": {
            "downloading": {
                "18972d94-1992-4fd4-896a-a240a4e7de74.xml-download_time": 14, 
                "18972d94-1992-4fd4-896a-a240a4e7de74.xml-md5sum_time": 0, 
                "f85397dc-e6e9-4f54-e040-11ac0d48706c.dkfz-copyNumberEstimation_1-0-189-hpc-fix.1508261917.somatic.cnv.tar.gz-download_time": 249, 
                "f85397dc-e6e9-4f54-e040-11ac0d48706c.dkfz-copyNumberEstimation_1-0-189-hpc-fix.1508261917.somatic.cnv.tar.gz-md5sum_time": 21, 
                "f85397dc-e6e9-4f54-e040-11ac0d48706c.dkfz-copyNumberEstimation_1-0-189-hpc-fix.1508261917.somatic.cnv.vcf.gz-download_time": 14, 
                "f85397dc-e6e9-4f54-e040-11ac0d48706c.dkfz-copyNumberEstimation_1-0-189-hpc-fix.1508261917.somatic.cnv.vcf.gz-md5sum_time": 0, 
                "f85397dc-e6e9-4f54-e040-11ac0d48706c.dkfz-copyNumberEstimation_1-0-189-hpc-fix.1508261917.somatic.cnv.vcf.gz.tbi-download_time": 13, 
                "f85397dc-e6e9-4f54-e040-11ac0d48706c.dkfz-copyNumberEstimation_1-0-189-hpc-fix.1508261917.somatic.cnv.vcf.gz.tbi-md5sum_time": 0, 
                "f85397dc-e6e9-4f54-e040-11ac0d48706c.dkfz-indelCalling_1-0-132-1.20150719.germline.indel.vcf.gz-download_time": 19, 
                "f85397dc-e6e9-4f54-e040-11ac0d48706c.dkfz-indelCalling_1-0-132-1.20150719.germline.indel.vcf.gz-md5sum_time": 0, 
                "f85397dc-e6e9-4f54-e040-11ac0d48706c.dkfz-indelCalling_1-0-132-1.20150719.germline.indel.vcf.gz.tbi-download_time": 13, 
                "f85397dc-e6e9-4f54-e040-11ac0d48706c.dkfz-indelCalling_1-0-132-1.20150719.germline.indel.vcf.gz.tbi-md5sum_time": 0, 
                "f85397dc-e6e9-4f54-e040-11ac0d48706c.dkfz-indelCalling_1-0-132-1.20150719.somatic.indel.tar.gz-download_time": 52, 
                "f85397dc-e6e9-4f54-e040-11ac0d48706c.dkfz-indelCalling_1-0-132-1.20150719.somatic.indel.tar.gz-md5sum_time": 2, 
                "f85397dc-e6e9-4f54-e040-11ac0d48706c.dkfz-indelCalling_1-0-132-1.20150719.somatic.indel.vcf.gz-download_time": 15, 
                "f85397dc-e6e9-4f54-e040-11ac0d48706c.dkfz-indelCalling_1-0-132-1.20150719.somatic.indel.vcf.gz-md5sum_time": 0, 
                "f85397dc-e6e9-4f54-e040-11ac0d48706c.dkfz-indelCalling_1-0-132-1.20150719.somatic.indel.vcf.gz.tbi-download_time": 15, 
                "f85397dc-e6e9-4f54-e040-11ac0d48706c.dkfz-indelCalling_1-0-132-1.20150719.somatic.indel.vcf.gz.tbi-md5sum_time": 0, 
                "f85397dc-e6e9-4f54-e040-11ac0d48706c.dkfz-snvCalling_1-0-132-1.20150719.germline.snv_mnv.vcf.gz-download_time": 23, 
                "f85397dc-e6e9-4f54-e040-11ac0d48706c.dkfz-snvCalling_1-0-132-1.20150719.germline.snv_mnv.vcf.gz-md5sum_time": 0, 
                "f85397dc-e6e9-4f54-e040-11ac0d48706c.dkfz-snvCalling_1-0-132-1.20150719.germline.snv_mnv.vcf.gz.tbi-download_time": 14, 
                "f85397dc-e6e9-4f54-e040-11ac0d48706c.dkfz-snvCalling_1-0-132-1.20150719.germline.snv_mnv.vcf.gz.tbi-md5sum_time": 0, 
                "f85397dc-e6e9-4f54-e040-11ac0d48706c.dkfz-snvCalling_1-0-132-1.20150719.somatic.snv_mnv.tar.gz-download_time": 90, 
                "f85397dc-e6e9-4f54-e040-11ac0d48706c.dkfz-snvCalling_1-0-132-1.20150719.somatic.snv_mnv.tar.gz-md5sum_time": 4, 
                "f85397dc-e6e9-4f54-e040-11ac0d48706c.dkfz-snvCalling_1-0-132-1.20150719.somatic.snv_mnv.vcf.gz-download_time": 13, 
                "f85397dc-e6e9-4f54-e040-11ac0d48706c.dkfz-snvCalling_1-0-132-1.20150719.somatic.snv_mnv.vcf.gz-md5sum_time": 0, 
                "f85397dc-e6e9-4f54-e040-11ac0d48706c.dkfz-snvCalling_1-0-132-1.20150719.somatic.snv_mnv.vcf.gz.tbi-download_time": 14, 
                "f85397dc-e6e9-4f54-e040-11ac0d48706c.dkfz-snvCalling_1-0-132-1.20150719.somatic.snv_mnv.vcf.gz.tbi-md5sum_time": 0, 
                "f85397dc-e6e9-4f54-e040-11ac0d48706c.embl-delly_1-0-0-preFilter.20150719.germline.sv.bedpe.txt.tar.gz-download_time": 14, 
                "f85397dc-e6e9-4f54-e040-11ac0d48706c.embl-delly_1-0-0-preFilter.20150719.germline.sv.bedpe.txt.tar.gz-md5sum_time": 0, 
                "f85397dc-e6e9-4f54-e040-11ac0d48706c.embl-delly_1-0-0-preFilter.20150719.germline.sv.readname.txt.tar.gz-download_time": 14, 
                "f85397dc-e6e9-4f54-e040-11ac0d48706c.embl-delly_1-0-0-preFilter.20150719.germline.sv.readname.txt.tar.gz-md5sum_time": 0, 
                "f85397dc-e6e9-4f54-e040-11ac0d48706c.embl-delly_1-0-0-preFilter.20150719.germline.sv.vcf.gz-download_time": 14, 
                "f85397dc-e6e9-4f54-e040-11ac0d48706c.embl-delly_1-0-0-preFilter.20150719.germline.sv.vcf.gz-md5sum_time": 0, 
                "f85397dc-e6e9-4f54-e040-11ac0d48706c.embl-delly_1-0-0-preFilter.20150719.germline.sv.vcf.gz.tbi-download_time": 13, 
                "f85397dc-e6e9-4f54-e040-11ac0d48706c.embl-delly_1-0-0-preFilter.20150719.germline.sv.vcf.gz.tbi-md5sum_time": 0, 
                "f85397dc-e6e9-4f54-e040-11ac0d48706c.embl-delly_1-0-0-preFilter.20150719.somatic.sv.bedpe.txt.tar.gz-download_time": 14, 
                "f85397dc-e6e9-4f54-e040-11ac0d48706c.embl-delly_1-0-0-preFilter.20150719.somatic.sv.bedpe.txt.tar.gz-md5sum_time": 0, 
                "f85397dc-e6e9-4f54-e040-11ac0d48706c.embl-delly_1-0-0-preFilter.20150719.somatic.sv.readname.txt.tar.gz-download_time": 12, 
                "f85397dc-e6e9-4f54-e040-11ac0d48706c.embl-delly_1-0-0-preFilter.20150719.somatic.sv.readname.txt.tar.gz-md5sum_time": 0, 
                "f85397dc-e6e9-4f54-e040-11ac0d48706c.embl-delly_1-0-0-preFilter.20150719.somatic.sv.vcf.gz-download_time": 14, 
                "f85397dc-e6e9-4f54-e040-11ac0d48706c.embl-delly_1-0-0-preFilter.20150719.somatic.sv.vcf.gz-md5sum_time": 0, 
                "f85397dc-e6e9-4f54-e040-11ac0d48706c.embl-delly_1-0-0-preFilter.20150719.somatic.sv.vcf.gz.tbi-download_time": 13, 
                "f85397dc-e6e9-4f54-e040-11ac0d48706c.embl-delly_1-0-0-preFilter.20150719.somatic.sv.vcf.gz.tbi-md5sum_time": 0, 
                "f85397dc-e6e9-4f54-e040-11ac0d48706c.embl-delly_1-0-0-preFilter.20150719.sv.cov.plots.tar.gz-download_time": 15, 
                "f85397dc-e6e9-4f54-e040-11ac0d48706c.embl-delly_1-0-0-preFilter.20150719.sv.cov.plots.tar.gz-md5sum_time": 0, 
                "f85397dc-e6e9-4f54-e040-11ac0d48706c.embl-delly_1-0-0-preFilter.20150719.sv.cov.tar.gz-download_time": 19, 
                "f85397dc-e6e9-4f54-e040-11ac0d48706c.embl-delly_1-0-0-preFilter.20150719.sv.cov.tar.gz-md5sum_time": 0, 
                "f85397dc-e6e9-4f54-e040-11ac0d48706c.embl-delly_1-0-0-preFilter.20150719.sv.vcf.gz-download_time": 14, 
                "f85397dc-e6e9-4f54-e040-11ac0d48706c.embl-delly_1-0-0-preFilter.20150719.sv.vcf.gz-md5sum_time": 0, 
                "f85397dc-e6e9-4f54-e040-11ac0d48706c.embl-delly_1-0-0-preFilter.20150719.sv.vcf.gz.tbi-download_time": 14, 
                "f85397dc-e6e9-4f54-e040-11ac0d48706c.embl-delly_1-0-0-preFilter.20150719.sv.vcf.gz.tbi-md5sum_time": 0, 
                "start": 1449271751, 
                "stop": 1449272506, 
                "time": 755
            }
        }
    }, 
    "aliquot_id": null, 
    "available_repos": [
        {
            "https://gtrepo-dkfz.annailabs.com/": {
                "file_md5sum": "ffca89a6678240e51166ab28f4714dbf", 
                "file_size": 65774
            }
        }
    ], 
    "data_type": "Dkfz_embl-VCF", 
    "files": [
        {
            "file_md5sum": "72f35d2f414502ee63db587ff8d6604b",