{
    "_runs_": {
        "run_1449256291_854cc1de-1a8d-4120-b9ce-5b1f48d14ccc": {
            "downloading": {
                "18d11b82-91b0-4a23-ad82-7a0e7eda75b3.xml-download_time": 14, 
                "18d11b82-91b0-4a23-ad82-7a0e7eda75b3.xml-md5sum_time": 0, 
                "aabddb20-c622-11e3-bf01-24c6515278c0.svcp_1-0-5.20150422.somatic.binnedReadCounts.tar.gz-download_time": 21, 
                "aabddb20-c622-11e3-bf01-24c6515278c0.svcp_1-0-5.20150422.somatic.binnedReadCounts.tar.gz-md5sum_time": 0, 
                "aabddb20-c622-11e3-bf01-24c6515278c0.svcp_1-0-5.20150422.somatic.cnv.tar.gz-download_time": 17, 
                "aabddb20-c622-11e3-bf01-24c6515278c0.svcp_1-0-5.20150422.somatic.cnv.tar.gz-md5sum_time": 0, 
                "aabddb20-c622-11e3-bf01-24c6515278c0.svcp_1-0-5.20150422.somatic.cnv.vcf.gz-download_time": 14, 
                "aabddb20-c622-11e3-bf01-24c6515278c0.svcp_1-0-5.20150422.somatic.cnv.vcf.gz-md5sum_time": 0, 
                "aabddb20-c622-11e3-bf01-24c6515278c0.svcp_1-0-5.20150422.somatic.cnv.vcf.gz.tbi-download_time": 12, 
                "aabddb20-c622-11e3-bf01-24c6515278c0.svcp_1-0-5.20150422.somatic.cnv.vcf.gz.tbi-md5sum_time": 0, 
                "aabddb20-c622-11e3-bf01-24c6515278c0.svcp_1-0-5.20150422.somatic.genotype.tar.gz-download_time": 13, 
                "aabddb20-c622-11e3-bf01-24c6515278c0.svcp_1-0-5.20150422.somatic.genotype.tar.gz-md5sum_time": 0, 
                "aabddb20-c622-11e3-bf01-24c6515278c0.svcp_1-0-5.20150422.somatic.imputeCounts.tar.gz-download_time": 41, 
                "aabddb20-c622-11e3-bf01-24c6515278c0.svcp_1-0-5.20150422.somatic.imputeCounts.tar.gz-md5sum_time": 1, 
                "aabddb20-c622-11e3-bf01-24c6515278c0.svcp_1-0-5.20150422.somatic.indel.tar.gz-download_time": 50, 
                "aabddb20-c622-11e3-bf01-24c6515278c0.svcp_1-0-5.20150422.somatic.indel.tar.gz-md5sum_time": 2, 
                "aabddb20-c622-11e3-bf01-24c6515278c0.svcp_1-0-5.20150422.somatic.indel.vcf.gz-download_time": 17, 
                "aabddb20-c622-11e3-bf01-24c6515278c0.svcp_1-0-5.20150422.somatic.indel.vcf.gz-md5sum_time": 0, 
                "aabddb20-c622-11e3-bf01-24c6515278c0.svcp_1-0-5.20150422.somatic.indel.vcf.gz.tbi-download_time": 14, 
                "aabddb20-c622-11e3-bf01-24c6515278c0.svcp_1-0-5.20150422.somatic.indel.vcf.gz.tbi-md5sum_time": 0, 
                "aabddb20-c622-11e3-bf01-24c6515278c0.svcp_1-0-5.20150422.somatic.snv_mnv.tar.gz-download_time": 22, 
                "aabddb20-c622-11e3-bf01-24c6515278c0.svcp_1-0-5.20150422.somatic.snv_mnv.tar.gz-md5sum_time": 0, 
                "aabddb20-c622-11e3-bf01-24c6515278c0.svcp_1-0-5.20150422.somatic.snv_mnv.vcf.gz-download_time": 13, 
                "aabddb20-c622-11e3-bf01-24c6515278c0.svcp_1-0-5.20150422.somatic.snv_mnv.vcf.gz-md5sum_time": 0, 
                "aabddb20-c622-11e3-bf01-24c6515278c0.svcp_1-0-5.20150422.somatic.snv_mnv.vcf.gz.tbi-download_time": 13, 
                "aabddb20-c622-11e3-bf01-24c6515278c0.svcp_1-0-5.20150422.somatic.snv_mnv.vcf.gz.tbi-md5sum_time": 0, 
                "aabddb20-c622-11e3-bf01-24c6515278c0.svcp_1-0-5.20150422.somatic.sv.tar.gz-download_time": 1460, 
                "aabddb20-c622-11e3-bf01-24c6515278c0.svcp_1-0-5.20150422.somatic.sv.tar.gz-md5sum_time": 130, 
                "aabddb20-c622-11e3-bf01-24c6515278c0.svcp_1-0-5.20150422.somatic.sv.vcf.gz-download_time": 14, 
                "aabddb20-c622-11e3-bf01-24c6515278c0.svcp_1-0-5.20150422.somatic.sv.vcf.gz-md5sum_time": 0, 
                "aabddb20-c622-11e3-bf01-24c6515278c0.svcp_1-0-5.20150422.somatic.sv.vcf.gz.tbi-download_time": 12, 
                "aabddb20-c622-11e3-bf01-24c6515278c0.svcp_1-0-5.20150422.somatic.sv.vcf.gz.tbi-md5sum_time": 0, 
                "aabddb20-c622-11e3-bf01-24c6515278c0.svcp_1-0-5.20150422.somatic.verifyBamId.tar.gz-download_time": 14, 
                "aabddb20-c622-11e3-bf01-24c6515278c0.svcp_1-0-5.20150422.somatic.verifyBamId.tar.gz-md5sum_time": 0, 
                "start": 1449271781, 
                "stop": 1449273676, 
                "time": 1895
            }
        }
    }, 
    "aliquot_id": null, 
    "available_repos": [
        {
            "https://gtrepo-riken.annailabs.com/": {
                "file_md5sum": "208ae0b45bec922dae5ab470502a4bdc", 
                "file_size": 59168
            }
        }
    ], 
    "data_type": "Sanger-VCF", 
    "files": [
        {
            "file_md5sum": "a6de4d2ee007f335052cf607cd20e299", 
            "file_name": "aabddb20-c622-11e3-bf01-24c6515278c0.svcp_1-0-5.20150422.somatic.snv_mnv.vcf.gz", 
            "file_size": 1666828, 
            "object_id": "29db619e-cc20-5ff5-84ba-ae28d729f046"
        }, 
        {
            "file_md5sum": "e76e93c4d3d204f40498cf7530f64e2d", 
            "file_name": "aabddb20-c622-11e3-bf01-24c6515278c0.svcp_1-0-5.20150422.somatic.snv_mnv.vcf.gz.tbi", 
            "file_size": 278701, 
            "object_id": "8783b56c-fc08-5ff3-bf94-0bfa10c29162"
        }, 
        {
            "file_md5sum": "193175ddd5344748393450b6d9db0855", 
            "file_name": "aabddb20-c622-11e3-bf01-24c6515278c0.svcp_1-0-5.20150422.somatic.cnv.vcf.gz", 
            "file_size": 5858, 
            "object_id": "42baa00a-3307-5642-a4de-90e594d28be6"
        }, 
        {
            "file_md5sum": "8c22b90959c35fd400defa1970546264", 
            "file_name": "aabddb20-c622-11e3-bf01-24c6515278c0.svcp_1-0-5.20150422.somatic.cnv.vcf.gz.tbi", 
            "file_size": 6775, 
            "object_id": "ee6c7efc-ddfa-5f79-831a-32c40a9a5f9a"
        }, 
        {
            "file_md5sum": "3a66e68c38f203bd8442643c54c1dca9", 
            "file_name": "aabddb20-c622-11e3-bf01-24c6515278c0.svcp_1-0-5.20150422.somatic.sv.vcf.gz", 
            "file_size": 239242, 
            "object_id": "0df8d84c-6f1a-5d9b-ab4d-fd906eee1c6d"
        }, 
        {
            "file_md5sum": "0328729ce792268219b038fd07fb0e30", 
            "file_name": "aabddb20-c622-11e3-bf01-24c6515278c0.svcp_1-0-5.20150422.somatic.sv.vcf.gz.tbi", 
            "file_size": 25749, 
            "object_id": "920645bf-839d-5046-9dda-ea600dbdc07b"
        }, 
        {
            "file_md5sum": "b1ed2984d9902da064f0b6aafdcf84ec", 
            "file_name": "aabddb20-c622-11e3-bf01-24c6515278c0.svcp_1-0-5.20150422.somatic.indel.vcf.gz", 
            "file_size": 47147758, 
            "object_id": "99840bdd-6812-5976-a27d-45255d27b432"
        }, 
        {
            "file_md5sum": "8dc9494c14f0329c43307a4aef758344", 
            "file_name": "aabddb20-c622-11e3-bf01-24c6515278c0.svcp_1-0-5.20150422.somatic.indel.vcf.gz.tbi", 
            "file_size": 1468063, 
            "object_id": "6b23db41-f1ae-5742-b200-d8195d4c10bf"
        }, 
        {
            "file_md5sum": "2705f84875355322a739aed6c18834ba", 
            "file_name": "aabddb20-c622-11e3-bf01-24c6515278c0.svcp_1-0-5.20150422.somatic.snv_mnv.tar.gz", 
            "file_size": 156239071, 
            "object_id": "d536cb89-7809-5ff7-9337-091b0f165297"
        }, 
        {
            "file_md5sum": "0908309aa2a4589ff79dcb3a6674ac3b", 
            "file_name": "aabddb20-c622-11e3-bf01-24c6515278c0.svcp_1-0-5.20150422.somatic.cnv.tar.gz", 
            "file_size": 27150695, 
            "object_id": "7d898d1a-1d83-56e8-a729-0f949e17da98"
        }, 
        {
            "file_md5sum": "95292d74b5a49a6eae789295c3c234d8", 
            "file_name": "aabddb20-c622-11e3-bf01-24c6515278c0.svcp_1-0-5.20150422.somatic.sv.tar.gz", 
            "file_size": 19255280665, 
            "object_id": "e264fd6d-a08d-53ff-bee9-7a9af807a2cf"
        }, 
        {
            "file_md5sum": "9ec297790039311e88189b4713403ea8", 
            "file_name": "aabddb20-c622-11e3-bf01-24c6515278c0.svcp_1-0-5.20150422.somatic.indel.tar.gz", 
            "file_size": 645068593,