{
    "_runs_": {
        "run_1449256150_30778ae0-aac1-42f3-87c3-490a453045cd": {
            "downloading": {
                "18f986e6-8cc2-45e1-a42d-82d2d6653cc6.xml-download_time": 12, 
                "18f986e6-8cc2-45e1-a42d-82d2d6653cc6.xml-md5sum_time": 0, 
                "a6e24c2a-26b9-409c-bbcd-a8fcdd1e437c.svcp_1-0-6.20150709.somatic.binnedReadCounts.tar.gz-download_time": 19, 
                "a6e24c2a-26b9-409c-bbcd-a8fcdd1e437c.svcp_1-0-6.20150709.somatic.binnedReadCounts.tar.gz-md5sum_time": 1, 
                "a6e24c2a-26b9-409c-bbcd-a8fcdd1e437c.svcp_1-0-6.20150709.somatic.cnv.tar.gz-download_time": 15, 
                "a6e24c2a-26b9-409c-bbcd-a8fcdd1e437c.svcp_1-0-6.20150709.somatic.cnv.tar.gz-md5sum_time": 0, 
                "a6e24c2a-26b9-409c-bbcd-a8fcdd1e437c.svcp_1-0-6.20150709.somatic.cnv.vcf.gz-download_time": 13, 
                "a6e24c2a-26b9-409c-bbcd-a8fcdd1e437c.svcp_1-0-6.20150709.somatic.cnv.vcf.gz-md5sum_time": 0, 
                "a6e24c2a-26b9-409c-bbcd-a8fcdd1e437c.svcp_1-0-6.20150709.somatic.cnv.vcf.gz.tbi-download_time": 12, 
                "a6e24c2a-26b9-409c-bbcd-a8fcdd1e437c.svcp_1-0-6.20150709.somatic.cnv.vcf.gz.tbi-md5sum_time": 0, 
                "a6e24c2a-26b9-409c-bbcd-a8fcdd1e437c.svcp_1-0-6.20150709.somatic.genotype.tar.gz-download_time": 14, 
                "a6e24c2a-26b9-409c-bbcd-a8fcdd1e437c.svcp_1-0-6.20150709.somatic.genotype.tar.gz-md5sum_time": 0, 
                "a6e24c2a-26b9-409c-bbcd-a8fcdd1e437c.svcp_1-0-6.20150709.somatic.imputeCounts.tar.gz-download_time": 40, 
                "a6e24c2a-26b9-409c-bbcd-a8fcdd1e437c.svcp_1-0-6.20150709.somatic.imputeCounts.tar.gz-md5sum_time": 2, 
                "a6e24c2a-26b9-409c-bbcd-a8fcdd1e437c.svcp_1-0-6.20150709.somatic.indel.tar.gz-download_time": 52, 
                "a6e24c2a-26b9-409c-bbcd-a8fcdd1e437c.svcp_1-0-6.20150709.somatic.indel.tar.gz-md5sum_time": 3, 
                "a6e24c2a-26b9-409c-bbcd-a8fcdd1e437c.svcp_1-0-6.20150709.somatic.indel.vcf.gz-download_time": 15, 
                "a6e24c2a-26b9-409c-bbcd-a8fcdd1e437c.svcp_1-0-6.20150709.somatic.indel.vcf.gz-md5sum_time": 1, 
                "a6e24c2a-26b9-409c-bbcd-a8fcdd1e437c.svcp_1-0-6.20150709.somatic.indel.vcf.gz.tbi-download_time": 13, 
                "a6e24c2a-26b9-409c-bbcd-a8fcdd1e437c.svcp_1-0-6.20150709.somatic.indel.vcf.gz.tbi-md5sum_time": 0, 
                "a6e24c2a-26b9-409c-bbcd-a8fcdd1e437c.svcp_1-0-6.20150709.somatic.snv_mnv.tar.gz-download_time": 22, 
                "a6e24c2a-26b9-409c-bbcd-a8fcdd1e437c.svcp_1-0-6.20150709.somatic.snv_mnv.tar.gz-md5sum_time": 0, 
                "a6e24c2a-26b9-409c-bbcd-a8fcdd1e437c.svcp_1-0-6.20150709.somatic.snv_mnv.vcf.gz-download_time": 13, 
                "a6e24c2a-26b9-409c-bbcd-a8fcdd1e437c.svcp_1-0-6.20150709.somatic.snv_mnv.vcf.gz-md5sum_time": 0, 
                "a6e24c2a-26b9-409c-bbcd-a8fcdd1e437c.svcp_1-0-6.20150709.somatic.snv_mnv.vcf.gz.tbi-download_time": 13, 
                "a6e24c2a-26b9-409c-bbcd-a8fcdd1e437c.svcp_1-0-6.20150709.somatic.snv_mnv.vcf.gz.tbi-md5sum_time": 0, 
                "a6e24c2a-26b9-409c-bbcd-a8fcdd1e437c.svcp_1-0-6.20150709.somatic.sv.tar.gz-download_time": 223, 
                "a6e24c2a-26b9-409c-bbcd-a8fcdd1e437c.svcp_1-0-6.20150709.somatic.sv.tar.gz-md5sum_time": 20, 
                "a6e24c2a-26b9-409c-bbcd-a8fcdd1e437c.svcp_1-0-6.20150709.somatic.sv.vcf.gz-download_time": 12, 
                "a6e24c2a-26b9-409c-bbcd-a8fcdd1e437c.svcp_1-0-6.20150709.somatic.sv.vcf.gz-md5sum_time": 0, 
                "a6e24c2a-26b9-409c-bbcd-a8fcdd1e437c.svcp_1-0-6.20150709.somatic.sv.vcf.gz.tbi-download_time": 13, 
                "a6e24c2a-26b9-409c-bbcd-a8fcdd1e437c.svcp_1-0-6.20150709.somatic.sv.vcf.gz.tbi-md5sum_time": 1, 
                "a6e24c2a-26b9-409c-bbcd-a8fcdd1e437c.svcp_1-0-6.20150709.somatic.verifyBamId.tar.gz-download_time": 13, 
                "a6e24c2a-26b9-409c-bbcd-a8fcdd1e437c.svcp_1-0-6.20150709.somatic.verifyBamId.tar.gz-md5sum_time": 0, 
                "start": 1449271835, 
                "stop": 1449272378, 
                "time": 543
            }
        }
    }, 
    "aliquot_id": null, 
    "available_repos": [
        {
            "https://gtrepo-dkfz.annailabs.com/": {
                "file_md5sum": "c36939bd20202cb79ec2148238cd5fda", 
                "file_size": 59197
            }
        }
    ], 
    "data_type": "Sanger-VCF", 
    "files": [
        {
            "file_md5sum": "473e611209d6be113e5e54df84657922", 
            "file_name": "a6e24c2a-26b9-409c-bbcd-a8fcdd1e437c.svcp_1-0-6.20150709.somatic.snv_mnv.vcf.gz", 
            "file_size": 1989734, 
            "object_id": "e6e49945-30d0-5136-a968-df63ced3777a"
        }, 
        {
            "file_md5sum": "7e03035f05d7730beffdda81174a5943", 
            "file_name": "a6e24c2a-26b9-409c-bbcd-a8fcdd1e437c.svcp_1-0-6.20150709.somatic.snv_mnv.vcf.gz.tbi", 
            "file_size": 341528, 
            "object_id": "53fa115b-c6ac-598a-a294-19fea3368845"
        }, 
        {
            "file_md5sum": "64b66388ea1fdeb968a0be1c9814b2c6", 
            "file_name": "a6e24c2a-26b9-409c-bbcd-a8fcdd1e437c.svcp_1-0-6.20150709.somatic.cnv.vcf.gz", 
            "file_size": 3383, 
            "object_id": "e8fb848a-4b0a-5117-9c48-63c40cc8147d"
        }, 
        {
            "file_md5sum": "ea491dde90cc3347d70a39e22a0f5e44", 
            "file_name": "a6e24c2a-26b9-409c-bbcd-a8fcdd1e437c.svcp_1-0-6.20150709.somatic.cnv.vcf.gz.tbi", 
            "file_size": 5091, 
            "object_id": "87114f12-9464-5839-932d-47100525a66a"
        }, 
        {
            "file_md5sum": "99e9cff1e0849fdfe6235dd706fc2b30", 
            "file_name": "a6e24c2a-26b9-409c-bbcd-a8fcdd1e437c.svcp_1-0-6.20150709.somatic.sv.vcf.gz", 
            "file_size": 27359, 
            "object_id": "7d7fa07c-1054-5755-a9b2-ca648a0a734c"
        }, 
        {
            "file_md5sum": "32dd321d6dc93d558aaf1a90fd9de6f0", 
            "file_name": "a6e24c2a-26b9-409c-bbcd-a8fcdd1e437c.svcp_1-0-6.20150709.somatic.sv.vcf.gz.tbi", 
            "file_size": 3657, 
            "object_id": "55bacbdc-1d1a-503e-83af-5f87ce314f15"
        }, 
        {
            "file_md5sum": "7a0968955c0a1e277fbd92a63937e0c3", 
            "file_name": "a6e24c2a-26b9-409c-bbcd-a8fcdd1e437c.svcp_1-0-6.20150709.somatic.indel.vcf.gz", 
            "file_size": 46359732, 
            "object_id": "10171941-a135-527c-86ee-5f8ed69ca9fd"
        }, 
        {
            "file_md5sum": "c11ebca45d5551a3585ffb2d945b651e", 
            "file_name": "a6e24c2a-26b9-409c-bbcd-a8fcdd1e437c.svcp_1-0-6.20150709.somatic.indel.vcf.gz.tbi", 
            "file_size": 1458828, 
            "object_id": "313e3e47-6491-53ab-9808-0bc4813a35d4"
        }, 
        {
            "file_md5sum": "34e5e62c58a44d6838253854520b4f44", 
            "file_name": "a6e24c2a-26b9-409c-bbcd-a8fcdd1e437c.svcp_1-0-6.20150709.somatic.snv_mnv.tar.gz", 
            "file_size": 162358815, 
            "object_id": "259d6aa1-2aa8-5113-87d6-8454f11b77d0"
        }, 
        {
            "file_md5sum": "e4ab42ba57037454fdf173c070708337", 
            "file_name": "a6e24c2a-26b9-409c-bbcd-a8fcdd1e437c.svcp_1-0-6.20150709.somatic.cnv.tar.gz", 
            "file_size": 26702335, 
            "object_id": "2607397b-fe7e-502d-9df2-b0d7168d8570"
        }, 
        {
            "file_md5sum": "e26d3c48e897bf438381d22d37591fb4", 
            "file_name": "a6e24c2a-26b9-409c-bbcd-a8fcdd1e437c.svcp_1-0-6.20150709.somatic.sv.tar.gz", 
            "file_size": 3018756943, 
            "object_id": "1703bffd-56cf-568c-9630-a00a4a4925dc"
        }, 
        {
            "file_md5sum": "c6f69d5f75a266573ff12e67ed57d6da", 
            "file_name": "a6e24c2a-26b9-409c-bbcd-a8fcdd1e437c.svcp_1-0-6.20150709.somatic.indel.tar.gz", 
            "file_size": 727500295,