{
    "_runs_": {
        "run_1449082733_fdf110bb-9afc-4737-9997-232480c566b9": {
            "downloading": {
                "gnos-download_time": 1340, 
                "start": 1449082758, 
                "stop": 1449084099, 
                "time": 1341
            }, 
            "uploading": {
                "copy_meta_time": 2, 
                "start": 1449084108, 
                "stop": 1449084349, 
                "time": 241, 
                "upload_time": 239
            }
        }, 
        "run_1449256362_f285340f-6a1e-4280-8af8-91051b7f471f": {
            "downloading": {
                "1b406064-7a65-4e6e-96f3-1c0583c90512.xml-download_time": 13, 
                "1b406064-7a65-4e6e-96f3-1c0583c90512.xml-md5sum_time": 0, 
                "f9c23d09-74e4-07f9-e040-11ac0d482577.dkfz-copyNumberEstimation_1-0-189-hpc-fix.1508271727.somatic.cnv.tar.gz-download_time": 278, 
                "f9c23d09-74e4-07f9-e040-11ac0d482577.dkfz-copyNumberEstimation_1-0-189-hpc-fix.1508271727.somatic.cnv.tar.gz-md5sum_time": 23, 
                "f9c23d09-74e4-07f9-e040-11ac0d482577.dkfz-copyNumberEstimation_1-0-189-hpc-fix.1508271727.somatic.cnv.vcf.gz-download_time": 13, 
                "f9c23d09-74e4-07f9-e040-11ac0d482577.dkfz-copyNumberEstimation_1-0-189-hpc-fix.1508271727.somatic.cnv.vcf.gz-md5sum_time": 0, 
                "f9c23d09-74e4-07f9-e040-11ac0d482577.dkfz-copyNumberEstimation_1-0-189-hpc-fix.1508271727.somatic.cnv.vcf.gz.tbi-download_time": 13, 
                "f9c23d09-74e4-07f9-e040-11ac0d482577.dkfz-copyNumberEstimation_1-0-189-hpc-fix.1508271727.somatic.cnv.vcf.gz.tbi-md5sum_time": 0, 
                "f9c23d09-74e4-07f9-e040-11ac0d482577.dkfz-indelCalling_1-0-132-1.20150622.germline.indel.vcf.gz-download_time": 19, 
                "f9c23d09-74e4-07f9-e040-11ac0d482577.dkfz-indelCalling_1-0-132-1.20150622.germline.indel.vcf.gz-md5sum_time": 1, 
                "f9c23d09-74e4-07f9-e040-11ac0d482577.dkfz-indelCalling_1-0-132-1.20150622.germline.indel.vcf.gz.tbi-download_time": 14, 
                "f9c23d09-74e4-07f9-e040-11ac0d482577.dkfz-indelCalling_1-0-132-1.20150622.germline.indel.vcf.gz.tbi-md5sum_time": 0, 
                "f9c23d09-74e4-07f9-e040-11ac0d482577.dkfz-indelCalling_1-0-132-1.20150622.somatic.indel.tar.gz-download_time": 46, 
                "f9c23d09-74e4-07f9-e040-11ac0d482577.dkfz-indelCalling_1-0-132-1.20150622.somatic.indel.tar.gz-md5sum_time": 2, 
                "f9c23d09-74e4-07f9-e040-11ac0d482577.dkfz-indelCalling_1-0-132-1.20150622.somatic.indel.vcf.gz-download_time": 14, 
                "f9c23d09-74e4-07f9-e040-11ac0d482577.dkfz-indelCalling_1-0-132-1.20150622.somatic.indel.vcf.gz-md5sum_time": 0, 
                "f9c23d09-74e4-07f9-e040-11ac0d482577.dkfz-indelCalling_1-0-132-1.20150622.somatic.indel.vcf.gz.tbi-download_time": 13, 
                "f9c23d09-74e4-07f9-e040-11ac0d482577.dkfz-indelCalling_1-0-132-1.20150622.somatic.indel.vcf.gz.tbi-md5sum_time": 0, 
                "f9c23d09-74e4-07f9-e040-11ac0d482577.dkfz-snvCalling_1-0-132-1.20150622.germline.snv_mnv.vcf.gz-download_time": 20, 
                "f9c23d09-74e4-07f9-e040-11ac0d482577.dkfz-snvCalling_1-0-132-1.20150622.germline.snv_mnv.vcf.gz-md5sum_time": 1, 
                "f9c23d09-74e4-07f9-e040-11ac0d482577.dkfz-snvCalling_1-0-132-1.20150622.germline.snv_mnv.vcf.gz.tbi-download_time": 13, 
                "f9c23d09-74e4-07f9-e040-11ac0d482577.dkfz-snvCalling_1-0-132-1.20150622.germline.snv_mnv.vcf.gz.tbi-md5sum_time": 0, 
                "f9c23d09-74e4-07f9-e040-11ac0d482577.dkfz-snvCalling_1-0-132-1.20150622.somatic.snv_mnv.tar.gz-download_time": 81, 
                "f9c23d09-74e4-07f9-e040-11ac0d482577.dkfz-snvCalling_1-0-132-1.20150622.somatic.snv_mnv.tar.gz-md5sum_time": 4, 
                "f9c23d09-74e4-07f9-e040-11ac0d482577.dkfz-snvCalling_1-0-132-1.20150622.somatic.snv_mnv.vcf.gz-download_time": 14, 
                "f9c23d09-74e4-07f9-e040-11ac0d482577.dkfz-snvCalling_1-0-132-1.20150622.somatic.snv_mnv.vcf.gz-md5sum_time": 0, 
                "f9c23d09-74e4-07f9-e040-11ac0d482577.dkfz-snvCalling_1-0-132-1.20150622.somatic.snv_mnv.vcf.gz.tbi-download_time": 14, 
                "f9c23d09-74e4-07f9-e040-11ac0d482577.dkfz-snvCalling_1-0-132-1.20150622.somatic.snv_mnv.vcf.gz.tbi-md5sum_time": 0, 
                "f9c23d09-74e4-07f9-e040-11ac0d482577.embl-delly_1-0-0-preFilter.20150622.germline.sv.bedpe.txt.tar.gz-download_time": 13, 
                "f9c23d09-74e4-07f9-e040-11ac0d482577.embl-delly_1-0-0-preFilter.20150622.germline.sv.bedpe.txt.tar.gz-md5sum_time": 0, 
                "f9c23d09-74e4-07f9-e040-11ac0d482577.embl-delly_1-0-0-preFilter.20150622.germline.sv.readname.txt.tar.gz-download_time": 15, 
                "f9c23d09-74e4-07f9-e040-11ac0d482577.embl-delly_1-0-0-preFilter.20150622.germline.sv.readname.txt.tar.gz-md5sum_time": 0, 
                "f9c23d09-74e4-07f9-e040-11ac0d482577.embl-delly_1-0-0-preFilter.20150622.germline.sv.vcf.gz-download_time": 13, 
                "f9c23d09-74e4-07f9-e040-11ac0d482577.embl-delly_1-0-0-preFilter.20150622.germline.sv.vcf.gz-md5sum_time": 0, 
                "f9c23d09-74e4-07f9-e040-11ac0d482577.embl-delly_1-0-0-preFilter.20150622.germline.sv.vcf.gz.tbi-download_time": 13, 
                "f9c23d09-74e4-07f9-e040-11ac0d482577.embl-delly_1-0-0-preFilter.20150622.germline.sv.vcf.gz.tbi-md5sum_time": 0, 
                "f9c23d09-74e4-07f9-e040-11ac0d482577.embl-delly_1-0-0-preFilter.20150622.somatic.sv.bedpe.txt.tar.gz-download_time": 13, 
                "f9c23d09-74e4-07f9-e040-11ac0d482577.embl-delly_1-0-0-preFilter.20150622.somatic.sv.bedpe.txt.tar.gz-md5sum_time": 0, 
                "f9c23d09-74e4-07f9-e040-11ac0d482577.embl-delly_1-0-0-preFilter.20150622.somatic.sv.readname.txt.tar.gz-download_time": 13, 
                "f9c23d09-74e4-07f9-e040-11ac0d482577.embl-delly_1-0-0-preFilter.20150622.somatic.sv.readname.txt.tar.gz-md5sum_time": 0, 
                "f9c23d09-74e4-07f9-e040-11ac0d482577.embl-delly_1-0-0-preFilter.20150622.somatic.sv.vcf.gz-download_time": 13, 
                "f9c23d09-74e4-07f9-e040-11ac0d482577.embl-delly_1-0-0-preFilter.20150622.somatic.sv.vcf.gz-md5sum_time": 0, 
                "f9c23d09-74e4-07f9-e040-11ac0d482577.embl-delly_1-0-0-preFilter.20150622.somatic.sv.vcf.gz.tbi-download_time": 13, 
                "f9c23d09-74e4-07f9-e040-11ac0d482577.embl-delly_1-0-0-preFilter.20150622.somatic.sv.vcf.gz.tbi-md5sum_time": 0, 
                "f9c23d09-74e4-07f9-e040-11ac0d482577.embl-delly_1-0-0-preFilter.20150622.sv.cov.plots.tar.gz-download_time": 14, 
                "f9c23d09-74e4-07f9-e040-11ac0d482577.embl-delly_1-0-0-preFilter.20150622.sv.cov.plots.tar.gz-md5sum_time": 0, 
                "f9c23d09-74e4-07f9-e040-11ac0d482577.embl-delly_1-0-0-preFilter.20150622.sv.cov.tar.gz-download_time": 18, 
                "f9c23d09-74e4-07f9-e040-11ac0d482577.embl-delly_1-0-0-preFilter.20150622.sv.cov.tar.gz-md5sum_time": 0, 
                "f9c23d09-74e4-07f9-e040-11ac0d482577.embl-delly_1-0-0-preFilter.20150622.sv.vcf.gz-download_time": 13, 
                "f9c23d09-74e4-07f9-e040-11ac0d482577.embl-delly_1-0-0-preFilter.20150622.sv.vcf.gz-md5sum_time": 0, 
                "f9c23d09-74e4-07f9-e040-11ac0d482577.embl-delly_1-0-0-preFilter.20150622.sv.vcf.gz.tbi-download_time": 13, 
                "f9c23d09-74e4-07f9-e040-11ac0d482577.embl-delly_1-0-0-preFilter.20150622.sv.vcf.gz.tbi-md5sum_time": 0, 
                "start": 1449273630, 
                "stop": 1449274390, 
                "time": 760
            }
        }
    }, 
    "aliquot_id": null, 
    "available_repos": [
        {
            "https://gtrepo-dkfz.annailabs.com/": {
                "file_md5sum": "7d2b558d264ae614662acbcd650d132f", 
                "file_size": 58511
            }
        }
    ], 
    "data_type": "Dkfz_embl-VCF", 
    "files": [
        {
            "file_md5sum": "28095ac06ad627d2a677d479b72e7a0f",