{
    "_runs_": {
        "run_1449256291_854cc1de-1a8d-4120-b9ce-5b1f48d14ccc": {
            "downloading": {
                "1d230f31-415b-407d-be32-c011b2e9c4fd.xml-download_time": 14, 
                "1d230f31-415b-407d-be32-c011b2e9c4fd.xml-md5sum_time": 0, 
                "b41c63e8-bb85-4f83-9bc6-e611fd9ef075.svcp_1-0-5.20150701.somatic.binnedReadCounts.tar.gz-download_time": 20, 
                "b41c63e8-bb85-4f83-9bc6-e611fd9ef075.svcp_1-0-5.20150701.somatic.binnedReadCounts.tar.gz-md5sum_time": 0, 
                "b41c63e8-bb85-4f83-9bc6-e611fd9ef075.svcp_1-0-5.20150701.somatic.cnv.tar.gz-download_time": 16, 
                "b41c63e8-bb85-4f83-9bc6-e611fd9ef075.svcp_1-0-5.20150701.somatic.cnv.tar.gz-md5sum_time": 0, 
                "b41c63e8-bb85-4f83-9bc6-e611fd9ef075.svcp_1-0-5.20150701.somatic.cnv.vcf.gz-download_time": 13, 
                "b41c63e8-bb85-4f83-9bc6-e611fd9ef075.svcp_1-0-5.20150701.somatic.cnv.vcf.gz-md5sum_time": 0, 
                "b41c63e8-bb85-4f83-9bc6-e611fd9ef075.svcp_1-0-5.20150701.somatic.cnv.vcf.gz.tbi-download_time": 13, 
                "b41c63e8-bb85-4f83-9bc6-e611fd9ef075.svcp_1-0-5.20150701.somatic.cnv.vcf.gz.tbi-md5sum_time": 0, 
                "b41c63e8-bb85-4f83-9bc6-e611fd9ef075.svcp_1-0-5.20150701.somatic.genotype.tar.gz-download_time": 13, 
                "b41c63e8-bb85-4f83-9bc6-e611fd9ef075.svcp_1-0-5.20150701.somatic.genotype.tar.gz-md5sum_time": 0, 
                "b41c63e8-bb85-4f83-9bc6-e611fd9ef075.svcp_1-0-5.20150701.somatic.imputeCounts.tar.gz-download_time": 39, 
                "b41c63e8-bb85-4f83-9bc6-e611fd9ef075.svcp_1-0-5.20150701.somatic.imputeCounts.tar.gz-md5sum_time": 2, 
                "b41c63e8-bb85-4f83-9bc6-e611fd9ef075.svcp_1-0-5.20150701.somatic.indel.tar.gz-download_time": 81, 
                "b41c63e8-bb85-4f83-9bc6-e611fd9ef075.svcp_1-0-5.20150701.somatic.indel.tar.gz-md5sum_time": 4, 
                "b41c63e8-bb85-4f83-9bc6-e611fd9ef075.svcp_1-0-5.20150701.somatic.indel.vcf.gz-download_time": 17, 
                "b41c63e8-bb85-4f83-9bc6-e611fd9ef075.svcp_1-0-5.20150701.somatic.indel.vcf.gz-md5sum_time": 0, 
                "b41c63e8-bb85-4f83-9bc6-e611fd9ef075.svcp_1-0-5.20150701.somatic.indel.vcf.gz.tbi-download_time": 14, 
                "b41c63e8-bb85-4f83-9bc6-e611fd9ef075.svcp_1-0-5.20150701.somatic.indel.vcf.gz.tbi-md5sum_time": 0, 
                "b41c63e8-bb85-4f83-9bc6-e611fd9ef075.svcp_1-0-5.20150701.somatic.snv_mnv.tar.gz-download_time": 23, 
                "b41c63e8-bb85-4f83-9bc6-e611fd9ef075.svcp_1-0-5.20150701.somatic.snv_mnv.tar.gz-md5sum_time": 1, 
                "b41c63e8-bb85-4f83-9bc6-e611fd9ef075.svcp_1-0-5.20150701.somatic.snv_mnv.vcf.gz-download_time": 16, 
                "b41c63e8-bb85-4f83-9bc6-e611fd9ef075.svcp_1-0-5.20150701.somatic.snv_mnv.vcf.gz-md5sum_time": 0, 
                "b41c63e8-bb85-4f83-9bc6-e611fd9ef075.svcp_1-0-5.20150701.somatic.snv_mnv.vcf.gz.tbi-download_time": 15, 
                "b41c63e8-bb85-4f83-9bc6-e611fd9ef075.svcp_1-0-5.20150701.somatic.snv_mnv.vcf.gz.tbi-md5sum_time": 0, 
                "b41c63e8-bb85-4f83-9bc6-e611fd9ef075.svcp_1-0-5.20150701.somatic.sv.tar.gz-download_time": 128, 
                "b41c63e8-bb85-4f83-9bc6-e611fd9ef075.svcp_1-0-5.20150701.somatic.sv.tar.gz-md5sum_time": 9, 
                "b41c63e8-bb85-4f83-9bc6-e611fd9ef075.svcp_1-0-5.20150701.somatic.sv.vcf.gz-download_time": 14, 
                "b41c63e8-bb85-4f83-9bc6-e611fd9ef075.svcp_1-0-5.20150701.somatic.sv.vcf.gz-md5sum_time": 0, 
                "b41c63e8-bb85-4f83-9bc6-e611fd9ef075.svcp_1-0-5.20150701.somatic.sv.vcf.gz.tbi-download_time": 14, 
                "b41c63e8-bb85-4f83-9bc6-e611fd9ef075.svcp_1-0-5.20150701.somatic.sv.vcf.gz.tbi-md5sum_time": 0, 
                "b41c63e8-bb85-4f83-9bc6-e611fd9ef075.svcp_1-0-5.20150701.somatic.verifyBamId.tar.gz-download_time": 14, 
                "b41c63e8-bb85-4f83-9bc6-e611fd9ef075.svcp_1-0-5.20150701.somatic.verifyBamId.tar.gz-md5sum_time": 0, 
                "start": 1449275094, 
                "stop": 1449275575, 
                "time": 481
            }
        }
    }, 
    "aliquot_id": null, 
    "available_repos": [
        {
            "https://gtrepo-dkfz.annailabs.com/": {
                "file_md5sum": "d97c9b721cd0534527baee38825d248d", 
                "file_size": 60221
            }
        }
    ], 
    "data_type": "Sanger-VCF", 
    "files": [
        {
            "file_md5sum": "06d6ec4ef9257845c82cf81458f914f3", 
            "file_name": "b41c63e8-bb85-4f83-9bc6-e611fd9ef075.svcp_1-0-5.20150701.somatic.snv_mnv.vcf.gz", 
            "file_size": 4333329, 
            "object_id": "e3fe91ca-ad4b-5032-8715-34a2995d49b2"
        }, 
        {
            "file_md5sum": "0dc4558d092e26102cf322b41a8d8aa3", 
            "file_name": "b41c63e8-bb85-4f83-9bc6-e611fd9ef075.svcp_1-0-5.20150701.somatic.snv_mnv.vcf.gz.tbi", 
            "file_size": 545772, 
            "object_id": "3016a8fc-366e-5ac7-aefe-ea479d61fb57"
        }, 
        {
            "file_md5sum": "fd6fc8bf8c837445fae502b415c9397c", 
            "file_name": "b41c63e8-bb85-4f83-9bc6-e611fd9ef075.svcp_1-0-5.20150701.somatic.cnv.vcf.gz", 
            "file_size": 5547, 
            "object_id": "acf3c5b2-43db-56fa-89c2-bd1ee84a5bb8"
        }, 
        {
            "file_md5sum": "e3aecb2fc900eb23ad5689191dac2810", 
            "file_name": "b41c63e8-bb85-4f83-9bc6-e611fd9ef075.svcp_1-0-5.20150701.somatic.cnv.vcf.gz.tbi", 
            "file_size": 6891, 
            "object_id": "f11cf541-341d-5bc5-92ba-ba68385e3f5c"
        }, 
        {
            "file_md5sum": "ac681e024345c5d5e12eb5fe31547336", 
            "file_name": "b41c63e8-bb85-4f83-9bc6-e611fd9ef075.svcp_1-0-5.20150701.somatic.sv.vcf.gz", 
            "file_size": 14042, 
            "object_id": "f3092dcb-6403-5b26-81ee-35660628d70e"
        }, 
        {
            "file_md5sum": "88175c1a3d53343203ee5ecb6d79dbf6", 
            "file_name": "b41c63e8-bb85-4f83-9bc6-e611fd9ef075.svcp_1-0-5.20150701.somatic.sv.vcf.gz.tbi", 
            "file_size": 3398, 
            "object_id": "cae1ba25-d058-5c99-b154-bde49278eeef"
        }, 
        {
            "file_md5sum": "bda8b9d9da3111d22a57f8d452f0d074", 
            "file_name": "b41c63e8-bb85-4f83-9bc6-e611fd9ef075.svcp_1-0-5.20150701.somatic.indel.vcf.gz", 
            "file_size": 63480027, 
            "object_id": "75f718b4-07b9-59ad-b17a-6fae33aeeb18"
        }, 
        {
            "file_md5sum": "eb80635b29cbf157913ca73f1d59ac4d", 
            "file_name": "b41c63e8-bb85-4f83-9bc6-e611fd9ef075.svcp_1-0-5.20150701.somatic.indel.vcf.gz.tbi", 
            "file_size": 1546525, 
            "object_id": "6e14ebd2-dac8-55bc-b2f6-d99875c9d084"
        }, 
        {
            "file_md5sum": "7dfaa6a939de3c5812e9d99285e2dc5d", 
            "file_name": "b41c63e8-bb85-4f83-9bc6-e611fd9ef075.svcp_1-0-5.20150701.somatic.snv_mnv.tar.gz", 
            "file_size": 171945302, 
            "object_id": "2de563cc-ca79-534a-9007-8ed9032841cf"
        }, 
        {
            "file_md5sum": "0702c59461992790085357a363090710", 
            "file_name": "b41c63e8-bb85-4f83-9bc6-e611fd9ef075.svcp_1-0-5.20150701.somatic.cnv.tar.gz", 
            "file_size": 27042391, 
            "object_id": "e552d82f-0b0c-58f2-8443-7245aa992e87"
        }, 
        {
            "file_md5sum": "e4c7469a08ac417938dd0d41c5908347", 
            "file_name": "b41c63e8-bb85-4f83-9bc6-e611fd9ef075.svcp_1-0-5.20150701.somatic.sv.tar.gz", 
            "file_size": 1861005977, 
            "object_id": "2a292cf7-33a3-53d8-ab0d-f11afe58d317"
        }, 
        {
            "file_md5sum": "01282f8b6a425683e50a4f9191807304", 
            "file_name": "b41c63e8-bb85-4f83-9bc6-e611fd9ef075.svcp_1-0-5.20150701.somatic.indel.tar.gz", 
            "file_size": 1012827164,