{
    "_runs_": {
        "run_1449256569_76e81a59-4210-47e5-9370-3d9c27baa182": {
            "downloading": {
                "1faa41fa-9ac4-47ba-90d1-1bf30eba2a64.xml-download_time": 13, 
                "1faa41fa-9ac4-47ba-90d1-1bf30eba2a64.xml-md5sum_time": 0, 
                "50b61288-1412-4104-92e6-8b1a359ef399.svcp_1-0-5.20150713.somatic.binnedReadCounts.tar.gz-download_time": 22, 
                "50b61288-1412-4104-92e6-8b1a359ef399.svcp_1-0-5.20150713.somatic.binnedReadCounts.tar.gz-md5sum_time": 1, 
                "50b61288-1412-4104-92e6-8b1a359ef399.svcp_1-0-5.20150713.somatic.cnv.tar.gz-download_time": 16, 
                "50b61288-1412-4104-92e6-8b1a359ef399.svcp_1-0-5.20150713.somatic.cnv.tar.gz-md5sum_time": 0, 
                "50b61288-1412-4104-92e6-8b1a359ef399.svcp_1-0-5.20150713.somatic.cnv.vcf.gz-download_time": 13, 
                "50b61288-1412-4104-92e6-8b1a359ef399.svcp_1-0-5.20150713.somatic.cnv.vcf.gz-md5sum_time": 0, 
                "50b61288-1412-4104-92e6-8b1a359ef399.svcp_1-0-5.20150713.somatic.cnv.vcf.gz.tbi-download_time": 12, 
                "50b61288-1412-4104-92e6-8b1a359ef399.svcp_1-0-5.20150713.somatic.cnv.vcf.gz.tbi-md5sum_time": 1, 
                "50b61288-1412-4104-92e6-8b1a359ef399.svcp_1-0-5.20150713.somatic.genotype.tar.gz-download_time": 12, 
                "50b61288-1412-4104-92e6-8b1a359ef399.svcp_1-0-5.20150713.somatic.genotype.tar.gz-md5sum_time": 0, 
                "50b61288-1412-4104-92e6-8b1a359ef399.svcp_1-0-5.20150713.somatic.imputeCounts.tar.gz-download_time": 50, 
                "50b61288-1412-4104-92e6-8b1a359ef399.svcp_1-0-5.20150713.somatic.imputeCounts.tar.gz-md5sum_time": 2, 
                "50b61288-1412-4104-92e6-8b1a359ef399.svcp_1-0-5.20150713.somatic.indel.tar.gz-download_time": 140, 
                "50b61288-1412-4104-92e6-8b1a359ef399.svcp_1-0-5.20150713.somatic.indel.tar.gz-md5sum_time": 9, 
                "50b61288-1412-4104-92e6-8b1a359ef399.svcp_1-0-5.20150713.somatic.indel.vcf.gz-download_time": 18, 
                "50b61288-1412-4104-92e6-8b1a359ef399.svcp_1-0-5.20150713.somatic.indel.vcf.gz-md5sum_time": 0, 
                "50b61288-1412-4104-92e6-8b1a359ef399.svcp_1-0-5.20150713.somatic.indel.vcf.gz.tbi-download_time": 14, 
                "50b61288-1412-4104-92e6-8b1a359ef399.svcp_1-0-5.20150713.somatic.indel.vcf.gz.tbi-md5sum_time": 0, 
                "50b61288-1412-4104-92e6-8b1a359ef399.svcp_1-0-5.20150713.somatic.snv_mnv.tar.gz-download_time": 24, 
                "50b61288-1412-4104-92e6-8b1a359ef399.svcp_1-0-5.20150713.somatic.snv_mnv.tar.gz-md5sum_time": 1, 
                "50b61288-1412-4104-92e6-8b1a359ef399.svcp_1-0-5.20150713.somatic.snv_mnv.vcf.gz-download_time": 13, 
                "50b61288-1412-4104-92e6-8b1a359ef399.svcp_1-0-5.20150713.somatic.snv_mnv.vcf.gz-md5sum_time": 0, 
                "50b61288-1412-4104-92e6-8b1a359ef399.svcp_1-0-5.20150713.somatic.snv_mnv.vcf.gz.tbi-download_time": 13, 
                "50b61288-1412-4104-92e6-8b1a359ef399.svcp_1-0-5.20150713.somatic.snv_mnv.vcf.gz.tbi-md5sum_time": 0, 
                "50b61288-1412-4104-92e6-8b1a359ef399.svcp_1-0-5.20150713.somatic.sv.tar.gz-download_time": 790, 
                "50b61288-1412-4104-92e6-8b1a359ef399.svcp_1-0-5.20150713.somatic.sv.tar.gz-md5sum_time": 69, 
                "50b61288-1412-4104-92e6-8b1a359ef399.svcp_1-0-5.20150713.somatic.sv.vcf.gz-download_time": 13, 
                "50b61288-1412-4104-92e6-8b1a359ef399.svcp_1-0-5.20150713.somatic.sv.vcf.gz-md5sum_time": 0, 
                "50b61288-1412-4104-92e6-8b1a359ef399.svcp_1-0-5.20150713.somatic.sv.vcf.gz.tbi-download_time": 13, 
                "50b61288-1412-4104-92e6-8b1a359ef399.svcp_1-0-5.20150713.somatic.sv.vcf.gz.tbi-md5sum_time": 0, 
                "50b61288-1412-4104-92e6-8b1a359ef399.svcp_1-0-5.20150713.somatic.verifyBamId.tar.gz-download_time": 13, 
                "50b61288-1412-4104-92e6-8b1a359ef399.svcp_1-0-5.20150713.somatic.verifyBamId.tar.gz-md5sum_time": 0, 
                "start": 1449276615, 
                "stop": 1449277887, 
                "time": 1272
            }
        }
    }, 
    "aliquot_id": null, 
    "available_repos": [
        {
            "https://gtrepo-ebi.annailabs.com/": {
                "file_md5sum": "acacc34e7c407d742a6bad326ebdf8d1", 
                "file_size": 63157
            }
        }
    ], 
    "data_type": "Sanger-VCF", 
    "files": [
        {
            "file_md5sum": "aa3efc06923311cf7afb10caf3c2ab0c", 
            "file_name": "50b61288-1412-4104-92e6-8b1a359ef399.svcp_1-0-5.20150713.somatic.snv_mnv.vcf.gz", 
            "file_size": 4752627, 
            "object_id": "b0cc8377-63dd-505e-a240-fbdb7aa845e2"
        }, 
        {
            "file_md5sum": "3cf492a50a9cfff6297bd30463f4cd83", 
            "file_name": "50b61288-1412-4104-92e6-8b1a359ef399.svcp_1-0-5.20150713.somatic.snv_mnv.vcf.gz.tbi", 
            "file_size": 574334, 
            "object_id": "f9f580fe-a104-5e1d-a656-f29b5700edd4"
        }, 
        {
            "file_md5sum": "fa66e276288d68538b3833a70a21bd22", 
            "file_name": "50b61288-1412-4104-92e6-8b1a359ef399.svcp_1-0-5.20150713.somatic.cnv.vcf.gz", 
            "file_size": 4522, 
            "object_id": "05205a62-9431-5100-9d2f-0fae5d0dee36"
        }, 
        {
            "file_md5sum": "1bd2d1735589dd8a6903080f3591fb71", 
            "file_name": "50b61288-1412-4104-92e6-8b1a359ef399.svcp_1-0-5.20150713.somatic.cnv.vcf.gz.tbi", 
            "file_size": 5822, 
            "object_id": "ccbc9186-c000-59cc-b257-69e700872aed"
        }, 
        {
            "file_md5sum": "1820f0ac75a807a3d7b1fae9b132913c", 
            "file_name": "50b61288-1412-4104-92e6-8b1a359ef399.svcp_1-0-5.20150713.somatic.sv.vcf.gz", 
            "file_size": 38318, 
            "object_id": "132c57a6-0a20-5802-add2-b23fd5bbdfb5"
        }, 
        {
            "file_md5sum": "606afeef3957b54635484ac38fbd8747", 
            "file_name": "50b61288-1412-4104-92e6-8b1a359ef399.svcp_1-0-5.20150713.somatic.sv.vcf.gz.tbi", 
            "file_size": 5668, 
            "object_id": "0b7cf448-1bb7-552b-aae6-5259d0a5aaa8"
        }, 
        {
            "file_md5sum": "d9a2f552298116c9624bebd488ee24b0", 
            "file_name": "50b61288-1412-4104-92e6-8b1a359ef399.svcp_1-0-5.20150713.somatic.indel.vcf.gz", 
            "file_size": 67700548, 
            "object_id": "6054c55e-1caa-579a-8729-7781b815235c"
        }, 
        {
            "file_md5sum": "fa215ba7a2e47f002bf2e0e02af54b78", 
            "file_name": "50b61288-1412-4104-92e6-8b1a359ef399.svcp_1-0-5.20150713.somatic.indel.vcf.gz.tbi", 
            "file_size": 1534055, 
            "object_id": "61ac6b44-c2d4-5431-a53a-70dadbef9a4c"
        }, 
        {
            "file_md5sum": "62165970cb06f7db7b0e06b353453d86", 
            "file_name": "50b61288-1412-4104-92e6-8b1a359ef399.svcp_1-0-5.20150713.somatic.snv_mnv.tar.gz", 
            "file_size": 180915709, 
            "object_id": "80381a32-a5a2-59d6-91bb-10ac2a52339d"
        }, 
        {
            "file_md5sum": "b3cae71165f9238d163be58288684738", 
            "file_name": "50b61288-1412-4104-92e6-8b1a359ef399.svcp_1-0-5.20150713.somatic.cnv.tar.gz", 
            "file_size": 26794615, 
            "object_id": "3af5c411-1459-5697-a22d-69aa38618569"
        }, 
        {
            "file_md5sum": "9d888d7e4e308bd27747f137cd6cb255", 
            "file_name": "50b61288-1412-4104-92e6-8b1a359ef399.svcp_1-0-5.20150713.somatic.sv.tar.gz", 
            "file_size": 9938989647, 
            "object_id": "c66d89c9-c717-5498-95b1-4a21a03e8be7"
        }, 
        {
            "file_md5sum": "5431ecfa239c6674957d724bd1cb6c46", 
            "file_name": "50b61288-1412-4104-92e6-8b1a359ef399.svcp_1-0-5.20150713.somatic.indel.tar.gz", 
            "file_size": 1724226916,