{
    "_runs_": {
        "run_1449082625_9f6fe3a3-6da0-4e4e-b231-6e2316e868c8": {
            "downloading": {
                "gnos-download_time": 2100, 
                "start": 1449084125, 
                "stop": 1449086226, 
                "time": 2101
            }, 
            "uploading": {
                "copy_meta_time": 1, 
                "start": 1449086233, 
                "stop": 1449086457, 
                "time": 224, 
                "upload_time": 223
            }
        }, 
        "run_1449256500_98286d35-b24c-49d4-a4b2-9820777f0078": {
            "downloading": {
                "286b0b28-9750-4e5a-be26-9aba51065654.xml-download_time": 13, 
                "286b0b28-9750-4e5a-be26-9aba51065654.xml-md5sum_time": 0, 
                "b7722577-f200-4dec-97f6-4fab3a9ba52d.dkfz-copyNumberEstimation_1-0-189-hpc-fix.1508272228.somatic.cnv.tar.gz-download_time": 260, 
                "b7722577-f200-4dec-97f6-4fab3a9ba52d.dkfz-copyNumberEstimation_1-0-189-hpc-fix.1508272228.somatic.cnv.tar.gz-md5sum_time": 26, 
                "b7722577-f200-4dec-97f6-4fab3a9ba52d.dkfz-copyNumberEstimation_1-0-189-hpc-fix.1508272228.somatic.cnv.vcf.gz-download_time": 14, 
                "b7722577-f200-4dec-97f6-4fab3a9ba52d.dkfz-copyNumberEstimation_1-0-189-hpc-fix.1508272228.somatic.cnv.vcf.gz-md5sum_time": 0, 
                "b7722577-f200-4dec-97f6-4fab3a9ba52d.dkfz-copyNumberEstimation_1-0-189-hpc-fix.1508272228.somatic.cnv.vcf.gz.tbi-download_time": 13, 
                "b7722577-f200-4dec-97f6-4fab3a9ba52d.dkfz-copyNumberEstimation_1-0-189-hpc-fix.1508272228.somatic.cnv.vcf.gz.tbi-md5sum_time": 0, 
                "b7722577-f200-4dec-97f6-4fab3a9ba52d.dkfz-indelCalling_1-0-132-1.20150602.germline.indel.vcf.gz-download_time": 20, 
                "b7722577-f200-4dec-97f6-4fab3a9ba52d.dkfz-indelCalling_1-0-132-1.20150602.germline.indel.vcf.gz-md5sum_time": 0, 
                "b7722577-f200-4dec-97f6-4fab3a9ba52d.dkfz-indelCalling_1-0-132-1.20150602.germline.indel.vcf.gz.tbi-download_time": 14, 
                "b7722577-f200-4dec-97f6-4fab3a9ba52d.dkfz-indelCalling_1-0-132-1.20150602.germline.indel.vcf.gz.tbi-md5sum_time": 0, 
                "b7722577-f200-4dec-97f6-4fab3a9ba52d.dkfz-indelCalling_1-0-132-1.20150602.somatic.indel.tar.gz-download_time": 53, 
                "b7722577-f200-4dec-97f6-4fab3a9ba52d.dkfz-indelCalling_1-0-132-1.20150602.somatic.indel.tar.gz-md5sum_time": 3, 
                "b7722577-f200-4dec-97f6-4fab3a9ba52d.dkfz-indelCalling_1-0-132-1.20150602.somatic.indel.vcf.gz-download_time": 13, 
                "b7722577-f200-4dec-97f6-4fab3a9ba52d.dkfz-indelCalling_1-0-132-1.20150602.somatic.indel.vcf.gz-md5sum_time": 0, 
                "b7722577-f200-4dec-97f6-4fab3a9ba52d.dkfz-indelCalling_1-0-132-1.20150602.somatic.indel.vcf.gz.tbi-download_time": 14, 
                "b7722577-f200-4dec-97f6-4fab3a9ba52d.dkfz-indelCalling_1-0-132-1.20150602.somatic.indel.vcf.gz.tbi-md5sum_time": 0, 
                "b7722577-f200-4dec-97f6-4fab3a9ba52d.dkfz-snvCalling_1-0-132-1.20150602.germline.snv_mnv.vcf.gz-download_time": 20, 
                "b7722577-f200-4dec-97f6-4fab3a9ba52d.dkfz-snvCalling_1-0-132-1.20150602.germline.snv_mnv.vcf.gz-md5sum_time": 0, 
                "b7722577-f200-4dec-97f6-4fab3a9ba52d.dkfz-snvCalling_1-0-132-1.20150602.germline.snv_mnv.vcf.gz.tbi-download_time": 14, 
                "b7722577-f200-4dec-97f6-4fab3a9ba52d.dkfz-snvCalling_1-0-132-1.20150602.germline.snv_mnv.vcf.gz.tbi-md5sum_time": 0, 
                "b7722577-f200-4dec-97f6-4fab3a9ba52d.dkfz-snvCalling_1-0-132-1.20150602.somatic.snv_mnv.tar.gz-download_time": 73, 
                "b7722577-f200-4dec-97f6-4fab3a9ba52d.dkfz-snvCalling_1-0-132-1.20150602.somatic.snv_mnv.tar.gz-md5sum_time": 3, 
                "b7722577-f200-4dec-97f6-4fab3a9ba52d.dkfz-snvCalling_1-0-132-1.20150602.somatic.snv_mnv.vcf.gz-download_time": 14, 
                "b7722577-f200-4dec-97f6-4fab3a9ba52d.dkfz-snvCalling_1-0-132-1.20150602.somatic.snv_mnv.vcf.gz-md5sum_time": 0, 
                "b7722577-f200-4dec-97f6-4fab3a9ba52d.dkfz-snvCalling_1-0-132-1.20150602.somatic.snv_mnv.vcf.gz.tbi-download_time": 12, 
                "b7722577-f200-4dec-97f6-4fab3a9ba52d.dkfz-snvCalling_1-0-132-1.20150602.somatic.snv_mnv.vcf.gz.tbi-md5sum_time": 0, 
                "b7722577-f200-4dec-97f6-4fab3a9ba52d.embl-delly_1-0-0-preFilter.20150602.germline.sv.bedpe.txt.tar.gz-download_time": 13, 
                "b7722577-f200-4dec-97f6-4fab3a9ba52d.embl-delly_1-0-0-preFilter.20150602.germline.sv.bedpe.txt.tar.gz-md5sum_time": 0, 
                "b7722577-f200-4dec-97f6-4fab3a9ba52d.embl-delly_1-0-0-preFilter.20150602.germline.sv.readname.txt.tar.gz-download_time": 14, 
                "b7722577-f200-4dec-97f6-4fab3a9ba52d.embl-delly_1-0-0-preFilter.20150602.germline.sv.readname.txt.tar.gz-md5sum_time": 0, 
                "b7722577-f200-4dec-97f6-4fab3a9ba52d.embl-delly_1-0-0-preFilter.20150602.germline.sv.vcf.gz-download_time": 14, 
                "b7722577-f200-4dec-97f6-4fab3a9ba52d.embl-delly_1-0-0-preFilter.20150602.germline.sv.vcf.gz-md5sum_time": 0, 
                "b7722577-f200-4dec-97f6-4fab3a9ba52d.embl-delly_1-0-0-preFilter.20150602.germline.sv.vcf.gz.tbi-download_time": 12, 
                "b7722577-f200-4dec-97f6-4fab3a9ba52d.embl-delly_1-0-0-preFilter.20150602.germline.sv.vcf.gz.tbi-md5sum_time": 0, 
                "b7722577-f200-4dec-97f6-4fab3a9ba52d.embl-delly_1-0-0-preFilter.20150602.somatic.sv.bedpe.txt.tar.gz-download_time": 13, 
                "b7722577-f200-4dec-97f6-4fab3a9ba52d.embl-delly_1-0-0-preFilter.20150602.somatic.sv.bedpe.txt.tar.gz-md5sum_time": 0, 
                "b7722577-f200-4dec-97f6-4fab3a9ba52d.embl-delly_1-0-0-preFilter.20150602.somatic.sv.readname.txt.tar.gz-download_time": 13, 
                "b7722577-f200-4dec-97f6-4fab3a9ba52d.embl-delly_1-0-0-preFilter.20150602.somatic.sv.readname.txt.tar.gz-md5sum_time": 0, 
                "b7722577-f200-4dec-97f6-4fab3a9ba52d.embl-delly_1-0-0-preFilter.20150602.somatic.sv.vcf.gz-download_time": 12, 
                "b7722577-f200-4dec-97f6-4fab3a9ba52d.embl-delly_1-0-0-preFilter.20150602.somatic.sv.vcf.gz-md5sum_time": 0, 
                "b7722577-f200-4dec-97f6-4fab3a9ba52d.embl-delly_1-0-0-preFilter.20150602.somatic.sv.vcf.gz.tbi-download_time": 12, 
                "b7722577-f200-4dec-97f6-4fab3a9ba52d.embl-delly_1-0-0-preFilter.20150602.somatic.sv.vcf.gz.tbi-md5sum_time": 0, 
                "b7722577-f200-4dec-97f6-4fab3a9ba52d.embl-delly_1-0-0-preFilter.20150602.sv.cov.plots.tar.gz-download_time": 15, 
                "b7722577-f200-4dec-97f6-4fab3a9ba52d.embl-delly_1-0-0-preFilter.20150602.sv.cov.plots.tar.gz-md5sum_time": 0, 
                "b7722577-f200-4dec-97f6-4fab3a9ba52d.embl-delly_1-0-0-preFilter.20150602.sv.cov.tar.gz-download_time": 18, 
                "b7722577-f200-4dec-97f6-4fab3a9ba52d.embl-delly_1-0-0-preFilter.20150602.sv.cov.tar.gz-md5sum_time": 0, 
                "b7722577-f200-4dec-97f6-4fab3a9ba52d.embl-delly_1-0-0-preFilter.20150602.sv.vcf.gz-download_time": 13, 
                "b7722577-f200-4dec-97f6-4fab3a9ba52d.embl-delly_1-0-0-preFilter.20150602.sv.vcf.gz-md5sum_time": 0, 
                "b7722577-f200-4dec-97f6-4fab3a9ba52d.embl-delly_1-0-0-preFilter.20150602.sv.vcf.gz.tbi-download_time": 12, 
                "b7722577-f200-4dec-97f6-4fab3a9ba52d.embl-delly_1-0-0-preFilter.20150602.sv.vcf.gz.tbi-md5sum_time": 0, 
                "start": 1449282353, 
                "stop": 1449283094, 
                "time": 741
            }
        }
    }, 
    "aliquot_id": null, 
    "available_repos": [
        {
            "https://gtrepo-dkfz.annailabs.com/": {
                "file_md5sum": "dd68e6d326735037c7789af7dc058984", 
                "file_size": 60372
            }
        }
    ], 
    "data_type": "Dkfz_embl-VCF", 
    "files": [
        {
            "file_md5sum": "d2373e306e241ea85e62b7fef0830f61",