{
    "_runs_": {
        "run_1449256500_98286d35-b24c-49d4-a4b2-9820777f0078": {
            "downloading": {
                "2c042780-e93e-4ff1-ad7e-ae5897138631.xml-download_time": 14, 
                "2c042780-e93e-4ff1-ad7e-ae5897138631.xml-md5sum_time": 0, 
                "850389d4-c622-11e3-bf01-24c6515278c0.svcp_1-0-5.20150415.somatic.binnedReadCounts.tar.gz-download_time": 20, 
                "850389d4-c622-11e3-bf01-24c6515278c0.svcp_1-0-5.20150415.somatic.binnedReadCounts.tar.gz-md5sum_time": 0, 
                "850389d4-c622-11e3-bf01-24c6515278c0.svcp_1-0-5.20150415.somatic.cnv.tar.gz-download_time": 15, 
                "850389d4-c622-11e3-bf01-24c6515278c0.svcp_1-0-5.20150415.somatic.cnv.tar.gz-md5sum_time": 0, 
                "850389d4-c622-11e3-bf01-24c6515278c0.svcp_1-0-5.20150415.somatic.cnv.vcf.gz-download_time": 12, 
                "850389d4-c622-11e3-bf01-24c6515278c0.svcp_1-0-5.20150415.somatic.cnv.vcf.gz-md5sum_time": 0, 
                "850389d4-c622-11e3-bf01-24c6515278c0.svcp_1-0-5.20150415.somatic.cnv.vcf.gz.tbi-download_time": 13, 
                "850389d4-c622-11e3-bf01-24c6515278c0.svcp_1-0-5.20150415.somatic.cnv.vcf.gz.tbi-md5sum_time": 0, 
                "850389d4-c622-11e3-bf01-24c6515278c0.svcp_1-0-5.20150415.somatic.genotype.tar.gz-download_time": 13, 
                "850389d4-c622-11e3-bf01-24c6515278c0.svcp_1-0-5.20150415.somatic.genotype.tar.gz-md5sum_time": 0, 
                "850389d4-c622-11e3-bf01-24c6515278c0.svcp_1-0-5.20150415.somatic.imputeCounts.tar.gz-download_time": 42, 
                "850389d4-c622-11e3-bf01-24c6515278c0.svcp_1-0-5.20150415.somatic.imputeCounts.tar.gz-md5sum_time": 2, 
                "850389d4-c622-11e3-bf01-24c6515278c0.svcp_1-0-5.20150415.somatic.indel.tar.gz-download_time": 50, 
                "850389d4-c622-11e3-bf01-24c6515278c0.svcp_1-0-5.20150415.somatic.indel.tar.gz-md5sum_time": 2, 
                "850389d4-c622-11e3-bf01-24c6515278c0.svcp_1-0-5.20150415.somatic.indel.vcf.gz-download_time": 17, 
                "850389d4-c622-11e3-bf01-24c6515278c0.svcp_1-0-5.20150415.somatic.indel.vcf.gz-md5sum_time": 0, 
                "850389d4-c622-11e3-bf01-24c6515278c0.svcp_1-0-5.20150415.somatic.indel.vcf.gz.tbi-download_time": 13, 
                "850389d4-c622-11e3-bf01-24c6515278c0.svcp_1-0-5.20150415.somatic.indel.vcf.gz.tbi-md5sum_time": 0, 
                "850389d4-c622-11e3-bf01-24c6515278c0.svcp_1-0-5.20150415.somatic.snv_mnv.tar.gz-download_time": 23, 
                "850389d4-c622-11e3-bf01-24c6515278c0.svcp_1-0-5.20150415.somatic.snv_mnv.tar.gz-md5sum_time": 0, 
                "850389d4-c622-11e3-bf01-24c6515278c0.svcp_1-0-5.20150415.somatic.snv_mnv.vcf.gz-download_time": 13, 
                "850389d4-c622-11e3-bf01-24c6515278c0.svcp_1-0-5.20150415.somatic.snv_mnv.vcf.gz-md5sum_time": 0, 
                "850389d4-c622-11e3-bf01-24c6515278c0.svcp_1-0-5.20150415.somatic.snv_mnv.vcf.gz.tbi-download_time": 14, 
                "850389d4-c622-11e3-bf01-24c6515278c0.svcp_1-0-5.20150415.somatic.snv_mnv.vcf.gz.tbi-md5sum_time": 0, 
                "850389d4-c622-11e3-bf01-24c6515278c0.svcp_1-0-5.20150415.somatic.sv.tar.gz-download_time": 999, 
                "850389d4-c622-11e3-bf01-24c6515278c0.svcp_1-0-5.20150415.somatic.sv.tar.gz-md5sum_time": 114, 
                "850389d4-c622-11e3-bf01-24c6515278c0.svcp_1-0-5.20150415.somatic.sv.vcf.gz-download_time": 13, 
                "850389d4-c622-11e3-bf01-24c6515278c0.svcp_1-0-5.20150415.somatic.sv.vcf.gz-md5sum_time": 0, 
                "850389d4-c622-11e3-bf01-24c6515278c0.svcp_1-0-5.20150415.somatic.sv.vcf.gz.tbi-download_time": 12, 
                "850389d4-c622-11e3-bf01-24c6515278c0.svcp_1-0-5.20150415.somatic.sv.vcf.gz.tbi-md5sum_time": 0, 
                "850389d4-c622-11e3-bf01-24c6515278c0.svcp_1-0-5.20150415.somatic.verifyBamId.tar.gz-download_time": 13, 
                "850389d4-c622-11e3-bf01-24c6515278c0.svcp_1-0-5.20150415.somatic.verifyBamId.tar.gz-md5sum_time": 0, 
                "start": 1449285418, 
                "stop": 1449286832, 
                "time": 1414
            }
        }
    }, 
    "aliquot_id": null, 
    "available_repos": [
        {
            "https://gtrepo-riken.annailabs.com/": {
                "file_md5sum": "1a030113c54a48951cfc9796b5217e68", 
                "file_size": 59439
            }
        }
    ], 
    "data_type": "Sanger-VCF", 
    "files": [
        {
            "file_md5sum": "8ba2730da323990cf4c69d3f7296cd6b", 
            "file_name": "850389d4-c622-11e3-bf01-24c6515278c0.svcp_1-0-5.20150415.somatic.snv_mnv.vcf.gz", 
            "file_size": 2328741, 
            "object_id": "d8f41f97-b3c8-5f4a-903a-8370a3bee739"
        }, 
        {
            "file_md5sum": "c9d64cd703a66ebdc54410655794602a", 
            "file_name": "850389d4-c622-11e3-bf01-24c6515278c0.svcp_1-0-5.20150415.somatic.snv_mnv.vcf.gz.tbi", 
            "file_size": 382006, 
            "object_id": "a995e042-92a7-5055-9f7f-3a2305f1b778"
        }, 
        {
            "file_md5sum": "f5ac1cb7d047fe130d8e4c1fef533858", 
            "file_name": "850389d4-c622-11e3-bf01-24c6515278c0.svcp_1-0-5.20150415.somatic.cnv.vcf.gz", 
            "file_size": 2397, 
            "object_id": "c2c87fed-fae7-532f-b297-3f5f8ed0b42f"
        }, 
        {
            "file_md5sum": "a256607d95c8a5aa7b4f65014779116c", 
            "file_name": "850389d4-c622-11e3-bf01-24c6515278c0.svcp_1-0-5.20150415.somatic.cnv.vcf.gz.tbi", 
            "file_size": 4522, 
            "object_id": "1696fe63-957f-5e94-adc3-89f7ac9cedc8"
        }, 
        {
            "file_md5sum": "2a03493b86c19943f297db3a84817ef5", 
            "file_name": "850389d4-c622-11e3-bf01-24c6515278c0.svcp_1-0-5.20150415.somatic.sv.vcf.gz", 
            "file_size": 592311, 
            "object_id": "e1a2d770-8ef9-5168-b72c-0ff827b2f71e"
        }, 
        {
            "file_md5sum": "aab1c23386d88406a22c4af4691ef11f", 
            "file_name": "850389d4-c622-11e3-bf01-24c6515278c0.svcp_1-0-5.20150415.somatic.sv.vcf.gz.tbi", 
            "file_size": 64597, 
            "object_id": "8d449f52-2020-56bd-8952-a76b3f666c9b"
        }, 
        {
            "file_md5sum": "4ca413ed92093335641f940814965144", 
            "file_name": "850389d4-c622-11e3-bf01-24c6515278c0.svcp_1-0-5.20150415.somatic.indel.vcf.gz", 
            "file_size": 48041239, 
            "object_id": "1f73ccd6-2111-5c1c-a536-9bcb7ab54983"
        }, 
        {
            "file_md5sum": "c39f70eab677882f87dab19095fa08d1", 
            "file_name": "850389d4-c622-11e3-bf01-24c6515278c0.svcp_1-0-5.20150415.somatic.indel.vcf.gz.tbi", 
            "file_size": 1473271, 
            "object_id": "a85e376e-97a0-5b85-8e96-0f33ed6b7a44"
        }, 
        {
            "file_md5sum": "cff665ddfa0a36c7aa74be313cc58ccd", 
            "file_name": "850389d4-c622-11e3-bf01-24c6515278c0.svcp_1-0-5.20150415.somatic.snv_mnv.tar.gz", 
            "file_size": 156289420, 
            "object_id": "8f79fb3d-6fb0-5df6-9c58-b88159aad04b"
        }, 
        {
            "file_md5sum": "5645649c1cfbe16477f5d50befc73391", 
            "file_name": "850389d4-c622-11e3-bf01-24c6515278c0.svcp_1-0-5.20150415.somatic.cnv.tar.gz", 
            "file_size": 26934814, 
            "object_id": "7d275b5a-5d28-5eb8-a812-ff31bb175d2e"
        }, 
        {
            "file_md5sum": "33fac06549d7ca1b55691e8d6b7016c6", 
            "file_name": "850389d4-c622-11e3-bf01-24c6515278c0.svcp_1-0-5.20150415.somatic.sv.tar.gz", 
            "file_size": 11972615244, 
            "object_id": "7c030bc6-c0b1-51e0-b51a-6220112f9017"
        }, 
        {
            "file_md5sum": "61586aec0e8c8ae16573d35ea4846e27", 
            "file_name": "850389d4-c622-11e3-bf01-24c6515278c0.svcp_1-0-5.20150415.somatic.indel.tar.gz", 
            "file_size": 675224204,