{
    "_runs_": {
        "run_1449082838_f84e7db3-10a6-470d-a469-f4f84d8ac4f4": {
            "downloading": {
                "gnos-download_time": 1220, 
                "start": 1449181791, 
                "stop": 1449183012, 
                "time": 1221
            }, 
            "uploading": {
                "copy_meta_time": 1, 
                "start": 1449183024, 
                "stop": 1449183246, 
                "time": 222, 
                "upload_time": 220
            }
        }, 
        "run_1449256150_30778ae0-aac1-42f3-87c3-490a453045cd": {
            "downloading": {
                "2dd6f2e8-bd49-4960-8085-a29f2fbdea57.xml-download_time": 12, 
                "2dd6f2e8-bd49-4960-8085-a29f2fbdea57.xml-md5sum_time": 0, 
                "8cce153d-953d-40c5-976b-60f6a143608c.dkfz-copyNumberEstimation_1-0-189-hpc-fix.1508272134.somatic.cnv.tar.gz-download_time": 297, 
                "8cce153d-953d-40c5-976b-60f6a143608c.dkfz-copyNumberEstimation_1-0-189-hpc-fix.1508272134.somatic.cnv.tar.gz-md5sum_time": 26, 
                "8cce153d-953d-40c5-976b-60f6a143608c.dkfz-copyNumberEstimation_1-0-189-hpc-fix.1508272134.somatic.cnv.vcf.gz-download_time": 14, 
                "8cce153d-953d-40c5-976b-60f6a143608c.dkfz-copyNumberEstimation_1-0-189-hpc-fix.1508272134.somatic.cnv.vcf.gz-md5sum_time": 0, 
                "8cce153d-953d-40c5-976b-60f6a143608c.dkfz-copyNumberEstimation_1-0-189-hpc-fix.1508272134.somatic.cnv.vcf.gz.tbi-download_time": 12, 
                "8cce153d-953d-40c5-976b-60f6a143608c.dkfz-copyNumberEstimation_1-0-189-hpc-fix.1508272134.somatic.cnv.vcf.gz.tbi-md5sum_time": 0, 
                "8cce153d-953d-40c5-976b-60f6a143608c.dkfz-indelCalling_1-0-132-1.20150607.germline.indel.vcf.gz-download_time": 18, 
                "8cce153d-953d-40c5-976b-60f6a143608c.dkfz-indelCalling_1-0-132-1.20150607.germline.indel.vcf.gz-md5sum_time": 0, 
                "8cce153d-953d-40c5-976b-60f6a143608c.dkfz-indelCalling_1-0-132-1.20150607.germline.indel.vcf.gz.tbi-download_time": 13, 
                "8cce153d-953d-40c5-976b-60f6a143608c.dkfz-indelCalling_1-0-132-1.20150607.germline.indel.vcf.gz.tbi-md5sum_time": 0, 
                "8cce153d-953d-40c5-976b-60f6a143608c.dkfz-indelCalling_1-0-132-1.20150607.somatic.indel.tar.gz-download_time": 48, 
                "8cce153d-953d-40c5-976b-60f6a143608c.dkfz-indelCalling_1-0-132-1.20150607.somatic.indel.tar.gz-md5sum_time": 3, 
                "8cce153d-953d-40c5-976b-60f6a143608c.dkfz-indelCalling_1-0-132-1.20150607.somatic.indel.vcf.gz-download_time": 14, 
                "8cce153d-953d-40c5-976b-60f6a143608c.dkfz-indelCalling_1-0-132-1.20150607.somatic.indel.vcf.gz-md5sum_time": 0, 
                "8cce153d-953d-40c5-976b-60f6a143608c.dkfz-indelCalling_1-0-132-1.20150607.somatic.indel.vcf.gz.tbi-download_time": 13, 
                "8cce153d-953d-40c5-976b-60f6a143608c.dkfz-indelCalling_1-0-132-1.20150607.somatic.indel.vcf.gz.tbi-md5sum_time": 0, 
                "8cce153d-953d-40c5-976b-60f6a143608c.dkfz-snvCalling_1-0-132-1.20150607.germline.snv_mnv.vcf.gz-download_time": 19, 
                "8cce153d-953d-40c5-976b-60f6a143608c.dkfz-snvCalling_1-0-132-1.20150607.germline.snv_mnv.vcf.gz-md5sum_time": 0, 
                "8cce153d-953d-40c5-976b-60f6a143608c.dkfz-snvCalling_1-0-132-1.20150607.germline.snv_mnv.vcf.gz.tbi-download_time": 13, 
                "8cce153d-953d-40c5-976b-60f6a143608c.dkfz-snvCalling_1-0-132-1.20150607.germline.snv_mnv.vcf.gz.tbi-md5sum_time": 0, 
                "8cce153d-953d-40c5-976b-60f6a143608c.dkfz-snvCalling_1-0-132-1.20150607.somatic.snv_mnv.tar.gz-download_time": 73, 
                "8cce153d-953d-40c5-976b-60f6a143608c.dkfz-snvCalling_1-0-132-1.20150607.somatic.snv_mnv.tar.gz-md5sum_time": 4, 
                "8cce153d-953d-40c5-976b-60f6a143608c.dkfz-snvCalling_1-0-132-1.20150607.somatic.snv_mnv.vcf.gz-download_time": 14, 
                "8cce153d-953d-40c5-976b-60f6a143608c.dkfz-snvCalling_1-0-132-1.20150607.somatic.snv_mnv.vcf.gz-md5sum_time": 0, 
                "8cce153d-953d-40c5-976b-60f6a143608c.dkfz-snvCalling_1-0-132-1.20150607.somatic.snv_mnv.vcf.gz.tbi-download_time": 13, 
                "8cce153d-953d-40c5-976b-60f6a143608c.dkfz-snvCalling_1-0-132-1.20150607.somatic.snv_mnv.vcf.gz.tbi-md5sum_time": 0, 
                "8cce153d-953d-40c5-976b-60f6a143608c.embl-delly_1-0-0-preFilter.20150607.germline.sv.bedpe.txt.tar.gz-download_time": 13, 
                "8cce153d-953d-40c5-976b-60f6a143608c.embl-delly_1-0-0-preFilter.20150607.germline.sv.bedpe.txt.tar.gz-md5sum_time": 0, 
                "8cce153d-953d-40c5-976b-60f6a143608c.embl-delly_1-0-0-preFilter.20150607.germline.sv.readname.txt.tar.gz-download_time": 12, 
                "8cce153d-953d-40c5-976b-60f6a143608c.embl-delly_1-0-0-preFilter.20150607.germline.sv.readname.txt.tar.gz-md5sum_time": 0, 
                "8cce153d-953d-40c5-976b-60f6a143608c.embl-delly_1-0-0-preFilter.20150607.germline.sv.vcf.gz-download_time": 13, 
                "8cce153d-953d-40c5-976b-60f6a143608c.embl-delly_1-0-0-preFilter.20150607.germline.sv.vcf.gz-md5sum_time": 0, 
                "8cce153d-953d-40c5-976b-60f6a143608c.embl-delly_1-0-0-preFilter.20150607.germline.sv.vcf.gz.tbi-download_time": 13, 
                "8cce153d-953d-40c5-976b-60f6a143608c.embl-delly_1-0-0-preFilter.20150607.germline.sv.vcf.gz.tbi-md5sum_time": 0, 
                "8cce153d-953d-40c5-976b-60f6a143608c.embl-delly_1-0-0-preFilter.20150607.somatic.sv.bedpe.txt.tar.gz-download_time": 12, 
                "8cce153d-953d-40c5-976b-60f6a143608c.embl-delly_1-0-0-preFilter.20150607.somatic.sv.bedpe.txt.tar.gz-md5sum_time": 0, 
                "8cce153d-953d-40c5-976b-60f6a143608c.embl-delly_1-0-0-preFilter.20150607.somatic.sv.readname.txt.tar.gz-download_time": 12, 
                "8cce153d-953d-40c5-976b-60f6a143608c.embl-delly_1-0-0-preFilter.20150607.somatic.sv.readname.txt.tar.gz-md5sum_time": 0, 
                "8cce153d-953d-40c5-976b-60f6a143608c.embl-delly_1-0-0-preFilter.20150607.somatic.sv.vcf.gz-download_time": 13, 
                "8cce153d-953d-40c5-976b-60f6a143608c.embl-delly_1-0-0-preFilter.20150607.somatic.sv.vcf.gz-md5sum_time": 0, 
                "8cce153d-953d-40c5-976b-60f6a143608c.embl-delly_1-0-0-preFilter.20150607.somatic.sv.vcf.gz.tbi-download_time": 12, 
                "8cce153d-953d-40c5-976b-60f6a143608c.embl-delly_1-0-0-preFilter.20150607.somatic.sv.vcf.gz.tbi-md5sum_time": 0, 
                "8cce153d-953d-40c5-976b-60f6a143608c.embl-delly_1-0-0-preFilter.20150607.sv.cov.plots.tar.gz-download_time": 15, 
                "8cce153d-953d-40c5-976b-60f6a143608c.embl-delly_1-0-0-preFilter.20150607.sv.cov.plots.tar.gz-md5sum_time": 0, 
                "8cce153d-953d-40c5-976b-60f6a143608c.embl-delly_1-0-0-preFilter.20150607.sv.cov.tar.gz-download_time": 17, 
                "8cce153d-953d-40c5-976b-60f6a143608c.embl-delly_1-0-0-preFilter.20150607.sv.cov.tar.gz-md5sum_time": 0, 
                "8cce153d-953d-40c5-976b-60f6a143608c.embl-delly_1-0-0-preFilter.20150607.sv.vcf.gz-download_time": 12, 
                "8cce153d-953d-40c5-976b-60f6a143608c.embl-delly_1-0-0-preFilter.20150607.sv.vcf.gz-md5sum_time": 0, 
                "8cce153d-953d-40c5-976b-60f6a143608c.embl-delly_1-0-0-preFilter.20150607.sv.vcf.gz.tbi-download_time": 13, 
                "8cce153d-953d-40c5-976b-60f6a143608c.embl-delly_1-0-0-preFilter.20150607.sv.vcf.gz.tbi-md5sum_time": 0, 
                "start": 1449286881, 
                "stop": 1449287645, 
                "time": 764
            }
        }
    }, 
    "aliquot_id": null, 
    "available_repos": [
        {
            "https://gtrepo-dkfz.annailabs.com/": {
                "file_md5sum": "2a68af7d448b86a87362b87e020721b8", 
                "file_size": 60319
            }
        }
    ], 
    "data_type": "Dkfz_embl-VCF", 
    "files": [
        {
            "file_md5sum": "ff41a9ebf074429f015fff4f8e61e92a",