{
    "_runs_": {
        "run_1449256362_f285340f-6a1e-4280-8af8-91051b7f471f": {
            "downloading": {
                "2e7e52ec-e86f-46fc-a875-2fead85aac2a.xml-download_time": 14, 
                "2e7e52ec-e86f-46fc-a875-2fead85aac2a.xml-md5sum_time": 0, 
                "30a8f292-c623-11e3-bf01-24c6515278c0.svcp_1-0-6.20150508.somatic.binnedReadCounts.tar.gz-download_time": 20, 
                "30a8f292-c623-11e3-bf01-24c6515278c0.svcp_1-0-6.20150508.somatic.binnedReadCounts.tar.gz-md5sum_time": 0, 
                "30a8f292-c623-11e3-bf01-24c6515278c0.svcp_1-0-6.20150508.somatic.cnv.tar.gz-download_time": 15, 
                "30a8f292-c623-11e3-bf01-24c6515278c0.svcp_1-0-6.20150508.somatic.cnv.tar.gz-md5sum_time": 0, 
                "30a8f292-c623-11e3-bf01-24c6515278c0.svcp_1-0-6.20150508.somatic.cnv.vcf.gz-download_time": 13, 
                "30a8f292-c623-11e3-bf01-24c6515278c0.svcp_1-0-6.20150508.somatic.cnv.vcf.gz-md5sum_time": 0, 
                "30a8f292-c623-11e3-bf01-24c6515278c0.svcp_1-0-6.20150508.somatic.cnv.vcf.gz.tbi-download_time": 14, 
                "30a8f292-c623-11e3-bf01-24c6515278c0.svcp_1-0-6.20150508.somatic.cnv.vcf.gz.tbi-md5sum_time": 0, 
                "30a8f292-c623-11e3-bf01-24c6515278c0.svcp_1-0-6.20150508.somatic.genotype.tar.gz-download_time": 14, 
                "30a8f292-c623-11e3-bf01-24c6515278c0.svcp_1-0-6.20150508.somatic.genotype.tar.gz-md5sum_time": 0, 
                "30a8f292-c623-11e3-bf01-24c6515278c0.svcp_1-0-6.20150508.somatic.imputeCounts.tar.gz-download_time": 41, 
                "30a8f292-c623-11e3-bf01-24c6515278c0.svcp_1-0-6.20150508.somatic.imputeCounts.tar.gz-md5sum_time": 2, 
                "30a8f292-c623-11e3-bf01-24c6515278c0.svcp_1-0-6.20150508.somatic.indel.tar.gz-download_time": 50, 
                "30a8f292-c623-11e3-bf01-24c6515278c0.svcp_1-0-6.20150508.somatic.indel.tar.gz-md5sum_time": 3, 
                "30a8f292-c623-11e3-bf01-24c6515278c0.svcp_1-0-6.20150508.somatic.indel.vcf.gz-download_time": 17, 
                "30a8f292-c623-11e3-bf01-24c6515278c0.svcp_1-0-6.20150508.somatic.indel.vcf.gz-md5sum_time": 0, 
                "30a8f292-c623-11e3-bf01-24c6515278c0.svcp_1-0-6.20150508.somatic.indel.vcf.gz.tbi-download_time": 14, 
                "30a8f292-c623-11e3-bf01-24c6515278c0.svcp_1-0-6.20150508.somatic.indel.vcf.gz.tbi-md5sum_time": 0, 
                "30a8f292-c623-11e3-bf01-24c6515278c0.svcp_1-0-6.20150508.somatic.snv_mnv.tar.gz-download_time": 23, 
                "30a8f292-c623-11e3-bf01-24c6515278c0.svcp_1-0-6.20150508.somatic.snv_mnv.tar.gz-md5sum_time": 1, 
                "30a8f292-c623-11e3-bf01-24c6515278c0.svcp_1-0-6.20150508.somatic.snv_mnv.vcf.gz-download_time": 15, 
                "30a8f292-c623-11e3-bf01-24c6515278c0.svcp_1-0-6.20150508.somatic.snv_mnv.vcf.gz-md5sum_time": 0, 
                "30a8f292-c623-11e3-bf01-24c6515278c0.svcp_1-0-6.20150508.somatic.snv_mnv.vcf.gz.tbi-download_time": 13, 
                "30a8f292-c623-11e3-bf01-24c6515278c0.svcp_1-0-6.20150508.somatic.snv_mnv.vcf.gz.tbi-md5sum_time": 0, 
                "30a8f292-c623-11e3-bf01-24c6515278c0.svcp_1-0-6.20150508.somatic.sv.tar.gz-download_time": 407, 
                "30a8f292-c623-11e3-bf01-24c6515278c0.svcp_1-0-6.20150508.somatic.sv.tar.gz-md5sum_time": 37, 
                "30a8f292-c623-11e3-bf01-24c6515278c0.svcp_1-0-6.20150508.somatic.sv.vcf.gz-download_time": 12, 
                "30a8f292-c623-11e3-bf01-24c6515278c0.svcp_1-0-6.20150508.somatic.sv.vcf.gz-md5sum_time": 0, 
                "30a8f292-c623-11e3-bf01-24c6515278c0.svcp_1-0-6.20150508.somatic.sv.vcf.gz.tbi-download_time": 13, 
                "30a8f292-c623-11e3-bf01-24c6515278c0.svcp_1-0-6.20150508.somatic.sv.vcf.gz.tbi-md5sum_time": 0, 
                "30a8f292-c623-11e3-bf01-24c6515278c0.svcp_1-0-6.20150508.somatic.verifyBamId.tar.gz-download_time": 13, 
                "30a8f292-c623-11e3-bf01-24c6515278c0.svcp_1-0-6.20150508.somatic.verifyBamId.tar.gz-md5sum_time": 0, 
                "start": 1449287220, 
                "stop": 1449287971, 
                "time": 751
            }
        }
    }, 
    "aliquot_id": null, 
    "available_repos": [
        {
            "https://gtrepo-riken.annailabs.com/": {
                "file_md5sum": "5224a57f1566b40ed9f799cd4d486056", 
                "file_size": 59056
            }
        }
    ], 
    "data_type": "Sanger-VCF", 
    "files": [
        {
            "file_md5sum": "86ce0ae02c8e11c8bf2a6d5e9753648f", 
            "file_name": "30a8f292-c623-11e3-bf01-24c6515278c0.svcp_1-0-6.20150508.somatic.snv_mnv.vcf.gz", 
            "file_size": 2073932, 
            "object_id": "3cb629df-9207-5209-a9d0-8bf38fbd81b6"
        }, 
        {
            "file_md5sum": "5663b48c1f5734b035f14116f0d7116c", 
            "file_name": "30a8f292-c623-11e3-bf01-24c6515278c0.svcp_1-0-6.20150508.somatic.snv_mnv.vcf.gz.tbi", 
            "file_size": 323124, 
            "object_id": "8b730f22-50cc-5f47-9bd4-47683965daaf"
        }, 
        {
            "file_md5sum": "da50c417bca3cade10b7aea6156b7616", 
            "file_name": "30a8f292-c623-11e3-bf01-24c6515278c0.svcp_1-0-6.20150508.somatic.cnv.vcf.gz", 
            "file_size": 3021, 
            "object_id": "6fc4349f-73e3-5506-8954-d3724975c35a"
        }, 
        {
            "file_md5sum": "1b6d9b627db3c72b5920418e5d3329ff", 
            "file_name": "30a8f292-c623-11e3-bf01-24c6515278c0.svcp_1-0-6.20150508.somatic.cnv.vcf.gz.tbi", 
            "file_size": 4911, 
            "object_id": "ddefbf6c-a47f-599c-bfae-69a3e828a0a4"
        }, 
        {
            "file_md5sum": "438b0fb21cc6f8b82b7340c240785eb5", 
            "file_name": "30a8f292-c623-11e3-bf01-24c6515278c0.svcp_1-0-6.20150508.somatic.sv.vcf.gz", 
            "file_size": 9823, 
            "object_id": "abe3a421-bdeb-5f31-85b0-5ae28641716c"
        }, 
        {
            "file_md5sum": "dab0b42d376b896550f13ba52134817c", 
            "file_name": "30a8f292-c623-11e3-bf01-24c6515278c0.svcp_1-0-6.20150508.somatic.sv.vcf.gz.tbi", 
            "file_size": 3000, 
            "object_id": "91c6a189-4c06-5f80-9941-957b01efb619"
        }, 
        {
            "file_md5sum": "a309fc235d947515c28eb2558ec2184e", 
            "file_name": "30a8f292-c623-11e3-bf01-24c6515278c0.svcp_1-0-6.20150508.somatic.indel.vcf.gz", 
            "file_size": 48434011, 
            "object_id": "77fcf472-5226-56a0-883f-ee9ffd1190cb"
        }, 
        {
            "file_md5sum": "5295af483a1401634db323c83bcfb74a", 
            "file_name": "30a8f292-c623-11e3-bf01-24c6515278c0.svcp_1-0-6.20150508.somatic.indel.vcf.gz.tbi", 
            "file_size": 1483191, 
            "object_id": "9fe1a58d-0f79-5b30-8548-354b57d4febc"
        }, 
        {
            "file_md5sum": "3acc302819782ce5e38608993cc8ea3c", 
            "file_name": "30a8f292-c623-11e3-bf01-24c6515278c0.svcp_1-0-6.20150508.somatic.snv_mnv.tar.gz", 
            "file_size": 161909533, 
            "object_id": "03bff77a-0ab7-5d60-8e26-132cacb16910"
        }, 
        {
            "file_md5sum": "1fa23cd6b88ff5bc81f7cc341147bbdc", 
            "file_name": "30a8f292-c623-11e3-bf01-24c6515278c0.svcp_1-0-6.20150508.somatic.cnv.tar.gz", 
            "file_size": 27057364, 
            "object_id": "ca0bec58-6398-5f7c-b106-7ce40c6763ac"
        }, 
        {
            "file_md5sum": "66ed611d61df932d1b548c58d84f3099", 
            "file_name": "30a8f292-c623-11e3-bf01-24c6515278c0.svcp_1-0-6.20150508.somatic.sv.tar.gz", 
            "file_size": 5624918363, 
            "object_id": "3a542f80-126a-574a-aa0f-66f403a71806"
        }, 
        {
            "file_md5sum": "290abf02a42d1c6d14f41af649d0dd43", 
            "file_name": "30a8f292-c623-11e3-bf01-24c6515278c0.svcp_1-0-6.20150508.somatic.indel.tar.gz", 
            "file_size": 739050971,