{
    "_runs_": {
        "run_1449256500_98286d35-b24c-49d4-a4b2-9820777f0078": {
            "downloading": {
                "2ed46797-d3c2-4467-acb1-7167aa7178ca.xml-download_time": 14, 
                "2ed46797-d3c2-4467-acb1-7167aa7178ca.xml-md5sum_time": 0, 
                "a612b654-c622-11e3-bf01-24c6515278c0.svcp_1-0-5.20150421.somatic.binnedReadCounts.tar.gz-download_time": 20, 
                "a612b654-c622-11e3-bf01-24c6515278c0.svcp_1-0-5.20150421.somatic.binnedReadCounts.tar.gz-md5sum_time": 1, 
                "a612b654-c622-11e3-bf01-24c6515278c0.svcp_1-0-5.20150421.somatic.cnv.tar.gz-download_time": 15, 
                "a612b654-c622-11e3-bf01-24c6515278c0.svcp_1-0-5.20150421.somatic.cnv.tar.gz-md5sum_time": 0, 
                "a612b654-c622-11e3-bf01-24c6515278c0.svcp_1-0-5.20150421.somatic.cnv.vcf.gz-download_time": 13, 
                "a612b654-c622-11e3-bf01-24c6515278c0.svcp_1-0-5.20150421.somatic.cnv.vcf.gz-md5sum_time": 0, 
                "a612b654-c622-11e3-bf01-24c6515278c0.svcp_1-0-5.20150421.somatic.cnv.vcf.gz.tbi-download_time": 12, 
                "a612b654-c622-11e3-bf01-24c6515278c0.svcp_1-0-5.20150421.somatic.cnv.vcf.gz.tbi-md5sum_time": 0, 
                "a612b654-c622-11e3-bf01-24c6515278c0.svcp_1-0-5.20150421.somatic.genotype.tar.gz-download_time": 13, 
                "a612b654-c622-11e3-bf01-24c6515278c0.svcp_1-0-5.20150421.somatic.genotype.tar.gz-md5sum_time": 0, 
                "a612b654-c622-11e3-bf01-24c6515278c0.svcp_1-0-5.20150421.somatic.imputeCounts.tar.gz-download_time": 46, 
                "a612b654-c622-11e3-bf01-24c6515278c0.svcp_1-0-5.20150421.somatic.imputeCounts.tar.gz-md5sum_time": 2, 
                "a612b654-c622-11e3-bf01-24c6515278c0.svcp_1-0-5.20150421.somatic.indel.tar.gz-download_time": 65, 
                "a612b654-c622-11e3-bf01-24c6515278c0.svcp_1-0-5.20150421.somatic.indel.tar.gz-md5sum_time": 3, 
                "a612b654-c622-11e3-bf01-24c6515278c0.svcp_1-0-5.20150421.somatic.indel.vcf.gz-download_time": 17, 
                "a612b654-c622-11e3-bf01-24c6515278c0.svcp_1-0-5.20150421.somatic.indel.vcf.gz-md5sum_time": 1, 
                "a612b654-c622-11e3-bf01-24c6515278c0.svcp_1-0-5.20150421.somatic.indel.vcf.gz.tbi-download_time": 14, 
                "a612b654-c622-11e3-bf01-24c6515278c0.svcp_1-0-5.20150421.somatic.indel.vcf.gz.tbi-md5sum_time": 0, 
                "a612b654-c622-11e3-bf01-24c6515278c0.svcp_1-0-5.20150421.somatic.snv_mnv.tar.gz-download_time": 22, 
                "a612b654-c622-11e3-bf01-24c6515278c0.svcp_1-0-5.20150421.somatic.snv_mnv.tar.gz-md5sum_time": 1, 
                "a612b654-c622-11e3-bf01-24c6515278c0.svcp_1-0-5.20150421.somatic.snv_mnv.vcf.gz-download_time": 14, 
                "a612b654-c622-11e3-bf01-24c6515278c0.svcp_1-0-5.20150421.somatic.snv_mnv.vcf.gz-md5sum_time": 0, 
                "a612b654-c622-11e3-bf01-24c6515278c0.svcp_1-0-5.20150421.somatic.snv_mnv.vcf.gz.tbi-download_time": 13, 
                "a612b654-c622-11e3-bf01-24c6515278c0.svcp_1-0-5.20150421.somatic.snv_mnv.vcf.gz.tbi-md5sum_time": 0, 
                "a612b654-c622-11e3-bf01-24c6515278c0.svcp_1-0-5.20150421.somatic.sv.tar.gz-download_time": 1257, 
                "a612b654-c622-11e3-bf01-24c6515278c0.svcp_1-0-5.20150421.somatic.sv.tar.gz-md5sum_time": 157, 
                "a612b654-c622-11e3-bf01-24c6515278c0.svcp_1-0-5.20150421.somatic.sv.vcf.gz-download_time": 14, 
                "a612b654-c622-11e3-bf01-24c6515278c0.svcp_1-0-5.20150421.somatic.sv.vcf.gz-md5sum_time": 0, 
                "a612b654-c622-11e3-bf01-24c6515278c0.svcp_1-0-5.20150421.somatic.sv.vcf.gz.tbi-download_time": 12, 
                "a612b654-c622-11e3-bf01-24c6515278c0.svcp_1-0-5.20150421.somatic.sv.vcf.gz.tbi-md5sum_time": 0, 
                "a612b654-c622-11e3-bf01-24c6515278c0.svcp_1-0-5.20150421.somatic.verifyBamId.tar.gz-download_time": 13, 
                "a612b654-c622-11e3-bf01-24c6515278c0.svcp_1-0-5.20150421.somatic.verifyBamId.tar.gz-md5sum_time": 0, 
                "start": 1449287606, 
                "stop": 1449289346, 
                "time": 1740
            }
        }
    }, 
    "aliquot_id": null, 
    "available_repos": [
        {
            "https://gtrepo-riken.annailabs.com/": {
                "file_md5sum": "04f40b012a920c3087258b7f54648bdb", 
                "file_size": 59193
            }
        }
    ], 
    "data_type": "Sanger-VCF", 
    "files": [
        {
            "file_md5sum": "39eecb3e14c6ec5901cc224ef1522102", 
            "file_name": "a612b654-c622-11e3-bf01-24c6515278c0.svcp_1-0-5.20150421.somatic.snv_mnv.vcf.gz", 
            "file_size": 4605651, 
            "object_id": "922705f9-87d9-5595-88a1-18a9492d2f19"
        }, 
        {
            "file_md5sum": "24a1430c171436d12296312ff5cb8cb6", 
            "file_name": "a612b654-c622-11e3-bf01-24c6515278c0.svcp_1-0-5.20150421.somatic.snv_mnv.vcf.gz.tbi", 
            "file_size": 546198, 
            "object_id": "25e5bc30-8919-5529-995f-17abf8ea108a"
        }, 
        {
            "file_md5sum": "05e5fb847fe743ab2cb7090a3075cf0d", 
            "file_name": "a612b654-c622-11e3-bf01-24c6515278c0.svcp_1-0-5.20150421.somatic.cnv.vcf.gz", 
            "file_size": 9022, 
            "object_id": "34f49d20-bfb8-5606-81e9-34d96d077881"
        }, 
        {
            "file_md5sum": "bbe3987c728655d6ed72af3376ebbd8b", 
            "file_name": "a612b654-c622-11e3-bf01-24c6515278c0.svcp_1-0-5.20150421.somatic.cnv.vcf.gz.tbi", 
            "file_size": 8940, 
            "object_id": "c2a1a451-f2ff-55e8-af07-41f422ea8e16"
        }, 
        {
            "file_md5sum": "c0d8472787ef2543e9529f70bfea4068", 
            "file_name": "a612b654-c622-11e3-bf01-24c6515278c0.svcp_1-0-5.20150421.somatic.sv.vcf.gz", 
            "file_size": 10896, 
            "object_id": "7bc5e092-de1a-5906-9cfe-f876ccde5e7f"
        }, 
        {
            "file_md5sum": "3a490ea950fc6f8586950887db802c53", 
            "file_name": "a612b654-c622-11e3-bf01-24c6515278c0.svcp_1-0-5.20150421.somatic.sv.vcf.gz.tbi", 
            "file_size": 3582, 
            "object_id": "49f8c959-7000-5a79-a550-4c194ba86ec4"
        }, 
        {
            "file_md5sum": "964d0bd2491422e11661bec8ac8426bb", 
            "file_name": "a612b654-c622-11e3-bf01-24c6515278c0.svcp_1-0-5.20150421.somatic.indel.vcf.gz", 
            "file_size": 54997376, 
            "object_id": "51a0cd79-66bd-5c55-a05b-83ab370889f3"
        }, 
        {
            "file_md5sum": "454e3f6f512f207ff9018ae6d7bf0007", 
            "file_name": "a612b654-c622-11e3-bf01-24c6515278c0.svcp_1-0-5.20150421.somatic.indel.vcf.gz.tbi", 
            "file_size": 1511665, 
            "object_id": "6a00b1da-9168-5a8a-bad4-18a647f7bb45"
        }, 
        {
            "file_md5sum": "743aceb8ea7ab0e7c1f4a119bf9abecf", 
            "file_name": "a612b654-c622-11e3-bf01-24c6515278c0.svcp_1-0-5.20150421.somatic.snv_mnv.tar.gz", 
            "file_size": 164934662, 
            "object_id": "cd50d7d7-84f2-5307-8775-c1ea71983b71"
        }, 
        {
            "file_md5sum": "a2618b799bbcbaae94403384b0cea082", 
            "file_name": "a612b654-c622-11e3-bf01-24c6515278c0.svcp_1-0-5.20150421.somatic.cnv.tar.gz", 
            "file_size": 27319747, 
            "object_id": "fc706151-5642-5037-8f4a-0a71496ba97a"
        }, 
        {
            "file_md5sum": "d520e56245451def5e50188ef92a5ee9", 
            "file_name": "a612b654-c622-11e3-bf01-24c6515278c0.svcp_1-0-5.20150421.somatic.sv.tar.gz", 
            "file_size": 15695741020, 
            "object_id": "ec0564c4-6734-5680-a26d-2267ae455547"
        }, 
        {
            "file_md5sum": "47e5503ba0474b5b47cabc2936cf0858", 
            "file_name": "a612b654-c622-11e3-bf01-24c6515278c0.svcp_1-0-5.20150421.somatic.indel.tar.gz", 
            "file_size": 830448734,