{
    "_runs_": {
        "run_1449256569_76e81a59-4210-47e5-9370-3d9c27baa182": {
            "downloading": {
                "2f5f9a9e-e4e6-42de-8964-0e1db9cc0065.xml-download_time": 13, 
                "2f5f9a9e-e4e6-42de-8964-0e1db9cc0065.xml-md5sum_time": 0, 
                "b27b569a-2c79-4453-8a2d-41fd0b4dd28d.svcp_1-0-6.20150421.somatic.binnedReadCounts.tar.gz-download_time": 23, 
                "b27b569a-2c79-4453-8a2d-41fd0b4dd28d.svcp_1-0-6.20150421.somatic.binnedReadCounts.tar.gz-md5sum_time": 1, 
                "b27b569a-2c79-4453-8a2d-41fd0b4dd28d.svcp_1-0-6.20150421.somatic.cnv.tar.gz-download_time": 15, 
                "b27b569a-2c79-4453-8a2d-41fd0b4dd28d.svcp_1-0-6.20150421.somatic.cnv.tar.gz-md5sum_time": 1, 
                "b27b569a-2c79-4453-8a2d-41fd0b4dd28d.svcp_1-0-6.20150421.somatic.cnv.vcf.gz-download_time": 13, 
                "b27b569a-2c79-4453-8a2d-41fd0b4dd28d.svcp_1-0-6.20150421.somatic.cnv.vcf.gz-md5sum_time": 0, 
                "b27b569a-2c79-4453-8a2d-41fd0b4dd28d.svcp_1-0-6.20150421.somatic.cnv.vcf.gz.tbi-download_time": 14, 
                "b27b569a-2c79-4453-8a2d-41fd0b4dd28d.svcp_1-0-6.20150421.somatic.cnv.vcf.gz.tbi-md5sum_time": 0, 
                "b27b569a-2c79-4453-8a2d-41fd0b4dd28d.svcp_1-0-6.20150421.somatic.genotype.tar.gz-download_time": 13, 
                "b27b569a-2c79-4453-8a2d-41fd0b4dd28d.svcp_1-0-6.20150421.somatic.genotype.tar.gz-md5sum_time": 0, 
                "b27b569a-2c79-4453-8a2d-41fd0b4dd28d.svcp_1-0-6.20150421.somatic.imputeCounts.tar.gz-download_time": 42, 
                "b27b569a-2c79-4453-8a2d-41fd0b4dd28d.svcp_1-0-6.20150421.somatic.imputeCounts.tar.gz-md5sum_time": 2, 
                "b27b569a-2c79-4453-8a2d-41fd0b4dd28d.svcp_1-0-6.20150421.somatic.indel.tar.gz-download_time": 63, 
                "b27b569a-2c79-4453-8a2d-41fd0b4dd28d.svcp_1-0-6.20150421.somatic.indel.tar.gz-md5sum_time": 3, 
                "b27b569a-2c79-4453-8a2d-41fd0b4dd28d.svcp_1-0-6.20150421.somatic.indel.vcf.gz-download_time": 16, 
                "b27b569a-2c79-4453-8a2d-41fd0b4dd28d.svcp_1-0-6.20150421.somatic.indel.vcf.gz-md5sum_time": 0, 
                "b27b569a-2c79-4453-8a2d-41fd0b4dd28d.svcp_1-0-6.20150421.somatic.indel.vcf.gz.tbi-download_time": 15, 
                "b27b569a-2c79-4453-8a2d-41fd0b4dd28d.svcp_1-0-6.20150421.somatic.indel.vcf.gz.tbi-md5sum_time": 0, 
                "b27b569a-2c79-4453-8a2d-41fd0b4dd28d.svcp_1-0-6.20150421.somatic.snv_mnv.tar.gz-download_time": 23, 
                "b27b569a-2c79-4453-8a2d-41fd0b4dd28d.svcp_1-0-6.20150421.somatic.snv_mnv.tar.gz-md5sum_time": 0, 
                "b27b569a-2c79-4453-8a2d-41fd0b4dd28d.svcp_1-0-6.20150421.somatic.snv_mnv.vcf.gz-download_time": 15, 
                "b27b569a-2c79-4453-8a2d-41fd0b4dd28d.svcp_1-0-6.20150421.somatic.snv_mnv.vcf.gz-md5sum_time": 0, 
                "b27b569a-2c79-4453-8a2d-41fd0b4dd28d.svcp_1-0-6.20150421.somatic.snv_mnv.vcf.gz.tbi-download_time": 13, 
                "b27b569a-2c79-4453-8a2d-41fd0b4dd28d.svcp_1-0-6.20150421.somatic.snv_mnv.vcf.gz.tbi-md5sum_time": 0, 
                "b27b569a-2c79-4453-8a2d-41fd0b4dd28d.svcp_1-0-6.20150421.somatic.sv.tar.gz-download_time": 667, 
                "b27b569a-2c79-4453-8a2d-41fd0b4dd28d.svcp_1-0-6.20150421.somatic.sv.tar.gz-md5sum_time": 53, 
                "b27b569a-2c79-4453-8a2d-41fd0b4dd28d.svcp_1-0-6.20150421.somatic.sv.vcf.gz-download_time": 13, 
                "b27b569a-2c79-4453-8a2d-41fd0b4dd28d.svcp_1-0-6.20150421.somatic.sv.vcf.gz-md5sum_time": 0, 
                "b27b569a-2c79-4453-8a2d-41fd0b4dd28d.svcp_1-0-6.20150421.somatic.sv.vcf.gz.tbi-download_time": 14, 
                "b27b569a-2c79-4453-8a2d-41fd0b4dd28d.svcp_1-0-6.20150421.somatic.sv.vcf.gz.tbi-md5sum_time": 0, 
                "b27b569a-2c79-4453-8a2d-41fd0b4dd28d.svcp_1-0-6.20150421.somatic.verifyBamId.tar.gz-download_time": 14, 
                "b27b569a-2c79-4453-8a2d-41fd0b4dd28d.svcp_1-0-6.20150421.somatic.verifyBamId.tar.gz-md5sum_time": 0, 
                "start": 1449288076, 
                "stop": 1449289123, 
                "time": 1047
            }
        }
    }, 
    "aliquot_id": null, 
    "available_repos": [
        {
            "https://gtrepo-osdc-icgc.annailabs.com/": {
                "file_md5sum": "f049c56ad1d1630baf8f1fd937ab8b95", 
                "file_size": 59178
            }
        }
    ], 
    "data_type": "Sanger-VCF", 
    "files": [
        {
            "file_md5sum": "74ddf63b5260c8594fdf0cfc9b9120e8", 
            "file_name": "b27b569a-2c79-4453-8a2d-41fd0b4dd28d.svcp_1-0-6.20150421.somatic.snv_mnv.vcf.gz", 
            "file_size": 3034118, 
            "object_id": "f49d4dc6-3a84-5970-a7e5-03e1fe841e56"
        }, 
        {
            "file_md5sum": "d623c1d172fe32602c02e0851051c1e7", 
            "file_name": "b27b569a-2c79-4453-8a2d-41fd0b4dd28d.svcp_1-0-6.20150421.somatic.snv_mnv.vcf.gz.tbi", 
            "file_size": 424193, 
            "object_id": "b24b7eab-ddec-55c4-8dea-6f0458fa6792"
        }, 
        {
            "file_md5sum": "55f7afbb54427b6df4dacc9e0574245c", 
            "file_name": "b27b569a-2c79-4453-8a2d-41fd0b4dd28d.svcp_1-0-6.20150421.somatic.cnv.vcf.gz", 
            "file_size": 2480, 
            "object_id": "d3c163fa-72d3-52c0-a7fa-abbfc69d3951"
        }, 
        {
            "file_md5sum": "39d69fa926737e0f64215017b625e5cb", 
            "file_name": "b27b569a-2c79-4453-8a2d-41fd0b4dd28d.svcp_1-0-6.20150421.somatic.cnv.vcf.gz.tbi", 
            "file_size": 4533, 
            "object_id": "34d448e5-baf2-50bc-be12-ad4424cf0257"
        }, 
        {
            "file_md5sum": "7b64fe99fb1d4448e374b67546c54f56", 
            "file_name": "b27b569a-2c79-4453-8a2d-41fd0b4dd28d.svcp_1-0-6.20150421.somatic.sv.vcf.gz", 
            "file_size": 6647, 
            "object_id": "74406e52-4382-5b49-9ace-43b63f31b6b0"
        }, 
        {
            "file_md5sum": "fd8a56f17b3ffc69b5e9c2964b0579dc", 
            "file_name": "b27b569a-2c79-4453-8a2d-41fd0b4dd28d.svcp_1-0-6.20150421.somatic.sv.vcf.gz.tbi", 
            "file_size": 1070, 
            "object_id": "7c393ebb-2d65-5a6a-bb91-5167e9e8bc76"
        }, 
        {
            "file_md5sum": "8f4170b9afe2ba7c9a9922d0613c1ede", 
            "file_name": "b27b569a-2c79-4453-8a2d-41fd0b4dd28d.svcp_1-0-6.20150421.somatic.indel.vcf.gz", 
            "file_size": 50781016, 
            "object_id": "70c433ed-de67-5268-8e11-ef52716425b2"
        }, 
        {
            "file_md5sum": "212b9f00a1c70e49d6895711f750c3ad", 
            "file_name": "b27b569a-2c79-4453-8a2d-41fd0b4dd28d.svcp_1-0-6.20150421.somatic.indel.vcf.gz.tbi", 
            "file_size": 1488347, 
            "object_id": "a37203c2-8f7a-5549-b9cd-8e781ce1b428"
        }, 
        {
            "file_md5sum": "02ebeaaad6950d736d383fe2e7ad9af0", 
            "file_name": "b27b569a-2c79-4453-8a2d-41fd0b4dd28d.svcp_1-0-6.20150421.somatic.snv_mnv.tar.gz", 
            "file_size": 168547339, 
            "object_id": "bcb0d716-a204-57ed-b490-2ace02588cf1"
        }, 
        {
            "file_md5sum": "cb688e48dc9315b3eabd4afc04243ec6", 
            "file_name": "b27b569a-2c79-4453-8a2d-41fd0b4dd28d.svcp_1-0-6.20150421.somatic.cnv.tar.gz", 
            "file_size": 26930542, 
            "object_id": "761ee423-ebd9-5ef8-a576-748350787a82"
        }, 
        {
            "file_md5sum": "6e6a458058df1e46301a98b2f92dd18c", 
            "file_name": "b27b569a-2c79-4453-8a2d-41fd0b4dd28d.svcp_1-0-6.20150421.somatic.sv.tar.gz", 
            "file_size": 7782882446, 
            "object_id": "e9eb5769-e1ef-53b3-8ec9-b41373909573"
        }, 
        {
            "file_md5sum": "e58ec422e51bc35fca3efe32b1284e40", 
            "file_name": "b27b569a-2c79-4453-8a2d-41fd0b4dd28d.svcp_1-0-6.20150421.somatic.indel.tar.gz", 
            "file_size": 846015630,