{
    "_runs_": {
        "run_1449000763_ae650bf1-f1f8-4c7f-8690-88bb5e487976": {
            "downloading": {
                "gnos-download_time": 269, 
                "start": 1449025196, 
                "stop": 1449025466, 
                "time": 270
            }, 
            "uploading": {
                "copy_meta_time": 1, 
                "start": 1449025475, 
                "stop": 1449025626, 
                "time": 151, 
                "upload_time": 149
            }
        }, 
        "run_1449256500_98286d35-b24c-49d4-a4b2-9820777f0078": {
            "downloading": {
                "1193a9c4-5aab-4cd7-a690-60c96bd1172d.svcp_1-0-4.20150125.somatic.binnedReadCounts.tar.gz-download_time": 21, 
                "1193a9c4-5aab-4cd7-a690-60c96bd1172d.svcp_1-0-4.20150125.somatic.binnedReadCounts.tar.gz-md5sum_time": 1, 
                "1193a9c4-5aab-4cd7-a690-60c96bd1172d.svcp_1-0-4.20150125.somatic.cnv.tar.gz-download_time": 15, 
                "1193a9c4-5aab-4cd7-a690-60c96bd1172d.svcp_1-0-4.20150125.somatic.cnv.tar.gz-md5sum_time": 0, 
                "1193a9c4-5aab-4cd7-a690-60c96bd1172d.svcp_1-0-4.20150125.somatic.cnv.vcf.gz-download_time": 14, 
                "1193a9c4-5aab-4cd7-a690-60c96bd1172d.svcp_1-0-4.20150125.somatic.cnv.vcf.gz-md5sum_time": 0, 
                "1193a9c4-5aab-4cd7-a690-60c96bd1172d.svcp_1-0-4.20150125.somatic.cnv.vcf.gz.tbi-download_time": 13, 
                "1193a9c4-5aab-4cd7-a690-60c96bd1172d.svcp_1-0-4.20150125.somatic.cnv.vcf.gz.tbi-md5sum_time": 0, 
                "1193a9c4-5aab-4cd7-a690-60c96bd1172d.svcp_1-0-4.20150125.somatic.genotype.tar.gz-download_time": 12, 
                "1193a9c4-5aab-4cd7-a690-60c96bd1172d.svcp_1-0-4.20150125.somatic.genotype.tar.gz-md5sum_time": 0, 
                "1193a9c4-5aab-4cd7-a690-60c96bd1172d.svcp_1-0-4.20150125.somatic.imputeCounts.tar.gz-download_time": 39, 
                "1193a9c4-5aab-4cd7-a690-60c96bd1172d.svcp_1-0-4.20150125.somatic.imputeCounts.tar.gz-md5sum_time": 2, 
                "1193a9c4-5aab-4cd7-a690-60c96bd1172d.svcp_1-0-4.20150125.somatic.indel.tar.gz-download_time": 55, 
                "1193a9c4-5aab-4cd7-a690-60c96bd1172d.svcp_1-0-4.20150125.somatic.indel.tar.gz-md5sum_time": 3, 
                "1193a9c4-5aab-4cd7-a690-60c96bd1172d.svcp_1-0-4.20150125.somatic.indel.vcf.gz-download_time": 16, 
                "1193a9c4-5aab-4cd7-a690-60c96bd1172d.svcp_1-0-4.20150125.somatic.indel.vcf.gz-md5sum_time": 0, 
                "1193a9c4-5aab-4cd7-a690-60c96bd1172d.svcp_1-0-4.20150125.somatic.indel.vcf.gz.tbi-download_time": 13, 
                "1193a9c4-5aab-4cd7-a690-60c96bd1172d.svcp_1-0-4.20150125.somatic.indel.vcf.gz.tbi-md5sum_time": 0, 
                "1193a9c4-5aab-4cd7-a690-60c96bd1172d.svcp_1-0-4.20150125.somatic.snv_mnv.tar.gz-download_time": 22, 
                "1193a9c4-5aab-4cd7-a690-60c96bd1172d.svcp_1-0-4.20150125.somatic.snv_mnv.tar.gz-md5sum_time": 1, 
                "1193a9c4-5aab-4cd7-a690-60c96bd1172d.svcp_1-0-4.20150125.somatic.snv_mnv.vcf.gz-download_time": 13, 
                "1193a9c4-5aab-4cd7-a690-60c96bd1172d.svcp_1-0-4.20150125.somatic.snv_mnv.vcf.gz-md5sum_time": 0, 
                "1193a9c4-5aab-4cd7-a690-60c96bd1172d.svcp_1-0-4.20150125.somatic.snv_mnv.vcf.gz.tbi-download_time": 12, 
                "1193a9c4-5aab-4cd7-a690-60c96bd1172d.svcp_1-0-4.20150125.somatic.snv_mnv.vcf.gz.tbi-md5sum_time": 0, 
                "1193a9c4-5aab-4cd7-a690-60c96bd1172d.svcp_1-0-4.20150125.somatic.sv.tar.gz-download_time": 142, 
                "1193a9c4-5aab-4cd7-a690-60c96bd1172d.svcp_1-0-4.20150125.somatic.sv.tar.gz-md5sum_time": 9, 
                "1193a9c4-5aab-4cd7-a690-60c96bd1172d.svcp_1-0-4.20150125.somatic.sv.vcf.gz-download_time": 12, 
                "1193a9c4-5aab-4cd7-a690-60c96bd1172d.svcp_1-0-4.20150125.somatic.sv.vcf.gz-md5sum_time": 0, 
                "1193a9c4-5aab-4cd7-a690-60c96bd1172d.svcp_1-0-4.20150125.somatic.sv.vcf.gz.tbi-download_time": 13, 
                "1193a9c4-5aab-4cd7-a690-60c96bd1172d.svcp_1-0-4.20150125.somatic.sv.vcf.gz.tbi-md5sum_time": 0, 
                "1193a9c4-5aab-4cd7-a690-60c96bd1172d.svcp_1-0-4.20150125.somatic.verifyBamId.tar.gz-download_time": 13, 
                "1193a9c4-5aab-4cd7-a690-60c96bd1172d.svcp_1-0-4.20150125.somatic.verifyBamId.tar.gz-md5sum_time": 0, 
                "31a0a23c-a861-11e4-b1c3-7af52f50cfbc.xml-download_time": 12, 
                "31a0a23c-a861-11e4-b1c3-7af52f50cfbc.xml-md5sum_time": 0, 
                "start": 1449290672, 
                "stop": 1449291126, 
                "time": 454
            }
        }
    }, 
    "aliquot_id": null, 
    "available_repos": [
        {
            "https://gtrepo-bsc.annailabs.com/": {
                "file_md5sum": "287420f2f6f2ac9b3ba3d0f0a9735068", 
                "file_size": 59658
            }
        }
    ], 
    "data_type": "Sanger-VCF", 
    "files": [
        {
            "file_md5sum": "07fa8ab8d5a208271bca8c8f884af769", 
            "file_name": "1193a9c4-5aab-4cd7-a690-60c96bd1172d.svcp_1-0-4.20150125.somatic.snv_mnv.vcf.gz", 
            "file_size": 846052, 
            "object_id": "3a3df417-24bd-569b-bd30-142adc957824"
        }, 
        {
            "file_md5sum": "4d34cf0082b855cc416882cbba25ef46", 
            "file_name": "1193a9c4-5aab-4cd7-a690-60c96bd1172d.svcp_1-0-4.20150125.somatic.snv_mnv.vcf.gz.tbi", 
            "file_size": 171221, 
            "object_id": "f19bbaaa-e571-5ae3-9f4b-741e06fa2ea0"
        }, 
        {
            "file_md5sum": "59cbbe496b914332378151eb4a1ab968", 
            "file_name": "1193a9c4-5aab-4cd7-a690-60c96bd1172d.svcp_1-0-4.20150125.somatic.cnv.vcf.gz", 
            "file_size": 2012, 
            "object_id": "8a70de22-b120-5d67-8124-8c3bcd8f922a"
        }, 
        {
            "file_md5sum": "0cf68c9fcde5a8f32228e7399d9a4089", 
            "file_name": "1193a9c4-5aab-4cd7-a690-60c96bd1172d.svcp_1-0-4.20150125.somatic.cnv.vcf.gz.tbi", 
            "file_size": 4167, 
            "object_id": "a5f1008e-a50f-5e92-a47a-569d2e63c434"
        }, 
        {
            "file_md5sum": "7d7a60fa00b2aa3e236a785afbb4c5e3", 
            "file_name": "1193a9c4-5aab-4cd7-a690-60c96bd1172d.svcp_1-0-4.20150125.somatic.sv.vcf.gz", 
            "file_size": 3488, 
            "object_id": "3de08c7b-7978-522a-8a7d-41a819b86eff"
        }, 
        {
            "file_md5sum": "fa5e358edc26d08a3db47e20df406c15", 
            "file_name": "1193a9c4-5aab-4cd7-a690-60c96bd1172d.svcp_1-0-4.20150125.somatic.sv.vcf.gz.tbi", 
            "file_size": 638, 
            "object_id": "f9e33fc2-cec7-5ad0-9c5b-3f14e145af48"
        }, 
        {
            "file_md5sum": "29f29a8a0b0f349fdb2e951d9618b78b", 
            "file_name": "1193a9c4-5aab-4cd7-a690-60c96bd1172d.svcp_1-0-4.20150125.somatic.indel.vcf.gz", 
            "file_size": 42066910, 
            "object_id": "20bee247-3192-5bc3-a037-9ff1e53d3228"
        }, 
        {
            "file_md5sum": "70b394ad51e9b4a9271e16ba84c571eb", 
            "file_name": "1193a9c4-5aab-4cd7-a690-60c96bd1172d.svcp_1-0-4.20150125.somatic.indel.vcf.gz.tbi", 
            "file_size": 1433801, 
            "object_id": "ebb46a46-c845-5aef-bb03-755d359f93cd"
        }, 
        {
            "file_md5sum": "3ea45b7aee7e62540605ea248b057104", 
            "file_name": "1193a9c4-5aab-4cd7-a690-60c96bd1172d.svcp_1-0-4.20150125.somatic.snv_mnv.tar.gz", 
            "file_size": 151301047, 
            "object_id": "ac58a034-8316-5c56-8a2b-5505b7de6d25"
        }, 
        {
            "file_md5sum": "8e7293eea040ee11092f3376727b1b2b", 
            "file_name": "1193a9c4-5aab-4cd7-a690-60c96bd1172d.svcp_1-0-4.20150125.somatic.cnv.tar.gz", 
            "file_size": 26488345, 
            "object_id": "b4085227-0013-5dcc-8150-5723c9b669d0"
        }, 
        {
            "file_md5sum": "ee8f3ae3bf04871c2882481d8810cec8",