{
    "_runs_": {
        "run_1449256082_1952fd1a-a01c-401b-a592-79b18b22a57e": {
            "downloading": {
                "31c409f1-20f5-4f33-b491-9af35231c0de.xml-download_time": 13, 
                "31c409f1-20f5-4f33-b491-9af35231c0de.xml-md5sum_time": 0, 
                "c5ad7238-c622-11e3-bf01-24c6515278c0.svcp_1-0-5.20150424.somatic.binnedReadCounts.tar.gz-download_time": 23, 
                "c5ad7238-c622-11e3-bf01-24c6515278c0.svcp_1-0-5.20150424.somatic.binnedReadCounts.tar.gz-md5sum_time": 0, 
                "c5ad7238-c622-11e3-bf01-24c6515278c0.svcp_1-0-5.20150424.somatic.cnv.tar.gz-download_time": 16, 
                "c5ad7238-c622-11e3-bf01-24c6515278c0.svcp_1-0-5.20150424.somatic.cnv.tar.gz-md5sum_time": 0, 
                "c5ad7238-c622-11e3-bf01-24c6515278c0.svcp_1-0-5.20150424.somatic.cnv.vcf.gz-download_time": 15, 
                "c5ad7238-c622-11e3-bf01-24c6515278c0.svcp_1-0-5.20150424.somatic.cnv.vcf.gz-md5sum_time": 0, 
                "c5ad7238-c622-11e3-bf01-24c6515278c0.svcp_1-0-5.20150424.somatic.cnv.vcf.gz.tbi-download_time": 12, 
                "c5ad7238-c622-11e3-bf01-24c6515278c0.svcp_1-0-5.20150424.somatic.cnv.vcf.gz.tbi-md5sum_time": 0, 
                "c5ad7238-c622-11e3-bf01-24c6515278c0.svcp_1-0-5.20150424.somatic.genotype.tar.gz-download_time": 14, 
                "c5ad7238-c622-11e3-bf01-24c6515278c0.svcp_1-0-5.20150424.somatic.genotype.tar.gz-md5sum_time": 0, 
                "c5ad7238-c622-11e3-bf01-24c6515278c0.svcp_1-0-5.20150424.somatic.imputeCounts.tar.gz-download_time": 40, 
                "c5ad7238-c622-11e3-bf01-24c6515278c0.svcp_1-0-5.20150424.somatic.imputeCounts.tar.gz-md5sum_time": 1, 
                "c5ad7238-c622-11e3-bf01-24c6515278c0.svcp_1-0-5.20150424.somatic.indel.tar.gz-download_time": 53, 
                "c5ad7238-c622-11e3-bf01-24c6515278c0.svcp_1-0-5.20150424.somatic.indel.tar.gz-md5sum_time": 3, 
                "c5ad7238-c622-11e3-bf01-24c6515278c0.svcp_1-0-5.20150424.somatic.indel.vcf.gz-download_time": 18, 
                "c5ad7238-c622-11e3-bf01-24c6515278c0.svcp_1-0-5.20150424.somatic.indel.vcf.gz-md5sum_time": 0, 
                "c5ad7238-c622-11e3-bf01-24c6515278c0.svcp_1-0-5.20150424.somatic.indel.vcf.gz.tbi-download_time": 14, 
                "c5ad7238-c622-11e3-bf01-24c6515278c0.svcp_1-0-5.20150424.somatic.indel.vcf.gz.tbi-md5sum_time": 0, 
                "c5ad7238-c622-11e3-bf01-24c6515278c0.svcp_1-0-5.20150424.somatic.snv_mnv.tar.gz-download_time": 24, 
                "c5ad7238-c622-11e3-bf01-24c6515278c0.svcp_1-0-5.20150424.somatic.snv_mnv.tar.gz-md5sum_time": 0, 
                "c5ad7238-c622-11e3-bf01-24c6515278c0.svcp_1-0-5.20150424.somatic.snv_mnv.vcf.gz-download_time": 14, 
                "c5ad7238-c622-11e3-bf01-24c6515278c0.svcp_1-0-5.20150424.somatic.snv_mnv.vcf.gz-md5sum_time": 0, 
                "c5ad7238-c622-11e3-bf01-24c6515278c0.svcp_1-0-5.20150424.somatic.snv_mnv.vcf.gz.tbi-download_time": 13, 
                "c5ad7238-c622-11e3-bf01-24c6515278c0.svcp_1-0-5.20150424.somatic.snv_mnv.vcf.gz.tbi-md5sum_time": 0, 
                "c5ad7238-c622-11e3-bf01-24c6515278c0.svcp_1-0-5.20150424.somatic.sv.tar.gz-download_time": 933, 
                "c5ad7238-c622-11e3-bf01-24c6515278c0.svcp_1-0-5.20150424.somatic.sv.tar.gz-md5sum_time": 89, 
                "c5ad7238-c622-11e3-bf01-24c6515278c0.svcp_1-0-5.20150424.somatic.sv.vcf.gz-download_time": 13, 
                "c5ad7238-c622-11e3-bf01-24c6515278c0.svcp_1-0-5.20150424.somatic.sv.vcf.gz-md5sum_time": 0, 
                "c5ad7238-c622-11e3-bf01-24c6515278c0.svcp_1-0-5.20150424.somatic.sv.vcf.gz.tbi-download_time": 14, 
                "c5ad7238-c622-11e3-bf01-24c6515278c0.svcp_1-0-5.20150424.somatic.sv.vcf.gz.tbi-md5sum_time": 0, 
                "c5ad7238-c622-11e3-bf01-24c6515278c0.svcp_1-0-5.20150424.somatic.verifyBamId.tar.gz-download_time": 13, 
                "c5ad7238-c622-11e3-bf01-24c6515278c0.svcp_1-0-5.20150424.somatic.verifyBamId.tar.gz-md5sum_time": 1, 
                "start": 1449290953, 
                "stop": 1449292290, 
                "time": 1337
            }
        }
    }, 
    "aliquot_id": null, 
    "available_repos": [
        {
            "https://gtrepo-riken.annailabs.com/": {
                "file_md5sum": "1ba0c9b221b2af1a006e72c56bc27a29", 
                "file_size": 59531
            }
        }
    ], 
    "data_type": "Sanger-VCF", 
    "files": [
        {
            "file_md5sum": "9f3d32400b08e8c5017e2c2cafc5d6e5", 
            "file_name": "c5ad7238-c622-11e3-bf01-24c6515278c0.svcp_1-0-5.20150424.somatic.snv_mnv.vcf.gz", 
            "file_size": 2178800, 
            "object_id": "af0b8b05-cd98-58bb-82dd-15b6c5acba84"
        }, 
        {
            "file_md5sum": "7f66c2cfd2a8b1e54ad5289269383e3c", 
            "file_name": "c5ad7238-c622-11e3-bf01-24c6515278c0.svcp_1-0-5.20150424.somatic.snv_mnv.vcf.gz.tbi", 
            "file_size": 363259, 
            "object_id": "3911a5b3-ffcc-5329-b37f-ee469e355c63"
        }, 
        {
            "file_md5sum": "25252ec4cf1828b68830afe912632d38", 
            "file_name": "c5ad7238-c622-11e3-bf01-24c6515278c0.svcp_1-0-5.20150424.somatic.cnv.vcf.gz", 
            "file_size": 9643, 
            "object_id": "c68da0e6-c428-548e-b651-087ba9767e75"
        }, 
        {
            "file_md5sum": "486aa1839fdfdd56def0a1c2995e8daf", 
            "file_name": "c5ad7238-c622-11e3-bf01-24c6515278c0.svcp_1-0-5.20150424.somatic.cnv.vcf.gz.tbi", 
            "file_size": 9662, 
            "object_id": "9b46d896-3e42-5cd9-8910-2ec2966e6ee3"
        }, 
        {
            "file_md5sum": "b4aa690868f2bb4d68173ea457930227", 
            "file_name": "c5ad7238-c622-11e3-bf01-24c6515278c0.svcp_1-0-5.20150424.somatic.sv.vcf.gz", 
            "file_size": 140785, 
            "object_id": "b542dda4-9112-5214-9221-e801e67c6a74"
        }, 
        {
            "file_md5sum": "a95c2fac9f9a34a1d221eed00bed0dff", 
            "file_name": "c5ad7238-c622-11e3-bf01-24c6515278c0.svcp_1-0-5.20150424.somatic.sv.vcf.gz.tbi", 
            "file_size": 12233, 
            "object_id": "88b7b889-e058-53bc-96a6-bd099597c0c0"
        }, 
        {
            "file_md5sum": "289e8a23fc39725fd3ecd6e850364677", 
            "file_name": "c5ad7238-c622-11e3-bf01-24c6515278c0.svcp_1-0-5.20150424.somatic.indel.vcf.gz", 
            "file_size": 44816027, 
            "object_id": "4af221cd-2524-5d37-af71-a400fb0a0404"
        }, 
        {
            "file_md5sum": "c2f3a0aea2fe73e22f83979b3728195f", 
            "file_name": "c5ad7238-c622-11e3-bf01-24c6515278c0.svcp_1-0-5.20150424.somatic.indel.vcf.gz.tbi", 
            "file_size": 1453269, 
            "object_id": "c617ad78-725c-5ebe-948d-7fc7f9e9e6d3"
        }, 
        {
            "file_md5sum": "86adc34845f903cfaabc1c0047c0e48f", 
            "file_name": "c5ad7238-c622-11e3-bf01-24c6515278c0.svcp_1-0-5.20150424.somatic.snv_mnv.tar.gz", 
            "file_size": 157896342, 
            "object_id": "d62b6378-cefc-572e-bedc-ff3e4588c939"
        }, 
        {
            "file_md5sum": "c41fc7e78421e86fa8f9482febe88600", 
            "file_name": "c5ad7238-c622-11e3-bf01-24c6515278c0.svcp_1-0-5.20150424.somatic.cnv.tar.gz", 
            "file_size": 27240721, 
            "object_id": "bbceb37e-3f66-51d1-a675-7bca6718aeed"
        }, 
        {
            "file_md5sum": "c4ff18369e28fb0a21b6a951e9f07eb2", 
            "file_name": "c5ad7238-c622-11e3-bf01-24c6515278c0.svcp_1-0-5.20150424.somatic.sv.tar.gz", 
            "file_size": 12005970016, 
            "object_id": "7a4ff104-b417-5455-8c7b-c0dc948a0d2f"
        }, 
        {
            "file_md5sum": "5075dedda183a2c7c39cdace8b960c17", 
            "file_name": "c5ad7238-c622-11e3-bf01-24c6515278c0.svcp_1-0-5.20150424.somatic.indel.tar.gz", 
            "file_size": 612952348,