{
    "_runs_": {
        "run_1449256291_854cc1de-1a8d-4120-b9ce-5b1f48d14ccc": {
            "downloading": {
                "31f766fa-f1b0-4544-af45-7c47420037b0.xml-download_time": 14, 
                "31f766fa-f1b0-4544-af45-7c47420037b0.xml-md5sum_time": 0, 
                "7fdd07a4-4a27-40c3-af92-a0074e6391f5.svcp_1-0-4.20150210.somatic.binnedReadCounts.tar.gz-download_time": 20, 
                "7fdd07a4-4a27-40c3-af92-a0074e6391f5.svcp_1-0-4.20150210.somatic.binnedReadCounts.tar.gz-md5sum_time": 0, 
                "7fdd07a4-4a27-40c3-af92-a0074e6391f5.svcp_1-0-4.20150210.somatic.cnv.tar.gz-download_time": 15, 
                "7fdd07a4-4a27-40c3-af92-a0074e6391f5.svcp_1-0-4.20150210.somatic.cnv.tar.gz-md5sum_time": 1, 
                "7fdd07a4-4a27-40c3-af92-a0074e6391f5.svcp_1-0-4.20150210.somatic.cnv.vcf.gz-download_time": 14, 
                "7fdd07a4-4a27-40c3-af92-a0074e6391f5.svcp_1-0-4.20150210.somatic.cnv.vcf.gz-md5sum_time": 0, 
                "7fdd07a4-4a27-40c3-af92-a0074e6391f5.svcp_1-0-4.20150210.somatic.cnv.vcf.gz.tbi-download_time": 14, 
                "7fdd07a4-4a27-40c3-af92-a0074e6391f5.svcp_1-0-4.20150210.somatic.cnv.vcf.gz.tbi-md5sum_time": 0, 
                "7fdd07a4-4a27-40c3-af92-a0074e6391f5.svcp_1-0-4.20150210.somatic.genotype.tar.gz-download_time": 13, 
                "7fdd07a4-4a27-40c3-af92-a0074e6391f5.svcp_1-0-4.20150210.somatic.genotype.tar.gz-md5sum_time": 0, 
                "7fdd07a4-4a27-40c3-af92-a0074e6391f5.svcp_1-0-4.20150210.somatic.imputeCounts.tar.gz-download_time": 42, 
                "7fdd07a4-4a27-40c3-af92-a0074e6391f5.svcp_1-0-4.20150210.somatic.imputeCounts.tar.gz-md5sum_time": 2, 
                "7fdd07a4-4a27-40c3-af92-a0074e6391f5.svcp_1-0-4.20150210.somatic.indel.tar.gz-download_time": 66, 
                "7fdd07a4-4a27-40c3-af92-a0074e6391f5.svcp_1-0-4.20150210.somatic.indel.tar.gz-md5sum_time": 3, 
                "7fdd07a4-4a27-40c3-af92-a0074e6391f5.svcp_1-0-4.20150210.somatic.indel.vcf.gz-download_time": 17, 
                "7fdd07a4-4a27-40c3-af92-a0074e6391f5.svcp_1-0-4.20150210.somatic.indel.vcf.gz-md5sum_time": 0, 
                "7fdd07a4-4a27-40c3-af92-a0074e6391f5.svcp_1-0-4.20150210.somatic.indel.vcf.gz.tbi-download_time": 13, 
                "7fdd07a4-4a27-40c3-af92-a0074e6391f5.svcp_1-0-4.20150210.somatic.indel.vcf.gz.tbi-md5sum_time": 0, 
                "7fdd07a4-4a27-40c3-af92-a0074e6391f5.svcp_1-0-4.20150210.somatic.snv_mnv.tar.gz-download_time": 23, 
                "7fdd07a4-4a27-40c3-af92-a0074e6391f5.svcp_1-0-4.20150210.somatic.snv_mnv.tar.gz-md5sum_time": 0, 
                "7fdd07a4-4a27-40c3-af92-a0074e6391f5.svcp_1-0-4.20150210.somatic.snv_mnv.vcf.gz-download_time": 13, 
                "7fdd07a4-4a27-40c3-af92-a0074e6391f5.svcp_1-0-4.20150210.somatic.snv_mnv.vcf.gz-md5sum_time": 0, 
                "7fdd07a4-4a27-40c3-af92-a0074e6391f5.svcp_1-0-4.20150210.somatic.snv_mnv.vcf.gz.tbi-download_time": 13, 
                "7fdd07a4-4a27-40c3-af92-a0074e6391f5.svcp_1-0-4.20150210.somatic.snv_mnv.vcf.gz.tbi-md5sum_time": 0, 
                "7fdd07a4-4a27-40c3-af92-a0074e6391f5.svcp_1-0-4.20150210.somatic.sv.tar.gz-download_time": 108, 
                "7fdd07a4-4a27-40c3-af92-a0074e6391f5.svcp_1-0-4.20150210.somatic.sv.tar.gz-md5sum_time": 7, 
                "7fdd07a4-4a27-40c3-af92-a0074e6391f5.svcp_1-0-4.20150210.somatic.sv.vcf.gz-download_time": 13, 
                "7fdd07a4-4a27-40c3-af92-a0074e6391f5.svcp_1-0-4.20150210.somatic.sv.vcf.gz-md5sum_time": 0, 
                "7fdd07a4-4a27-40c3-af92-a0074e6391f5.svcp_1-0-4.20150210.somatic.sv.vcf.gz.tbi-download_time": 13, 
                "7fdd07a4-4a27-40c3-af92-a0074e6391f5.svcp_1-0-4.20150210.somatic.sv.vcf.gz.tbi-md5sum_time": 0, 
                "7fdd07a4-4a27-40c3-af92-a0074e6391f5.svcp_1-0-4.20150210.somatic.verifyBamId.tar.gz-download_time": 15, 
                "7fdd07a4-4a27-40c3-af92-a0074e6391f5.svcp_1-0-4.20150210.somatic.verifyBamId.tar.gz-md5sum_time": 0, 
                "start": 1449291096, 
                "stop": 1449291536, 
                "time": 440
            }
        }
    }, 
    "aliquot_id": null, 
    "available_repos": [
        {
            "https://gtrepo-osdc-icgc.annailabs.com/": {
                "file_md5sum": "79be09ff33f2461b3725e203ad28fce8", 
                "file_size": 58574
            }
        }
    ], 
    "data_type": "Sanger-VCF", 
    "files": [
        {
            "file_md5sum": "1744fb4d550414f5e6161b0d706867dc", 
            "file_name": "7fdd07a4-4a27-40c3-af92-a0074e6391f5.svcp_1-0-4.20150210.somatic.snv_mnv.vcf.gz", 
            "file_size": 2794274, 
            "object_id": "39c60356-5794-5da1-a077-709d2239f3b7"
        }, 
        {
            "file_md5sum": "48bb661adade02ad5e095cf14eec6ef8", 
            "file_name": "7fdd07a4-4a27-40c3-af92-a0074e6391f5.svcp_1-0-4.20150210.somatic.snv_mnv.vcf.gz.tbi", 
            "file_size": 377079, 
            "object_id": "c27f8f94-774f-51e9-81e2-4cb9a9043627"
        }, 
        {
            "file_md5sum": "9c2fef44aaedc7657f1c3f418c70536d", 
            "file_name": "7fdd07a4-4a27-40c3-af92-a0074e6391f5.svcp_1-0-4.20150210.somatic.cnv.vcf.gz", 
            "file_size": 2984, 
            "object_id": "21efce07-4048-5acc-b42c-1f24c54f9486"
        }, 
        {
            "file_md5sum": "d07c8343c49ce6734130761d4283a476", 
            "file_name": "7fdd07a4-4a27-40c3-af92-a0074e6391f5.svcp_1-0-4.20150210.somatic.cnv.vcf.gz.tbi", 
            "file_size": 4841, 
            "object_id": "47e39869-13ae-5b24-b6e6-99b7974bdce3"
        }, 
        {
            "file_md5sum": "c4e130c8ed946260a85c30cb2abd2d99", 
            "file_name": "7fdd07a4-4a27-40c3-af92-a0074e6391f5.svcp_1-0-4.20150210.somatic.sv.vcf.gz", 
            "file_size": 12129, 
            "object_id": "55ad0030-4baa-5d77-828f-ee9adfb9b06e"
        }, 
        {
            "file_md5sum": "52803564a681268ec1fec6bec1118db6", 
            "file_name": "7fdd07a4-4a27-40c3-af92-a0074e6391f5.svcp_1-0-4.20150210.somatic.sv.vcf.gz.tbi", 
            "file_size": 2710, 
            "object_id": "1fb6ebdd-07f6-5fb2-b115-081d91a49227"
        }, 
        {
            "file_md5sum": "5bd65697dc1779e187782d030c0945aa", 
            "file_name": "7fdd07a4-4a27-40c3-af92-a0074e6391f5.svcp_1-0-4.20150210.somatic.indel.vcf.gz", 
            "file_size": 46952064, 
            "object_id": "69d60376-17b6-57ad-b92a-729341f836a9"
        }, 
        {
            "file_md5sum": "4ae2a0c9a266cb08240fa24450f38acd", 
            "file_name": "7fdd07a4-4a27-40c3-af92-a0074e6391f5.svcp_1-0-4.20150210.somatic.indel.vcf.gz.tbi", 
            "file_size": 1430374, 
            "object_id": "96338669-3389-53ea-bb5e-360f508f4f1c"
        }, 
        {
            "file_md5sum": "90ea7903ce5e455714bf1e3a2ad1ca35", 
            "file_name": "7fdd07a4-4a27-40c3-af92-a0074e6391f5.svcp_1-0-4.20150210.somatic.snv_mnv.tar.gz", 
            "file_size": 167647925, 
            "object_id": "d3d8669a-fddb-578d-a7de-f46c55cfd46c"
        }, 
        {
            "file_md5sum": "3272798b27074beb0c6b8e86ca8ce60e", 
            "file_name": "7fdd07a4-4a27-40c3-af92-a0074e6391f5.svcp_1-0-4.20150210.somatic.cnv.tar.gz", 
            "file_size": 26564738, 
            "object_id": "9838df1d-ade0-559d-ba4e-c5a2ea6452f2"
        }, 
        {
            "file_md5sum": "5a96710ba40eac436c754b812e1fb92c", 
            "file_name": "7fdd07a4-4a27-40c3-af92-a0074e6391f5.svcp_1-0-4.20150210.somatic.sv.tar.gz", 
            "file_size": 1642122827, 
            "object_id": "0c802ef7-ec61-5a1a-9e08-45036758b5b1"
        }, 
        {
            "file_md5sum": "16a69cd94a04ce9ea116b860371d334a", 
            "file_name": "7fdd07a4-4a27-40c3-af92-a0074e6391f5.svcp_1-0-4.20150210.somatic.indel.tar.gz", 
            "file_size": 824808531,