{
    "_runs_": {
        "run_1449000949_07760fbf-916f-45ff-bfbf-0e708657dbd1": {
            "downloading": {
                "gnos-download_time": 317, 
                "start": 1449068564, 
                "stop": 1449068882, 
                "time": 318
            }, 
            "uploading": {
                "copy_meta_time": 2, 
                "start": 1449068896, 
                "stop": 1449069134, 
                "time": 238, 
                "upload_time": 235
            }
        }, 
        "run_1449256362_f285340f-6a1e-4280-8af8-91051b7f471f": {
            "downloading": {
                "33b23de2-5d5b-492a-a30e-d859d6856767.xml-download_time": 13, 
                "33b23de2-5d5b-492a-a30e-d859d6856767.xml-md5sum_time": 0, 
                "35f82a33-bde2-47e2-8aba-ff1fd5920219.dkfz-copyNumberEstimation_1-0-189.20150818.somatic.cnv.tar.gz-download_time": 275, 
                "35f82a33-bde2-47e2-8aba-ff1fd5920219.dkfz-copyNumberEstimation_1-0-189.20150818.somatic.cnv.tar.gz-md5sum_time": 24, 
                "35f82a33-bde2-47e2-8aba-ff1fd5920219.dkfz-copyNumberEstimation_1-0-189.20150818.somatic.cnv.vcf.gz-download_time": 13, 
                "35f82a33-bde2-47e2-8aba-ff1fd5920219.dkfz-copyNumberEstimation_1-0-189.20150818.somatic.cnv.vcf.gz-md5sum_time": 0, 
                "35f82a33-bde2-47e2-8aba-ff1fd5920219.dkfz-copyNumberEstimation_1-0-189.20150818.somatic.cnv.vcf.gz.tbi-download_time": 14, 
                "35f82a33-bde2-47e2-8aba-ff1fd5920219.dkfz-copyNumberEstimation_1-0-189.20150818.somatic.cnv.vcf.gz.tbi-md5sum_time": 0, 
                "35f82a33-bde2-47e2-8aba-ff1fd5920219.dkfz-indelCalling_1-0-132-1.20150818.germline.indel.vcf.gz-download_time": 17, 
                "35f82a33-bde2-47e2-8aba-ff1fd5920219.dkfz-indelCalling_1-0-132-1.20150818.germline.indel.vcf.gz-md5sum_time": 1, 
                "35f82a33-bde2-47e2-8aba-ff1fd5920219.dkfz-indelCalling_1-0-132-1.20150818.germline.indel.vcf.gz.tbi-download_time": 12, 
                "35f82a33-bde2-47e2-8aba-ff1fd5920219.dkfz-indelCalling_1-0-132-1.20150818.germline.indel.vcf.gz.tbi-md5sum_time": 0, 
                "35f82a33-bde2-47e2-8aba-ff1fd5920219.dkfz-indelCalling_1-0-132-1.20150818.somatic.indel.tar.gz-download_time": 50, 
                "35f82a33-bde2-47e2-8aba-ff1fd5920219.dkfz-indelCalling_1-0-132-1.20150818.somatic.indel.tar.gz-md5sum_time": 2, 
                "35f82a33-bde2-47e2-8aba-ff1fd5920219.dkfz-indelCalling_1-0-132-1.20150818.somatic.indel.vcf.gz-download_time": 14, 
                "35f82a33-bde2-47e2-8aba-ff1fd5920219.dkfz-indelCalling_1-0-132-1.20150818.somatic.indel.vcf.gz-md5sum_time": 0, 
                "35f82a33-bde2-47e2-8aba-ff1fd5920219.dkfz-indelCalling_1-0-132-1.20150818.somatic.indel.vcf.gz.tbi-download_time": 13, 
                "35f82a33-bde2-47e2-8aba-ff1fd5920219.dkfz-indelCalling_1-0-132-1.20150818.somatic.indel.vcf.gz.tbi-md5sum_time": 0, 
                "35f82a33-bde2-47e2-8aba-ff1fd5920219.dkfz-snvCalling_1-0-132-1.20150818.germline.snv_mnv.vcf.gz-download_time": 21, 
                "35f82a33-bde2-47e2-8aba-ff1fd5920219.dkfz-snvCalling_1-0-132-1.20150818.germline.snv_mnv.vcf.gz-md5sum_time": 0, 
                "35f82a33-bde2-47e2-8aba-ff1fd5920219.dkfz-snvCalling_1-0-132-1.20150818.germline.snv_mnv.vcf.gz.tbi-download_time": 13, 
                "35f82a33-bde2-47e2-8aba-ff1fd5920219.dkfz-snvCalling_1-0-132-1.20150818.germline.snv_mnv.vcf.gz.tbi-md5sum_time": 0, 
                "35f82a33-bde2-47e2-8aba-ff1fd5920219.dkfz-snvCalling_1-0-132-1.20150818.somatic.snv_mnv.tar.gz-download_time": 86, 
                "35f82a33-bde2-47e2-8aba-ff1fd5920219.dkfz-snvCalling_1-0-132-1.20150818.somatic.snv_mnv.tar.gz-md5sum_time": 4, 
                "35f82a33-bde2-47e2-8aba-ff1fd5920219.dkfz-snvCalling_1-0-132-1.20150818.somatic.snv_mnv.vcf.gz-download_time": 13, 
                "35f82a33-bde2-47e2-8aba-ff1fd5920219.dkfz-snvCalling_1-0-132-1.20150818.somatic.snv_mnv.vcf.gz-md5sum_time": 0, 
                "35f82a33-bde2-47e2-8aba-ff1fd5920219.dkfz-snvCalling_1-0-132-1.20150818.somatic.snv_mnv.vcf.gz.tbi-download_time": 14, 
                "35f82a33-bde2-47e2-8aba-ff1fd5920219.dkfz-snvCalling_1-0-132-1.20150818.somatic.snv_mnv.vcf.gz.tbi-md5sum_time": 0, 
                "35f82a33-bde2-47e2-8aba-ff1fd5920219.embl-delly_1-3-0-preFilter.20150818.germline.sv.bedpe.txt.tar.gz-download_time": 13, 
                "35f82a33-bde2-47e2-8aba-ff1fd5920219.embl-delly_1-3-0-preFilter.20150818.germline.sv.bedpe.txt.tar.gz-md5sum_time": 0, 
                "35f82a33-bde2-47e2-8aba-ff1fd5920219.embl-delly_1-3-0-preFilter.20150818.germline.sv.readname.txt.tar.gz-download_time": 13, 
                "35f82a33-bde2-47e2-8aba-ff1fd5920219.embl-delly_1-3-0-preFilter.20150818.germline.sv.readname.txt.tar.gz-md5sum_time": 0, 
                "35f82a33-bde2-47e2-8aba-ff1fd5920219.embl-delly_1-3-0-preFilter.20150818.germline.sv.vcf.gz-download_time": 14, 
                "35f82a33-bde2-47e2-8aba-ff1fd5920219.embl-delly_1-3-0-preFilter.20150818.germline.sv.vcf.gz-md5sum_time": 0, 
                "35f82a33-bde2-47e2-8aba-ff1fd5920219.embl-delly_1-3-0-preFilter.20150818.germline.sv.vcf.gz.tbi-download_time": 13, 
                "35f82a33-bde2-47e2-8aba-ff1fd5920219.embl-delly_1-3-0-preFilter.20150818.germline.sv.vcf.gz.tbi-md5sum_time": 0, 
                "35f82a33-bde2-47e2-8aba-ff1fd5920219.embl-delly_1-3-0-preFilter.20150818.somatic.sv.bedpe.txt.tar.gz-download_time": 13, 
                "35f82a33-bde2-47e2-8aba-ff1fd5920219.embl-delly_1-3-0-preFilter.20150818.somatic.sv.bedpe.txt.tar.gz-md5sum_time": 0, 
                "35f82a33-bde2-47e2-8aba-ff1fd5920219.embl-delly_1-3-0-preFilter.20150818.somatic.sv.readname.txt.tar.gz-download_time": 13, 
                "35f82a33-bde2-47e2-8aba-ff1fd5920219.embl-delly_1-3-0-preFilter.20150818.somatic.sv.readname.txt.tar.gz-md5sum_time": 0, 
                "35f82a33-bde2-47e2-8aba-ff1fd5920219.embl-delly_1-3-0-preFilter.20150818.somatic.sv.vcf.gz-download_time": 13, 
                "35f82a33-bde2-47e2-8aba-ff1fd5920219.embl-delly_1-3-0-preFilter.20150818.somatic.sv.vcf.gz-md5sum_time": 0, 
                "35f82a33-bde2-47e2-8aba-ff1fd5920219.embl-delly_1-3-0-preFilter.20150818.somatic.sv.vcf.gz.tbi-download_time": 13, 
                "35f82a33-bde2-47e2-8aba-ff1fd5920219.embl-delly_1-3-0-preFilter.20150818.somatic.sv.vcf.gz.tbi-md5sum_time": 0, 
                "35f82a33-bde2-47e2-8aba-ff1fd5920219.embl-delly_1-3-0-preFilter.20150818.sv.cov.plots.tar.gz-download_time": 14, 
                "35f82a33-bde2-47e2-8aba-ff1fd5920219.embl-delly_1-3-0-preFilter.20150818.sv.cov.plots.tar.gz-md5sum_time": 0, 
                "35f82a33-bde2-47e2-8aba-ff1fd5920219.embl-delly_1-3-0-preFilter.20150818.sv.cov.tar.gz-download_time": 16, 
                "35f82a33-bde2-47e2-8aba-ff1fd5920219.embl-delly_1-3-0-preFilter.20150818.sv.cov.tar.gz-md5sum_time": 0, 
                "35f82a33-bde2-47e2-8aba-ff1fd5920219.embl-delly_1-3-0-preFilter.20150818.sv.log.tar.gz-download_time": 13, 
                "35f82a33-bde2-47e2-8aba-ff1fd5920219.embl-delly_1-3-0-preFilter.20150818.sv.log.tar.gz-md5sum_time": 0, 
                "35f82a33-bde2-47e2-8aba-ff1fd5920219.embl-delly_1-3-0-preFilter.20150818.sv.vcf.gz-download_time": 14, 
                "35f82a33-bde2-47e2-8aba-ff1fd5920219.embl-delly_1-3-0-preFilter.20150818.sv.vcf.gz-md5sum_time": 0, 
                "35f82a33-bde2-47e2-8aba-ff1fd5920219.embl-delly_1-3-0-preFilter.20150818.sv.vcf.gz.tbi-download_time": 13, 
                "35f82a33-bde2-47e2-8aba-ff1fd5920219.embl-delly_1-3-0-preFilter.20150818.sv.vcf.gz.tbi-md5sum_time": 0, 
                "start": 1449292320, 
                "stop": 1449293094, 
                "time": 774
            }
        }
    }, 
    "aliquot_id": null, 
    "available_repos": [
        {
            "https://gtrepo-riken.annailabs.com/": {
                "file_md5sum": "7a235bd774de18d77dfe8afd40632960",