{
    "_runs_": {
        "run_1449021626_519f2490-ff6f-49ec-8fcd-839b771e4407": {
            "downloading": {
                "gnos-download_time": 1146, 
                "start": 1449114683, 
                "stop": 1449115830, 
                "time": 1147
            }, 
            "uploading": {
                "copy_meta_time": 2, 
                "start": 1449115842, 
                "stop": 1449116083, 
                "time": 241, 
                "upload_time": 239
            }
        }, 
        "run_1449256569_76e81a59-4210-47e5-9370-3d9c27baa182": {
            "downloading": {
                "3442e1ec-b24a-413d-aaba-23d5d102f3ee.xml-download_time": 15, 
                "3442e1ec-b24a-413d-aaba-23d5d102f3ee.xml-md5sum_time": 0, 
                "eb588266-c622-11e3-bf01-24c6515278c0.dkfz-copyNumberEstimation_1-0-189-hpc-fix.1508271652.somatic.cnv.tar.gz-download_time": 240, 
                "eb588266-c622-11e3-bf01-24c6515278c0.dkfz-copyNumberEstimation_1-0-189-hpc-fix.1508271652.somatic.cnv.tar.gz-md5sum_time": 22, 
                "eb588266-c622-11e3-bf01-24c6515278c0.dkfz-copyNumberEstimation_1-0-189-hpc-fix.1508271652.somatic.cnv.vcf.gz-download_time": 12, 
                "eb588266-c622-11e3-bf01-24c6515278c0.dkfz-copyNumberEstimation_1-0-189-hpc-fix.1508271652.somatic.cnv.vcf.gz-md5sum_time": 0, 
                "eb588266-c622-11e3-bf01-24c6515278c0.dkfz-copyNumberEstimation_1-0-189-hpc-fix.1508271652.somatic.cnv.vcf.gz.tbi-download_time": 14, 
                "eb588266-c622-11e3-bf01-24c6515278c0.dkfz-copyNumberEstimation_1-0-189-hpc-fix.1508271652.somatic.cnv.vcf.gz.tbi-md5sum_time": 0, 
                "eb588266-c622-11e3-bf01-24c6515278c0.dkfz-indelCalling_1-0-132-1.20150712.germline.indel.vcf.gz-download_time": 18, 
                "eb588266-c622-11e3-bf01-24c6515278c0.dkfz-indelCalling_1-0-132-1.20150712.germline.indel.vcf.gz-md5sum_time": 0, 
                "eb588266-c622-11e3-bf01-24c6515278c0.dkfz-indelCalling_1-0-132-1.20150712.germline.indel.vcf.gz.tbi-download_time": 15, 
                "eb588266-c622-11e3-bf01-24c6515278c0.dkfz-indelCalling_1-0-132-1.20150712.germline.indel.vcf.gz.tbi-md5sum_time": 0, 
                "eb588266-c622-11e3-bf01-24c6515278c0.dkfz-indelCalling_1-0-132-1.20150712.somatic.indel.tar.gz-download_time": 55, 
                "eb588266-c622-11e3-bf01-24c6515278c0.dkfz-indelCalling_1-0-132-1.20150712.somatic.indel.tar.gz-md5sum_time": 3, 
                "eb588266-c622-11e3-bf01-24c6515278c0.dkfz-indelCalling_1-0-132-1.20150712.somatic.indel.vcf.gz-download_time": 14, 
                "eb588266-c622-11e3-bf01-24c6515278c0.dkfz-indelCalling_1-0-132-1.20150712.somatic.indel.vcf.gz-md5sum_time": 0, 
                "eb588266-c622-11e3-bf01-24c6515278c0.dkfz-indelCalling_1-0-132-1.20150712.somatic.indel.vcf.gz.tbi-download_time": 13, 
                "eb588266-c622-11e3-bf01-24c6515278c0.dkfz-indelCalling_1-0-132-1.20150712.somatic.indel.vcf.gz.tbi-md5sum_time": 0, 
                "eb588266-c622-11e3-bf01-24c6515278c0.dkfz-snvCalling_1-0-132-1.20150712.germline.snv_mnv.vcf.gz-download_time": 19, 
                "eb588266-c622-11e3-bf01-24c6515278c0.dkfz-snvCalling_1-0-132-1.20150712.germline.snv_mnv.vcf.gz-md5sum_time": 0, 
                "eb588266-c622-11e3-bf01-24c6515278c0.dkfz-snvCalling_1-0-132-1.20150712.germline.snv_mnv.vcf.gz.tbi-download_time": 13, 
                "eb588266-c622-11e3-bf01-24c6515278c0.dkfz-snvCalling_1-0-132-1.20150712.germline.snv_mnv.vcf.gz.tbi-md5sum_time": 0, 
                "eb588266-c622-11e3-bf01-24c6515278c0.dkfz-snvCalling_1-0-132-1.20150712.somatic.snv_mnv.tar.gz-download_time": 75, 
                "eb588266-c622-11e3-bf01-24c6515278c0.dkfz-snvCalling_1-0-132-1.20150712.somatic.snv_mnv.tar.gz-md5sum_time": 4, 
                "eb588266-c622-11e3-bf01-24c6515278c0.dkfz-snvCalling_1-0-132-1.20150712.somatic.snv_mnv.vcf.gz-download_time": 13, 
                "eb588266-c622-11e3-bf01-24c6515278c0.dkfz-snvCalling_1-0-132-1.20150712.somatic.snv_mnv.vcf.gz-md5sum_time": 0, 
                "eb588266-c622-11e3-bf01-24c6515278c0.dkfz-snvCalling_1-0-132-1.20150712.somatic.snv_mnv.vcf.gz.tbi-download_time": 13, 
                "eb588266-c622-11e3-bf01-24c6515278c0.dkfz-snvCalling_1-0-132-1.20150712.somatic.snv_mnv.vcf.gz.tbi-md5sum_time": 1, 
                "eb588266-c622-11e3-bf01-24c6515278c0.embl-delly_1-0-0-preFilter.20150712.germline.sv.bedpe.txt.tar.gz-download_time": 13, 
                "eb588266-c622-11e3-bf01-24c6515278c0.embl-delly_1-0-0-preFilter.20150712.germline.sv.bedpe.txt.tar.gz-md5sum_time": 0, 
                "eb588266-c622-11e3-bf01-24c6515278c0.embl-delly_1-0-0-preFilter.20150712.germline.sv.readname.txt.tar.gz-download_time": 13, 
                "eb588266-c622-11e3-bf01-24c6515278c0.embl-delly_1-0-0-preFilter.20150712.germline.sv.readname.txt.tar.gz-md5sum_time": 0, 
                "eb588266-c622-11e3-bf01-24c6515278c0.embl-delly_1-0-0-preFilter.20150712.germline.sv.vcf.gz-download_time": 14, 
                "eb588266-c622-11e3-bf01-24c6515278c0.embl-delly_1-0-0-preFilter.20150712.germline.sv.vcf.gz-md5sum_time": 0, 
                "eb588266-c622-11e3-bf01-24c6515278c0.embl-delly_1-0-0-preFilter.20150712.germline.sv.vcf.gz.tbi-download_time": 13, 
                "eb588266-c622-11e3-bf01-24c6515278c0.embl-delly_1-0-0-preFilter.20150712.germline.sv.vcf.gz.tbi-md5sum_time": 0, 
                "eb588266-c622-11e3-bf01-24c6515278c0.embl-delly_1-0-0-preFilter.20150712.somatic.sv.bedpe.txt.tar.gz-download_time": 13, 
                "eb588266-c622-11e3-bf01-24c6515278c0.embl-delly_1-0-0-preFilter.20150712.somatic.sv.bedpe.txt.tar.gz-md5sum_time": 0, 
                "eb588266-c622-11e3-bf01-24c6515278c0.embl-delly_1-0-0-preFilter.20150712.somatic.sv.readname.txt.tar.gz-download_time": 13, 
                "eb588266-c622-11e3-bf01-24c6515278c0.embl-delly_1-0-0-preFilter.20150712.somatic.sv.readname.txt.tar.gz-md5sum_time": 0, 
                "eb588266-c622-11e3-bf01-24c6515278c0.embl-delly_1-0-0-preFilter.20150712.somatic.sv.vcf.gz-download_time": 13, 
                "eb588266-c622-11e3-bf01-24c6515278c0.embl-delly_1-0-0-preFilter.20150712.somatic.sv.vcf.gz-md5sum_time": 0, 
                "eb588266-c622-11e3-bf01-24c6515278c0.embl-delly_1-0-0-preFilter.20150712.somatic.sv.vcf.gz.tbi-download_time": 13, 
                "eb588266-c622-11e3-bf01-24c6515278c0.embl-delly_1-0-0-preFilter.20150712.somatic.sv.vcf.gz.tbi-md5sum_time": 0, 
                "eb588266-c622-11e3-bf01-24c6515278c0.embl-delly_1-0-0-preFilter.20150712.sv.cov.plots.tar.gz-download_time": 14, 
                "eb588266-c622-11e3-bf01-24c6515278c0.embl-delly_1-0-0-preFilter.20150712.sv.cov.plots.tar.gz-md5sum_time": 0, 
                "eb588266-c622-11e3-bf01-24c6515278c0.embl-delly_1-0-0-preFilter.20150712.sv.cov.tar.gz-download_time": 18, 
                "eb588266-c622-11e3-bf01-24c6515278c0.embl-delly_1-0-0-preFilter.20150712.sv.cov.tar.gz-md5sum_time": 0, 
                "eb588266-c622-11e3-bf01-24c6515278c0.embl-delly_1-0-0-preFilter.20150712.sv.vcf.gz-download_time": 13, 
                "eb588266-c622-11e3-bf01-24c6515278c0.embl-delly_1-0-0-preFilter.20150712.sv.vcf.gz-md5sum_time": 0, 
                "eb588266-c622-11e3-bf01-24c6515278c0.embl-delly_1-0-0-preFilter.20150712.sv.vcf.gz.tbi-download_time": 13, 
                "eb588266-c622-11e3-bf01-24c6515278c0.embl-delly_1-0-0-preFilter.20150712.sv.vcf.gz.tbi-md5sum_time": 0, 
                "start": 1449292977, 
                "stop": 1449293700, 
                "time": 723
            }
        }
    }, 
    "aliquot_id": null, 
    "available_repos": [
        {
            "https://gtrepo-dkfz.annailabs.com/": {
                "file_md5sum": "e54a5a0b6b347fc46ba5072a56972823", 
                "file_size": 58442
            }
        }
    ], 
    "data_type": "Dkfz_embl-VCF", 
    "files": [
        {
            "file_md5sum": "7fc16f3dbda3142f14b1828b01e6ead7",