{
    "_runs_": {
        "run_1449256569_76e81a59-4210-47e5-9370-3d9c27baa182": {
            "downloading": {
                "3ce75471-8fff-495c-b371-4aa7340c0eb0.xml-download_time": 13, 
                "3ce75471-8fff-495c-b371-4aa7340c0eb0.xml-md5sum_time": 1, 
                "f85ae2b7-cebf-17a2-e040-11ac0c48033a.svcp_1-0-4.20150206.somatic.binnedReadCounts.tar.gz-download_time": 21, 
                "f85ae2b7-cebf-17a2-e040-11ac0c48033a.svcp_1-0-4.20150206.somatic.binnedReadCounts.tar.gz-md5sum_time": 0, 
                "f85ae2b7-cebf-17a2-e040-11ac0c48033a.svcp_1-0-4.20150206.somatic.cnv.tar.gz-download_time": 16, 
                "f85ae2b7-cebf-17a2-e040-11ac0c48033a.svcp_1-0-4.20150206.somatic.cnv.tar.gz-md5sum_time": 0, 
                "f85ae2b7-cebf-17a2-e040-11ac0c48033a.svcp_1-0-4.20150206.somatic.cnv.vcf.gz-download_time": 13, 
                "f85ae2b7-cebf-17a2-e040-11ac0c48033a.svcp_1-0-4.20150206.somatic.cnv.vcf.gz-md5sum_time": 0, 
                "f85ae2b7-cebf-17a2-e040-11ac0c48033a.svcp_1-0-4.20150206.somatic.cnv.vcf.gz.tbi-download_time": 13, 
                "f85ae2b7-cebf-17a2-e040-11ac0c48033a.svcp_1-0-4.20150206.somatic.cnv.vcf.gz.tbi-md5sum_time": 0, 
                "f85ae2b7-cebf-17a2-e040-11ac0c48033a.svcp_1-0-4.20150206.somatic.genotype.tar.gz-download_time": 13, 
                "f85ae2b7-cebf-17a2-e040-11ac0c48033a.svcp_1-0-4.20150206.somatic.genotype.tar.gz-md5sum_time": 0, 
                "f85ae2b7-cebf-17a2-e040-11ac0c48033a.svcp_1-0-4.20150206.somatic.imputeCounts.tar.gz-download_time": 41, 
                "f85ae2b7-cebf-17a2-e040-11ac0c48033a.svcp_1-0-4.20150206.somatic.imputeCounts.tar.gz-md5sum_time": 1, 
                "f85ae2b7-cebf-17a2-e040-11ac0c48033a.svcp_1-0-4.20150206.somatic.indel.tar.gz-download_time": 68, 
                "f85ae2b7-cebf-17a2-e040-11ac0c48033a.svcp_1-0-4.20150206.somatic.indel.tar.gz-md5sum_time": 3, 
                "f85ae2b7-cebf-17a2-e040-11ac0c48033a.svcp_1-0-4.20150206.somatic.indel.vcf.gz-download_time": 19, 
                "f85ae2b7-cebf-17a2-e040-11ac0c48033a.svcp_1-0-4.20150206.somatic.indel.vcf.gz-md5sum_time": 0, 
                "f85ae2b7-cebf-17a2-e040-11ac0c48033a.svcp_1-0-4.20150206.somatic.indel.vcf.gz.tbi-download_time": 15, 
                "f85ae2b7-cebf-17a2-e040-11ac0c48033a.svcp_1-0-4.20150206.somatic.indel.vcf.gz.tbi-md5sum_time": 0, 
                "f85ae2b7-cebf-17a2-e040-11ac0c48033a.svcp_1-0-4.20150206.somatic.snv_mnv.tar.gz-download_time": 23, 
                "f85ae2b7-cebf-17a2-e040-11ac0c48033a.svcp_1-0-4.20150206.somatic.snv_mnv.tar.gz-md5sum_time": 0, 
                "f85ae2b7-cebf-17a2-e040-11ac0c48033a.svcp_1-0-4.20150206.somatic.snv_mnv.vcf.gz-download_time": 14, 
                "f85ae2b7-cebf-17a2-e040-11ac0c48033a.svcp_1-0-4.20150206.somatic.snv_mnv.vcf.gz-md5sum_time": 0, 
                "f85ae2b7-cebf-17a2-e040-11ac0c48033a.svcp_1-0-4.20150206.somatic.snv_mnv.vcf.gz.tbi-download_time": 13, 
                "f85ae2b7-cebf-17a2-e040-11ac0c48033a.svcp_1-0-4.20150206.somatic.snv_mnv.vcf.gz.tbi-md5sum_time": 0, 
                "f85ae2b7-cebf-17a2-e040-11ac0c48033a.svcp_1-0-4.20150206.somatic.sv.tar.gz-download_time": 396, 
                "f85ae2b7-cebf-17a2-e040-11ac0c48033a.svcp_1-0-4.20150206.somatic.sv.tar.gz-md5sum_time": 35, 
                "f85ae2b7-cebf-17a2-e040-11ac0c48033a.svcp_1-0-4.20150206.somatic.sv.vcf.gz-download_time": 14, 
                "f85ae2b7-cebf-17a2-e040-11ac0c48033a.svcp_1-0-4.20150206.somatic.sv.vcf.gz-md5sum_time": 0, 
                "f85ae2b7-cebf-17a2-e040-11ac0c48033a.svcp_1-0-4.20150206.somatic.sv.vcf.gz.tbi-download_time": 12, 
                "f85ae2b7-cebf-17a2-e040-11ac0c48033a.svcp_1-0-4.20150206.somatic.sv.vcf.gz.tbi-md5sum_time": 0, 
                "f85ae2b7-cebf-17a2-e040-11ac0c48033a.svcp_1-0-4.20150206.somatic.verifyBamId.tar.gz-download_time": 13, 
                "f85ae2b7-cebf-17a2-e040-11ac0c48033a.svcp_1-0-4.20150206.somatic.verifyBamId.tar.gz-md5sum_time": 0, 
                "start": 1449302903, 
                "stop": 1449303661, 
                "time": 758
            }
        }
    }, 
    "aliquot_id": null, 
    "available_repos": [
        {
            "https://gtrepo-bsc.annailabs.com/": {
                "file_md5sum": "a70f53e38b8b2a8e3495cf6dc423596e", 
                "file_size": 69922
            }
        }
    ], 
    "data_type": "Sanger-VCF", 
    "files": [
        {
            "file_md5sum": "e3b4c6217b21d4a021a23bcac591ca91", 
            "file_name": "f85ae2b7-cebf-17a2-e040-11ac0c48033a.svcp_1-0-4.20150206.somatic.snv_mnv.vcf.gz", 
            "file_size": 3152385, 
            "object_id": "e0f62748-5dcb-5260-b8ff-ec5131d27bc5"
        }, 
        {
            "file_md5sum": "25209430ebc66cf6487c6e9259b80fbb", 
            "file_name": "f85ae2b7-cebf-17a2-e040-11ac0c48033a.svcp_1-0-4.20150206.somatic.snv_mnv.vcf.gz.tbi", 
            "file_size": 512700, 
            "object_id": "20a1d243-102f-5453-8a39-230df47a18c9"
        }, 
        {
            "file_md5sum": "2c8eb52ee5e5e0a6af413b3fd04ce876", 
            "file_name": "f85ae2b7-cebf-17a2-e040-11ac0c48033a.svcp_1-0-4.20150206.somatic.cnv.vcf.gz", 
            "file_size": 4011, 
            "object_id": "f30b307b-acf7-5409-b12e-82e0611e8462"
        }, 
        {
            "file_md5sum": "7b6b465117ce87b96f047cf42d58737b", 
            "file_name": "f85ae2b7-cebf-17a2-e040-11ac0c48033a.svcp_1-0-4.20150206.somatic.cnv.vcf.gz.tbi", 
            "file_size": 5597, 
            "object_id": "a4cd1f9e-03fe-5319-934a-edaa07619ebe"
        }, 
        {
            "file_md5sum": "803edb937470babf9702dadc64ffdb3c", 
            "file_name": "f85ae2b7-cebf-17a2-e040-11ac0c48033a.svcp_1-0-4.20150206.somatic.sv.vcf.gz", 
            "file_size": 31289, 
            "object_id": "525ce2d8-5985-5957-b4df-1d19b8de93e5"
        }, 
        {
            "file_md5sum": "3542bedae2bfd1af8a29ac5410b737ea", 
            "file_name": "f85ae2b7-cebf-17a2-e040-11ac0c48033a.svcp_1-0-4.20150206.somatic.sv.vcf.gz.tbi", 
            "file_size": 5564, 
            "object_id": "2019ea82-b89c-57e8-9f86-1ea8f541dd0b"
        }, 
        {
            "file_md5sum": "bc8c1f642dee1cde56f58e4c0631b75b", 
            "file_name": "f85ae2b7-cebf-17a2-e040-11ac0c48033a.svcp_1-0-4.20150206.somatic.indel.vcf.gz", 
            "file_size": 64296993, 
            "object_id": "161b254b-4b48-5a2a-9f3b-ecacca68c0c8"
        }, 
        {
            "file_md5sum": "ea7e1482f289d65b0a17bb1496d6a309", 
            "file_name": "f85ae2b7-cebf-17a2-e040-11ac0c48033a.svcp_1-0-4.20150206.somatic.indel.vcf.gz.tbi", 
            "file_size": 1550179, 
            "object_id": "8bbf3da5-c3bd-56d5-9136-3aece42861c8"
        }, 
        {
            "file_md5sum": "1820f43022369d8d1d01b6c994dabde6", 
            "file_name": "f85ae2b7-cebf-17a2-e040-11ac0c48033a.svcp_1-0-4.20150206.somatic.snv_mnv.tar.gz", 
            "file_size": 172608157, 
            "object_id": "2597b420-23e3-57d7-b204-ecb901ef6db2"
        }, 
        {
            "file_md5sum": "dc3de7ec11f16e241f5c5a05422b06a6", 
            "file_name": "f85ae2b7-cebf-17a2-e040-11ac0c48033a.svcp_1-0-4.20150206.somatic.cnv.tar.gz", 
            "file_size": 27031080, 
            "object_id": "d53c092a-83f5-53f4-8c98-76158027070c"
        }, 
        {
            "file_md5sum": "4a65607eb20ec0b8ef507fcf9645bfa0", 
            "file_name": "f85ae2b7-cebf-17a2-e040-11ac0c48033a.svcp_1-0-4.20150206.somatic.sv.tar.gz", 
            "file_size": 5382343448, 
            "object_id": "750f8150-833d-5146-959a-f3104ccf3056"
        }, 
        {
            "file_md5sum": "7e9a16a5d4bf15eb2e5383991e806985", 
            "file_name": "f85ae2b7-cebf-17a2-e040-11ac0c48033a.svcp_1-0-4.20150206.somatic.indel.tar.gz", 
            "file_size": 894483568,