{
    "_runs_": {
        "run_1449000949_07760fbf-916f-45ff-bfbf-0e708657dbd1": {
            "downloading": {
                "gnos-download_time": 200, 
                "start": 1449025935, 
                "stop": 1449026135, 
                "time": 200
            }, 
            "uploading": {
                "copy_meta_time": 1, 
                "start": 1449026148, 
                "stop": 1449026256, 
                "time": 108, 
                "upload_time": 106
            }
        }, 
        "run_1449256150_30778ae0-aac1-42f3-87c3-490a453045cd": {
            "downloading": {
                "3e79dd4e-51dc-49ea-bd09-5149a8729f5d.xml-download_time": 12, 
                "3e79dd4e-51dc-49ea-bd09-5149a8729f5d.xml-md5sum_time": 0, 
                "d16eff05-3098-41ee-85a7-9f56fd927509.svcp_1-0-4.20150130.somatic.binnedReadCounts.tar.gz-download_time": 21, 
                "d16eff05-3098-41ee-85a7-9f56fd927509.svcp_1-0-4.20150130.somatic.binnedReadCounts.tar.gz-md5sum_time": 0, 
                "d16eff05-3098-41ee-85a7-9f56fd927509.svcp_1-0-4.20150130.somatic.cnv.tar.gz-download_time": 15, 
                "d16eff05-3098-41ee-85a7-9f56fd927509.svcp_1-0-4.20150130.somatic.cnv.tar.gz-md5sum_time": 0, 
                "d16eff05-3098-41ee-85a7-9f56fd927509.svcp_1-0-4.20150130.somatic.cnv.vcf.gz-download_time": 13, 
                "d16eff05-3098-41ee-85a7-9f56fd927509.svcp_1-0-4.20150130.somatic.cnv.vcf.gz-md5sum_time": 0, 
                "d16eff05-3098-41ee-85a7-9f56fd927509.svcp_1-0-4.20150130.somatic.cnv.vcf.gz.tbi-download_time": 12, 
                "d16eff05-3098-41ee-85a7-9f56fd927509.svcp_1-0-4.20150130.somatic.cnv.vcf.gz.tbi-md5sum_time": 0, 
                "d16eff05-3098-41ee-85a7-9f56fd927509.svcp_1-0-4.20150130.somatic.genotype.tar.gz-download_time": 13, 
                "d16eff05-3098-41ee-85a7-9f56fd927509.svcp_1-0-4.20150130.somatic.genotype.tar.gz-md5sum_time": 0, 
                "d16eff05-3098-41ee-85a7-9f56fd927509.svcp_1-0-4.20150130.somatic.imputeCounts.tar.gz-download_time": 44, 
                "d16eff05-3098-41ee-85a7-9f56fd927509.svcp_1-0-4.20150130.somatic.imputeCounts.tar.gz-md5sum_time": 2, 
                "d16eff05-3098-41ee-85a7-9f56fd927509.svcp_1-0-4.20150130.somatic.indel.tar.gz-download_time": 53, 
                "d16eff05-3098-41ee-85a7-9f56fd927509.svcp_1-0-4.20150130.somatic.indel.tar.gz-md5sum_time": 3, 
                "d16eff05-3098-41ee-85a7-9f56fd927509.svcp_1-0-4.20150130.somatic.indel.vcf.gz-download_time": 15, 
                "d16eff05-3098-41ee-85a7-9f56fd927509.svcp_1-0-4.20150130.somatic.indel.vcf.gz-md5sum_time": 0, 
                "d16eff05-3098-41ee-85a7-9f56fd927509.svcp_1-0-4.20150130.somatic.indel.vcf.gz.tbi-download_time": 13, 
                "d16eff05-3098-41ee-85a7-9f56fd927509.svcp_1-0-4.20150130.somatic.indel.vcf.gz.tbi-md5sum_time": 0, 
                "d16eff05-3098-41ee-85a7-9f56fd927509.svcp_1-0-4.20150130.somatic.snv_mnv.tar.gz-download_time": 21, 
                "d16eff05-3098-41ee-85a7-9f56fd927509.svcp_1-0-4.20150130.somatic.snv_mnv.tar.gz-md5sum_time": 1, 
                "d16eff05-3098-41ee-85a7-9f56fd927509.svcp_1-0-4.20150130.somatic.snv_mnv.vcf.gz-download_time": 13, 
                "d16eff05-3098-41ee-85a7-9f56fd927509.svcp_1-0-4.20150130.somatic.snv_mnv.vcf.gz-md5sum_time": 0, 
                "d16eff05-3098-41ee-85a7-9f56fd927509.svcp_1-0-4.20150130.somatic.snv_mnv.vcf.gz.tbi-download_time": 13, 
                "d16eff05-3098-41ee-85a7-9f56fd927509.svcp_1-0-4.20150130.somatic.snv_mnv.vcf.gz.tbi-md5sum_time": 0, 
                "d16eff05-3098-41ee-85a7-9f56fd927509.svcp_1-0-4.20150130.somatic.sv.tar.gz-download_time": 62, 
                "d16eff05-3098-41ee-85a7-9f56fd927509.svcp_1-0-4.20150130.somatic.sv.tar.gz-md5sum_time": 3, 
                "d16eff05-3098-41ee-85a7-9f56fd927509.svcp_1-0-4.20150130.somatic.sv.vcf.gz-download_time": 12, 
                "d16eff05-3098-41ee-85a7-9f56fd927509.svcp_1-0-4.20150130.somatic.sv.vcf.gz-md5sum_time": 0, 
                "d16eff05-3098-41ee-85a7-9f56fd927509.svcp_1-0-4.20150130.somatic.sv.vcf.gz.tbi-download_time": 12, 
                "d16eff05-3098-41ee-85a7-9f56fd927509.svcp_1-0-4.20150130.somatic.sv.vcf.gz.tbi-md5sum_time": 0, 
                "d16eff05-3098-41ee-85a7-9f56fd927509.svcp_1-0-4.20150130.somatic.verifyBamId.tar.gz-download_time": 13, 
                "d16eff05-3098-41ee-85a7-9f56fd927509.svcp_1-0-4.20150130.somatic.verifyBamId.tar.gz-md5sum_time": 0, 
                "start": 1449304090, 
                "stop": 1449304457, 
                "time": 367
            }
        }
    }, 
    "aliquot_id": null, 
    "available_repos": [
        {
            "https://gtrepo-bsc.annailabs.com/": {
                "file_md5sum": "8a7d7def17d70fd30dd16ca05453b640", 
                "file_size": 61835
            }
        }
    ], 
    "data_type": "Sanger-VCF", 
    "files": [
        {
            "file_md5sum": "a714ccebcf973bd41c1cfeb6e0dd0f80", 
            "file_name": "d16eff05-3098-41ee-85a7-9f56fd927509.svcp_1-0-4.20150130.somatic.snv_mnv.vcf.gz", 
            "file_size": 3394275, 
            "object_id": "c8b377fd-122d-514a-ac68-647299b61575"
        }, 
        {
            "file_md5sum": "894119caffd2889b0396910e00c7c340", 
            "file_name": "d16eff05-3098-41ee-85a7-9f56fd927509.svcp_1-0-4.20150130.somatic.snv_mnv.vcf.gz.tbi", 
            "file_size": 492761, 
            "object_id": "205f0f06-a089-5d27-ade2-980a17ff0547"
        }, 
        {
            "file_md5sum": "5b3b7f3c0acd962b43bf096db101946f", 
            "file_name": "d16eff05-3098-41ee-85a7-9f56fd927509.svcp_1-0-4.20150130.somatic.cnv.vcf.gz", 
            "file_size": 1911, 
            "object_id": "c520fc1c-b0e0-563b-a8be-078a8a977e0f"
        }, 
        {
            "file_md5sum": "96e83dfcf65fc32492bed2c35d8ee1aa", 
            "file_name": "d16eff05-3098-41ee-85a7-9f56fd927509.svcp_1-0-4.20150130.somatic.cnv.vcf.gz.tbi", 
            "file_size": 4102, 
            "object_id": "299cf06b-d06c-5f3c-83e4-bf2d684061e7"
        }, 
        {
            "file_md5sum": "a3b978b91c0edd12638d5aa4549e9dea", 
            "file_name": "d16eff05-3098-41ee-85a7-9f56fd927509.svcp_1-0-4.20150130.somatic.sv.vcf.gz", 
            "file_size": 3570, 
            "object_id": "d85d8f54-fd5e-5bc4-954a-98ca20496ad2"
        }, 
        {
            "file_md5sum": "b8dc885590e20630e11ce92f870089bb", 
            "file_name": "d16eff05-3098-41ee-85a7-9f56fd927509.svcp_1-0-4.20150130.somatic.sv.vcf.gz.tbi", 
            "file_size": 445, 
            "object_id": "6bc83093-8350-5c2a-9364-4acdb09768e9"
        }, 
        {
            "file_md5sum": "fa20594045ec5ce41e522b2b4b50f19c", 
            "file_name": "d16eff05-3098-41ee-85a7-9f56fd927509.svcp_1-0-4.20150130.somatic.indel.vcf.gz", 
            "file_size": 42462822, 
            "object_id": "f86100a5-52ff-5642-ba8c-f0e9c2bd5d11"
        }, 
        {
            "file_md5sum": "df0059d78ec911015b7e3939049085a8", 
            "file_name": "d16eff05-3098-41ee-85a7-9f56fd927509.svcp_1-0-4.20150130.somatic.indel.vcf.gz.tbi", 
            "file_size": 1413237, 
            "object_id": "1a4305ef-9adf-555c-b93b-b4221e836188"
        }, 
        {
            "file_md5sum": "558fbe29ae4bcf0ecc78d502f053b70a", 
            "file_name": "d16eff05-3098-41ee-85a7-9f56fd927509.svcp_1-0-4.20150130.somatic.snv_mnv.tar.gz", 
            "file_size": 157965763, 
            "object_id": "dfb672fb-b1c6-5b13-b14d-c2f2067ee5aa"
        }, 
        {
            "file_md5sum": "3c4315f8cc940cfa959eb82fc924028f", 
            "file_name": "d16eff05-3098-41ee-85a7-9f56fd927509.svcp_1-0-4.20150130.somatic.cnv.tar.gz", 
            "file_size": 27041121, 
            "object_id": "cd149e88-25dd-53ea-a9b3-cbf5b873d021"
        }, 
        {
            "file_md5sum": "2239e2d3bbeeb2ed22e202fb2fc07b03",