{
    "_runs_": {
        "run_1449256150_30778ae0-aac1-42f3-87c3-490a453045cd": {
            "downloading": {
                "3fa6ee31-2485-4e70-8e29-18361df49104.xml-download_time": 13, 
                "3fa6ee31-2485-4e70-8e29-18361df49104.xml-md5sum_time": 0, 
                "59632e7e-c622-11e3-bf01-24c6515278c0.svcp_1-0-5.20150413.somatic.binnedReadCounts.tar.gz-download_time": 24, 
                "59632e7e-c622-11e3-bf01-24c6515278c0.svcp_1-0-5.20150413.somatic.binnedReadCounts.tar.gz-md5sum_time": 0, 
                "59632e7e-c622-11e3-bf01-24c6515278c0.svcp_1-0-5.20150413.somatic.cnv.tar.gz-download_time": 14, 
                "59632e7e-c622-11e3-bf01-24c6515278c0.svcp_1-0-5.20150413.somatic.cnv.tar.gz-md5sum_time": 0, 
                "59632e7e-c622-11e3-bf01-24c6515278c0.svcp_1-0-5.20150413.somatic.cnv.vcf.gz-download_time": 12, 
                "59632e7e-c622-11e3-bf01-24c6515278c0.svcp_1-0-5.20150413.somatic.cnv.vcf.gz-md5sum_time": 0, 
                "59632e7e-c622-11e3-bf01-24c6515278c0.svcp_1-0-5.20150413.somatic.cnv.vcf.gz.tbi-download_time": 13, 
                "59632e7e-c622-11e3-bf01-24c6515278c0.svcp_1-0-5.20150413.somatic.cnv.vcf.gz.tbi-md5sum_time": 0, 
                "59632e7e-c622-11e3-bf01-24c6515278c0.svcp_1-0-5.20150413.somatic.genotype.tar.gz-download_time": 13, 
                "59632e7e-c622-11e3-bf01-24c6515278c0.svcp_1-0-5.20150413.somatic.genotype.tar.gz-md5sum_time": 0, 
                "59632e7e-c622-11e3-bf01-24c6515278c0.svcp_1-0-5.20150413.somatic.imputeCounts.tar.gz-download_time": 40, 
                "59632e7e-c622-11e3-bf01-24c6515278c0.svcp_1-0-5.20150413.somatic.imputeCounts.tar.gz-md5sum_time": 2, 
                "59632e7e-c622-11e3-bf01-24c6515278c0.svcp_1-0-5.20150413.somatic.indel.tar.gz-download_time": 59, 
                "59632e7e-c622-11e3-bf01-24c6515278c0.svcp_1-0-5.20150413.somatic.indel.tar.gz-md5sum_time": 3, 
                "59632e7e-c622-11e3-bf01-24c6515278c0.svcp_1-0-5.20150413.somatic.indel.vcf.gz-download_time": 17, 
                "59632e7e-c622-11e3-bf01-24c6515278c0.svcp_1-0-5.20150413.somatic.indel.vcf.gz-md5sum_time": 0, 
                "59632e7e-c622-11e3-bf01-24c6515278c0.svcp_1-0-5.20150413.somatic.indel.vcf.gz.tbi-download_time": 13, 
                "59632e7e-c622-11e3-bf01-24c6515278c0.svcp_1-0-5.20150413.somatic.indel.vcf.gz.tbi-md5sum_time": 0, 
                "59632e7e-c622-11e3-bf01-24c6515278c0.svcp_1-0-5.20150413.somatic.snv_mnv.tar.gz-download_time": 22, 
                "59632e7e-c622-11e3-bf01-24c6515278c0.svcp_1-0-5.20150413.somatic.snv_mnv.tar.gz-md5sum_time": 0, 
                "59632e7e-c622-11e3-bf01-24c6515278c0.svcp_1-0-5.20150413.somatic.snv_mnv.vcf.gz-download_time": 12, 
                "59632e7e-c622-11e3-bf01-24c6515278c0.svcp_1-0-5.20150413.somatic.snv_mnv.vcf.gz-md5sum_time": 0, 
                "59632e7e-c622-11e3-bf01-24c6515278c0.svcp_1-0-5.20150413.somatic.snv_mnv.vcf.gz.tbi-download_time": 13, 
                "59632e7e-c622-11e3-bf01-24c6515278c0.svcp_1-0-5.20150413.somatic.snv_mnv.vcf.gz.tbi-md5sum_time": 0, 
                "59632e7e-c622-11e3-bf01-24c6515278c0.svcp_1-0-5.20150413.somatic.sv.tar.gz-download_time": 881, 
                "59632e7e-c622-11e3-bf01-24c6515278c0.svcp_1-0-5.20150413.somatic.sv.tar.gz-md5sum_time": 107, 
                "59632e7e-c622-11e3-bf01-24c6515278c0.svcp_1-0-5.20150413.somatic.sv.vcf.gz-download_time": 11, 
                "59632e7e-c622-11e3-bf01-24c6515278c0.svcp_1-0-5.20150413.somatic.sv.vcf.gz-md5sum_time": 0, 
                "59632e7e-c622-11e3-bf01-24c6515278c0.svcp_1-0-5.20150413.somatic.sv.vcf.gz.tbi-download_time": 13, 
                "59632e7e-c622-11e3-bf01-24c6515278c0.svcp_1-0-5.20150413.somatic.sv.vcf.gz.tbi-md5sum_time": 0, 
                "59632e7e-c622-11e3-bf01-24c6515278c0.svcp_1-0-5.20150413.somatic.verifyBamId.tar.gz-download_time": 12, 
                "59632e7e-c622-11e3-bf01-24c6515278c0.svcp_1-0-5.20150413.somatic.verifyBamId.tar.gz-md5sum_time": 0, 
                "start": 1449305356, 
                "stop": 1449306650, 
                "time": 1294
            }
        }
    }, 
    "aliquot_id": null, 
    "available_repos": [
        {
            "https://gtrepo-riken.annailabs.com/": {
                "file_md5sum": "751eb63d5c08fccad0ab687be270b97e", 
                "file_size": 59158
            }
        }
    ], 
    "data_type": "Sanger-VCF", 
    "files": [
        {
            "file_md5sum": "9d320044571fb8a1315f126c6e12352c", 
            "file_name": "59632e7e-c622-11e3-bf01-24c6515278c0.svcp_1-0-5.20150413.somatic.snv_mnv.vcf.gz", 
            "file_size": 2776393, 
            "object_id": "76f8dee9-a672-5a64-895e-31cebe5dfd67"
        }, 
        {
            "file_md5sum": "4441b9b99825fb39f1ee53c372ecb86b", 
            "file_name": "59632e7e-c622-11e3-bf01-24c6515278c0.svcp_1-0-5.20150413.somatic.snv_mnv.vcf.gz.tbi", 
            "file_size": 433555, 
            "object_id": "6844b7d0-7180-58c3-86b9-13bf9654a2da"
        }, 
        {
            "file_md5sum": "466cdecac8616b3edbb84bbaed12f171", 
            "file_name": "59632e7e-c622-11e3-bf01-24c6515278c0.svcp_1-0-5.20150413.somatic.cnv.vcf.gz", 
            "file_size": 3879, 
            "object_id": "ac7034f9-231e-5657-a86f-66a079383b20"
        }, 
        {
            "file_md5sum": "60d5b165c0ffb2ff4095fbfdbac0e668", 
            "file_name": "59632e7e-c622-11e3-bf01-24c6515278c0.svcp_1-0-5.20150413.somatic.cnv.vcf.gz.tbi", 
            "file_size": 5577, 
            "object_id": "66824777-1e99-5765-9da3-d5e8c64a9a23"
        }, 
        {
            "file_md5sum": "bb34f5ef673b80a38dcc4f878500183f", 
            "file_name": "59632e7e-c622-11e3-bf01-24c6515278c0.svcp_1-0-5.20150413.somatic.sv.vcf.gz", 
            "file_size": 83011, 
            "object_id": "79a9141a-02a0-5752-a91d-365d9e9f3166"
        }, 
        {
            "file_md5sum": "d18712467f14509796c9f629a7ece3ef", 
            "file_name": "59632e7e-c622-11e3-bf01-24c6515278c0.svcp_1-0-5.20150413.somatic.sv.vcf.gz.tbi", 
            "file_size": 10535, 
            "object_id": "53b7cb49-df6a-55f0-a471-6e9d3deafa5a"
        }, 
        {
            "file_md5sum": "8a818d44b9cf7b889c8984ac56996828", 
            "file_name": "59632e7e-c622-11e3-bf01-24c6515278c0.svcp_1-0-5.20150413.somatic.indel.vcf.gz", 
            "file_size": 53429628, 
            "object_id": "e6758e15-8c46-5d61-a1d1-7eaa6247e0c7"
        }, 
        {
            "file_md5sum": "3de8e81e2f6724feb820a5bd114fd250", 
            "file_name": "59632e7e-c622-11e3-bf01-24c6515278c0.svcp_1-0-5.20150413.somatic.indel.vcf.gz.tbi", 
            "file_size": 1509546, 
            "object_id": "08d99341-e39a-5d10-b341-66cc8540e413"
        }, 
        {
            "file_md5sum": "780bb6bf7cdf69167a07636c307d0837", 
            "file_name": "59632e7e-c622-11e3-bf01-24c6515278c0.svcp_1-0-5.20150413.somatic.snv_mnv.tar.gz", 
            "file_size": 159092363, 
            "object_id": "9f81692f-4d46-588b-a11b-f067996e20c0"
        }, 
        {
            "file_md5sum": "c2b8da7ef24a5bcbd7a8d85849811e39", 
            "file_name": "59632e7e-c622-11e3-bf01-24c6515278c0.svcp_1-0-5.20150413.somatic.cnv.tar.gz", 
            "file_size": 26845237, 
            "object_id": "82048693-482d-5f48-afdd-124797ab24ce"
        }, 
        {
            "file_md5sum": "229240b27d9c57e38eefb856074ba919", 
            "file_name": "59632e7e-c622-11e3-bf01-24c6515278c0.svcp_1-0-5.20150413.somatic.sv.tar.gz", 
            "file_size": 11322503003, 
            "object_id": "e3d33683-83de-5b66-acbc-58d369723b79"
        }, 
        {
            "file_md5sum": "3e81ed58cab400bd52e971985e21a5b6", 
            "file_name": "59632e7e-c622-11e3-bf01-24c6515278c0.svcp_1-0-5.20150413.somatic.indel.tar.gz", 
            "file_size": 823891555,