{
    "_runs_": {
        "run_1449082444_377f6128-eb97-49a3-8ed2-dfd67fca33ff": {
            "downloading": {
                "gnos-download_time": 1916, 
                "start": 1449117589, 
                "stop": 1449119506, 
                "time": 1917
            }, 
            "uploading": {
                "copy_meta_time": 2, 
                "start": 1449119524, 
                "stop": 1449119766, 
                "time": 242, 
                "upload_time": 240
            }
        }, 
        "run_1449256221_15605ad1-8eea-4587-8164-de277ca95282": {
            "downloading": {
                "3fbe3a82-2ae2-4020-a3cb-f177ad89564e.xml-download_time": 12, 
                "3fbe3a82-2ae2-4020-a3cb-f177ad89564e.xml-md5sum_time": 0, 
                "ef78f09c-c622-11e3-bf01-24c6515278c0.dkfz-copyNumberEstimation_1-0-189-hpc-fix.1508271608.somatic.cnv.tar.gz-download_time": 257, 
                "ef78f09c-c622-11e3-bf01-24c6515278c0.dkfz-copyNumberEstimation_1-0-189-hpc-fix.1508271608.somatic.cnv.tar.gz-md5sum_time": 26, 
                "ef78f09c-c622-11e3-bf01-24c6515278c0.dkfz-copyNumberEstimation_1-0-189-hpc-fix.1508271608.somatic.cnv.vcf.gz-download_time": 14, 
                "ef78f09c-c622-11e3-bf01-24c6515278c0.dkfz-copyNumberEstimation_1-0-189-hpc-fix.1508271608.somatic.cnv.vcf.gz-md5sum_time": 0, 
                "ef78f09c-c622-11e3-bf01-24c6515278c0.dkfz-copyNumberEstimation_1-0-189-hpc-fix.1508271608.somatic.cnv.vcf.gz.tbi-download_time": 13, 
                "ef78f09c-c622-11e3-bf01-24c6515278c0.dkfz-copyNumberEstimation_1-0-189-hpc-fix.1508271608.somatic.cnv.vcf.gz.tbi-md5sum_time": 0, 
                "ef78f09c-c622-11e3-bf01-24c6515278c0.dkfz-indelCalling_1-0-132-1.20150712.germline.indel.vcf.gz-download_time": 17, 
                "ef78f09c-c622-11e3-bf01-24c6515278c0.dkfz-indelCalling_1-0-132-1.20150712.germline.indel.vcf.gz-md5sum_time": 0, 
                "ef78f09c-c622-11e3-bf01-24c6515278c0.dkfz-indelCalling_1-0-132-1.20150712.germline.indel.vcf.gz.tbi-download_time": 13, 
                "ef78f09c-c622-11e3-bf01-24c6515278c0.dkfz-indelCalling_1-0-132-1.20150712.germline.indel.vcf.gz.tbi-md5sum_time": 0, 
                "ef78f09c-c622-11e3-bf01-24c6515278c0.dkfz-indelCalling_1-0-132-1.20150712.somatic.indel.tar.gz-download_time": 50, 
                "ef78f09c-c622-11e3-bf01-24c6515278c0.dkfz-indelCalling_1-0-132-1.20150712.somatic.indel.tar.gz-md5sum_time": 2, 
                "ef78f09c-c622-11e3-bf01-24c6515278c0.dkfz-indelCalling_1-0-132-1.20150712.somatic.indel.vcf.gz-download_time": 14, 
                "ef78f09c-c622-11e3-bf01-24c6515278c0.dkfz-indelCalling_1-0-132-1.20150712.somatic.indel.vcf.gz-md5sum_time": 0, 
                "ef78f09c-c622-11e3-bf01-24c6515278c0.dkfz-indelCalling_1-0-132-1.20150712.somatic.indel.vcf.gz.tbi-download_time": 14, 
                "ef78f09c-c622-11e3-bf01-24c6515278c0.dkfz-indelCalling_1-0-132-1.20150712.somatic.indel.vcf.gz.tbi-md5sum_time": 0, 
                "ef78f09c-c622-11e3-bf01-24c6515278c0.dkfz-snvCalling_1-0-132-1.20150712.germline.snv_mnv.vcf.gz-download_time": 19, 
                "ef78f09c-c622-11e3-bf01-24c6515278c0.dkfz-snvCalling_1-0-132-1.20150712.germline.snv_mnv.vcf.gz-md5sum_time": 0, 
                "ef78f09c-c622-11e3-bf01-24c6515278c0.dkfz-snvCalling_1-0-132-1.20150712.germline.snv_mnv.vcf.gz.tbi-download_time": 14, 
                "ef78f09c-c622-11e3-bf01-24c6515278c0.dkfz-snvCalling_1-0-132-1.20150712.germline.snv_mnv.vcf.gz.tbi-md5sum_time": 0, 
                "ef78f09c-c622-11e3-bf01-24c6515278c0.dkfz-snvCalling_1-0-132-1.20150712.somatic.snv_mnv.tar.gz-download_time": 70, 
                "ef78f09c-c622-11e3-bf01-24c6515278c0.dkfz-snvCalling_1-0-132-1.20150712.somatic.snv_mnv.tar.gz-md5sum_time": 4, 
                "ef78f09c-c622-11e3-bf01-24c6515278c0.dkfz-snvCalling_1-0-132-1.20150712.somatic.snv_mnv.vcf.gz-download_time": 14, 
                "ef78f09c-c622-11e3-bf01-24c6515278c0.dkfz-snvCalling_1-0-132-1.20150712.somatic.snv_mnv.vcf.gz-md5sum_time": 0, 
                "ef78f09c-c622-11e3-bf01-24c6515278c0.dkfz-snvCalling_1-0-132-1.20150712.somatic.snv_mnv.vcf.gz.tbi-download_time": 13, 
                "ef78f09c-c622-11e3-bf01-24c6515278c0.dkfz-snvCalling_1-0-132-1.20150712.somatic.snv_mnv.vcf.gz.tbi-md5sum_time": 0, 
                "ef78f09c-c622-11e3-bf01-24c6515278c0.embl-delly_1-0-0-preFilter.20150712.germline.sv.bedpe.txt.tar.gz-download_time": 14, 
                "ef78f09c-c622-11e3-bf01-24c6515278c0.embl-delly_1-0-0-preFilter.20150712.germline.sv.bedpe.txt.tar.gz-md5sum_time": 0, 
                "ef78f09c-c622-11e3-bf01-24c6515278c0.embl-delly_1-0-0-preFilter.20150712.germline.sv.readname.txt.tar.gz-download_time": 14, 
                "ef78f09c-c622-11e3-bf01-24c6515278c0.embl-delly_1-0-0-preFilter.20150712.germline.sv.readname.txt.tar.gz-md5sum_time": 0, 
                "ef78f09c-c622-11e3-bf01-24c6515278c0.embl-delly_1-0-0-preFilter.20150712.germline.sv.vcf.gz-download_time": 14, 
                "ef78f09c-c622-11e3-bf01-24c6515278c0.embl-delly_1-0-0-preFilter.20150712.germline.sv.vcf.gz-md5sum_time": 0, 
                "ef78f09c-c622-11e3-bf01-24c6515278c0.embl-delly_1-0-0-preFilter.20150712.germline.sv.vcf.gz.tbi-download_time": 13, 
                "ef78f09c-c622-11e3-bf01-24c6515278c0.embl-delly_1-0-0-preFilter.20150712.germline.sv.vcf.gz.tbi-md5sum_time": 0, 
                "ef78f09c-c622-11e3-bf01-24c6515278c0.embl-delly_1-0-0-preFilter.20150712.somatic.sv.bedpe.txt.tar.gz-download_time": 13, 
                "ef78f09c-c622-11e3-bf01-24c6515278c0.embl-delly_1-0-0-preFilter.20150712.somatic.sv.bedpe.txt.tar.gz-md5sum_time": 0, 
                "ef78f09c-c622-11e3-bf01-24c6515278c0.embl-delly_1-0-0-preFilter.20150712.somatic.sv.readname.txt.tar.gz-download_time": 13, 
                "ef78f09c-c622-11e3-bf01-24c6515278c0.embl-delly_1-0-0-preFilter.20150712.somatic.sv.readname.txt.tar.gz-md5sum_time": 0, 
                "ef78f09c-c622-11e3-bf01-24c6515278c0.embl-delly_1-0-0-preFilter.20150712.somatic.sv.vcf.gz-download_time": 14, 
                "ef78f09c-c622-11e3-bf01-24c6515278c0.embl-delly_1-0-0-preFilter.20150712.somatic.sv.vcf.gz-md5sum_time": 0, 
                "ef78f09c-c622-11e3-bf01-24c6515278c0.embl-delly_1-0-0-preFilter.20150712.somatic.sv.vcf.gz.tbi-download_time": 13, 
                "ef78f09c-c622-11e3-bf01-24c6515278c0.embl-delly_1-0-0-preFilter.20150712.somatic.sv.vcf.gz.tbi-md5sum_time": 0, 
                "ef78f09c-c622-11e3-bf01-24c6515278c0.embl-delly_1-0-0-preFilter.20150712.sv.cov.plots.tar.gz-download_time": 15, 
                "ef78f09c-c622-11e3-bf01-24c6515278c0.embl-delly_1-0-0-preFilter.20150712.sv.cov.plots.tar.gz-md5sum_time": 0, 
                "ef78f09c-c622-11e3-bf01-24c6515278c0.embl-delly_1-0-0-preFilter.20150712.sv.cov.tar.gz-download_time": 18, 
                "ef78f09c-c622-11e3-bf01-24c6515278c0.embl-delly_1-0-0-preFilter.20150712.sv.cov.tar.gz-md5sum_time": 0, 
                "ef78f09c-c622-11e3-bf01-24c6515278c0.embl-delly_1-0-0-preFilter.20150712.sv.vcf.gz-download_time": 14, 
                "ef78f09c-c622-11e3-bf01-24c6515278c0.embl-delly_1-0-0-preFilter.20150712.sv.vcf.gz-md5sum_time": 0, 
                "ef78f09c-c622-11e3-bf01-24c6515278c0.embl-delly_1-0-0-preFilter.20150712.sv.vcf.gz.tbi-download_time": 13, 
                "ef78f09c-c622-11e3-bf01-24c6515278c0.embl-delly_1-0-0-preFilter.20150712.sv.vcf.gz.tbi-md5sum_time": 0, 
                "start": 1449305375, 
                "stop": 1449306110, 
                "time": 735
            }
        }
    }, 
    "aliquot_id": null, 
    "available_repos": [
        {
            "https://gtrepo-dkfz.annailabs.com/": {
                "file_md5sum": "bb2b0a42982eba80a26808da6fde9738", 
                "file_size": 58318
            }
        }
    ], 
    "data_type": "Dkfz_embl-VCF", 
    "files": [
        {
            "file_md5sum": "024550dd527f79f67ba503183e34941b",