{
    "_runs_": {
        "run_1449256362_f285340f-6a1e-4280-8af8-91051b7f471f": {
            "downloading": {
                "42615957-16d3-44a1-b53a-15b0dfad92fc.xml-download_time": 14, 
                "42615957-16d3-44a1-b53a-15b0dfad92fc.xml-md5sum_time": 0, 
                "f393bafd-1baa-e5f4-e040-11ac0d48450b.svcp_1-0-5.20150318.somatic.binnedReadCounts.tar.gz-download_time": 22, 
                "f393bafd-1baa-e5f4-e040-11ac0d48450b.svcp_1-0-5.20150318.somatic.binnedReadCounts.tar.gz-md5sum_time": 1, 
                "f393bafd-1baa-e5f4-e040-11ac0d48450b.svcp_1-0-5.20150318.somatic.cnv.tar.gz-download_time": 16, 
                "f393bafd-1baa-e5f4-e040-11ac0d48450b.svcp_1-0-5.20150318.somatic.cnv.tar.gz-md5sum_time": 0, 
                "f393bafd-1baa-e5f4-e040-11ac0d48450b.svcp_1-0-5.20150318.somatic.cnv.vcf.gz-download_time": 12, 
                "f393bafd-1baa-e5f4-e040-11ac0d48450b.svcp_1-0-5.20150318.somatic.cnv.vcf.gz-md5sum_time": 0, 
                "f393bafd-1baa-e5f4-e040-11ac0d48450b.svcp_1-0-5.20150318.somatic.cnv.vcf.gz.tbi-download_time": 14, 
                "f393bafd-1baa-e5f4-e040-11ac0d48450b.svcp_1-0-5.20150318.somatic.cnv.vcf.gz.tbi-md5sum_time": 0, 
                "f393bafd-1baa-e5f4-e040-11ac0d48450b.svcp_1-0-5.20150318.somatic.genotype.tar.gz-download_time": 14, 
                "f393bafd-1baa-e5f4-e040-11ac0d48450b.svcp_1-0-5.20150318.somatic.genotype.tar.gz-md5sum_time": 0, 
                "f393bafd-1baa-e5f4-e040-11ac0d48450b.svcp_1-0-5.20150318.somatic.imputeCounts.tar.gz-download_time": 41, 
                "f393bafd-1baa-e5f4-e040-11ac0d48450b.svcp_1-0-5.20150318.somatic.imputeCounts.tar.gz-md5sum_time": 1, 
                "f393bafd-1baa-e5f4-e040-11ac0d48450b.svcp_1-0-5.20150318.somatic.indel.tar.gz-download_time": 61, 
                "f393bafd-1baa-e5f4-e040-11ac0d48450b.svcp_1-0-5.20150318.somatic.indel.tar.gz-md5sum_time": 3, 
                "f393bafd-1baa-e5f4-e040-11ac0d48450b.svcp_1-0-5.20150318.somatic.indel.vcf.gz-download_time": 17, 
                "f393bafd-1baa-e5f4-e040-11ac0d48450b.svcp_1-0-5.20150318.somatic.indel.vcf.gz-md5sum_time": 0, 
                "f393bafd-1baa-e5f4-e040-11ac0d48450b.svcp_1-0-5.20150318.somatic.indel.vcf.gz.tbi-download_time": 13, 
                "f393bafd-1baa-e5f4-e040-11ac0d48450b.svcp_1-0-5.20150318.somatic.indel.vcf.gz.tbi-md5sum_time": 0, 
                "f393bafd-1baa-e5f4-e040-11ac0d48450b.svcp_1-0-5.20150318.somatic.snv_mnv.tar.gz-download_time": 23, 
                "f393bafd-1baa-e5f4-e040-11ac0d48450b.svcp_1-0-5.20150318.somatic.snv_mnv.tar.gz-md5sum_time": 0, 
                "f393bafd-1baa-e5f4-e040-11ac0d48450b.svcp_1-0-5.20150318.somatic.snv_mnv.vcf.gz-download_time": 14, 
                "f393bafd-1baa-e5f4-e040-11ac0d48450b.svcp_1-0-5.20150318.somatic.snv_mnv.vcf.gz-md5sum_time": 0, 
                "f393bafd-1baa-e5f4-e040-11ac0d48450b.svcp_1-0-5.20150318.somatic.snv_mnv.vcf.gz.tbi-download_time": 14, 
                "f393bafd-1baa-e5f4-e040-11ac0d48450b.svcp_1-0-5.20150318.somatic.snv_mnv.vcf.gz.tbi-md5sum_time": 0, 
                "f393bafd-1baa-e5f4-e040-11ac0d48450b.svcp_1-0-5.20150318.somatic.sv.tar.gz-download_time": 297, 
                "f393bafd-1baa-e5f4-e040-11ac0d48450b.svcp_1-0-5.20150318.somatic.sv.tar.gz-md5sum_time": 26, 
                "f393bafd-1baa-e5f4-e040-11ac0d48450b.svcp_1-0-5.20150318.somatic.sv.vcf.gz-download_time": 12, 
                "f393bafd-1baa-e5f4-e040-11ac0d48450b.svcp_1-0-5.20150318.somatic.sv.vcf.gz-md5sum_time": 0, 
                "f393bafd-1baa-e5f4-e040-11ac0d48450b.svcp_1-0-5.20150318.somatic.sv.vcf.gz.tbi-download_time": 14, 
                "f393bafd-1baa-e5f4-e040-11ac0d48450b.svcp_1-0-5.20150318.somatic.sv.vcf.gz.tbi-md5sum_time": 0, 
                "f393bafd-1baa-e5f4-e040-11ac0d48450b.svcp_1-0-5.20150318.somatic.verifyBamId.tar.gz-download_time": 13, 
                "f393bafd-1baa-e5f4-e040-11ac0d48450b.svcp_1-0-5.20150318.somatic.verifyBamId.tar.gz-md5sum_time": 0, 
                "start": 1449308304, 
                "stop": 1449308946, 
                "time": 642
            }
        }
    }, 
    "aliquot_id": null, 
    "available_repos": [
        {
            "https://gtrepo-bsc.annailabs.com/": {
                "file_md5sum": "a8547f72ce040b080d41aaf379cf2418", 
                "file_size": 62975
            }
        }
    ], 
    "data_type": "Sanger-VCF", 
    "files": [
        {
            "file_md5sum": "847268fef572f587f58b958a8e62f68d", 
            "file_name": "f393bafd-1baa-e5f4-e040-11ac0d48450b.svcp_1-0-5.20150318.somatic.snv_mnv.vcf.gz", 
            "file_size": 6877070, 
            "object_id": "032770cd-f745-5d4e-80cb-7e0c14b8b191"
        }, 
        {
            "file_md5sum": "9e37650a390d0a817275022420b24c60", 
            "file_name": "f393bafd-1baa-e5f4-e040-11ac0d48450b.svcp_1-0-5.20150318.somatic.snv_mnv.vcf.gz.tbi", 
            "file_size": 794763, 
            "object_id": "bc8dc691-0390-5d99-a8ce-ffc5271112f9"
        }, 
        {
            "file_md5sum": "f9eaf877d0a0b29707fbe0fc19ca8ea6", 
            "file_name": "f393bafd-1baa-e5f4-e040-11ac0d48450b.svcp_1-0-5.20150318.somatic.cnv.vcf.gz", 
            "file_size": 4454, 
            "object_id": "a7bab012-541f-51ad-8f91-f01b333c757f"
        }, 
        {
            "file_md5sum": "ddd9925181ef6139477445afb87c6355", 
            "file_name": "f393bafd-1baa-e5f4-e040-11ac0d48450b.svcp_1-0-5.20150318.somatic.cnv.vcf.gz.tbi", 
            "file_size": 5808, 
            "object_id": "6b5a6c09-8cc4-5240-b148-f27cf72d0095"
        }, 
        {
            "file_md5sum": "8bb7d67856ed1328acce53231111c3dc", 
            "file_name": "f393bafd-1baa-e5f4-e040-11ac0d48450b.svcp_1-0-5.20150318.somatic.sv.vcf.gz", 
            "file_size": 52575, 
            "object_id": "a06a89af-b281-52c9-a8a9-28df82737f76"
        }, 
        {
            "file_md5sum": "27ded907b961bb1454ede1c7f835262d", 
            "file_name": "f393bafd-1baa-e5f4-e040-11ac0d48450b.svcp_1-0-5.20150318.somatic.sv.vcf.gz.tbi", 
            "file_size": 8277, 
            "object_id": "5de3e8d3-e01b-5c73-aa1d-82d0a0ad10f6"
        }, 
        {
            "file_md5sum": "a2f04ec5270ee38975adf9fcc76b9fa9", 
            "file_name": "f393bafd-1baa-e5f4-e040-11ac0d48450b.svcp_1-0-5.20150318.somatic.indel.vcf.gz", 
            "file_size": 58207359, 
            "object_id": "7f22d201-728c-584e-9ce9-6eb0f3f52471"
        }, 
        {
            "file_md5sum": "c1ce3bb0eda8853d9b6619485fda559e", 
            "file_name": "f393bafd-1baa-e5f4-e040-11ac0d48450b.svcp_1-0-5.20150318.somatic.indel.vcf.gz.tbi", 
            "file_size": 1527269, 
            "object_id": "4683e973-0516-5cfb-bedb-719f22fbd802"
        }, 
        {
            "file_md5sum": "8bb1898e3f83acb3db66694c27742e1e", 
            "file_name": "f393bafd-1baa-e5f4-e040-11ac0d48450b.svcp_1-0-5.20150318.somatic.snv_mnv.tar.gz", 
            "file_size": 189120909, 
            "object_id": "1189132b-c40a-5c2b-aea7-5117ab899c13"
        }, 
        {
            "file_md5sum": "2f52c5c668a99f209c3973a75201b0b7", 
            "file_name": "f393bafd-1baa-e5f4-e040-11ac0d48450b.svcp_1-0-5.20150318.somatic.cnv.tar.gz", 
            "file_size": 27127392, 
            "object_id": "05d6c19b-ef22-54e5-be36-dd1edeb2c895"
        }, 
        {
            "file_md5sum": "d8b485c6ac3652debe083d2352552cbc", 
            "file_name": "f393bafd-1baa-e5f4-e040-11ac0d48450b.svcp_1-0-5.20150318.somatic.sv.tar.gz", 
            "file_size": 3869401797, 
            "object_id": "1ee35704-8744-50de-81df-33d337aac4c7"
        }, 
        {
            "file_md5sum": "7f56b5751cad2a8009b745a66f6a23a8", 
            "file_name": "f393bafd-1baa-e5f4-e040-11ac0d48450b.svcp_1-0-5.20150318.somatic.indel.tar.gz", 
            "file_size": 888795497,