{
    "_runs_": {
        "run_1449256569_76e81a59-4210-47e5-9370-3d9c27baa182": {
            "downloading": {
                "4644016b-5370-4467-b95a-620d9c22dd4a.xml-download_time": 14, 
                "4644016b-5370-4467-b95a-620d9c22dd4a.xml-md5sum_time": 0, 
                "7b318282-5df4-42bc-b1e0-0e4a66ba9204.svcp_1-0-4.20150130.somatic.binnedReadCounts.tar.gz-download_time": 19, 
                "7b318282-5df4-42bc-b1e0-0e4a66ba9204.svcp_1-0-4.20150130.somatic.binnedReadCounts.tar.gz-md5sum_time": 1, 
                "7b318282-5df4-42bc-b1e0-0e4a66ba9204.svcp_1-0-4.20150130.somatic.cnv.tar.gz-download_time": 16, 
                "7b318282-5df4-42bc-b1e0-0e4a66ba9204.svcp_1-0-4.20150130.somatic.cnv.tar.gz-md5sum_time": 0, 
                "7b318282-5df4-42bc-b1e0-0e4a66ba9204.svcp_1-0-4.20150130.somatic.cnv.vcf.gz-download_time": 14, 
                "7b318282-5df4-42bc-b1e0-0e4a66ba9204.svcp_1-0-4.20150130.somatic.cnv.vcf.gz-md5sum_time": 0, 
                "7b318282-5df4-42bc-b1e0-0e4a66ba9204.svcp_1-0-4.20150130.somatic.cnv.vcf.gz.tbi-download_time": 12, 
                "7b318282-5df4-42bc-b1e0-0e4a66ba9204.svcp_1-0-4.20150130.somatic.cnv.vcf.gz.tbi-md5sum_time": 0, 
                "7b318282-5df4-42bc-b1e0-0e4a66ba9204.svcp_1-0-4.20150130.somatic.genotype.tar.gz-download_time": 12, 
                "7b318282-5df4-42bc-b1e0-0e4a66ba9204.svcp_1-0-4.20150130.somatic.genotype.tar.gz-md5sum_time": 0, 
                "7b318282-5df4-42bc-b1e0-0e4a66ba9204.svcp_1-0-4.20150130.somatic.imputeCounts.tar.gz-download_time": 45, 
                "7b318282-5df4-42bc-b1e0-0e4a66ba9204.svcp_1-0-4.20150130.somatic.imputeCounts.tar.gz-md5sum_time": 2, 
                "7b318282-5df4-42bc-b1e0-0e4a66ba9204.svcp_1-0-4.20150130.somatic.indel.tar.gz-download_time": 100, 
                "7b318282-5df4-42bc-b1e0-0e4a66ba9204.svcp_1-0-4.20150130.somatic.indel.tar.gz-md5sum_time": 5, 
                "7b318282-5df4-42bc-b1e0-0e4a66ba9204.svcp_1-0-4.20150130.somatic.indel.vcf.gz-download_time": 17, 
                "7b318282-5df4-42bc-b1e0-0e4a66ba9204.svcp_1-0-4.20150130.somatic.indel.vcf.gz-md5sum_time": 0, 
                "7b318282-5df4-42bc-b1e0-0e4a66ba9204.svcp_1-0-4.20150130.somatic.indel.vcf.gz.tbi-download_time": 14, 
                "7b318282-5df4-42bc-b1e0-0e4a66ba9204.svcp_1-0-4.20150130.somatic.indel.vcf.gz.tbi-md5sum_time": 0, 
                "7b318282-5df4-42bc-b1e0-0e4a66ba9204.svcp_1-0-4.20150130.somatic.snv_mnv.tar.gz-download_time": 23, 
                "7b318282-5df4-42bc-b1e0-0e4a66ba9204.svcp_1-0-4.20150130.somatic.snv_mnv.tar.gz-md5sum_time": 1, 
                "7b318282-5df4-42bc-b1e0-0e4a66ba9204.svcp_1-0-4.20150130.somatic.snv_mnv.vcf.gz-download_time": 14, 
                "7b318282-5df4-42bc-b1e0-0e4a66ba9204.svcp_1-0-4.20150130.somatic.snv_mnv.vcf.gz-md5sum_time": 0, 
                "7b318282-5df4-42bc-b1e0-0e4a66ba9204.svcp_1-0-4.20150130.somatic.snv_mnv.vcf.gz.tbi-download_time": 14, 
                "7b318282-5df4-42bc-b1e0-0e4a66ba9204.svcp_1-0-4.20150130.somatic.snv_mnv.vcf.gz.tbi-md5sum_time": 0, 
                "7b318282-5df4-42bc-b1e0-0e4a66ba9204.svcp_1-0-4.20150130.somatic.sv.tar.gz-download_time": 84, 
                "7b318282-5df4-42bc-b1e0-0e4a66ba9204.svcp_1-0-4.20150130.somatic.sv.tar.gz-md5sum_time": 4, 
                "7b318282-5df4-42bc-b1e0-0e4a66ba9204.svcp_1-0-4.20150130.somatic.sv.vcf.gz-download_time": 13, 
                "7b318282-5df4-42bc-b1e0-0e4a66ba9204.svcp_1-0-4.20150130.somatic.sv.vcf.gz-md5sum_time": 0, 
                "7b318282-5df4-42bc-b1e0-0e4a66ba9204.svcp_1-0-4.20150130.somatic.sv.vcf.gz.tbi-download_time": 13, 
                "7b318282-5df4-42bc-b1e0-0e4a66ba9204.svcp_1-0-4.20150130.somatic.sv.vcf.gz.tbi-md5sum_time": 0, 
                "7b318282-5df4-42bc-b1e0-0e4a66ba9204.svcp_1-0-4.20150130.somatic.verifyBamId.tar.gz-download_time": 14, 
                "7b318282-5df4-42bc-b1e0-0e4a66ba9204.svcp_1-0-4.20150130.somatic.verifyBamId.tar.gz-md5sum_time": 0, 
                "start": 1449312133, 
                "stop": 1449312584, 
                "time": 451
            }
        }
    }, 
    "aliquot_id": null, 
    "available_repos": [
        {
            "https://gtrepo-osdc-icgc.annailabs.com/": {
                "file_md5sum": "440779308e57d0cc7d6ce670a6155688", 
                "file_size": 59155
            }
        }
    ], 
    "data_type": "Sanger-VCF", 
    "files": [
        {
            "file_md5sum": "cac277227ea99a40eba7c64d0199ea66", 
            "file_name": "7b318282-5df4-42bc-b1e0-0e4a66ba9204.svcp_1-0-4.20150130.somatic.snv_mnv.vcf.gz", 
            "file_size": 4135234, 
            "object_id": "dda9067a-a9f4-51a6-945b-21c5ad2f3624"
        }, 
        {
            "file_md5sum": "38db69cfa9f342bbc18b41a2a289f69e", 
            "file_name": "7b318282-5df4-42bc-b1e0-0e4a66ba9204.svcp_1-0-4.20150130.somatic.snv_mnv.vcf.gz.tbi", 
            "file_size": 589041, 
            "object_id": "5d61b683-115a-56d7-8c34-fa88930911f9"
        }, 
        {
            "file_md5sum": "30e8af98cc77a995e3380347c7075579", 
            "file_name": "7b318282-5df4-42bc-b1e0-0e4a66ba9204.svcp_1-0-4.20150130.somatic.cnv.vcf.gz", 
            "file_size": 2398, 
            "object_id": "0f17d9fb-7afd-5691-9132-6d5f86122223"
        }, 
        {
            "file_md5sum": "b71479d1f16745c1a54bb7df3d39bfdc", 
            "file_name": "7b318282-5df4-42bc-b1e0-0e4a66ba9204.svcp_1-0-4.20150130.somatic.cnv.vcf.gz.tbi", 
            "file_size": 4430, 
            "object_id": "31a57fc3-a3e7-5cab-b3e3-500a90d9f693"
        }, 
        {
            "file_md5sum": "46d7c70d9261f32570f64929f90cf7ec", 
            "file_name": "7b318282-5df4-42bc-b1e0-0e4a66ba9204.svcp_1-0-4.20150130.somatic.sv.vcf.gz", 
            "file_size": 16361, 
            "object_id": "2cd36890-f48c-54bf-a04f-1ae99af1ebaa"
        }, 
        {
            "file_md5sum": "f4e70fd1aed66ea8d4af709bbcbe4cf9", 
            "file_name": "7b318282-5df4-42bc-b1e0-0e4a66ba9204.svcp_1-0-4.20150130.somatic.sv.vcf.gz.tbi", 
            "file_size": 3347, 
            "object_id": "5b654b0e-58fc-596a-9ba8-bf86fd2ca420"
        }, 
        {
            "file_md5sum": "26d01acedee11a834e5e9575b4add8da", 
            "file_name": "7b318282-5df4-42bc-b1e0-0e4a66ba9204.svcp_1-0-4.20150130.somatic.indel.vcf.gz", 
            "file_size": 59071157, 
            "object_id": "ae0a0a32-ce0b-5d2a-9584-a322f2815e37"
        }, 
        {
            "file_md5sum": "c1fd38a9a1db1b1b39f295ab5dbbcf02", 
            "file_name": "7b318282-5df4-42bc-b1e0-0e4a66ba9204.svcp_1-0-4.20150130.somatic.indel.vcf.gz.tbi", 
            "file_size": 1499011, 
            "object_id": "aa853e0c-6e86-52f0-aa24-1579a70496ed"
        }, 
        {
            "file_md5sum": "1642a27ebf4ea301458dbd767b2eb46a", 
            "file_name": "7b318282-5df4-42bc-b1e0-0e4a66ba9204.svcp_1-0-4.20150130.somatic.snv_mnv.tar.gz", 
            "file_size": 175495789, 
            "object_id": "8e4a39de-5623-50bc-9b73-21a8ab6540e5"
        }, 
        {
            "file_md5sum": "5df4fc36db0d7e74e6bf2335cadfa8f7", 
            "file_name": "7b318282-5df4-42bc-b1e0-0e4a66ba9204.svcp_1-0-4.20150130.somatic.cnv.tar.gz", 
            "file_size": 26807331, 
            "object_id": "8f5eaf07-9bb2-570e-8d77-beb26850ebd7"
        }, 
        {
            "file_md5sum": "a0c23eaec283a415e8c1fad2a6d0a8d2", 
            "file_name": "7b318282-5df4-42bc-b1e0-0e4a66ba9204.svcp_1-0-4.20150130.somatic.sv.tar.gz", 
            "file_size": 1061915350, 
            "object_id": "f76ef3c0-d86b-5616-a42e-c1d8eb1822b2"
        }, 
        {
            "file_md5sum": "7dc2df1d70bfe7855cc037e5883ce631", 
            "file_name": "7b318282-5df4-42bc-b1e0-0e4a66ba9204.svcp_1-0-4.20150130.somatic.indel.tar.gz", 
            "file_size": 1188325991,