{
    "_runs_": {
        "run_1449082838_f84e7db3-10a6-470d-a469-f4f84d8ac4f4": {
            "downloading": {
                "gnos-download_time": 806, 
                "start": 1449119793, 
                "stop": 1449120600, 
                "time": 807
            }, 
            "uploading": {
                "copy_meta_time": 1, 
                "start": 1449120612, 
                "stop": 1449120836, 
                "time": 224, 
                "upload_time": 222
            }
        }, 
        "run_1449256569_76e81a59-4210-47e5-9370-3d9c27baa182": {
            "downloading": {
                "4674180a-e67a-4239-bca2-ee654ce79f88.xml-download_time": 14, 
                "4674180a-e67a-4239-bca2-ee654ce79f88.xml-md5sum_time": 0, 
                "8d7592e2-c622-11e3-bf01-24c6515278c0.dkfz-copyNumberEstimation_1-0-189-hpc-fix.1508271627.somatic.cnv.tar.gz-download_time": 224, 
                "8d7592e2-c622-11e3-bf01-24c6515278c0.dkfz-copyNumberEstimation_1-0-189-hpc-fix.1508271627.somatic.cnv.tar.gz-md5sum_time": 21, 
                "8d7592e2-c622-11e3-bf01-24c6515278c0.dkfz-copyNumberEstimation_1-0-189-hpc-fix.1508271627.somatic.cnv.vcf.gz-download_time": 15, 
                "8d7592e2-c622-11e3-bf01-24c6515278c0.dkfz-copyNumberEstimation_1-0-189-hpc-fix.1508271627.somatic.cnv.vcf.gz-md5sum_time": 0, 
                "8d7592e2-c622-11e3-bf01-24c6515278c0.dkfz-copyNumberEstimation_1-0-189-hpc-fix.1508271627.somatic.cnv.vcf.gz.tbi-download_time": 13, 
                "8d7592e2-c622-11e3-bf01-24c6515278c0.dkfz-copyNumberEstimation_1-0-189-hpc-fix.1508271627.somatic.cnv.vcf.gz.tbi-md5sum_time": 0, 
                "8d7592e2-c622-11e3-bf01-24c6515278c0.dkfz-indelCalling_1-0-132-1.20150712.germline.indel.vcf.gz-download_time": 18, 
                "8d7592e2-c622-11e3-bf01-24c6515278c0.dkfz-indelCalling_1-0-132-1.20150712.germline.indel.vcf.gz-md5sum_time": 0, 
                "8d7592e2-c622-11e3-bf01-24c6515278c0.dkfz-indelCalling_1-0-132-1.20150712.germline.indel.vcf.gz.tbi-download_time": 14, 
                "8d7592e2-c622-11e3-bf01-24c6515278c0.dkfz-indelCalling_1-0-132-1.20150712.germline.indel.vcf.gz.tbi-md5sum_time": 0, 
                "8d7592e2-c622-11e3-bf01-24c6515278c0.dkfz-indelCalling_1-0-132-1.20150712.somatic.indel.tar.gz-download_time": 51, 
                "8d7592e2-c622-11e3-bf01-24c6515278c0.dkfz-indelCalling_1-0-132-1.20150712.somatic.indel.tar.gz-md5sum_time": 3, 
                "8d7592e2-c622-11e3-bf01-24c6515278c0.dkfz-indelCalling_1-0-132-1.20150712.somatic.indel.vcf.gz-download_time": 13, 
                "8d7592e2-c622-11e3-bf01-24c6515278c0.dkfz-indelCalling_1-0-132-1.20150712.somatic.indel.vcf.gz-md5sum_time": 0, 
                "8d7592e2-c622-11e3-bf01-24c6515278c0.dkfz-indelCalling_1-0-132-1.20150712.somatic.indel.vcf.gz.tbi-download_time": 13, 
                "8d7592e2-c622-11e3-bf01-24c6515278c0.dkfz-indelCalling_1-0-132-1.20150712.somatic.indel.vcf.gz.tbi-md5sum_time": 0, 
                "8d7592e2-c622-11e3-bf01-24c6515278c0.dkfz-snvCalling_1-0-132-1.20150712.germline.snv_mnv.vcf.gz-download_time": 19, 
                "8d7592e2-c622-11e3-bf01-24c6515278c0.dkfz-snvCalling_1-0-132-1.20150712.germline.snv_mnv.vcf.gz-md5sum_time": 1, 
                "8d7592e2-c622-11e3-bf01-24c6515278c0.dkfz-snvCalling_1-0-132-1.20150712.germline.snv_mnv.vcf.gz.tbi-download_time": 14, 
                "8d7592e2-c622-11e3-bf01-24c6515278c0.dkfz-snvCalling_1-0-132-1.20150712.germline.snv_mnv.vcf.gz.tbi-md5sum_time": 0, 
                "8d7592e2-c622-11e3-bf01-24c6515278c0.dkfz-snvCalling_1-0-132-1.20150712.somatic.snv_mnv.tar.gz-download_time": 77, 
                "8d7592e2-c622-11e3-bf01-24c6515278c0.dkfz-snvCalling_1-0-132-1.20150712.somatic.snv_mnv.tar.gz-md5sum_time": 4, 
                "8d7592e2-c622-11e3-bf01-24c6515278c0.dkfz-snvCalling_1-0-132-1.20150712.somatic.snv_mnv.vcf.gz-download_time": 13, 
                "8d7592e2-c622-11e3-bf01-24c6515278c0.dkfz-snvCalling_1-0-132-1.20150712.somatic.snv_mnv.vcf.gz-md5sum_time": 0, 
                "8d7592e2-c622-11e3-bf01-24c6515278c0.dkfz-snvCalling_1-0-132-1.20150712.somatic.snv_mnv.vcf.gz.tbi-download_time": 12, 
                "8d7592e2-c622-11e3-bf01-24c6515278c0.dkfz-snvCalling_1-0-132-1.20150712.somatic.snv_mnv.vcf.gz.tbi-md5sum_time": 0, 
                "8d7592e2-c622-11e3-bf01-24c6515278c0.embl-delly_1-0-0-preFilter.20150712.germline.sv.bedpe.txt.tar.gz-download_time": 12, 
                "8d7592e2-c622-11e3-bf01-24c6515278c0.embl-delly_1-0-0-preFilter.20150712.germline.sv.bedpe.txt.tar.gz-md5sum_time": 0, 
                "8d7592e2-c622-11e3-bf01-24c6515278c0.embl-delly_1-0-0-preFilter.20150712.germline.sv.readname.txt.tar.gz-download_time": 13, 
                "8d7592e2-c622-11e3-bf01-24c6515278c0.embl-delly_1-0-0-preFilter.20150712.germline.sv.readname.txt.tar.gz-md5sum_time": 1, 
                "8d7592e2-c622-11e3-bf01-24c6515278c0.embl-delly_1-0-0-preFilter.20150712.germline.sv.vcf.gz-download_time": 14, 
                "8d7592e2-c622-11e3-bf01-24c6515278c0.embl-delly_1-0-0-preFilter.20150712.germline.sv.vcf.gz-md5sum_time": 0, 
                "8d7592e2-c622-11e3-bf01-24c6515278c0.embl-delly_1-0-0-preFilter.20150712.germline.sv.vcf.gz.tbi-download_time": 13, 
                "8d7592e2-c622-11e3-bf01-24c6515278c0.embl-delly_1-0-0-preFilter.20150712.germline.sv.vcf.gz.tbi-md5sum_time": 0, 
                "8d7592e2-c622-11e3-bf01-24c6515278c0.embl-delly_1-0-0-preFilter.20150712.somatic.sv.bedpe.txt.tar.gz-download_time": 13, 
                "8d7592e2-c622-11e3-bf01-24c6515278c0.embl-delly_1-0-0-preFilter.20150712.somatic.sv.bedpe.txt.tar.gz-md5sum_time": 0, 
                "8d7592e2-c622-11e3-bf01-24c6515278c0.embl-delly_1-0-0-preFilter.20150712.somatic.sv.readname.txt.tar.gz-download_time": 15, 
                "8d7592e2-c622-11e3-bf01-24c6515278c0.embl-delly_1-0-0-preFilter.20150712.somatic.sv.readname.txt.tar.gz-md5sum_time": 0, 
                "8d7592e2-c622-11e3-bf01-24c6515278c0.embl-delly_1-0-0-preFilter.20150712.somatic.sv.vcf.gz-download_time": 13, 
                "8d7592e2-c622-11e3-bf01-24c6515278c0.embl-delly_1-0-0-preFilter.20150712.somatic.sv.vcf.gz-md5sum_time": 1, 
                "8d7592e2-c622-11e3-bf01-24c6515278c0.embl-delly_1-0-0-preFilter.20150712.somatic.sv.vcf.gz.tbi-download_time": 12, 
                "8d7592e2-c622-11e3-bf01-24c6515278c0.embl-delly_1-0-0-preFilter.20150712.somatic.sv.vcf.gz.tbi-md5sum_time": 0, 
                "8d7592e2-c622-11e3-bf01-24c6515278c0.embl-delly_1-0-0-preFilter.20150712.sv.cov.plots.tar.gz-download_time": 14, 
                "8d7592e2-c622-11e3-bf01-24c6515278c0.embl-delly_1-0-0-preFilter.20150712.sv.cov.plots.tar.gz-md5sum_time": 0, 
                "8d7592e2-c622-11e3-bf01-24c6515278c0.embl-delly_1-0-0-preFilter.20150712.sv.cov.tar.gz-download_time": 18, 
                "8d7592e2-c622-11e3-bf01-24c6515278c0.embl-delly_1-0-0-preFilter.20150712.sv.cov.tar.gz-md5sum_time": 0, 
                "8d7592e2-c622-11e3-bf01-24c6515278c0.embl-delly_1-0-0-preFilter.20150712.sv.vcf.gz-download_time": 13, 
                "8d7592e2-c622-11e3-bf01-24c6515278c0.embl-delly_1-0-0-preFilter.20150712.sv.vcf.gz-md5sum_time": 0, 
                "8d7592e2-c622-11e3-bf01-24c6515278c0.embl-delly_1-0-0-preFilter.20150712.sv.vcf.gz.tbi-download_time": 12, 
                "8d7592e2-c622-11e3-bf01-24c6515278c0.embl-delly_1-0-0-preFilter.20150712.sv.vcf.gz.tbi-md5sum_time": 0, 
                "start": 1449312626, 
                "stop": 1449313330, 
                "time": 704
            }
        }
    }, 
    "aliquot_id": null, 
    "available_repos": [
        {
            "https://gtrepo-dkfz.annailabs.com/": {
                "file_md5sum": "8dd6d454e7802ba3ed1c31325a55cb5f", 
                "file_size": 58474
            }
        }
    ], 
    "data_type": "Dkfz_embl-VCF", 
    "files": [
        {
            "file_md5sum": "a7a679e1c54a94aa876543eae92e35b9",