{
    "_runs_": {
        "run_1449082444_377f6128-eb97-49a3-8ed2-dfd67fca33ff": {
            "downloading": {
                "gnos-download_time": 761, 
                "start": 1449120455, 
                "stop": 1449121217, 
                "time": 762
            }, 
            "uploading": {
                "copy_meta_time": 2, 
                "start": 1449121230, 
                "stop": 1449121465, 
                "time": 235, 
                "upload_time": 233
            }
        }, 
        "run_1449252103_152c7654-43a8-4095-9763-2d1564a0e842": {
            "downloading": {
                "4976eedf-cec3-4e13-b91c-c108c6b4724e.xml-download_time": 12, 
                "4976eedf-cec3-4e13-b91c-c108c6b4724e.xml-md5sum_time": 0, 
                "d0469256-c622-11e3-bf01-24c6515278c0.dkfz-copyNumberEstimation_1-0-189-hpc-fix.1508271617.somatic.cnv.tar.gz-download_time": 218, 
                "d0469256-c622-11e3-bf01-24c6515278c0.dkfz-copyNumberEstimation_1-0-189-hpc-fix.1508271617.somatic.cnv.tar.gz-md5sum_time": 20, 
                "d0469256-c622-11e3-bf01-24c6515278c0.dkfz-copyNumberEstimation_1-0-189-hpc-fix.1508271617.somatic.cnv.vcf.gz-download_time": 13, 
                "d0469256-c622-11e3-bf01-24c6515278c0.dkfz-copyNumberEstimation_1-0-189-hpc-fix.1508271617.somatic.cnv.vcf.gz-md5sum_time": 0, 
                "d0469256-c622-11e3-bf01-24c6515278c0.dkfz-copyNumberEstimation_1-0-189-hpc-fix.1508271617.somatic.cnv.vcf.gz.tbi-download_time": 12, 
                "d0469256-c622-11e3-bf01-24c6515278c0.dkfz-copyNumberEstimation_1-0-189-hpc-fix.1508271617.somatic.cnv.vcf.gz.tbi-md5sum_time": 0, 
                "d0469256-c622-11e3-bf01-24c6515278c0.dkfz-indelCalling_1-0-132-1.20150712.germline.indel.vcf.gz-download_time": 17, 
                "d0469256-c622-11e3-bf01-24c6515278c0.dkfz-indelCalling_1-0-132-1.20150712.germline.indel.vcf.gz-md5sum_time": 1, 
                "d0469256-c622-11e3-bf01-24c6515278c0.dkfz-indelCalling_1-0-132-1.20150712.germline.indel.vcf.gz.tbi-download_time": 14, 
                "d0469256-c622-11e3-bf01-24c6515278c0.dkfz-indelCalling_1-0-132-1.20150712.germline.indel.vcf.gz.tbi-md5sum_time": 0, 
                "d0469256-c622-11e3-bf01-24c6515278c0.dkfz-indelCalling_1-0-132-1.20150712.somatic.indel.tar.gz-download_time": 49, 
                "d0469256-c622-11e3-bf01-24c6515278c0.dkfz-indelCalling_1-0-132-1.20150712.somatic.indel.tar.gz-md5sum_time": 2, 
                "d0469256-c622-11e3-bf01-24c6515278c0.dkfz-indelCalling_1-0-132-1.20150712.somatic.indel.vcf.gz-download_time": 13, 
                "d0469256-c622-11e3-bf01-24c6515278c0.dkfz-indelCalling_1-0-132-1.20150712.somatic.indel.vcf.gz-md5sum_time": 0, 
                "d0469256-c622-11e3-bf01-24c6515278c0.dkfz-indelCalling_1-0-132-1.20150712.somatic.indel.vcf.gz.tbi-download_time": 14, 
                "d0469256-c622-11e3-bf01-24c6515278c0.dkfz-indelCalling_1-0-132-1.20150712.somatic.indel.vcf.gz.tbi-md5sum_time": 0, 
                "d0469256-c622-11e3-bf01-24c6515278c0.dkfz-snvCalling_1-0-132-1.20150712.germline.snv_mnv.vcf.gz-download_time": 19, 
                "d0469256-c622-11e3-bf01-24c6515278c0.dkfz-snvCalling_1-0-132-1.20150712.germline.snv_mnv.vcf.gz-md5sum_time": 1, 
                "d0469256-c622-11e3-bf01-24c6515278c0.dkfz-snvCalling_1-0-132-1.20150712.germline.snv_mnv.vcf.gz.tbi-download_time": 12, 
                "d0469256-c622-11e3-bf01-24c6515278c0.dkfz-snvCalling_1-0-132-1.20150712.germline.snv_mnv.vcf.gz.tbi-md5sum_time": 0, 
                "d0469256-c622-11e3-bf01-24c6515278c0.dkfz-snvCalling_1-0-132-1.20150712.somatic.snv_mnv.tar.gz-download_time": 65, 
                "d0469256-c622-11e3-bf01-24c6515278c0.dkfz-snvCalling_1-0-132-1.20150712.somatic.snv_mnv.tar.gz-md5sum_time": 4, 
                "d0469256-c622-11e3-bf01-24c6515278c0.dkfz-snvCalling_1-0-132-1.20150712.somatic.snv_mnv.vcf.gz-download_time": 14, 
                "d0469256-c622-11e3-bf01-24c6515278c0.dkfz-snvCalling_1-0-132-1.20150712.somatic.snv_mnv.vcf.gz-md5sum_time": 0, 
                "d0469256-c622-11e3-bf01-24c6515278c0.dkfz-snvCalling_1-0-132-1.20150712.somatic.snv_mnv.vcf.gz.tbi-download_time": 13, 
                "d0469256-c622-11e3-bf01-24c6515278c0.dkfz-snvCalling_1-0-132-1.20150712.somatic.snv_mnv.vcf.gz.tbi-md5sum_time": 0, 
                "d0469256-c622-11e3-bf01-24c6515278c0.embl-delly_1-0-0-preFilter.20150712.germline.sv.bedpe.txt.tar.gz-download_time": 13, 
                "d0469256-c622-11e3-bf01-24c6515278c0.embl-delly_1-0-0-preFilter.20150712.germline.sv.bedpe.txt.tar.gz-md5sum_time": 0, 
                "d0469256-c622-11e3-bf01-24c6515278c0.embl-delly_1-0-0-preFilter.20150712.germline.sv.readname.txt.tar.gz-download_time": 14, 
                "d0469256-c622-11e3-bf01-24c6515278c0.embl-delly_1-0-0-preFilter.20150712.germline.sv.readname.txt.tar.gz-md5sum_time": 0, 
                "d0469256-c622-11e3-bf01-24c6515278c0.embl-delly_1-0-0-preFilter.20150712.germline.sv.vcf.gz-download_time": 12, 
                "d0469256-c622-11e3-bf01-24c6515278c0.embl-delly_1-0-0-preFilter.20150712.germline.sv.vcf.gz-md5sum_time": 0, 
                "d0469256-c622-11e3-bf01-24c6515278c0.embl-delly_1-0-0-preFilter.20150712.germline.sv.vcf.gz.tbi-download_time": 13, 
                "d0469256-c622-11e3-bf01-24c6515278c0.embl-delly_1-0-0-preFilter.20150712.germline.sv.vcf.gz.tbi-md5sum_time": 0, 
                "d0469256-c622-11e3-bf01-24c6515278c0.embl-delly_1-0-0-preFilter.20150712.somatic.sv.bedpe.txt.tar.gz-download_time": 12, 
                "d0469256-c622-11e3-bf01-24c6515278c0.embl-delly_1-0-0-preFilter.20150712.somatic.sv.bedpe.txt.tar.gz-md5sum_time": 0, 
                "d0469256-c622-11e3-bf01-24c6515278c0.embl-delly_1-0-0-preFilter.20150712.somatic.sv.readname.txt.tar.gz-download_time": 13, 
                "d0469256-c622-11e3-bf01-24c6515278c0.embl-delly_1-0-0-preFilter.20150712.somatic.sv.readname.txt.tar.gz-md5sum_time": 0, 
                "d0469256-c622-11e3-bf01-24c6515278c0.embl-delly_1-0-0-preFilter.20150712.somatic.sv.vcf.gz-download_time": 12, 
                "d0469256-c622-11e3-bf01-24c6515278c0.embl-delly_1-0-0-preFilter.20150712.somatic.sv.vcf.gz-md5sum_time": 0, 
                "d0469256-c622-11e3-bf01-24c6515278c0.embl-delly_1-0-0-preFilter.20150712.somatic.sv.vcf.gz.tbi-download_time": 12, 
                "d0469256-c622-11e3-bf01-24c6515278c0.embl-delly_1-0-0-preFilter.20150712.somatic.sv.vcf.gz.tbi-md5sum_time": 0, 
                "d0469256-c622-11e3-bf01-24c6515278c0.embl-delly_1-0-0-preFilter.20150712.sv.cov.plots.tar.gz-download_time": 15, 
                "d0469256-c622-11e3-bf01-24c6515278c0.embl-delly_1-0-0-preFilter.20150712.sv.cov.plots.tar.gz-md5sum_time": 0, 
                "d0469256-c622-11e3-bf01-24c6515278c0.embl-delly_1-0-0-preFilter.20150712.sv.cov.tar.gz-download_time": 18, 
                "d0469256-c622-11e3-bf01-24c6515278c0.embl-delly_1-0-0-preFilter.20150712.sv.cov.tar.gz-md5sum_time": 0, 
                "d0469256-c622-11e3-bf01-24c6515278c0.embl-delly_1-0-0-preFilter.20150712.sv.vcf.gz-download_time": 13, 
                "d0469256-c622-11e3-bf01-24c6515278c0.embl-delly_1-0-0-preFilter.20150712.sv.vcf.gz-md5sum_time": 0, 
                "d0469256-c622-11e3-bf01-24c6515278c0.embl-delly_1-0-0-preFilter.20150712.sv.vcf.gz.tbi-download_time": 13, 
                "d0469256-c622-11e3-bf01-24c6515278c0.embl-delly_1-0-0-preFilter.20150712.sv.vcf.gz.tbi-md5sum_time": 0, 
                "start": 1449315925, 
                "stop": 1449316598, 
                "time": 673
            }
        }
    }, 
    "aliquot_id": null, 
    "available_repos": [
        {
            "https://gtrepo-dkfz.annailabs.com/": {
                "file_md5sum": "778abd1a16b100ff1cd07bf4801222f9", 
                "file_size": 58792
            }
        }
    ], 
    "data_type": "Dkfz_embl-VCF", 
    "files": [
        {
            "file_md5sum": "69a1563eee0ae6234503a3b4de4c5f8b",