{
    "_runs_": {
        "run_1449021626_519f2490-ff6f-49ec-8fcd-839b771e4407": {
            "downloading": {
                "gnos-download_time": 240, 
                "start": 1449026411, 
                "stop": 1449026652, 
                "time": 241
            }, 
            "uploading": {
                "copy_meta_time": 1, 
                "start": 1449026663, 
                "stop": 1449026803, 
                "time": 140, 
                "upload_time": 138
            }
        }, 
        "run_1449256569_76e81a59-4210-47e5-9370-3d9c27baa182": {
            "downloading": {
                "4a175c22-a314-11e4-8282-323ac8d47ac3.xml-download_time": 14, 
                "4a175c22-a314-11e4-8282-323ac8d47ac3.xml-md5sum_time": 0, 
                "a7e1deb7-2e3d-4e36-90c7-9cae34cdcfb3.svcp_1-0-4.20150119.somatic.binnedReadCounts.tar.gz-download_time": 20, 
                "a7e1deb7-2e3d-4e36-90c7-9cae34cdcfb3.svcp_1-0-4.20150119.somatic.binnedReadCounts.tar.gz-md5sum_time": 1, 
                "a7e1deb7-2e3d-4e36-90c7-9cae34cdcfb3.svcp_1-0-4.20150119.somatic.cnv.tar.gz-download_time": 17, 
                "a7e1deb7-2e3d-4e36-90c7-9cae34cdcfb3.svcp_1-0-4.20150119.somatic.cnv.tar.gz-md5sum_time": 0, 
                "a7e1deb7-2e3d-4e36-90c7-9cae34cdcfb3.svcp_1-0-4.20150119.somatic.cnv.vcf.gz-download_time": 13, 
                "a7e1deb7-2e3d-4e36-90c7-9cae34cdcfb3.svcp_1-0-4.20150119.somatic.cnv.vcf.gz-md5sum_time": 0, 
                "a7e1deb7-2e3d-4e36-90c7-9cae34cdcfb3.svcp_1-0-4.20150119.somatic.cnv.vcf.gz.tbi-download_time": 17, 
                "a7e1deb7-2e3d-4e36-90c7-9cae34cdcfb3.svcp_1-0-4.20150119.somatic.cnv.vcf.gz.tbi-md5sum_time": 0, 
                "a7e1deb7-2e3d-4e36-90c7-9cae34cdcfb3.svcp_1-0-4.20150119.somatic.genotype.tar.gz-download_time": 12, 
                "a7e1deb7-2e3d-4e36-90c7-9cae34cdcfb3.svcp_1-0-4.20150119.somatic.genotype.tar.gz-md5sum_time": 0, 
                "a7e1deb7-2e3d-4e36-90c7-9cae34cdcfb3.svcp_1-0-4.20150119.somatic.imputeCounts.tar.gz-download_time": 44, 
                "a7e1deb7-2e3d-4e36-90c7-9cae34cdcfb3.svcp_1-0-4.20150119.somatic.imputeCounts.tar.gz-md5sum_time": 2, 
                "a7e1deb7-2e3d-4e36-90c7-9cae34cdcfb3.svcp_1-0-4.20150119.somatic.indel.tar.gz-download_time": 64, 
                "a7e1deb7-2e3d-4e36-90c7-9cae34cdcfb3.svcp_1-0-4.20150119.somatic.indel.tar.gz-md5sum_time": 3, 
                "a7e1deb7-2e3d-4e36-90c7-9cae34cdcfb3.svcp_1-0-4.20150119.somatic.indel.vcf.gz-download_time": 18, 
                "a7e1deb7-2e3d-4e36-90c7-9cae34cdcfb3.svcp_1-0-4.20150119.somatic.indel.vcf.gz-md5sum_time": 0, 
                "a7e1deb7-2e3d-4e36-90c7-9cae34cdcfb3.svcp_1-0-4.20150119.somatic.indel.vcf.gz.tbi-download_time": 14, 
                "a7e1deb7-2e3d-4e36-90c7-9cae34cdcfb3.svcp_1-0-4.20150119.somatic.indel.vcf.gz.tbi-md5sum_time": 0, 
                "a7e1deb7-2e3d-4e36-90c7-9cae34cdcfb3.svcp_1-0-4.20150119.somatic.snv_mnv.tar.gz-download_time": 22, 
                "a7e1deb7-2e3d-4e36-90c7-9cae34cdcfb3.svcp_1-0-4.20150119.somatic.snv_mnv.tar.gz-md5sum_time": 0, 
                "a7e1deb7-2e3d-4e36-90c7-9cae34cdcfb3.svcp_1-0-4.20150119.somatic.snv_mnv.vcf.gz-download_time": 14, 
                "a7e1deb7-2e3d-4e36-90c7-9cae34cdcfb3.svcp_1-0-4.20150119.somatic.snv_mnv.vcf.gz-md5sum_time": 0, 
                "a7e1deb7-2e3d-4e36-90c7-9cae34cdcfb3.svcp_1-0-4.20150119.somatic.snv_mnv.vcf.gz.tbi-download_time": 13, 
                "a7e1deb7-2e3d-4e36-90c7-9cae34cdcfb3.svcp_1-0-4.20150119.somatic.snv_mnv.vcf.gz.tbi-md5sum_time": 0, 
                "a7e1deb7-2e3d-4e36-90c7-9cae34cdcfb3.svcp_1-0-4.20150119.somatic.sv.tar.gz-download_time": 85, 
                "a7e1deb7-2e3d-4e36-90c7-9cae34cdcfb3.svcp_1-0-4.20150119.somatic.sv.tar.gz-md5sum_time": 5, 
                "a7e1deb7-2e3d-4e36-90c7-9cae34cdcfb3.svcp_1-0-4.20150119.somatic.sv.vcf.gz-download_time": 12, 
                "a7e1deb7-2e3d-4e36-90c7-9cae34cdcfb3.svcp_1-0-4.20150119.somatic.sv.vcf.gz-md5sum_time": 0, 
                "a7e1deb7-2e3d-4e36-90c7-9cae34cdcfb3.svcp_1-0-4.20150119.somatic.sv.vcf.gz.tbi-download_time": 13, 
                "a7e1deb7-2e3d-4e36-90c7-9cae34cdcfb3.svcp_1-0-4.20150119.somatic.sv.vcf.gz.tbi-md5sum_time": 0, 
                "a7e1deb7-2e3d-4e36-90c7-9cae34cdcfb3.svcp_1-0-4.20150119.somatic.verifyBamId.tar.gz-download_time": 14, 
                "a7e1deb7-2e3d-4e36-90c7-9cae34cdcfb3.svcp_1-0-4.20150119.somatic.verifyBamId.tar.gz-md5sum_time": 0, 
                "start": 1449316756, 
                "stop": 1449317173, 
                "time": 417
            }
        }
    }, 
    "aliquot_id": null, 
    "available_repos": [
        {
            "https://gtrepo-bsc.annailabs.com/": {
                "file_md5sum": "4900777c955c0a0db6679efd04060997", 
                "file_size": 60708
            }
        }
    ], 
    "data_type": "Sanger-VCF", 
    "files": [
        {
            "file_md5sum": "902041e15d76de9b79cc58872b15cb33", 
            "file_name": "a7e1deb7-2e3d-4e36-90c7-9cae34cdcfb3.svcp_1-0-4.20150119.somatic.snv_mnv.vcf.gz", 
            "file_size": 2023152, 
            "object_id": "2e6be0a0-1d2c-574e-92a3-70715c495635"
        }, 
        {
            "file_md5sum": "5b8e974b60fe108586940e6eaf129f49", 
            "file_name": "a7e1deb7-2e3d-4e36-90c7-9cae34cdcfb3.svcp_1-0-4.20150119.somatic.snv_mnv.vcf.gz.tbi", 
            "file_size": 328187, 
            "object_id": "6dacc71d-fbb7-56b5-836b-d01d402ee4db"
        }, 
        {
            "file_md5sum": "7adccaa50fb917a4b4c0c832600d8662", 
            "file_name": "a7e1deb7-2e3d-4e36-90c7-9cae34cdcfb3.svcp_1-0-4.20150119.somatic.cnv.vcf.gz", 
            "file_size": 2128, 
            "object_id": "3c0afc2f-d19e-5fc4-851e-16d9b114f1e9"
        }, 
        {
            "file_md5sum": "d464757f35c63ff7d8a673cd2cf70078", 
            "file_name": "a7e1deb7-2e3d-4e36-90c7-9cae34cdcfb3.svcp_1-0-4.20150119.somatic.cnv.vcf.gz.tbi", 
            "file_size": 4322, 
            "object_id": "bbc190ce-2a81-5a11-b7da-4e03a7d3797f"
        }, 
        {
            "file_md5sum": "596a93ac4126c019f9509192cf3aa7b1", 
            "file_name": "a7e1deb7-2e3d-4e36-90c7-9cae34cdcfb3.svcp_1-0-4.20150119.somatic.sv.vcf.gz", 
            "file_size": 3095, 
            "object_id": "47777d40-6303-53b6-9e21-2e737c181865"
        }, 
        {
            "file_md5sum": "3ba20dc7a2203dbd4ea2739c8c122e70", 
            "file_name": "a7e1deb7-2e3d-4e36-90c7-9cae34cdcfb3.svcp_1-0-4.20150119.somatic.sv.vcf.gz.tbi", 
            "file_size": 267, 
            "object_id": "542444b5-4ba1-5316-99ea-bf86f450ded1"
        }, 
        {
            "file_md5sum": "7366cc5b38afae0e5b392714a2812080", 
            "file_name": "a7e1deb7-2e3d-4e36-90c7-9cae34cdcfb3.svcp_1-0-4.20150119.somatic.indel.vcf.gz", 
            "file_size": 46208430, 
            "object_id": "eece7c91-7d5f-5214-8842-1a49f7242196"
        }, 
        {
            "file_md5sum": "957de27c61aba3c3ea66c196e3072a5a", 
            "file_name": "a7e1deb7-2e3d-4e36-90c7-9cae34cdcfb3.svcp_1-0-4.20150119.somatic.indel.vcf.gz.tbi", 
            "file_size": 1422620, 
            "object_id": "697f73dc-8a3c-5417-a8df-9833532cb552"
        }, 
        {
            "file_md5sum": "49924fddaf1e01d6309c6b76818f2d50", 
            "file_name": "a7e1deb7-2e3d-4e36-90c7-9cae34cdcfb3.svcp_1-0-4.20150119.somatic.snv_mnv.tar.gz", 
            "file_size": 163666161, 
            "object_id": "df2b5f0c-7fe1-55ef-90e1-f722ce107e1f"
        }, 
        {
            "file_md5sum": "35428c57b921611c8d632a86403e2828", 
            "file_name": "a7e1deb7-2e3d-4e36-90c7-9cae34cdcfb3.svcp_1-0-4.20150119.somatic.cnv.tar.gz", 
            "file_size": 26543693, 
            "object_id": "85877e34-6c03-535b-bda9-16cb33e23d54"
        }, 
        {
            "file_md5sum": "2e079275e4aa57c9eb772fc2c1d70e1a",