{
    "_runs_": {
        "run_1449256150_30778ae0-aac1-42f3-87c3-490a453045cd": {
            "downloading": {
                "4da2758c-b9d5-491c-bff6-6b85156daa58.xml-download_time": 13, 
                "4da2758c-b9d5-491c-bff6-6b85156daa58.xml-md5sum_time": 0, 
                "4f1fc78e-733d-4c6e-86b2-dbe1f98c141d.svcp_1-0-5.20150713.somatic.binnedReadCounts.tar.gz-download_time": 20, 
                "4f1fc78e-733d-4c6e-86b2-dbe1f98c141d.svcp_1-0-5.20150713.somatic.binnedReadCounts.tar.gz-md5sum_time": 0, 
                "4f1fc78e-733d-4c6e-86b2-dbe1f98c141d.svcp_1-0-5.20150713.somatic.cnv.tar.gz-download_time": 14, 
                "4f1fc78e-733d-4c6e-86b2-dbe1f98c141d.svcp_1-0-5.20150713.somatic.cnv.tar.gz-md5sum_time": 0, 
                "4f1fc78e-733d-4c6e-86b2-dbe1f98c141d.svcp_1-0-5.20150713.somatic.cnv.vcf.gz-download_time": 12, 
                "4f1fc78e-733d-4c6e-86b2-dbe1f98c141d.svcp_1-0-5.20150713.somatic.cnv.vcf.gz-md5sum_time": 0, 
                "4f1fc78e-733d-4c6e-86b2-dbe1f98c141d.svcp_1-0-5.20150713.somatic.cnv.vcf.gz.tbi-download_time": 14, 
                "4f1fc78e-733d-4c6e-86b2-dbe1f98c141d.svcp_1-0-5.20150713.somatic.cnv.vcf.gz.tbi-md5sum_time": 0, 
                "4f1fc78e-733d-4c6e-86b2-dbe1f98c141d.svcp_1-0-5.20150713.somatic.genotype.tar.gz-download_time": 13, 
                "4f1fc78e-733d-4c6e-86b2-dbe1f98c141d.svcp_1-0-5.20150713.somatic.genotype.tar.gz-md5sum_time": 0, 
                "4f1fc78e-733d-4c6e-86b2-dbe1f98c141d.svcp_1-0-5.20150713.somatic.imputeCounts.tar.gz-download_time": 40, 
                "4f1fc78e-733d-4c6e-86b2-dbe1f98c141d.svcp_1-0-5.20150713.somatic.imputeCounts.tar.gz-md5sum_time": 2, 
                "4f1fc78e-733d-4c6e-86b2-dbe1f98c141d.svcp_1-0-5.20150713.somatic.indel.tar.gz-download_time": 68, 
                "4f1fc78e-733d-4c6e-86b2-dbe1f98c141d.svcp_1-0-5.20150713.somatic.indel.tar.gz-md5sum_time": 3, 
                "4f1fc78e-733d-4c6e-86b2-dbe1f98c141d.svcp_1-0-5.20150713.somatic.indel.vcf.gz-download_time": 17, 
                "4f1fc78e-733d-4c6e-86b2-dbe1f98c141d.svcp_1-0-5.20150713.somatic.indel.vcf.gz-md5sum_time": 0, 
                "4f1fc78e-733d-4c6e-86b2-dbe1f98c141d.svcp_1-0-5.20150713.somatic.indel.vcf.gz.tbi-download_time": 12, 
                "4f1fc78e-733d-4c6e-86b2-dbe1f98c141d.svcp_1-0-5.20150713.somatic.indel.vcf.gz.tbi-md5sum_time": 0, 
                "4f1fc78e-733d-4c6e-86b2-dbe1f98c141d.svcp_1-0-5.20150713.somatic.snv_mnv.tar.gz-download_time": 22, 
                "4f1fc78e-733d-4c6e-86b2-dbe1f98c141d.svcp_1-0-5.20150713.somatic.snv_mnv.tar.gz-md5sum_time": 0, 
                "4f1fc78e-733d-4c6e-86b2-dbe1f98c141d.svcp_1-0-5.20150713.somatic.snv_mnv.vcf.gz-download_time": 13, 
                "4f1fc78e-733d-4c6e-86b2-dbe1f98c141d.svcp_1-0-5.20150713.somatic.snv_mnv.vcf.gz-md5sum_time": 0, 
                "4f1fc78e-733d-4c6e-86b2-dbe1f98c141d.svcp_1-0-5.20150713.somatic.snv_mnv.vcf.gz.tbi-download_time": 12, 
                "4f1fc78e-733d-4c6e-86b2-dbe1f98c141d.svcp_1-0-5.20150713.somatic.snv_mnv.vcf.gz.tbi-md5sum_time": 0, 
                "4f1fc78e-733d-4c6e-86b2-dbe1f98c141d.svcp_1-0-5.20150713.somatic.sv.tar.gz-download_time": 194, 
                "4f1fc78e-733d-4c6e-86b2-dbe1f98c141d.svcp_1-0-5.20150713.somatic.sv.tar.gz-md5sum_time": 25, 
                "4f1fc78e-733d-4c6e-86b2-dbe1f98c141d.svcp_1-0-5.20150713.somatic.sv.vcf.gz-download_time": 12, 
                "4f1fc78e-733d-4c6e-86b2-dbe1f98c141d.svcp_1-0-5.20150713.somatic.sv.vcf.gz-md5sum_time": 0, 
                "4f1fc78e-733d-4c6e-86b2-dbe1f98c141d.svcp_1-0-5.20150713.somatic.sv.vcf.gz.tbi-download_time": 12, 
                "4f1fc78e-733d-4c6e-86b2-dbe1f98c141d.svcp_1-0-5.20150713.somatic.sv.vcf.gz.tbi-md5sum_time": 0, 
                "4f1fc78e-733d-4c6e-86b2-dbe1f98c141d.svcp_1-0-5.20150713.somatic.verifyBamId.tar.gz-download_time": 12, 
                "4f1fc78e-733d-4c6e-86b2-dbe1f98c141d.svcp_1-0-5.20150713.somatic.verifyBamId.tar.gz-md5sum_time": 0, 
                "start": 1449319865, 
                "stop": 1449320395, 
                "time": 530
            }
        }
    }, 
    "aliquot_id": null, 
    "available_repos": [
        {
            "https://gtrepo-ebi.annailabs.com/": {
                "file_md5sum": "88ce7443bcb2e435758d4f72e162f648", 
                "file_size": 59382
            }
        }
    ], 
    "data_type": "Sanger-VCF", 
    "files": [
        {
            "file_md5sum": "e2ed94884ab3b8b5e67e9e4f9f34f48f", 
            "file_name": "4f1fc78e-733d-4c6e-86b2-dbe1f98c141d.svcp_1-0-5.20150713.somatic.snv_mnv.vcf.gz", 
            "file_size": 3256147, 
            "object_id": "cc58d8e4-9b0c-5e66-94ae-b920dfa31745"
        }, 
        {
            "file_md5sum": "d761258454ce75e127e30e608a15f0a7", 
            "file_name": "4f1fc78e-733d-4c6e-86b2-dbe1f98c141d.svcp_1-0-5.20150713.somatic.snv_mnv.vcf.gz.tbi", 
            "file_size": 441517, 
            "object_id": "e42c0190-7b0e-5ee7-b778-242f862c3c4e"
        }, 
        {
            "file_md5sum": "b5a8d069b8732278b061ea0d8b0e6cb6", 
            "file_name": "4f1fc78e-733d-4c6e-86b2-dbe1f98c141d.svcp_1-0-5.20150713.somatic.cnv.vcf.gz", 
            "file_size": 4219, 
            "object_id": "25039b12-c047-50a2-8bd7-cb264995b206"
        }, 
        {
            "file_md5sum": "b92261c5f54f7302a35895f47bea519d", 
            "file_name": "4f1fc78e-733d-4c6e-86b2-dbe1f98c141d.svcp_1-0-5.20150713.somatic.cnv.vcf.gz.tbi", 
            "file_size": 5612, 
            "object_id": "b1cce019-2c1f-59a2-afb1-368052b811ac"
        }, 
        {
            "file_md5sum": "df76d44a3ff52ba93f301c3a382a9994", 
            "file_name": "4f1fc78e-733d-4c6e-86b2-dbe1f98c141d.svcp_1-0-5.20150713.somatic.sv.vcf.gz", 
            "file_size": 31164, 
            "object_id": "e37e0e34-90f4-5e1e-8dd4-2fc0035b0b83"
        }, 
        {
            "file_md5sum": "be584a114de4224d9b99bf6c7fc7b4e6", 
            "file_name": "4f1fc78e-733d-4c6e-86b2-dbe1f98c141d.svcp_1-0-5.20150713.somatic.sv.vcf.gz.tbi", 
            "file_size": 5476, 
            "object_id": "2bd2642a-b7db-5afe-b695-2d8b0ba0b9e3"
        }, 
        {
            "file_md5sum": "7c6abcf38428e908a55113394358fb71", 
            "file_name": "4f1fc78e-733d-4c6e-86b2-dbe1f98c141d.svcp_1-0-5.20150713.somatic.indel.vcf.gz", 
            "file_size": 57045629, 
            "object_id": "366667d5-b718-5bde-9570-4c316261cd5d"
        }, 
        {
            "file_md5sum": "686ee4b1df6daa5826e40400d049a106", 
            "file_name": "4f1fc78e-733d-4c6e-86b2-dbe1f98c141d.svcp_1-0-5.20150713.somatic.indel.vcf.gz.tbi", 
            "file_size": 1516681, 
            "object_id": "9dc2510d-fc07-5290-ba47-1097e0a7f48c"
        }, 
        {
            "file_md5sum": "1b9f71a3eda6fcb4a93311dcb0bf8957", 
            "file_name": "4f1fc78e-733d-4c6e-86b2-dbe1f98c141d.svcp_1-0-5.20150713.somatic.snv_mnv.tar.gz", 
            "file_size": 167516341, 
            "object_id": "6dcc7a05-12e2-5427-adfc-4bcbf6b1d15a"
        }, 
        {
            "file_md5sum": "d7abc06ba4ef5b86c3ceb21c4b836897", 
            "file_name": "4f1fc78e-733d-4c6e-86b2-dbe1f98c141d.svcp_1-0-5.20150713.somatic.cnv.tar.gz", 
            "file_size": 26751862, 
            "object_id": "937ae461-93b3-5931-899d-b59e4edf1ddd"
        }, 
        {
            "file_md5sum": "510fb9ea688bace5c2eecdd1e3f2100f", 
            "file_name": "4f1fc78e-733d-4c6e-86b2-dbe1f98c141d.svcp_1-0-5.20150713.somatic.sv.tar.gz", 
            "file_size": 2846901411, 
            "object_id": "ac00abc8-f81f-5ac2-8582-bbf8787de233"
        }, 
        {
            "file_md5sum": "d5629976457053695e732be5285cacbd", 
            "file_name": "4f1fc78e-733d-4c6e-86b2-dbe1f98c141d.svcp_1-0-5.20150713.somatic.indel.tar.gz", 
            "file_size": 926734942,