{
    "_runs_": {
        "run_1449082625_9f6fe3a3-6da0-4e4e-b231-6e2316e868c8": {
            "downloading": {
                "gnos-download_time": 1280, 
                "start": 1449120808, 
                "stop": 1449122089, 
                "time": 1281
            }, 
            "uploading": {
                "copy_meta_time": 1, 
                "start": 1449122101, 
                "stop": 1449122331, 
                "time": 230, 
                "upload_time": 228
            }
        }, 
        "run_1449256291_854cc1de-1a8d-4120-b9ce-5b1f48d14ccc": {
            "downloading": {
                "4e2b6cd8-9fc0-4182-b15d-a4faac0ab455.xml-download_time": 15, 
                "4e2b6cd8-9fc0-4182-b15d-a4faac0ab455.xml-md5sum_time": 0, 
                "9563a264-c622-11e3-bf01-24c6515278c0.dkfz-copyNumberEstimation_1-0-189-hpc-fix.1508271614.somatic.cnv.tar.gz-download_time": 241, 
                "9563a264-c622-11e3-bf01-24c6515278c0.dkfz-copyNumberEstimation_1-0-189-hpc-fix.1508271614.somatic.cnv.tar.gz-md5sum_time": 22, 
                "9563a264-c622-11e3-bf01-24c6515278c0.dkfz-copyNumberEstimation_1-0-189-hpc-fix.1508271614.somatic.cnv.vcf.gz-download_time": 15, 
                "9563a264-c622-11e3-bf01-24c6515278c0.dkfz-copyNumberEstimation_1-0-189-hpc-fix.1508271614.somatic.cnv.vcf.gz-md5sum_time": 0, 
                "9563a264-c622-11e3-bf01-24c6515278c0.dkfz-copyNumberEstimation_1-0-189-hpc-fix.1508271614.somatic.cnv.vcf.gz.tbi-download_time": 14, 
                "9563a264-c622-11e3-bf01-24c6515278c0.dkfz-copyNumberEstimation_1-0-189-hpc-fix.1508271614.somatic.cnv.vcf.gz.tbi-md5sum_time": 0, 
                "9563a264-c622-11e3-bf01-24c6515278c0.dkfz-indelCalling_1-0-132-1.20150709.germline.indel.vcf.gz-download_time": 20, 
                "9563a264-c622-11e3-bf01-24c6515278c0.dkfz-indelCalling_1-0-132-1.20150709.germline.indel.vcf.gz-md5sum_time": 1, 
                "9563a264-c622-11e3-bf01-24c6515278c0.dkfz-indelCalling_1-0-132-1.20150709.germline.indel.vcf.gz.tbi-download_time": 14, 
                "9563a264-c622-11e3-bf01-24c6515278c0.dkfz-indelCalling_1-0-132-1.20150709.germline.indel.vcf.gz.tbi-md5sum_time": 0, 
                "9563a264-c622-11e3-bf01-24c6515278c0.dkfz-indelCalling_1-0-132-1.20150709.somatic.indel.tar.gz-download_time": 48, 
                "9563a264-c622-11e3-bf01-24c6515278c0.dkfz-indelCalling_1-0-132-1.20150709.somatic.indel.tar.gz-md5sum_time": 3, 
                "9563a264-c622-11e3-bf01-24c6515278c0.dkfz-indelCalling_1-0-132-1.20150709.somatic.indel.vcf.gz-download_time": 15, 
                "9563a264-c622-11e3-bf01-24c6515278c0.dkfz-indelCalling_1-0-132-1.20150709.somatic.indel.vcf.gz-md5sum_time": 0, 
                "9563a264-c622-11e3-bf01-24c6515278c0.dkfz-indelCalling_1-0-132-1.20150709.somatic.indel.vcf.gz.tbi-download_time": 13, 
                "9563a264-c622-11e3-bf01-24c6515278c0.dkfz-indelCalling_1-0-132-1.20150709.somatic.indel.vcf.gz.tbi-md5sum_time": 0, 
                "9563a264-c622-11e3-bf01-24c6515278c0.dkfz-snvCalling_1-0-132-1.20150709.germline.snv_mnv.vcf.gz-download_time": 21, 
                "9563a264-c622-11e3-bf01-24c6515278c0.dkfz-snvCalling_1-0-132-1.20150709.germline.snv_mnv.vcf.gz-md5sum_time": 0, 
                "9563a264-c622-11e3-bf01-24c6515278c0.dkfz-snvCalling_1-0-132-1.20150709.germline.snv_mnv.vcf.gz.tbi-download_time": 14, 
                "9563a264-c622-11e3-bf01-24c6515278c0.dkfz-snvCalling_1-0-132-1.20150709.germline.snv_mnv.vcf.gz.tbi-md5sum_time": 0, 
                "9563a264-c622-11e3-bf01-24c6515278c0.dkfz-snvCalling_1-0-132-1.20150709.somatic.snv_mnv.tar.gz-download_time": 76, 
                "9563a264-c622-11e3-bf01-24c6515278c0.dkfz-snvCalling_1-0-132-1.20150709.somatic.snv_mnv.tar.gz-md5sum_time": 4, 
                "9563a264-c622-11e3-bf01-24c6515278c0.dkfz-snvCalling_1-0-132-1.20150709.somatic.snv_mnv.vcf.gz-download_time": 15, 
                "9563a264-c622-11e3-bf01-24c6515278c0.dkfz-snvCalling_1-0-132-1.20150709.somatic.snv_mnv.vcf.gz-md5sum_time": 0, 
                "9563a264-c622-11e3-bf01-24c6515278c0.dkfz-snvCalling_1-0-132-1.20150709.somatic.snv_mnv.vcf.gz.tbi-download_time": 13, 
                "9563a264-c622-11e3-bf01-24c6515278c0.dkfz-snvCalling_1-0-132-1.20150709.somatic.snv_mnv.vcf.gz.tbi-md5sum_time": 0, 
                "9563a264-c622-11e3-bf01-24c6515278c0.embl-delly_1-0-0-preFilter.20150709.germline.sv.bedpe.txt.tar.gz-download_time": 13, 
                "9563a264-c622-11e3-bf01-24c6515278c0.embl-delly_1-0-0-preFilter.20150709.germline.sv.bedpe.txt.tar.gz-md5sum_time": 0, 
                "9563a264-c622-11e3-bf01-24c6515278c0.embl-delly_1-0-0-preFilter.20150709.germline.sv.readname.txt.tar.gz-download_time": 14, 
                "9563a264-c622-11e3-bf01-24c6515278c0.embl-delly_1-0-0-preFilter.20150709.germline.sv.readname.txt.tar.gz-md5sum_time": 0, 
                "9563a264-c622-11e3-bf01-24c6515278c0.embl-delly_1-0-0-preFilter.20150709.germline.sv.vcf.gz-download_time": 14, 
                "9563a264-c622-11e3-bf01-24c6515278c0.embl-delly_1-0-0-preFilter.20150709.germline.sv.vcf.gz-md5sum_time": 0, 
                "9563a264-c622-11e3-bf01-24c6515278c0.embl-delly_1-0-0-preFilter.20150709.germline.sv.vcf.gz.tbi-download_time": 13, 
                "9563a264-c622-11e3-bf01-24c6515278c0.embl-delly_1-0-0-preFilter.20150709.germline.sv.vcf.gz.tbi-md5sum_time": 0, 
                "9563a264-c622-11e3-bf01-24c6515278c0.embl-delly_1-0-0-preFilter.20150709.somatic.sv.bedpe.txt.tar.gz-download_time": 13, 
                "9563a264-c622-11e3-bf01-24c6515278c0.embl-delly_1-0-0-preFilter.20150709.somatic.sv.bedpe.txt.tar.gz-md5sum_time": 0, 
                "9563a264-c622-11e3-bf01-24c6515278c0.embl-delly_1-0-0-preFilter.20150709.somatic.sv.readname.txt.tar.gz-download_time": 14, 
                "9563a264-c622-11e3-bf01-24c6515278c0.embl-delly_1-0-0-preFilter.20150709.somatic.sv.readname.txt.tar.gz-md5sum_time": 0, 
                "9563a264-c622-11e3-bf01-24c6515278c0.embl-delly_1-0-0-preFilter.20150709.somatic.sv.vcf.gz-download_time": 15, 
                "9563a264-c622-11e3-bf01-24c6515278c0.embl-delly_1-0-0-preFilter.20150709.somatic.sv.vcf.gz-md5sum_time": 0, 
                "9563a264-c622-11e3-bf01-24c6515278c0.embl-delly_1-0-0-preFilter.20150709.somatic.sv.vcf.gz.tbi-download_time": 13, 
                "9563a264-c622-11e3-bf01-24c6515278c0.embl-delly_1-0-0-preFilter.20150709.somatic.sv.vcf.gz.tbi-md5sum_time": 0, 
                "9563a264-c622-11e3-bf01-24c6515278c0.embl-delly_1-0-0-preFilter.20150709.sv.cov.plots.tar.gz-download_time": 15, 
                "9563a264-c622-11e3-bf01-24c6515278c0.embl-delly_1-0-0-preFilter.20150709.sv.cov.plots.tar.gz-md5sum_time": 0, 
                "9563a264-c622-11e3-bf01-24c6515278c0.embl-delly_1-0-0-preFilter.20150709.sv.cov.tar.gz-download_time": 19, 
                "9563a264-c622-11e3-bf01-24c6515278c0.embl-delly_1-0-0-preFilter.20150709.sv.cov.tar.gz-md5sum_time": 0, 
                "9563a264-c622-11e3-bf01-24c6515278c0.embl-delly_1-0-0-preFilter.20150709.sv.vcf.gz-download_time": 14, 
                "9563a264-c622-11e3-bf01-24c6515278c0.embl-delly_1-0-0-preFilter.20150709.sv.vcf.gz-md5sum_time": 0, 
                "9563a264-c622-11e3-bf01-24c6515278c0.embl-delly_1-0-0-preFilter.20150709.sv.vcf.gz.tbi-download_time": 14, 
                "9563a264-c622-11e3-bf01-24c6515278c0.embl-delly_1-0-0-preFilter.20150709.sv.vcf.gz.tbi-md5sum_time": 0, 
                "start": 1449320369, 
                "stop": 1449321104, 
                "time": 735
            }
        }
    }, 
    "aliquot_id": null, 
    "available_repos": [
        {
            "https://gtrepo-dkfz.annailabs.com/": {
                "file_md5sum": "4b66356445bcedd327cbae960a10e1b1", 
                "file_size": 58561
            }
        }
    ], 
    "data_type": "Dkfz_embl-VCF", 
    "files": [
        {
            "file_md5sum": "7f869a82d20c3d40735be7d41b7c292d",