{
    "_runs_": {
        "run_1449252103_152c7654-43a8-4095-9763-2d1564a0e842": {
            "downloading": {
                "5000ea33-b92f-404b-8aff-68e77804a710.xml-download_time": 12, 
                "5000ea33-b92f-404b-8aff-68e77804a710.xml-md5sum_time": 0, 
                "fabf1f6c-c622-11e3-bf01-24c6515278c0.svcp_1-0-6.20150422.somatic.binnedReadCounts.tar.gz-download_time": 19, 
                "fabf1f6c-c622-11e3-bf01-24c6515278c0.svcp_1-0-6.20150422.somatic.binnedReadCounts.tar.gz-md5sum_time": 1, 
                "fabf1f6c-c622-11e3-bf01-24c6515278c0.svcp_1-0-6.20150422.somatic.cnv.tar.gz-download_time": 16, 
                "fabf1f6c-c622-11e3-bf01-24c6515278c0.svcp_1-0-6.20150422.somatic.cnv.tar.gz-md5sum_time": 0, 
                "fabf1f6c-c622-11e3-bf01-24c6515278c0.svcp_1-0-6.20150422.somatic.cnv.vcf.gz-download_time": 13, 
                "fabf1f6c-c622-11e3-bf01-24c6515278c0.svcp_1-0-6.20150422.somatic.cnv.vcf.gz-md5sum_time": 0, 
                "fabf1f6c-c622-11e3-bf01-24c6515278c0.svcp_1-0-6.20150422.somatic.cnv.vcf.gz.tbi-download_time": 13, 
                "fabf1f6c-c622-11e3-bf01-24c6515278c0.svcp_1-0-6.20150422.somatic.cnv.vcf.gz.tbi-md5sum_time": 0, 
                "fabf1f6c-c622-11e3-bf01-24c6515278c0.svcp_1-0-6.20150422.somatic.genotype.tar.gz-download_time": 12, 
                "fabf1f6c-c622-11e3-bf01-24c6515278c0.svcp_1-0-6.20150422.somatic.genotype.tar.gz-md5sum_time": 0, 
                "fabf1f6c-c622-11e3-bf01-24c6515278c0.svcp_1-0-6.20150422.somatic.imputeCounts.tar.gz-download_time": 41, 
                "fabf1f6c-c622-11e3-bf01-24c6515278c0.svcp_1-0-6.20150422.somatic.imputeCounts.tar.gz-md5sum_time": 1, 
                "fabf1f6c-c622-11e3-bf01-24c6515278c0.svcp_1-0-6.20150422.somatic.indel.tar.gz-download_time": 62, 
                "fabf1f6c-c622-11e3-bf01-24c6515278c0.svcp_1-0-6.20150422.somatic.indel.tar.gz-md5sum_time": 3, 
                "fabf1f6c-c622-11e3-bf01-24c6515278c0.svcp_1-0-6.20150422.somatic.indel.vcf.gz-download_time": 17, 
                "fabf1f6c-c622-11e3-bf01-24c6515278c0.svcp_1-0-6.20150422.somatic.indel.vcf.gz-md5sum_time": 0, 
                "fabf1f6c-c622-11e3-bf01-24c6515278c0.svcp_1-0-6.20150422.somatic.indel.vcf.gz.tbi-download_time": 14, 
                "fabf1f6c-c622-11e3-bf01-24c6515278c0.svcp_1-0-6.20150422.somatic.indel.vcf.gz.tbi-md5sum_time": 0, 
                "fabf1f6c-c622-11e3-bf01-24c6515278c0.svcp_1-0-6.20150422.somatic.snv_mnv.tar.gz-download_time": 23, 
                "fabf1f6c-c622-11e3-bf01-24c6515278c0.svcp_1-0-6.20150422.somatic.snv_mnv.tar.gz-md5sum_time": 0, 
                "fabf1f6c-c622-11e3-bf01-24c6515278c0.svcp_1-0-6.20150422.somatic.snv_mnv.vcf.gz-download_time": 13, 
                "fabf1f6c-c622-11e3-bf01-24c6515278c0.svcp_1-0-6.20150422.somatic.snv_mnv.vcf.gz-md5sum_time": 0, 
                "fabf1f6c-c622-11e3-bf01-24c6515278c0.svcp_1-0-6.20150422.somatic.snv_mnv.vcf.gz.tbi-download_time": 13, 
                "fabf1f6c-c622-11e3-bf01-24c6515278c0.svcp_1-0-6.20150422.somatic.snv_mnv.vcf.gz.tbi-md5sum_time": 0, 
                "fabf1f6c-c622-11e3-bf01-24c6515278c0.svcp_1-0-6.20150422.somatic.sv.tar.gz-download_time": 515, 
                "fabf1f6c-c622-11e3-bf01-24c6515278c0.svcp_1-0-6.20150422.somatic.sv.tar.gz-md5sum_time": 45, 
                "fabf1f6c-c622-11e3-bf01-24c6515278c0.svcp_1-0-6.20150422.somatic.sv.vcf.gz-download_time": 13, 
                "fabf1f6c-c622-11e3-bf01-24c6515278c0.svcp_1-0-6.20150422.somatic.sv.vcf.gz-md5sum_time": 0, 
                "fabf1f6c-c622-11e3-bf01-24c6515278c0.svcp_1-0-6.20150422.somatic.sv.vcf.gz.tbi-download_time": 12, 
                "fabf1f6c-c622-11e3-bf01-24c6515278c0.svcp_1-0-6.20150422.somatic.sv.vcf.gz.tbi-md5sum_time": 0, 
                "fabf1f6c-c622-11e3-bf01-24c6515278c0.svcp_1-0-6.20150422.somatic.verifyBamId.tar.gz-download_time": 13, 
                "fabf1f6c-c622-11e3-bf01-24c6515278c0.svcp_1-0-6.20150422.somatic.verifyBamId.tar.gz-md5sum_time": 0, 
                "start": 1449321880, 
                "stop": 1449322752, 
                "time": 872
            }
        }
    }, 
    "aliquot_id": null, 
    "available_repos": [
        {
            "https://gtrepo-riken.annailabs.com/": {
                "file_md5sum": "9185ca74c911608e048deceb3eaa380e", 
                "file_size": 59308
            }
        }
    ], 
    "data_type": "Sanger-VCF", 
    "files": [
        {
            "file_md5sum": "f926faf2c30391538a70eaf924e951f2", 
            "file_name": "fabf1f6c-c622-11e3-bf01-24c6515278c0.svcp_1-0-6.20150422.somatic.snv_mnv.vcf.gz", 
            "file_size": 3963588, 
            "object_id": "2ff9ebdf-38fe-55a0-ab98-f06e6e886008"
        }, 
        {
            "file_md5sum": "aa94c90f3eca40d86f593006eae48200", 
            "file_name": "fabf1f6c-c622-11e3-bf01-24c6515278c0.svcp_1-0-6.20150422.somatic.snv_mnv.vcf.gz.tbi", 
            "file_size": 532106, 
            "object_id": "396f62c9-ed39-53c1-af4f-a7b84304a31a"
        }, 
        {
            "file_md5sum": "ee3642bbffa0c66c59c414259b524188", 
            "file_name": "fabf1f6c-c622-11e3-bf01-24c6515278c0.svcp_1-0-6.20150422.somatic.cnv.vcf.gz", 
            "file_size": 2407, 
            "object_id": "7807e8a6-9cb7-580a-9972-cd04d59470cf"
        }, 
        {
            "file_md5sum": "562188cb1e58c9477b46c7a63ea09263", 
            "file_name": "fabf1f6c-c622-11e3-bf01-24c6515278c0.svcp_1-0-6.20150422.somatic.cnv.vcf.gz.tbi", 
            "file_size": 4485, 
            "object_id": "cd7bda15-6d55-5d56-8795-4fd7fdec4b52"
        }, 
        {
            "file_md5sum": "4cfe1f6cecd18f1b1bcbf2fc9e59ac58", 
            "file_name": "fabf1f6c-c622-11e3-bf01-24c6515278c0.svcp_1-0-6.20150422.somatic.sv.vcf.gz", 
            "file_size": 72525, 
            "object_id": "7460fccf-a8e5-5dde-aada-6037cae55f30"
        }, 
        {
            "file_md5sum": "9d392ee15bce6a16873ff300cdc26386", 
            "file_name": "fabf1f6c-c622-11e3-bf01-24c6515278c0.svcp_1-0-6.20150422.somatic.sv.vcf.gz.tbi", 
            "file_size": 12399, 
            "object_id": "5e20804f-16bc-5037-b9cf-17c93157bc77"
        }, 
        {
            "file_md5sum": "36f6b2546997267317b1d8834f74c496", 
            "file_name": "fabf1f6c-c622-11e3-bf01-24c6515278c0.svcp_1-0-6.20150422.somatic.indel.vcf.gz", 
            "file_size": 53413849, 
            "object_id": "74e304a1-8169-519e-bed3-ed325d24a9ff"
        }, 
        {
            "file_md5sum": "f4ad35f2717323f87b4015c27046495e", 
            "file_name": "fabf1f6c-c622-11e3-bf01-24c6515278c0.svcp_1-0-6.20150422.somatic.indel.vcf.gz.tbi", 
            "file_size": 1506292, 
            "object_id": "350b8983-c63d-5817-8c5d-30b09c829844"
        }, 
        {
            "file_md5sum": "2f722ccdf96ad8b1b16b2199b3d33828", 
            "file_name": "fabf1f6c-c622-11e3-bf01-24c6515278c0.svcp_1-0-6.20150422.somatic.snv_mnv.tar.gz", 
            "file_size": 163397608, 
            "object_id": "7a37fcd1-307c-5309-b00e-7c6000675657"
        }, 
        {
            "file_md5sum": "459f8d82421a63ddb81327a1dc168f9d", 
            "file_name": "fabf1f6c-c622-11e3-bf01-24c6515278c0.svcp_1-0-6.20150422.somatic.cnv.tar.gz", 
            "file_size": 27014675, 
            "object_id": "ad1eb47d-a4e5-523f-96c3-62dae7a5541a"
        }, 
        {
            "file_md5sum": "146fd212cd9f945798eece85f1cb11c4", 
            "file_name": "fabf1f6c-c622-11e3-bf01-24c6515278c0.svcp_1-0-6.20150422.somatic.sv.tar.gz", 
            "file_size": 7163375913, 
            "object_id": "31d90064-5822-5d95-a335-e07827f766f1"
        }, 
        {
            "file_md5sum": "d242ac2b5b3909ae71a0e7b624fe1d39", 
            "file_name": "fabf1f6c-c622-11e3-bf01-24c6515278c0.svcp_1-0-6.20150422.somatic.indel.tar.gz", 
            "file_size": 816772113,