{
    "_runs_": {
        "run_1449256569_76e81a59-4210-47e5-9370-3d9c27baa182": {
            "downloading": {
                "506cd49a-3c03-4289-9e5e-0a73beae55db.xml-download_time": 15, 
                "506cd49a-3c03-4289-9e5e-0a73beae55db.xml-md5sum_time": 0, 
                "78103d9b-0b8a-431e-bb58-5c99fbea12e4.svcp_1-0-7.20150624.somatic.binnedReadCounts.tar.gz-download_time": 23, 
                "78103d9b-0b8a-431e-bb58-5c99fbea12e4.svcp_1-0-7.20150624.somatic.binnedReadCounts.tar.gz-md5sum_time": 1, 
                "78103d9b-0b8a-431e-bb58-5c99fbea12e4.svcp_1-0-7.20150624.somatic.cnv.tar.gz-download_time": 17, 
                "78103d9b-0b8a-431e-bb58-5c99fbea12e4.svcp_1-0-7.20150624.somatic.cnv.tar.gz-md5sum_time": 1, 
                "78103d9b-0b8a-431e-bb58-5c99fbea12e4.svcp_1-0-7.20150624.somatic.cnv.vcf.gz-download_time": 15, 
                "78103d9b-0b8a-431e-bb58-5c99fbea12e4.svcp_1-0-7.20150624.somatic.cnv.vcf.gz-md5sum_time": 0, 
                "78103d9b-0b8a-431e-bb58-5c99fbea12e4.svcp_1-0-7.20150624.somatic.cnv.vcf.gz.tbi-download_time": 16, 
                "78103d9b-0b8a-431e-bb58-5c99fbea12e4.svcp_1-0-7.20150624.somatic.cnv.vcf.gz.tbi-md5sum_time": 0, 
                "78103d9b-0b8a-431e-bb58-5c99fbea12e4.svcp_1-0-7.20150624.somatic.genotype.tar.gz-download_time": 14, 
                "78103d9b-0b8a-431e-bb58-5c99fbea12e4.svcp_1-0-7.20150624.somatic.genotype.tar.gz-md5sum_time": 0, 
                "78103d9b-0b8a-431e-bb58-5c99fbea12e4.svcp_1-0-7.20150624.somatic.imputeCounts.tar.gz-download_time": 51, 
                "78103d9b-0b8a-431e-bb58-5c99fbea12e4.svcp_1-0-7.20150624.somatic.imputeCounts.tar.gz-md5sum_time": 1, 
                "78103d9b-0b8a-431e-bb58-5c99fbea12e4.svcp_1-0-7.20150624.somatic.indel.tar.gz-download_time": 114, 
                "78103d9b-0b8a-431e-bb58-5c99fbea12e4.svcp_1-0-7.20150624.somatic.indel.tar.gz-md5sum_time": 5, 
                "78103d9b-0b8a-431e-bb58-5c99fbea12e4.svcp_1-0-7.20150624.somatic.indel.vcf.gz-download_time": 22, 
                "78103d9b-0b8a-431e-bb58-5c99fbea12e4.svcp_1-0-7.20150624.somatic.indel.vcf.gz-md5sum_time": 0, 
                "78103d9b-0b8a-431e-bb58-5c99fbea12e4.svcp_1-0-7.20150624.somatic.indel.vcf.gz.tbi-download_time": 16, 
                "78103d9b-0b8a-431e-bb58-5c99fbea12e4.svcp_1-0-7.20150624.somatic.indel.vcf.gz.tbi-md5sum_time": 0, 
                "78103d9b-0b8a-431e-bb58-5c99fbea12e4.svcp_1-0-7.20150624.somatic.snv_mnv.tar.gz-download_time": 27, 
                "78103d9b-0b8a-431e-bb58-5c99fbea12e4.svcp_1-0-7.20150624.somatic.snv_mnv.tar.gz-md5sum_time": 1, 
                "78103d9b-0b8a-431e-bb58-5c99fbea12e4.svcp_1-0-7.20150624.somatic.snv_mnv.vcf.gz-download_time": 15, 
                "78103d9b-0b8a-431e-bb58-5c99fbea12e4.svcp_1-0-7.20150624.somatic.snv_mnv.vcf.gz-md5sum_time": 0, 
                "78103d9b-0b8a-431e-bb58-5c99fbea12e4.svcp_1-0-7.20150624.somatic.snv_mnv.vcf.gz.tbi-download_time": 16, 
                "78103d9b-0b8a-431e-bb58-5c99fbea12e4.svcp_1-0-7.20150624.somatic.snv_mnv.vcf.gz.tbi-md5sum_time": 0, 
                "78103d9b-0b8a-431e-bb58-5c99fbea12e4.svcp_1-0-7.20150624.somatic.sv.tar.gz-download_time": 211, 
                "78103d9b-0b8a-431e-bb58-5c99fbea12e4.svcp_1-0-7.20150624.somatic.sv.tar.gz-md5sum_time": 16, 
                "78103d9b-0b8a-431e-bb58-5c99fbea12e4.svcp_1-0-7.20150624.somatic.sv.vcf.gz-download_time": 15, 
                "78103d9b-0b8a-431e-bb58-5c99fbea12e4.svcp_1-0-7.20150624.somatic.sv.vcf.gz-md5sum_time": 0, 
                "78103d9b-0b8a-431e-bb58-5c99fbea12e4.svcp_1-0-7.20150624.somatic.sv.vcf.gz.tbi-download_time": 15, 
                "78103d9b-0b8a-431e-bb58-5c99fbea12e4.svcp_1-0-7.20150624.somatic.sv.vcf.gz.tbi-md5sum_time": 0, 
                "78103d9b-0b8a-431e-bb58-5c99fbea12e4.svcp_1-0-7.20150624.somatic.verifyBamId.tar.gz-download_time": 15, 
                "78103d9b-0b8a-431e-bb58-5c99fbea12e4.svcp_1-0-7.20150624.somatic.verifyBamId.tar.gz-md5sum_time": 0, 
                "start": 1449323063, 
                "stop": 1449323706, 
                "time": 643
            }
        }
    }, 
    "aliquot_id": null, 
    "available_repos": [
        {
            "https://gtrepo-ebi.annailabs.com/": {
                "file_md5sum": "932f9b693299ad31a2e1c55e9bb93d43", 
                "file_size": 59748
            }
        }
    ], 
    "data_type": "Sanger-VCF", 
    "files": [
        {
            "file_md5sum": "fc43f7dd328eb2c5997ac7756b0bed4e", 
            "file_name": "78103d9b-0b8a-431e-bb58-5c99fbea12e4.svcp_1-0-7.20150624.somatic.snv_mnv.vcf.gz", 
            "file_size": 7811443, 
            "object_id": "a56a32c0-103f-557b-9850-b6c80753b5ea"
        }, 
        {
            "file_md5sum": "d567132e3ef11dfe0c55bd47fff88def", 
            "file_name": "78103d9b-0b8a-431e-bb58-5c99fbea12e4.svcp_1-0-7.20150624.somatic.snv_mnv.vcf.gz.tbi", 
            "file_size": 874022, 
            "object_id": "07bd1de4-ef38-5cc4-9450-a72f9064cd8f"
        }, 
        {
            "file_md5sum": "772d83d14f9217840f730c2ab4844114", 
            "file_name": "78103d9b-0b8a-431e-bb58-5c99fbea12e4.svcp_1-0-7.20150624.somatic.cnv.vcf.gz", 
            "file_size": 3351, 
            "object_id": "1a39f3da-4b2a-5587-afdc-e897c8e9f790"
        }, 
        {
            "file_md5sum": "7a9f450c438755c35e8061feaee69d4a", 
            "file_name": "78103d9b-0b8a-431e-bb58-5c99fbea12e4.svcp_1-0-7.20150624.somatic.cnv.vcf.gz.tbi", 
            "file_size": 5071, 
            "object_id": "558c245c-ba78-5513-9882-44c6ec7e705b"
        }, 
        {
            "file_md5sum": "385f5a3b26aa4724ca5bafde3b02d924", 
            "file_name": "78103d9b-0b8a-431e-bb58-5c99fbea12e4.svcp_1-0-7.20150624.somatic.sv.vcf.gz", 
            "file_size": 47640, 
            "object_id": "ba5fb46e-a767-5926-9017-75765a3995a2"
        }, 
        {
            "file_md5sum": "7140d1ecf1ed5e2769c8c374cb4bb407", 
            "file_name": "78103d9b-0b8a-431e-bb58-5c99fbea12e4.svcp_1-0-7.20150624.somatic.sv.vcf.gz.tbi", 
            "file_size": 7101, 
            "object_id": "01fea3fd-764a-57a1-9548-dd1c62f66248"
        }, 
        {
            "file_md5sum": "e8bffc48928875aa4338d73c75367d6b", 
            "file_name": "78103d9b-0b8a-431e-bb58-5c99fbea12e4.svcp_1-0-7.20150624.somatic.indel.vcf.gz", 
            "file_size": 80278197, 
            "object_id": "6292226c-d66c-5f64-8fc4-caef23387155"
        }, 
        {
            "file_md5sum": "add795cf42c810dce0d09d193e751d22", 
            "file_name": "78103d9b-0b8a-431e-bb58-5c99fbea12e4.svcp_1-0-7.20150624.somatic.indel.vcf.gz.tbi", 
            "file_size": 1587933, 
            "object_id": "1d88593d-cc48-5c9d-83b8-c38a7a400066"
        }, 
        {
            "file_md5sum": "d3cadc68634f94cd53dcdad76cda079c", 
            "file_name": "78103d9b-0b8a-431e-bb58-5c99fbea12e4.svcp_1-0-7.20150624.somatic.snv_mnv.tar.gz", 
            "file_size": 184513324, 
            "object_id": "cb8406a9-254b-57fe-a2ab-0d459240aeca"
        }, 
        {
            "file_md5sum": "86a08f6d30c282ff2adcef95cff1400a", 
            "file_name": "78103d9b-0b8a-431e-bb58-5c99fbea12e4.svcp_1-0-7.20150624.somatic.cnv.tar.gz", 
            "file_size": 26589227, 
            "object_id": "1b0f4640-db2e-50a8-bff8-f1210b3556f1"
        }, 
        {
            "file_md5sum": "eb1b84015e152b3144d78b9f446f5236", 
            "file_name": "78103d9b-0b8a-431e-bb58-5c99fbea12e4.svcp_1-0-7.20150624.somatic.sv.tar.gz", 
            "file_size": 2504368612, 
            "object_id": "21b27cc5-27e5-5ebf-9321-4c4bb39c51cc"
        }, 
        {
            "file_md5sum": "69c65d56bf0601a8cc66623fef74e5d1", 
            "file_name": "78103d9b-0b8a-431e-bb58-5c99fbea12e4.svcp_1-0-7.20150624.somatic.indel.tar.gz", 
            "file_size": 1342242065,