{
    "_runs_": {
        "run_1449256569_76e81a59-4210-47e5-9370-3d9c27baa182": {
            "downloading": {
                "50af7c72-2344-4d7e-8404-e179f758d58e.xml-download_time": 14, 
                "50af7c72-2344-4d7e-8404-e179f758d58e.xml-md5sum_time": 0, 
                "f866123a-9eb0-e856-e040-11ac0c48717e.svcp_1-0-5.20150315.somatic.binnedReadCounts.tar.gz-download_time": 21, 
                "f866123a-9eb0-e856-e040-11ac0c48717e.svcp_1-0-5.20150315.somatic.binnedReadCounts.tar.gz-md5sum_time": 1, 
                "f866123a-9eb0-e856-e040-11ac0c48717e.svcp_1-0-5.20150315.somatic.cnv.tar.gz-download_time": 17, 
                "f866123a-9eb0-e856-e040-11ac0c48717e.svcp_1-0-5.20150315.somatic.cnv.tar.gz-md5sum_time": 0, 
                "f866123a-9eb0-e856-e040-11ac0c48717e.svcp_1-0-5.20150315.somatic.cnv.vcf.gz-download_time": 15, 
                "f866123a-9eb0-e856-e040-11ac0c48717e.svcp_1-0-5.20150315.somatic.cnv.vcf.gz-md5sum_time": 0, 
                "f866123a-9eb0-e856-e040-11ac0c48717e.svcp_1-0-5.20150315.somatic.cnv.vcf.gz.tbi-download_time": 15, 
                "f866123a-9eb0-e856-e040-11ac0c48717e.svcp_1-0-5.20150315.somatic.cnv.vcf.gz.tbi-md5sum_time": 0, 
                "f866123a-9eb0-e856-e040-11ac0c48717e.svcp_1-0-5.20150315.somatic.genotype.tar.gz-download_time": 14, 
                "f866123a-9eb0-e856-e040-11ac0c48717e.svcp_1-0-5.20150315.somatic.genotype.tar.gz-md5sum_time": 0, 
                "f866123a-9eb0-e856-e040-11ac0c48717e.svcp_1-0-5.20150315.somatic.imputeCounts.tar.gz-download_time": 44, 
                "f866123a-9eb0-e856-e040-11ac0c48717e.svcp_1-0-5.20150315.somatic.imputeCounts.tar.gz-md5sum_time": 2, 
                "f866123a-9eb0-e856-e040-11ac0c48717e.svcp_1-0-5.20150315.somatic.indel.tar.gz-download_time": 90, 
                "f866123a-9eb0-e856-e040-11ac0c48717e.svcp_1-0-5.20150315.somatic.indel.tar.gz-md5sum_time": 5, 
                "f866123a-9eb0-e856-e040-11ac0c48717e.svcp_1-0-5.20150315.somatic.indel.vcf.gz-download_time": 21, 
                "f866123a-9eb0-e856-e040-11ac0c48717e.svcp_1-0-5.20150315.somatic.indel.vcf.gz-md5sum_time": 0, 
                "f866123a-9eb0-e856-e040-11ac0c48717e.svcp_1-0-5.20150315.somatic.indel.vcf.gz.tbi-download_time": 16, 
                "f866123a-9eb0-e856-e040-11ac0c48717e.svcp_1-0-5.20150315.somatic.indel.vcf.gz.tbi-md5sum_time": 0, 
                "f866123a-9eb0-e856-e040-11ac0c48717e.svcp_1-0-5.20150315.somatic.snv_mnv.tar.gz-download_time": 25, 
                "f866123a-9eb0-e856-e040-11ac0c48717e.svcp_1-0-5.20150315.somatic.snv_mnv.tar.gz-md5sum_time": 1, 
                "f866123a-9eb0-e856-e040-11ac0c48717e.svcp_1-0-5.20150315.somatic.snv_mnv.vcf.gz-download_time": 15, 
                "f866123a-9eb0-e856-e040-11ac0c48717e.svcp_1-0-5.20150315.somatic.snv_mnv.vcf.gz-md5sum_time": 0, 
                "f866123a-9eb0-e856-e040-11ac0c48717e.svcp_1-0-5.20150315.somatic.snv_mnv.vcf.gz.tbi-download_time": 15, 
                "f866123a-9eb0-e856-e040-11ac0c48717e.svcp_1-0-5.20150315.somatic.snv_mnv.vcf.gz.tbi-md5sum_time": 0, 
                "f866123a-9eb0-e856-e040-11ac0c48717e.svcp_1-0-5.20150315.somatic.sv.tar.gz-download_time": 626, 
                "f866123a-9eb0-e856-e040-11ac0c48717e.svcp_1-0-5.20150315.somatic.sv.tar.gz-md5sum_time": 50, 
                "f866123a-9eb0-e856-e040-11ac0c48717e.svcp_1-0-5.20150315.somatic.sv.vcf.gz-download_time": 14, 
                "f866123a-9eb0-e856-e040-11ac0c48717e.svcp_1-0-5.20150315.somatic.sv.vcf.gz-md5sum_time": 0, 
                "f866123a-9eb0-e856-e040-11ac0c48717e.svcp_1-0-5.20150315.somatic.sv.vcf.gz.tbi-download_time": 15, 
                "f866123a-9eb0-e856-e040-11ac0c48717e.svcp_1-0-5.20150315.somatic.sv.vcf.gz.tbi-md5sum_time": 0, 
                "f866123a-9eb0-e856-e040-11ac0c48717e.svcp_1-0-5.20150315.somatic.verifyBamId.tar.gz-download_time": 16, 
                "f866123a-9eb0-e856-e040-11ac0c48717e.svcp_1-0-5.20150315.somatic.verifyBamId.tar.gz-md5sum_time": 0, 
                "start": 1449323750, 
                "stop": 1449324803, 
                "time": 1053
            }
        }
    }, 
    "aliquot_id": null, 
    "available_repos": [
        {
            "https://gtrepo-bsc.annailabs.com/": {
                "file_md5sum": "40efca2c9eea6672d6f6d18a7ccab1d7", 
                "file_size": 72534
            }
        }
    ], 
    "data_type": "Sanger-VCF", 
    "files": [
        {
            "file_md5sum": "1b07deefdd4d99c5b1b3a8a44212f37a", 
            "file_name": "f866123a-9eb0-e856-e040-11ac0c48717e.svcp_1-0-5.20150315.somatic.snv_mnv.vcf.gz", 
            "file_size": 4860368, 
            "object_id": "ecfa5e3f-636d-56fa-b2e6-9ea9ce7200df"
        }, 
        {
            "file_md5sum": "da6736ccad8ee31a03546b52bafee872", 
            "file_name": "f866123a-9eb0-e856-e040-11ac0c48717e.svcp_1-0-5.20150315.somatic.snv_mnv.vcf.gz.tbi", 
            "file_size": 628741, 
            "object_id": "cc868745-3eff-536c-b10c-ec1e502ae888"
        }, 
        {
            "file_md5sum": "6a7be2b71730647741ede708dae24062", 
            "file_name": "f866123a-9eb0-e856-e040-11ac0c48717e.svcp_1-0-5.20150315.somatic.cnv.vcf.gz", 
            "file_size": 5812, 
            "object_id": "beeeacd7-1a3e-5e34-a545-d4ec83465a4a"
        }, 
        {
            "file_md5sum": "f60ffb6447b53b7a839e3dfa3e969b02", 
            "file_name": "f866123a-9eb0-e856-e040-11ac0c48717e.svcp_1-0-5.20150315.somatic.cnv.vcf.gz.tbi", 
            "file_size": 6687, 
            "object_id": "5b1b77ac-75c2-5c2e-b52a-746d96962496"
        }, 
        {
            "file_md5sum": "1219f1a983f1aa637466a34c4a9c1888", 
            "file_name": "f866123a-9eb0-e856-e040-11ac0c48717e.svcp_1-0-5.20150315.somatic.sv.vcf.gz", 
            "file_size": 20264, 
            "object_id": "402c90cf-1bbd-533f-99cc-0688d1e49a3c"
        }, 
        {
            "file_md5sum": "96b00a3290118af23675e04ed22c65a8", 
            "file_name": "f866123a-9eb0-e856-e040-11ac0c48717e.svcp_1-0-5.20150315.somatic.sv.vcf.gz.tbi", 
            "file_size": 5930, 
            "object_id": "1a39dac1-a57e-5f0d-b70a-c43cefcb6d4c"
        }, 
        {
            "file_md5sum": "7604f68c1fecb4cbddb278470f05496c", 
            "file_name": "f866123a-9eb0-e856-e040-11ac0c48717e.svcp_1-0-5.20150315.somatic.indel.vcf.gz", 
            "file_size": 74135008, 
            "object_id": "dc80ba5c-08c5-5b73-ad25-d49ee048e22b"
        }, 
        {
            "file_md5sum": "8bb79f8d0bf8b55d0e6f511de995d87d", 
            "file_name": "f866123a-9eb0-e856-e040-11ac0c48717e.svcp_1-0-5.20150315.somatic.indel.vcf.gz.tbi", 
            "file_size": 1568764, 
            "object_id": "7be789b7-d85b-5b73-8407-275077512f87"
        }, 
        {
            "file_md5sum": "18ecf4249bed1e5a7fcfdb49594d0ffd", 
            "file_name": "f866123a-9eb0-e856-e040-11ac0c48717e.svcp_1-0-5.20150315.somatic.snv_mnv.tar.gz", 
            "file_size": 182519326, 
            "object_id": "af59ae0a-696e-538d-aa98-8e44e80fb7b4"
        }, 
        {
            "file_md5sum": "a20b535fbb8da5d27b808d07e84792a2", 
            "file_name": "f866123a-9eb0-e856-e040-11ac0c48717e.svcp_1-0-5.20150315.somatic.cnv.tar.gz", 
            "file_size": 27368763, 
            "object_id": "f177c6e1-15d9-5252-b078-e17faa1a7bc8"
        }, 
        {
            "file_md5sum": "831d239b90710ba086c92d3f30155b8f", 
            "file_name": "f866123a-9eb0-e856-e040-11ac0c48717e.svcp_1-0-5.20150315.somatic.sv.tar.gz", 
            "file_size": 7102655352, 
            "object_id": "f41e5e8a-6cc3-5818-bde3-3c23436fbe60"
        }, 
        {
            "file_md5sum": "067581c2a309a4a6e02ddf1ce0f7f527", 
            "file_name": "f866123a-9eb0-e856-e040-11ac0c48717e.svcp_1-0-5.20150315.somatic.indel.tar.gz", 
            "file_size": 1057130498,