{
    "_runs_": {
        "run_1449082444_377f6128-eb97-49a3-8ed2-dfd67fca33ff": {
            "downloading": {
                "gnos-download_time": 1451, 
                "start": 1449091589, 
                "stop": 1449093040, 
                "time": 1451
            }, 
            "uploading": {
                "copy_meta_time": 2, 
                "start": 1449093050, 
                "stop": 1449093291, 
                "time": 241, 
                "upload_time": 239
            }
        }, 
        "run_1449256221_15605ad1-8eea-4587-8164-de277ca95282": {
            "downloading": {
                "54ed2014-9958-477e-8e70-3f84f60bf590.xml-download_time": 14, 
                "54ed2014-9958-477e-8e70-3f84f60bf590.xml-md5sum_time": 0, 
                "fc990cee-3a1e-9d45-e040-11ac0c484ab3.dkfz-copyNumberEstimation_1-0-189-hpc-fix.1508261927.somatic.cnv.tar.gz-download_time": 461, 
                "fc990cee-3a1e-9d45-e040-11ac0c484ab3.dkfz-copyNumberEstimation_1-0-189-hpc-fix.1508261927.somatic.cnv.tar.gz-md5sum_time": 21, 
                "fc990cee-3a1e-9d45-e040-11ac0c484ab3.dkfz-copyNumberEstimation_1-0-189-hpc-fix.1508261927.somatic.cnv.vcf.gz-download_time": 14, 
                "fc990cee-3a1e-9d45-e040-11ac0c484ab3.dkfz-copyNumberEstimation_1-0-189-hpc-fix.1508261927.somatic.cnv.vcf.gz-md5sum_time": 0, 
                "fc990cee-3a1e-9d45-e040-11ac0c484ab3.dkfz-copyNumberEstimation_1-0-189-hpc-fix.1508261927.somatic.cnv.vcf.gz.tbi-download_time": 13, 
                "fc990cee-3a1e-9d45-e040-11ac0c484ab3.dkfz-copyNumberEstimation_1-0-189-hpc-fix.1508261927.somatic.cnv.vcf.gz.tbi-md5sum_time": 0, 
                "fc990cee-3a1e-9d45-e040-11ac0c484ab3.dkfz-indelCalling_1-0-132-1.20150719.germline.indel.vcf.gz-download_time": 19, 
                "fc990cee-3a1e-9d45-e040-11ac0c484ab3.dkfz-indelCalling_1-0-132-1.20150719.germline.indel.vcf.gz-md5sum_time": 0, 
                "fc990cee-3a1e-9d45-e040-11ac0c484ab3.dkfz-indelCalling_1-0-132-1.20150719.germline.indel.vcf.gz.tbi-download_time": 14, 
                "fc990cee-3a1e-9d45-e040-11ac0c484ab3.dkfz-indelCalling_1-0-132-1.20150719.germline.indel.vcf.gz.tbi-md5sum_time": 0, 
                "fc990cee-3a1e-9d45-e040-11ac0c484ab3.dkfz-indelCalling_1-0-132-1.20150719.somatic.indel.tar.gz-download_time": 52, 
                "fc990cee-3a1e-9d45-e040-11ac0c484ab3.dkfz-indelCalling_1-0-132-1.20150719.somatic.indel.tar.gz-md5sum_time": 3, 
                "fc990cee-3a1e-9d45-e040-11ac0c484ab3.dkfz-indelCalling_1-0-132-1.20150719.somatic.indel.vcf.gz-download_time": 14, 
                "fc990cee-3a1e-9d45-e040-11ac0c484ab3.dkfz-indelCalling_1-0-132-1.20150719.somatic.indel.vcf.gz-md5sum_time": 0, 
                "fc990cee-3a1e-9d45-e040-11ac0c484ab3.dkfz-indelCalling_1-0-132-1.20150719.somatic.indel.vcf.gz.tbi-download_time": 14, 
                "fc990cee-3a1e-9d45-e040-11ac0c484ab3.dkfz-indelCalling_1-0-132-1.20150719.somatic.indel.vcf.gz.tbi-md5sum_time": 0, 
                "fc990cee-3a1e-9d45-e040-11ac0c484ab3.dkfz-snvCalling_1-0-132-1.20150719.germline.snv_mnv.vcf.gz-download_time": 23, 
                "fc990cee-3a1e-9d45-e040-11ac0c484ab3.dkfz-snvCalling_1-0-132-1.20150719.germline.snv_mnv.vcf.gz-md5sum_time": 0, 
                "fc990cee-3a1e-9d45-e040-11ac0c484ab3.dkfz-snvCalling_1-0-132-1.20150719.germline.snv_mnv.vcf.gz.tbi-download_time": 13, 
                "fc990cee-3a1e-9d45-e040-11ac0c484ab3.dkfz-snvCalling_1-0-132-1.20150719.germline.snv_mnv.vcf.gz.tbi-md5sum_time": 0, 
                "fc990cee-3a1e-9d45-e040-11ac0c484ab3.dkfz-snvCalling_1-0-132-1.20150719.somatic.snv_mnv.tar.gz-download_time": 84, 
                "fc990cee-3a1e-9d45-e040-11ac0c484ab3.dkfz-snvCalling_1-0-132-1.20150719.somatic.snv_mnv.tar.gz-md5sum_time": 4, 
                "fc990cee-3a1e-9d45-e040-11ac0c484ab3.dkfz-snvCalling_1-0-132-1.20150719.somatic.snv_mnv.vcf.gz-download_time": 14, 
                "fc990cee-3a1e-9d45-e040-11ac0c484ab3.dkfz-snvCalling_1-0-132-1.20150719.somatic.snv_mnv.vcf.gz-md5sum_time": 0, 
                "fc990cee-3a1e-9d45-e040-11ac0c484ab3.dkfz-snvCalling_1-0-132-1.20150719.somatic.snv_mnv.vcf.gz.tbi-download_time": 14, 
                "fc990cee-3a1e-9d45-e040-11ac0c484ab3.dkfz-snvCalling_1-0-132-1.20150719.somatic.snv_mnv.vcf.gz.tbi-md5sum_time": 0, 
                "fc990cee-3a1e-9d45-e040-11ac0c484ab3.embl-delly_1-0-0-preFilter.20150719.germline.sv.bedpe.txt.tar.gz-download_time": 14, 
                "fc990cee-3a1e-9d45-e040-11ac0c484ab3.embl-delly_1-0-0-preFilter.20150719.germline.sv.bedpe.txt.tar.gz-md5sum_time": 0, 
                "fc990cee-3a1e-9d45-e040-11ac0c484ab3.embl-delly_1-0-0-preFilter.20150719.germline.sv.readname.txt.tar.gz-download_time": 14, 
                "fc990cee-3a1e-9d45-e040-11ac0c484ab3.embl-delly_1-0-0-preFilter.20150719.germline.sv.readname.txt.tar.gz-md5sum_time": 0, 
                "fc990cee-3a1e-9d45-e040-11ac0c484ab3.embl-delly_1-0-0-preFilter.20150719.germline.sv.vcf.gz-download_time": 14, 
                "fc990cee-3a1e-9d45-e040-11ac0c484ab3.embl-delly_1-0-0-preFilter.20150719.germline.sv.vcf.gz-md5sum_time": 0, 
                "fc990cee-3a1e-9d45-e040-11ac0c484ab3.embl-delly_1-0-0-preFilter.20150719.germline.sv.vcf.gz.tbi-download_time": 15, 
                "fc990cee-3a1e-9d45-e040-11ac0c484ab3.embl-delly_1-0-0-preFilter.20150719.germline.sv.vcf.gz.tbi-md5sum_time": 0, 
                "fc990cee-3a1e-9d45-e040-11ac0c484ab3.embl-delly_1-0-0-preFilter.20150719.somatic.sv.bedpe.txt.tar.gz-download_time": 14, 
                "fc990cee-3a1e-9d45-e040-11ac0c484ab3.embl-delly_1-0-0-preFilter.20150719.somatic.sv.bedpe.txt.tar.gz-md5sum_time": 0, 
                "fc990cee-3a1e-9d45-e040-11ac0c484ab3.embl-delly_1-0-0-preFilter.20150719.somatic.sv.readname.txt.tar.gz-download_time": 13, 
                "fc990cee-3a1e-9d45-e040-11ac0c484ab3.embl-delly_1-0-0-preFilter.20150719.somatic.sv.readname.txt.tar.gz-md5sum_time": 0, 
                "fc990cee-3a1e-9d45-e040-11ac0c484ab3.embl-delly_1-0-0-preFilter.20150719.somatic.sv.vcf.gz-download_time": 14, 
                "fc990cee-3a1e-9d45-e040-11ac0c484ab3.embl-delly_1-0-0-preFilter.20150719.somatic.sv.vcf.gz-md5sum_time": 0, 
                "fc990cee-3a1e-9d45-e040-11ac0c484ab3.embl-delly_1-0-0-preFilter.20150719.somatic.sv.vcf.gz.tbi-download_time": 15, 
                "fc990cee-3a1e-9d45-e040-11ac0c484ab3.embl-delly_1-0-0-preFilter.20150719.somatic.sv.vcf.gz.tbi-md5sum_time": 0, 
                "fc990cee-3a1e-9d45-e040-11ac0c484ab3.embl-delly_1-0-0-preFilter.20150719.sv.cov.plots.tar.gz-download_time": 15, 
                "fc990cee-3a1e-9d45-e040-11ac0c484ab3.embl-delly_1-0-0-preFilter.20150719.sv.cov.plots.tar.gz-md5sum_time": 0, 
                "fc990cee-3a1e-9d45-e040-11ac0c484ab3.embl-delly_1-0-0-preFilter.20150719.sv.cov.tar.gz-download_time": 18, 
                "fc990cee-3a1e-9d45-e040-11ac0c484ab3.embl-delly_1-0-0-preFilter.20150719.sv.cov.tar.gz-md5sum_time": 0, 
                "fc990cee-3a1e-9d45-e040-11ac0c484ab3.embl-delly_1-0-0-preFilter.20150719.sv.vcf.gz-download_time": 13, 
                "fc990cee-3a1e-9d45-e040-11ac0c484ab3.embl-delly_1-0-0-preFilter.20150719.sv.vcf.gz-md5sum_time": 0, 
                "fc990cee-3a1e-9d45-e040-11ac0c484ab3.embl-delly_1-0-0-preFilter.20150719.sv.vcf.gz.tbi-download_time": 15, 
                "fc990cee-3a1e-9d45-e040-11ac0c484ab3.embl-delly_1-0-0-preFilter.20150719.sv.vcf.gz.tbi-md5sum_time": 0, 
                "start": 1449329833, 
                "stop": 1449330799, 
                "time": 966
            }
        }
    }, 
    "aliquot_id": null, 
    "available_repos": [
        {
            "https://gtrepo-dkfz.annailabs.com/": {
                "file_md5sum": "70d6af34270d3902be6adbe1c5b3dd19", 
                "file_size": 66362
            }
        }
    ], 
    "data_type": "Dkfz_embl-VCF", 
    "files": [
        {
            "file_md5sum": "3816a3e7e3839ea99a9ea9b23c5b04c8",