{
    "_runs_": {
        "run_1449082838_f84e7db3-10a6-470d-a469-f4f84d8ac4f4": {
            "downloading": {
                "gnos-download_time": 326, 
                "start": 1449123609, 
                "stop": 1449123936, 
                "time": 327
            }, 
            "uploading": {
                "copy_meta_time": 2, 
                "start": 1449123951, 
                "stop": 1449124195, 
                "time": 244, 
                "upload_time": 242
            }
        }, 
        "run_1449252103_152c7654-43a8-4095-9763-2d1564a0e842": {
            "downloading": {
                "58e5c064-e20e-47c8-b004-0fc768a6fbf0.xml-download_time": 14, 
                "58e5c064-e20e-47c8-b004-0fc768a6fbf0.xml-md5sum_time": 0, 
                "66290cc6-1f1f-4a0b-83d1-423952da4840.dkfz-copyNumberEstimation_1-0-189-hpc-fix.1508271710.somatic.cnv.tar.gz-download_time": 263, 
                "66290cc6-1f1f-4a0b-83d1-423952da4840.dkfz-copyNumberEstimation_1-0-189-hpc-fix.1508271710.somatic.cnv.tar.gz-md5sum_time": 22, 
                "66290cc6-1f1f-4a0b-83d1-423952da4840.dkfz-copyNumberEstimation_1-0-189-hpc-fix.1508271710.somatic.cnv.vcf.gz-download_time": 13, 
                "66290cc6-1f1f-4a0b-83d1-423952da4840.dkfz-copyNumberEstimation_1-0-189-hpc-fix.1508271710.somatic.cnv.vcf.gz-md5sum_time": 0, 
                "66290cc6-1f1f-4a0b-83d1-423952da4840.dkfz-copyNumberEstimation_1-0-189-hpc-fix.1508271710.somatic.cnv.vcf.gz.tbi-download_time": 15, 
                "66290cc6-1f1f-4a0b-83d1-423952da4840.dkfz-copyNumberEstimation_1-0-189-hpc-fix.1508271710.somatic.cnv.vcf.gz.tbi-md5sum_time": 0, 
                "66290cc6-1f1f-4a0b-83d1-423952da4840.dkfz-indelCalling_1-0-132-1.20150629.germline.indel.vcf.gz-download_time": 18, 
                "66290cc6-1f1f-4a0b-83d1-423952da4840.dkfz-indelCalling_1-0-132-1.20150629.germline.indel.vcf.gz-md5sum_time": 0, 
                "66290cc6-1f1f-4a0b-83d1-423952da4840.dkfz-indelCalling_1-0-132-1.20150629.germline.indel.vcf.gz.tbi-download_time": 12, 
                "66290cc6-1f1f-4a0b-83d1-423952da4840.dkfz-indelCalling_1-0-132-1.20150629.germline.indel.vcf.gz.tbi-md5sum_time": 0, 
                "66290cc6-1f1f-4a0b-83d1-423952da4840.dkfz-indelCalling_1-0-132-1.20150629.somatic.indel.tar.gz-download_time": 48, 
                "66290cc6-1f1f-4a0b-83d1-423952da4840.dkfz-indelCalling_1-0-132-1.20150629.somatic.indel.tar.gz-md5sum_time": 2, 
                "66290cc6-1f1f-4a0b-83d1-423952da4840.dkfz-indelCalling_1-0-132-1.20150629.somatic.indel.vcf.gz-download_time": 14, 
                "66290cc6-1f1f-4a0b-83d1-423952da4840.dkfz-indelCalling_1-0-132-1.20150629.somatic.indel.vcf.gz-md5sum_time": 0, 
                "66290cc6-1f1f-4a0b-83d1-423952da4840.dkfz-indelCalling_1-0-132-1.20150629.somatic.indel.vcf.gz.tbi-download_time": 14, 
                "66290cc6-1f1f-4a0b-83d1-423952da4840.dkfz-indelCalling_1-0-132-1.20150629.somatic.indel.vcf.gz.tbi-md5sum_time": 0, 
                "66290cc6-1f1f-4a0b-83d1-423952da4840.dkfz-snvCalling_1-0-132-1.20150629.germline.snv_mnv.vcf.gz-download_time": 20, 
                "66290cc6-1f1f-4a0b-83d1-423952da4840.dkfz-snvCalling_1-0-132-1.20150629.germline.snv_mnv.vcf.gz-md5sum_time": 0, 
                "66290cc6-1f1f-4a0b-83d1-423952da4840.dkfz-snvCalling_1-0-132-1.20150629.germline.snv_mnv.vcf.gz.tbi-download_time": 13, 
                "66290cc6-1f1f-4a0b-83d1-423952da4840.dkfz-snvCalling_1-0-132-1.20150629.germline.snv_mnv.vcf.gz.tbi-md5sum_time": 0, 
                "66290cc6-1f1f-4a0b-83d1-423952da4840.dkfz-snvCalling_1-0-132-1.20150629.somatic.snv_mnv.tar.gz-download_time": 73, 
                "66290cc6-1f1f-4a0b-83d1-423952da4840.dkfz-snvCalling_1-0-132-1.20150629.somatic.snv_mnv.tar.gz-md5sum_time": 4, 
                "66290cc6-1f1f-4a0b-83d1-423952da4840.dkfz-snvCalling_1-0-132-1.20150629.somatic.snv_mnv.vcf.gz-download_time": 13, 
                "66290cc6-1f1f-4a0b-83d1-423952da4840.dkfz-snvCalling_1-0-132-1.20150629.somatic.snv_mnv.vcf.gz-md5sum_time": 0, 
                "66290cc6-1f1f-4a0b-83d1-423952da4840.dkfz-snvCalling_1-0-132-1.20150629.somatic.snv_mnv.vcf.gz.tbi-download_time": 13, 
                "66290cc6-1f1f-4a0b-83d1-423952da4840.dkfz-snvCalling_1-0-132-1.20150629.somatic.snv_mnv.vcf.gz.tbi-md5sum_time": 0, 
                "66290cc6-1f1f-4a0b-83d1-423952da4840.embl-delly_1-0-0-preFilter.20150629.germline.sv.bedpe.txt.tar.gz-download_time": 12, 
                "66290cc6-1f1f-4a0b-83d1-423952da4840.embl-delly_1-0-0-preFilter.20150629.germline.sv.bedpe.txt.tar.gz-md5sum_time": 0, 
                "66290cc6-1f1f-4a0b-83d1-423952da4840.embl-delly_1-0-0-preFilter.20150629.germline.sv.readname.txt.tar.gz-download_time": 14, 
                "66290cc6-1f1f-4a0b-83d1-423952da4840.embl-delly_1-0-0-preFilter.20150629.germline.sv.readname.txt.tar.gz-md5sum_time": 0, 
                "66290cc6-1f1f-4a0b-83d1-423952da4840.embl-delly_1-0-0-preFilter.20150629.germline.sv.vcf.gz-download_time": 14, 
                "66290cc6-1f1f-4a0b-83d1-423952da4840.embl-delly_1-0-0-preFilter.20150629.germline.sv.vcf.gz-md5sum_time": 0, 
                "66290cc6-1f1f-4a0b-83d1-423952da4840.embl-delly_1-0-0-preFilter.20150629.germline.sv.vcf.gz.tbi-download_time": 13, 
                "66290cc6-1f1f-4a0b-83d1-423952da4840.embl-delly_1-0-0-preFilter.20150629.germline.sv.vcf.gz.tbi-md5sum_time": 0, 
                "66290cc6-1f1f-4a0b-83d1-423952da4840.embl-delly_1-0-0-preFilter.20150629.somatic.sv.bedpe.txt.tar.gz-download_time": 12, 
                "66290cc6-1f1f-4a0b-83d1-423952da4840.embl-delly_1-0-0-preFilter.20150629.somatic.sv.bedpe.txt.tar.gz-md5sum_time": 0, 
                "66290cc6-1f1f-4a0b-83d1-423952da4840.embl-delly_1-0-0-preFilter.20150629.somatic.sv.readname.txt.tar.gz-download_time": 12, 
                "66290cc6-1f1f-4a0b-83d1-423952da4840.embl-delly_1-0-0-preFilter.20150629.somatic.sv.readname.txt.tar.gz-md5sum_time": 1, 
                "66290cc6-1f1f-4a0b-83d1-423952da4840.embl-delly_1-0-0-preFilter.20150629.somatic.sv.vcf.gz-download_time": 13, 
                "66290cc6-1f1f-4a0b-83d1-423952da4840.embl-delly_1-0-0-preFilter.20150629.somatic.sv.vcf.gz-md5sum_time": 0, 
                "66290cc6-1f1f-4a0b-83d1-423952da4840.embl-delly_1-0-0-preFilter.20150629.somatic.sv.vcf.gz.tbi-download_time": 12, 
                "66290cc6-1f1f-4a0b-83d1-423952da4840.embl-delly_1-0-0-preFilter.20150629.somatic.sv.vcf.gz.tbi-md5sum_time": 0, 
                "66290cc6-1f1f-4a0b-83d1-423952da4840.embl-delly_1-0-0-preFilter.20150629.sv.cov.plots.tar.gz-download_time": 14, 
                "66290cc6-1f1f-4a0b-83d1-423952da4840.embl-delly_1-0-0-preFilter.20150629.sv.cov.plots.tar.gz-md5sum_time": 0, 
                "66290cc6-1f1f-4a0b-83d1-423952da4840.embl-delly_1-0-0-preFilter.20150629.sv.cov.tar.gz-download_time": 17, 
                "66290cc6-1f1f-4a0b-83d1-423952da4840.embl-delly_1-0-0-preFilter.20150629.sv.cov.tar.gz-md5sum_time": 0, 
                "66290cc6-1f1f-4a0b-83d1-423952da4840.embl-delly_1-0-0-preFilter.20150629.sv.vcf.gz-download_time": 12, 
                "66290cc6-1f1f-4a0b-83d1-423952da4840.embl-delly_1-0-0-preFilter.20150629.sv.vcf.gz-md5sum_time": 0, 
                "66290cc6-1f1f-4a0b-83d1-423952da4840.embl-delly_1-0-0-preFilter.20150629.sv.vcf.gz.tbi-download_time": 12, 
                "66290cc6-1f1f-4a0b-83d1-423952da4840.embl-delly_1-0-0-preFilter.20150629.sv.vcf.gz.tbi-md5sum_time": 0, 
                "start": 1449334116, 
                "stop": 1449334845, 
                "time": 729
            }
        }
    }, 
    "aliquot_id": null, 
    "available_repos": [
        {
            "https://gtrepo-dkfz.annailabs.com/": {
                "file_md5sum": "8be77d05ebf330327a5d9c97647704c5", 
                "file_size": 60259
            }
        }
    ], 
    "data_type": "Dkfz_embl-VCF", 
    "files": [
        {
            "file_md5sum": "e6ce86cc9e14243d363740fbd83cd099",