{
    "_runs_": {
        "run_1449256291_854cc1de-1a8d-4120-b9ce-5b1f48d14ccc": {
            "downloading": {
                "5937f210-1750-462a-aa5d-0abba46a06b0.xml-download_time": 13, 
                "5937f210-1750-462a-aa5d-0abba46a06b0.xml-md5sum_time": 0, 
                "7625877a-7a2b-466f-944b-9e56689ad47b.svcp_1-0-5.20150323.somatic.binnedReadCounts.tar.gz-download_time": 20, 
                "7625877a-7a2b-466f-944b-9e56689ad47b.svcp_1-0-5.20150323.somatic.binnedReadCounts.tar.gz-md5sum_time": 0, 
                "7625877a-7a2b-466f-944b-9e56689ad47b.svcp_1-0-5.20150323.somatic.cnv.tar.gz-download_time": 15, 
                "7625877a-7a2b-466f-944b-9e56689ad47b.svcp_1-0-5.20150323.somatic.cnv.tar.gz-md5sum_time": 1, 
                "7625877a-7a2b-466f-944b-9e56689ad47b.svcp_1-0-5.20150323.somatic.cnv.vcf.gz-download_time": 15, 
                "7625877a-7a2b-466f-944b-9e56689ad47b.svcp_1-0-5.20150323.somatic.cnv.vcf.gz-md5sum_time": 0, 
                "7625877a-7a2b-466f-944b-9e56689ad47b.svcp_1-0-5.20150323.somatic.cnv.vcf.gz.tbi-download_time": 13, 
                "7625877a-7a2b-466f-944b-9e56689ad47b.svcp_1-0-5.20150323.somatic.cnv.vcf.gz.tbi-md5sum_time": 0, 
                "7625877a-7a2b-466f-944b-9e56689ad47b.svcp_1-0-5.20150323.somatic.genotype.tar.gz-download_time": 19, 
                "7625877a-7a2b-466f-944b-9e56689ad47b.svcp_1-0-5.20150323.somatic.genotype.tar.gz-md5sum_time": 0, 
                "7625877a-7a2b-466f-944b-9e56689ad47b.svcp_1-0-5.20150323.somatic.imputeCounts.tar.gz-download_time": 46, 
                "7625877a-7a2b-466f-944b-9e56689ad47b.svcp_1-0-5.20150323.somatic.imputeCounts.tar.gz-md5sum_time": 2, 
                "7625877a-7a2b-466f-944b-9e56689ad47b.svcp_1-0-5.20150323.somatic.indel.tar.gz-download_time": 75, 
                "7625877a-7a2b-466f-944b-9e56689ad47b.svcp_1-0-5.20150323.somatic.indel.tar.gz-md5sum_time": 4, 
                "7625877a-7a2b-466f-944b-9e56689ad47b.svcp_1-0-5.20150323.somatic.indel.vcf.gz-download_time": 19, 
                "7625877a-7a2b-466f-944b-9e56689ad47b.svcp_1-0-5.20150323.somatic.indel.vcf.gz-md5sum_time": 0, 
                "7625877a-7a2b-466f-944b-9e56689ad47b.svcp_1-0-5.20150323.somatic.indel.vcf.gz.tbi-download_time": 14, 
                "7625877a-7a2b-466f-944b-9e56689ad47b.svcp_1-0-5.20150323.somatic.indel.vcf.gz.tbi-md5sum_time": 0, 
                "7625877a-7a2b-466f-944b-9e56689ad47b.svcp_1-0-5.20150323.somatic.snv_mnv.tar.gz-download_time": 25, 
                "7625877a-7a2b-466f-944b-9e56689ad47b.svcp_1-0-5.20150323.somatic.snv_mnv.tar.gz-md5sum_time": 1, 
                "7625877a-7a2b-466f-944b-9e56689ad47b.svcp_1-0-5.20150323.somatic.snv_mnv.vcf.gz-download_time": 16, 
                "7625877a-7a2b-466f-944b-9e56689ad47b.svcp_1-0-5.20150323.somatic.snv_mnv.vcf.gz-md5sum_time": 0, 
                "7625877a-7a2b-466f-944b-9e56689ad47b.svcp_1-0-5.20150323.somatic.snv_mnv.vcf.gz.tbi-download_time": 13, 
                "7625877a-7a2b-466f-944b-9e56689ad47b.svcp_1-0-5.20150323.somatic.snv_mnv.vcf.gz.tbi-md5sum_time": 0, 
                "7625877a-7a2b-466f-944b-9e56689ad47b.svcp_1-0-5.20150323.somatic.sv.tar.gz-download_time": 114, 
                "7625877a-7a2b-466f-944b-9e56689ad47b.svcp_1-0-5.20150323.somatic.sv.tar.gz-md5sum_time": 7, 
                "7625877a-7a2b-466f-944b-9e56689ad47b.svcp_1-0-5.20150323.somatic.sv.vcf.gz-download_time": 15, 
                "7625877a-7a2b-466f-944b-9e56689ad47b.svcp_1-0-5.20150323.somatic.sv.vcf.gz-md5sum_time": 0, 
                "7625877a-7a2b-466f-944b-9e56689ad47b.svcp_1-0-5.20150323.somatic.sv.vcf.gz.tbi-download_time": 14, 
                "7625877a-7a2b-466f-944b-9e56689ad47b.svcp_1-0-5.20150323.somatic.sv.vcf.gz.tbi-md5sum_time": 0, 
                "7625877a-7a2b-466f-944b-9e56689ad47b.svcp_1-0-5.20150323.somatic.verifyBamId.tar.gz-download_time": 15, 
                "7625877a-7a2b-466f-944b-9e56689ad47b.svcp_1-0-5.20150323.somatic.verifyBamId.tar.gz-md5sum_time": 0, 
                "start": 1449334760, 
                "stop": 1449335237, 
                "time": 477
            }
        }
    }, 
    "aliquot_id": null, 
    "available_repos": [
        {
            "https://gtrepo-riken.annailabs.com/": {
                "file_md5sum": "01edafa07c60b838c551f5a6c7a69b56", 
                "file_size": 67336
            }
        }
    ], 
    "data_type": "Sanger-VCF", 
    "files": [
        {
            "file_md5sum": "2aa77dfcd4efb61b4e4cb847bbe3282c", 
            "file_name": "7625877a-7a2b-466f-944b-9e56689ad47b.svcp_1-0-5.20150323.somatic.snv_mnv.vcf.gz", 
            "file_size": 9433102, 
            "object_id": "3e3be8c3-1a42-52e3-b2b2-4a1853f488b5"
        }, 
        {
            "file_md5sum": "8019405a41aa31f571d3d17d6828a674", 
            "file_name": "7625877a-7a2b-466f-944b-9e56689ad47b.svcp_1-0-5.20150323.somatic.snv_mnv.vcf.gz.tbi", 
            "file_size": 769800, 
            "object_id": "a82d559f-9986-5d9d-96fa-428c3637027c"
        }, 
        {
            "file_md5sum": "a73c678599ddf63c9b17ca89da80e188", 
            "file_name": "7625877a-7a2b-466f-944b-9e56689ad47b.svcp_1-0-5.20150323.somatic.cnv.vcf.gz", 
            "file_size": 3103, 
            "object_id": "6f72bc33-71ab-5c01-9a09-a7950fc4d89d"
        }, 
        {
            "file_md5sum": "451e1bde5b25b2fd19715ae34f0f5b90", 
            "file_name": "7625877a-7a2b-466f-944b-9e56689ad47b.svcp_1-0-5.20150323.somatic.cnv.vcf.gz.tbi", 
            "file_size": 4986, 
            "object_id": "ef74e8b4-1640-5418-8b70-ed6031a99ccc"
        }, 
        {
            "file_md5sum": "20f90d3b3f0b1d8265c973939874e72d", 
            "file_name": "7625877a-7a2b-466f-944b-9e56689ad47b.svcp_1-0-5.20150323.somatic.sv.vcf.gz", 
            "file_size": 16073, 
            "object_id": "556d3bc0-a24e-5e89-9c02-757832ddb7af"
        }, 
        {
            "file_md5sum": "5e8d2a6a390ac005e67f667f6cb63aa9", 
            "file_name": "7625877a-7a2b-466f-944b-9e56689ad47b.svcp_1-0-5.20150323.somatic.sv.vcf.gz.tbi", 
            "file_size": 4355, 
            "object_id": "300b37b6-38a7-58cd-8904-efb8add55c02"
        }, 
        {
            "file_md5sum": "a0445a388903339b77928293dea01cca", 
            "file_name": "7625877a-7a2b-466f-944b-9e56689ad47b.svcp_1-0-5.20150323.somatic.indel.vcf.gz", 
            "file_size": 59324192, 
            "object_id": "bbaff572-529a-57c2-a441-bac6a1a86a32"
        }, 
        {
            "file_md5sum": "5cf62de7836ceb005f597921cc67c8b5", 
            "file_name": "7625877a-7a2b-466f-944b-9e56689ad47b.svcp_1-0-5.20150323.somatic.indel.vcf.gz.tbi", 
            "file_size": 1524767, 
            "object_id": "9a3c1b88-4c1f-5896-99b4-95e8bd5eb3c6"
        }, 
        {
            "file_md5sum": "7d084365a0f627959320d0275bf26152", 
            "file_name": "7625877a-7a2b-466f-944b-9e56689ad47b.svcp_1-0-5.20150323.somatic.snv_mnv.tar.gz", 
            "file_size": 175317090, 
            "object_id": "4eb7f800-5f5d-5165-b8d1-8be15c7b801b"
        }, 
        {
            "file_md5sum": "ba1f5e77b8333537473c728e8f970b38", 
            "file_name": "7625877a-7a2b-466f-944b-9e56689ad47b.svcp_1-0-5.20150323.somatic.cnv.tar.gz", 
            "file_size": 27218387, 
            "object_id": "7870ee1a-7200-59fd-999e-0be6adef8218"
        }, 
        {
            "file_md5sum": "95d599d01d44e424535c595e8aa36ddd", 
            "file_name": "7625877a-7a2b-466f-944b-9e56689ad47b.svcp_1-0-5.20150323.somatic.sv.tar.gz", 
            "file_size": 1629531622, 
            "object_id": "a124e863-187e-5386-b6c8-5505c1a6c703"
        }, 
        {
            "file_md5sum": "9d54bc11d8ac075a7bb479d0b5b501f8", 
            "file_name": "7625877a-7a2b-466f-944b-9e56689ad47b.svcp_1-0-5.20150323.somatic.indel.tar.gz", 
            "file_size": 968720580,