{
    "_runs_": {
        "run_1449082680_087a8ae4-9ace-4ff5-84bd-f4a6bbf04f60": {
            "downloading": {
                "gnos-download_time": 1983, 
                "start": 1449093639, 
                "stop": 1449095623, 
                "time": 1984
            }, 
            "uploading": {
                "copy_meta_time": 2, 
                "start": 1449095639, 
                "stop": 1449095891, 
                "time": 252, 
                "upload_time": 250
            }
        }, 
        "run_1449256291_854cc1de-1a8d-4120-b9ce-5b1f48d14ccc": {
            "downloading": {
                "688cb864-d122-40d9-9e53-07772e7b5a40.xml-download_time": 13, 
                "688cb864-d122-40d9-9e53-07772e7b5a40.xml-md5sum_time": 0, 
                "f8593ac0-9480-22a0-e040-11ac0d48697a.dkfz-copyNumberEstimation_1-0-189-hpc-fix.1508261926.somatic.cnv.tar.gz-download_time": 233, 
                "f8593ac0-9480-22a0-e040-11ac0d48697a.dkfz-copyNumberEstimation_1-0-189-hpc-fix.1508261926.somatic.cnv.tar.gz-md5sum_time": 22, 
                "f8593ac0-9480-22a0-e040-11ac0d48697a.dkfz-copyNumberEstimation_1-0-189-hpc-fix.1508261926.somatic.cnv.vcf.gz-download_time": 14, 
                "f8593ac0-9480-22a0-e040-11ac0d48697a.dkfz-copyNumberEstimation_1-0-189-hpc-fix.1508261926.somatic.cnv.vcf.gz-md5sum_time": 0, 
                "f8593ac0-9480-22a0-e040-11ac0d48697a.dkfz-copyNumberEstimation_1-0-189-hpc-fix.1508261926.somatic.cnv.vcf.gz.tbi-download_time": 14, 
                "f8593ac0-9480-22a0-e040-11ac0d48697a.dkfz-copyNumberEstimation_1-0-189-hpc-fix.1508261926.somatic.cnv.vcf.gz.tbi-md5sum_time": 0, 
                "f8593ac0-9480-22a0-e040-11ac0d48697a.dkfz-indelCalling_1-0-132-1.20150611.germline.indel.vcf.gz-download_time": 18, 
                "f8593ac0-9480-22a0-e040-11ac0d48697a.dkfz-indelCalling_1-0-132-1.20150611.germline.indel.vcf.gz-md5sum_time": 0, 
                "f8593ac0-9480-22a0-e040-11ac0d48697a.dkfz-indelCalling_1-0-132-1.20150611.germline.indel.vcf.gz.tbi-download_time": 15, 
                "f8593ac0-9480-22a0-e040-11ac0d48697a.dkfz-indelCalling_1-0-132-1.20150611.germline.indel.vcf.gz.tbi-md5sum_time": 0, 
                "f8593ac0-9480-22a0-e040-11ac0d48697a.dkfz-indelCalling_1-0-132-1.20150611.somatic.indel.tar.gz-download_time": 57, 
                "f8593ac0-9480-22a0-e040-11ac0d48697a.dkfz-indelCalling_1-0-132-1.20150611.somatic.indel.tar.gz-md5sum_time": 2, 
                "f8593ac0-9480-22a0-e040-11ac0d48697a.dkfz-indelCalling_1-0-132-1.20150611.somatic.indel.vcf.gz-download_time": 15, 
                "f8593ac0-9480-22a0-e040-11ac0d48697a.dkfz-indelCalling_1-0-132-1.20150611.somatic.indel.vcf.gz-md5sum_time": 0, 
                "f8593ac0-9480-22a0-e040-11ac0d48697a.dkfz-indelCalling_1-0-132-1.20150611.somatic.indel.vcf.gz.tbi-download_time": 15, 
                "f8593ac0-9480-22a0-e040-11ac0d48697a.dkfz-indelCalling_1-0-132-1.20150611.somatic.indel.vcf.gz.tbi-md5sum_time": 0, 
                "f8593ac0-9480-22a0-e040-11ac0d48697a.dkfz-snvCalling_1-0-132-1.20150611.germline.snv_mnv.vcf.gz-download_time": 24, 
                "f8593ac0-9480-22a0-e040-11ac0d48697a.dkfz-snvCalling_1-0-132-1.20150611.germline.snv_mnv.vcf.gz-md5sum_time": 0, 
                "f8593ac0-9480-22a0-e040-11ac0d48697a.dkfz-snvCalling_1-0-132-1.20150611.germline.snv_mnv.vcf.gz.tbi-download_time": 13, 
                "f8593ac0-9480-22a0-e040-11ac0d48697a.dkfz-snvCalling_1-0-132-1.20150611.germline.snv_mnv.vcf.gz.tbi-md5sum_time": 1, 
                "f8593ac0-9480-22a0-e040-11ac0d48697a.dkfz-snvCalling_1-0-132-1.20150611.somatic.snv_mnv.tar.gz-download_time": 84, 
                "f8593ac0-9480-22a0-e040-11ac0d48697a.dkfz-snvCalling_1-0-132-1.20150611.somatic.snv_mnv.tar.gz-md5sum_time": 5, 
                "f8593ac0-9480-22a0-e040-11ac0d48697a.dkfz-snvCalling_1-0-132-1.20150611.somatic.snv_mnv.vcf.gz-download_time": 15, 
                "f8593ac0-9480-22a0-e040-11ac0d48697a.dkfz-snvCalling_1-0-132-1.20150611.somatic.snv_mnv.vcf.gz-md5sum_time": 0, 
                "f8593ac0-9480-22a0-e040-11ac0d48697a.dkfz-snvCalling_1-0-132-1.20150611.somatic.snv_mnv.vcf.gz.tbi-download_time": 15, 
                "f8593ac0-9480-22a0-e040-11ac0d48697a.dkfz-snvCalling_1-0-132-1.20150611.somatic.snv_mnv.vcf.gz.tbi-md5sum_time": 0, 
                "f8593ac0-9480-22a0-e040-11ac0d48697a.embl-delly_1-0-0-preFilter.20150611.germline.sv.bedpe.txt.tar.gz-download_time": 14, 
                "f8593ac0-9480-22a0-e040-11ac0d48697a.embl-delly_1-0-0-preFilter.20150611.germline.sv.bedpe.txt.tar.gz-md5sum_time": 0, 
                "f8593ac0-9480-22a0-e040-11ac0d48697a.embl-delly_1-0-0-preFilter.20150611.germline.sv.readname.txt.tar.gz-download_time": 14, 
                "f8593ac0-9480-22a0-e040-11ac0d48697a.embl-delly_1-0-0-preFilter.20150611.germline.sv.readname.txt.tar.gz-md5sum_time": 0, 
                "f8593ac0-9480-22a0-e040-11ac0d48697a.embl-delly_1-0-0-preFilter.20150611.germline.sv.vcf.gz-download_time": 14, 
                "f8593ac0-9480-22a0-e040-11ac0d48697a.embl-delly_1-0-0-preFilter.20150611.germline.sv.vcf.gz-md5sum_time": 0, 
                "f8593ac0-9480-22a0-e040-11ac0d48697a.embl-delly_1-0-0-preFilter.20150611.germline.sv.vcf.gz.tbi-download_time": 15, 
                "f8593ac0-9480-22a0-e040-11ac0d48697a.embl-delly_1-0-0-preFilter.20150611.germline.sv.vcf.gz.tbi-md5sum_time": 0, 
                "f8593ac0-9480-22a0-e040-11ac0d48697a.embl-delly_1-0-0-preFilter.20150611.somatic.sv.bedpe.txt.tar.gz-download_time": 13, 
                "f8593ac0-9480-22a0-e040-11ac0d48697a.embl-delly_1-0-0-preFilter.20150611.somatic.sv.bedpe.txt.tar.gz-md5sum_time": 0, 
                "f8593ac0-9480-22a0-e040-11ac0d48697a.embl-delly_1-0-0-preFilter.20150611.somatic.sv.readname.txt.tar.gz-download_time": 14, 
                "f8593ac0-9480-22a0-e040-11ac0d48697a.embl-delly_1-0-0-preFilter.20150611.somatic.sv.readname.txt.tar.gz-md5sum_time": 0, 
                "f8593ac0-9480-22a0-e040-11ac0d48697a.embl-delly_1-0-0-preFilter.20150611.somatic.sv.vcf.gz-download_time": 15, 
                "f8593ac0-9480-22a0-e040-11ac0d48697a.embl-delly_1-0-0-preFilter.20150611.somatic.sv.vcf.gz-md5sum_time": 0, 
                "f8593ac0-9480-22a0-e040-11ac0d48697a.embl-delly_1-0-0-preFilter.20150611.somatic.sv.vcf.gz.tbi-download_time": 13, 
                "f8593ac0-9480-22a0-e040-11ac0d48697a.embl-delly_1-0-0-preFilter.20150611.somatic.sv.vcf.gz.tbi-md5sum_time": 0, 
                "f8593ac0-9480-22a0-e040-11ac0d48697a.embl-delly_1-0-0-preFilter.20150611.sv.cov.plots.tar.gz-download_time": 15, 
                "f8593ac0-9480-22a0-e040-11ac0d48697a.embl-delly_1-0-0-preFilter.20150611.sv.cov.plots.tar.gz-md5sum_time": 0, 
                "f8593ac0-9480-22a0-e040-11ac0d48697a.embl-delly_1-0-0-preFilter.20150611.sv.cov.tar.gz-download_time": 18, 
                "f8593ac0-9480-22a0-e040-11ac0d48697a.embl-delly_1-0-0-preFilter.20150611.sv.cov.tar.gz-md5sum_time": 0, 
                "f8593ac0-9480-22a0-e040-11ac0d48697a.embl-delly_1-0-0-preFilter.20150611.sv.vcf.gz-download_time": 13, 
                "f8593ac0-9480-22a0-e040-11ac0d48697a.embl-delly_1-0-0-preFilter.20150611.sv.vcf.gz-md5sum_time": 0, 
                "f8593ac0-9480-22a0-e040-11ac0d48697a.embl-delly_1-0-0-preFilter.20150611.sv.vcf.gz.tbi-download_time": 13, 
                "f8593ac0-9480-22a0-e040-11ac0d48697a.embl-delly_1-0-0-preFilter.20150611.sv.vcf.gz.tbi-md5sum_time": 0, 
                "start": 1449347163, 
                "stop": 1449347910, 
                "time": 747
            }
        }
    }, 
    "aliquot_id": null, 
    "available_repos": [
        {
            "https://gtrepo-dkfz.annailabs.com/": {
                "file_md5sum": "2ec490da1df0f6e3220db862cb55a28b", 
                "file_size": 65411
            }
        }
    ], 
    "data_type": "Dkfz_embl-VCF", 
    "files": [
        {
            "file_md5sum": "0bdc4340018371b0b64cb20efb321fcb",