{
    "_runs_": {
        "run_1449256150_30778ae0-aac1-42f3-87c3-490a453045cd": {
            "downloading": {
                "68f3030d-5796-4c54-8a4c-1d4b75241702.xml-download_time": 12, 
                "68f3030d-5796-4c54-8a4c-1d4b75241702.xml-md5sum_time": 0, 
                "6c8f3dc9-21bf-4859-9599-231ac040eb7d.svcp_1-0-4.20150216.somatic.binnedReadCounts.tar.gz-download_time": 19, 
                "6c8f3dc9-21bf-4859-9599-231ac040eb7d.svcp_1-0-4.20150216.somatic.binnedReadCounts.tar.gz-md5sum_time": 0, 
                "6c8f3dc9-21bf-4859-9599-231ac040eb7d.svcp_1-0-4.20150216.somatic.cnv.tar.gz-download_time": 15, 
                "6c8f3dc9-21bf-4859-9599-231ac040eb7d.svcp_1-0-4.20150216.somatic.cnv.tar.gz-md5sum_time": 0, 
                "6c8f3dc9-21bf-4859-9599-231ac040eb7d.svcp_1-0-4.20150216.somatic.cnv.vcf.gz-download_time": 12, 
                "6c8f3dc9-21bf-4859-9599-231ac040eb7d.svcp_1-0-4.20150216.somatic.cnv.vcf.gz-md5sum_time": 0, 
                "6c8f3dc9-21bf-4859-9599-231ac040eb7d.svcp_1-0-4.20150216.somatic.cnv.vcf.gz.tbi-download_time": 14, 
                "6c8f3dc9-21bf-4859-9599-231ac040eb7d.svcp_1-0-4.20150216.somatic.cnv.vcf.gz.tbi-md5sum_time": 0, 
                "6c8f3dc9-21bf-4859-9599-231ac040eb7d.svcp_1-0-4.20150216.somatic.genotype.tar.gz-download_time": 12, 
                "6c8f3dc9-21bf-4859-9599-231ac040eb7d.svcp_1-0-4.20150216.somatic.genotype.tar.gz-md5sum_time": 0, 
                "6c8f3dc9-21bf-4859-9599-231ac040eb7d.svcp_1-0-4.20150216.somatic.imputeCounts.tar.gz-download_time": 39, 
                "6c8f3dc9-21bf-4859-9599-231ac040eb7d.svcp_1-0-4.20150216.somatic.imputeCounts.tar.gz-md5sum_time": 2, 
                "6c8f3dc9-21bf-4859-9599-231ac040eb7d.svcp_1-0-4.20150216.somatic.indel.tar.gz-download_time": 60, 
                "6c8f3dc9-21bf-4859-9599-231ac040eb7d.svcp_1-0-4.20150216.somatic.indel.tar.gz-md5sum_time": 4, 
                "6c8f3dc9-21bf-4859-9599-231ac040eb7d.svcp_1-0-4.20150216.somatic.indel.vcf.gz-download_time": 17, 
                "6c8f3dc9-21bf-4859-9599-231ac040eb7d.svcp_1-0-4.20150216.somatic.indel.vcf.gz-md5sum_time": 0, 
                "6c8f3dc9-21bf-4859-9599-231ac040eb7d.svcp_1-0-4.20150216.somatic.indel.vcf.gz.tbi-download_time": 12, 
                "6c8f3dc9-21bf-4859-9599-231ac040eb7d.svcp_1-0-4.20150216.somatic.indel.vcf.gz.tbi-md5sum_time": 0, 
                "6c8f3dc9-21bf-4859-9599-231ac040eb7d.svcp_1-0-4.20150216.somatic.snv_mnv.tar.gz-download_time": 23, 
                "6c8f3dc9-21bf-4859-9599-231ac040eb7d.svcp_1-0-4.20150216.somatic.snv_mnv.tar.gz-md5sum_time": 1, 
                "6c8f3dc9-21bf-4859-9599-231ac040eb7d.svcp_1-0-4.20150216.somatic.snv_mnv.vcf.gz-download_time": 14, 
                "6c8f3dc9-21bf-4859-9599-231ac040eb7d.svcp_1-0-4.20150216.somatic.snv_mnv.vcf.gz-md5sum_time": 0, 
                "6c8f3dc9-21bf-4859-9599-231ac040eb7d.svcp_1-0-4.20150216.somatic.snv_mnv.vcf.gz.tbi-download_time": 13, 
                "6c8f3dc9-21bf-4859-9599-231ac040eb7d.svcp_1-0-4.20150216.somatic.snv_mnv.vcf.gz.tbi-md5sum_time": 0, 
                "6c8f3dc9-21bf-4859-9599-231ac040eb7d.svcp_1-0-4.20150216.somatic.sv.tar.gz-download_time": 537, 
                "6c8f3dc9-21bf-4859-9599-231ac040eb7d.svcp_1-0-4.20150216.somatic.sv.tar.gz-md5sum_time": 55, 
                "6c8f3dc9-21bf-4859-9599-231ac040eb7d.svcp_1-0-4.20150216.somatic.sv.vcf.gz-download_time": 13, 
                "6c8f3dc9-21bf-4859-9599-231ac040eb7d.svcp_1-0-4.20150216.somatic.sv.vcf.gz-md5sum_time": 0, 
                "6c8f3dc9-21bf-4859-9599-231ac040eb7d.svcp_1-0-4.20150216.somatic.sv.vcf.gz.tbi-download_time": 13, 
                "6c8f3dc9-21bf-4859-9599-231ac040eb7d.svcp_1-0-4.20150216.somatic.sv.vcf.gz.tbi-md5sum_time": 0, 
                "6c8f3dc9-21bf-4859-9599-231ac040eb7d.svcp_1-0-4.20150216.somatic.verifyBamId.tar.gz-download_time": 12, 
                "6c8f3dc9-21bf-4859-9599-231ac040eb7d.svcp_1-0-4.20150216.somatic.verifyBamId.tar.gz-md5sum_time": 0, 
                "start": 1449347846, 
                "stop": 1449348746, 
                "time": 900
            }
        }
    }, 
    "aliquot_id": null, 
    "available_repos": [
        {
            "https://gtrepo-osdc-icgc.annailabs.com/": {
                "file_md5sum": "447914b1400ac08e2fc0b312595674c7", 
                "file_size": 58650
            }
        }
    ], 
    "data_type": "Sanger-VCF", 
    "files": [
        {
            "file_md5sum": "7fee42b53f6aab92841335761e83e586", 
            "file_name": "6c8f3dc9-21bf-4859-9599-231ac040eb7d.svcp_1-0-4.20150216.somatic.snv_mnv.vcf.gz", 
            "file_size": 2626849, 
            "object_id": "e8e1e571-4150-5773-943f-287538591e42"
        }, 
        {
            "file_md5sum": "6cb1f6fd8d84c47a93d5a16b01a9bd19", 
            "file_name": "6c8f3dc9-21bf-4859-9599-231ac040eb7d.svcp_1-0-4.20150216.somatic.snv_mnv.vcf.gz.tbi", 
            "file_size": 374633, 
            "object_id": "35f6e351-abf3-57f0-ad19-604b186667ca"
        }, 
        {
            "file_md5sum": "cb1842ef71b4cce37e532632b93d9429", 
            "file_name": "6c8f3dc9-21bf-4859-9599-231ac040eb7d.svcp_1-0-4.20150216.somatic.cnv.vcf.gz", 
            "file_size": 2147, 
            "object_id": "ada5aff7-a629-537d-a845-ed594f9cc64c"
        }, 
        {
            "file_md5sum": "4ddfc75a0cc01c5f33062d0d0dec11ed", 
            "file_name": "6c8f3dc9-21bf-4859-9599-231ac040eb7d.svcp_1-0-4.20150216.somatic.cnv.vcf.gz.tbi", 
            "file_size": 4302, 
            "object_id": "7504a2e0-d141-5a86-bb4d-c9481d2778f2"
        }, 
        {
            "file_md5sum": "03a735e9047b0e2f91fb22fc7ad05a06", 
            "file_name": "6c8f3dc9-21bf-4859-9599-231ac040eb7d.svcp_1-0-4.20150216.somatic.sv.vcf.gz", 
            "file_size": 5995, 
            "object_id": "4380ec6b-4ce7-513b-a809-b94bce57dad5"
        }, 
        {
            "file_md5sum": "58074374a1ae9873831867ae66f2cf80", 
            "file_name": "6c8f3dc9-21bf-4859-9599-231ac040eb7d.svcp_1-0-4.20150216.somatic.sv.vcf.gz.tbi", 
            "file_size": 1476, 
            "object_id": "22aea685-5979-5513-b34d-e7cd04863e33"
        }, 
        {
            "file_md5sum": "bd05a97eb7ce5a9f391b05f9214ad1f9", 
            "file_name": "6c8f3dc9-21bf-4859-9599-231ac040eb7d.svcp_1-0-4.20150216.somatic.indel.vcf.gz", 
            "file_size": 50388764, 
            "object_id": "0e30f590-4ac8-5fee-a50d-7e099326078a"
        }, 
        {
            "file_md5sum": "99e0c4e66fbb4f47ee7f3da6fa57ed3e", 
            "file_name": "6c8f3dc9-21bf-4859-9599-231ac040eb7d.svcp_1-0-4.20150216.somatic.indel.vcf.gz.tbi", 
            "file_size": 1490837, 
            "object_id": "c6332c6a-b951-5404-964a-de5fc68708a3"
        }, 
        {
            "file_md5sum": "8f90ff48cb8383e6467ecf3e07dfe80a", 
            "file_name": "6c8f3dc9-21bf-4859-9599-231ac040eb7d.svcp_1-0-4.20150216.somatic.snv_mnv.tar.gz", 
            "file_size": 164382356, 
            "object_id": "a390100e-b9d0-5991-ba22-9dd3ba9e752d"
        }, 
        {
            "file_md5sum": "5a301776a6bb16ea3497aa6d4ae2ecde", 
            "file_name": "6c8f3dc9-21bf-4859-9599-231ac040eb7d.svcp_1-0-4.20150216.somatic.cnv.tar.gz", 
            "file_size": 26765426, 
            "object_id": "2cd62f5a-4595-50ad-8e4c-044c9f2f672c"
        }, 
        {
            "file_md5sum": "8f469eaa1bddfadd6607303bba82129a", 
            "file_name": "6c8f3dc9-21bf-4859-9599-231ac040eb7d.svcp_1-0-4.20150216.somatic.sv.tar.gz", 
            "file_size": 6301561371, 
            "object_id": "582fb2d0-39ac-5464-b49b-983e51056401"
        }, 
        {
            "file_md5sum": "20dcacf5d05eacc0800ace0ed6e014e9", 
            "file_name": "6c8f3dc9-21bf-4859-9599-231ac040eb7d.svcp_1-0-4.20150216.somatic.indel.tar.gz", 
            "file_size": 861458338,