{
    "_runs_": {
        "run_1449256362_f285340f-6a1e-4280-8af8-91051b7f471f": {
            "downloading": {
                "6e0119d6-5606-4888-827c-efa00b84b30c.xml-download_time": 14, 
                "6e0119d6-5606-4888-827c-efa00b84b30c.xml-md5sum_time": 0, 
                "c08f65a0-bf4c-462e-9d07-ad56b3adcac8.svcp_1-0-8.20150806.somatic.binnedReadCounts.tar.gz-download_time": 21, 
                "c08f65a0-bf4c-462e-9d07-ad56b3adcac8.svcp_1-0-8.20150806.somatic.binnedReadCounts.tar.gz-md5sum_time": 0, 
                "c08f65a0-bf4c-462e-9d07-ad56b3adcac8.svcp_1-0-8.20150806.somatic.cnv.tar.gz-download_time": 17, 
                "c08f65a0-bf4c-462e-9d07-ad56b3adcac8.svcp_1-0-8.20150806.somatic.cnv.tar.gz-md5sum_time": 0, 
                "c08f65a0-bf4c-462e-9d07-ad56b3adcac8.svcp_1-0-8.20150806.somatic.cnv.vcf.gz-download_time": 15, 
                "c08f65a0-bf4c-462e-9d07-ad56b3adcac8.svcp_1-0-8.20150806.somatic.cnv.vcf.gz-md5sum_time": 0, 
                "c08f65a0-bf4c-462e-9d07-ad56b3adcac8.svcp_1-0-8.20150806.somatic.cnv.vcf.gz.tbi-download_time": 13, 
                "c08f65a0-bf4c-462e-9d07-ad56b3adcac8.svcp_1-0-8.20150806.somatic.cnv.vcf.gz.tbi-md5sum_time": 0, 
                "c08f65a0-bf4c-462e-9d07-ad56b3adcac8.svcp_1-0-8.20150806.somatic.genotype.tar.gz-download_time": 13, 
                "c08f65a0-bf4c-462e-9d07-ad56b3adcac8.svcp_1-0-8.20150806.somatic.genotype.tar.gz-md5sum_time": 0, 
                "c08f65a0-bf4c-462e-9d07-ad56b3adcac8.svcp_1-0-8.20150806.somatic.imputeCounts.tar.gz-download_time": 40, 
                "c08f65a0-bf4c-462e-9d07-ad56b3adcac8.svcp_1-0-8.20150806.somatic.imputeCounts.tar.gz-md5sum_time": 2, 
                "c08f65a0-bf4c-462e-9d07-ad56b3adcac8.svcp_1-0-8.20150806.somatic.indel.tar.gz-download_time": 75, 
                "c08f65a0-bf4c-462e-9d07-ad56b3adcac8.svcp_1-0-8.20150806.somatic.indel.tar.gz-md5sum_time": 3, 
                "c08f65a0-bf4c-462e-9d07-ad56b3adcac8.svcp_1-0-8.20150806.somatic.indel.vcf.gz-download_time": 18, 
                "c08f65a0-bf4c-462e-9d07-ad56b3adcac8.svcp_1-0-8.20150806.somatic.indel.vcf.gz-md5sum_time": 0, 
                "c08f65a0-bf4c-462e-9d07-ad56b3adcac8.svcp_1-0-8.20150806.somatic.indel.vcf.gz.tbi-download_time": 14, 
                "c08f65a0-bf4c-462e-9d07-ad56b3adcac8.svcp_1-0-8.20150806.somatic.indel.vcf.gz.tbi-md5sum_time": 0, 
                "c08f65a0-bf4c-462e-9d07-ad56b3adcac8.svcp_1-0-8.20150806.somatic.snv_mnv.tar.gz-download_time": 25, 
                "c08f65a0-bf4c-462e-9d07-ad56b3adcac8.svcp_1-0-8.20150806.somatic.snv_mnv.tar.gz-md5sum_time": 1, 
                "c08f65a0-bf4c-462e-9d07-ad56b3adcac8.svcp_1-0-8.20150806.somatic.snv_mnv.vcf.gz-download_time": 13, 
                "c08f65a0-bf4c-462e-9d07-ad56b3adcac8.svcp_1-0-8.20150806.somatic.snv_mnv.vcf.gz-md5sum_time": 0, 
                "c08f65a0-bf4c-462e-9d07-ad56b3adcac8.svcp_1-0-8.20150806.somatic.snv_mnv.vcf.gz.tbi-download_time": 15, 
                "c08f65a0-bf4c-462e-9d07-ad56b3adcac8.svcp_1-0-8.20150806.somatic.snv_mnv.vcf.gz.tbi-md5sum_time": 0, 
                "c08f65a0-bf4c-462e-9d07-ad56b3adcac8.svcp_1-0-8.20150806.somatic.sv.tar.gz-download_time": 372, 
                "c08f65a0-bf4c-462e-9d07-ad56b3adcac8.svcp_1-0-8.20150806.somatic.sv.tar.gz-md5sum_time": 28, 
                "c08f65a0-bf4c-462e-9d07-ad56b3adcac8.svcp_1-0-8.20150806.somatic.sv.vcf.gz-download_time": 14, 
                "c08f65a0-bf4c-462e-9d07-ad56b3adcac8.svcp_1-0-8.20150806.somatic.sv.vcf.gz-md5sum_time": 0, 
                "c08f65a0-bf4c-462e-9d07-ad56b3adcac8.svcp_1-0-8.20150806.somatic.sv.vcf.gz.tbi-download_time": 13, 
                "c08f65a0-bf4c-462e-9d07-ad56b3adcac8.svcp_1-0-8.20150806.somatic.sv.vcf.gz.tbi-md5sum_time": 0, 
                "c08f65a0-bf4c-462e-9d07-ad56b3adcac8.svcp_1-0-8.20150806.somatic.verifyBamId.tar.gz-download_time": 14, 
                "c08f65a0-bf4c-462e-9d07-ad56b3adcac8.svcp_1-0-8.20150806.somatic.verifyBamId.tar.gz-md5sum_time": 0, 
                "start": 1449353486, 
                "stop": 1449354227, 
                "time": 741
            }
        }
    }, 
    "aliquot_id": null, 
    "available_repos": [
        {
            "https://gtrepo-ebi.annailabs.com/": {
                "file_md5sum": "ce3d000abb783887430ab6b23d66aba6", 
                "file_size": 60771
            }
        }
    ], 
    "data_type": "Sanger-VCF", 
    "files": [
        {
            "file_md5sum": "c86a78458a2c2a9caebeed4d27054269", 
            "file_name": "c08f65a0-bf4c-462e-9d07-ad56b3adcac8.svcp_1-0-8.20150806.somatic.snv_mnv.vcf.gz", 
            "file_size": 5480063, 
            "object_id": "7affc82f-b01d-54f8-a39d-0f0c532cb2c1"
        }, 
        {
            "file_md5sum": "1d9e802adc5a4c657dcca81b257a16b8", 
            "file_name": "c08f65a0-bf4c-462e-9d07-ad56b3adcac8.svcp_1-0-8.20150806.somatic.snv_mnv.vcf.gz.tbi", 
            "file_size": 670083, 
            "object_id": "4c6f392f-5199-502c-aeb7-64003490ff09"
        }, 
        {
            "file_md5sum": "6cb7d5a579c1cb6f484d06e684ae6552", 
            "file_name": "c08f65a0-bf4c-462e-9d07-ad56b3adcac8.svcp_1-0-8.20150806.somatic.cnv.vcf.gz", 
            "file_size": 6686, 
            "object_id": "4506787f-fa78-5e72-b4e7-89fe63f7c9c8"
        }, 
        {
            "file_md5sum": "8435587da094e9248051014f87a62f7a", 
            "file_name": "c08f65a0-bf4c-462e-9d07-ad56b3adcac8.svcp_1-0-8.20150806.somatic.cnv.vcf.gz.tbi", 
            "file_size": 7626, 
            "object_id": "d2e2288a-b4bd-5d55-87b7-1506f7f1ecfb"
        }, 
        {
            "file_md5sum": "6e81b6f6f44d81ea1d5e8828370a665f", 
            "file_name": "c08f65a0-bf4c-462e-9d07-ad56b3adcac8.svcp_1-0-8.20150806.somatic.sv.vcf.gz", 
            "file_size": 61884, 
            "object_id": "eabb3c81-3c71-5c70-9e8b-1f57b8444535"
        }, 
        {
            "file_md5sum": "73e9f4dce7c0333ce66a2440f9e4f16d", 
            "file_name": "c08f65a0-bf4c-462e-9d07-ad56b3adcac8.svcp_1-0-8.20150806.somatic.sv.vcf.gz.tbi", 
            "file_size": 7973, 
            "object_id": "66a42acc-4ed2-5743-bd78-1e27ea43ead3"
        }, 
        {
            "file_md5sum": "86965638572d318a1f3f1afdb2d38ec3", 
            "file_name": "c08f65a0-bf4c-462e-9d07-ad56b3adcac8.svcp_1-0-8.20150806.somatic.indel.vcf.gz", 
            "file_size": 65623893, 
            "object_id": "517e4da2-53ed-5fc9-bb2d-6283d572b04c"
        }, 
        {
            "file_md5sum": "0017ffa316f3a70d38d0a886813c4c08", 
            "file_name": "c08f65a0-bf4c-462e-9d07-ad56b3adcac8.svcp_1-0-8.20150806.somatic.indel.vcf.gz.tbi", 
            "file_size": 1546311, 
            "object_id": "095b3033-bb3d-59f0-bc77-0263fe6195ad"
        }, 
        {
            "file_md5sum": "df8c7a0a525942bd19a0ee74c187a6dd", 
            "file_name": "c08f65a0-bf4c-462e-9d07-ad56b3adcac8.svcp_1-0-8.20150806.somatic.snv_mnv.tar.gz", 
            "file_size": 173780683, 
            "object_id": "cf12cec8-c577-51d5-985e-28871922b8a5"
        }, 
        {
            "file_md5sum": "960e6b164dafd8c51433241b7cef4b04", 
            "file_name": "c08f65a0-bf4c-462e-9d07-ad56b3adcac8.svcp_1-0-8.20150806.somatic.cnv.tar.gz", 
            "file_size": 27256315, 
            "object_id": "972beb08-2493-5274-9023-c49fede8799e"
        }, 
        {
            "file_md5sum": "9fa7e85f682fc1a60a21ec29c7386002", 
            "file_name": "c08f65a0-bf4c-462e-9d07-ad56b3adcac8.svcp_1-0-8.20150806.somatic.sv.tar.gz", 
            "file_size": 4375357727, 
            "object_id": "e906f8fe-f042-5904-ad41-c67fc9cb7127"
        }, 
        {
            "file_md5sum": "683851ac963dd791f1311e2bfb8b04fd", 
            "file_name": "c08f65a0-bf4c-462e-9d07-ad56b3adcac8.svcp_1-0-8.20150806.somatic.indel.tar.gz", 
            "file_size": 974479613,