{
    "_runs_": {
        "run_1449252103_152c7654-43a8-4095-9763-2d1564a0e842": {
            "downloading": {
                "7094763c-94dc-4531-b2a8-a3b8f3026c9a.xml-download_time": 12, 
                "7094763c-94dc-4531-b2a8-a3b8f3026c9a.xml-md5sum_time": 0, 
                "c6bb32f0-c622-11e3-bf01-24c6515278c0.svcp_1-0-5.20150428.somatic.binnedReadCounts.tar.gz-download_time": 19, 
                "c6bb32f0-c622-11e3-bf01-24c6515278c0.svcp_1-0-5.20150428.somatic.binnedReadCounts.tar.gz-md5sum_time": 1, 
                "c6bb32f0-c622-11e3-bf01-24c6515278c0.svcp_1-0-5.20150428.somatic.cnv.tar.gz-download_time": 15, 
                "c6bb32f0-c622-11e3-bf01-24c6515278c0.svcp_1-0-5.20150428.somatic.cnv.tar.gz-md5sum_time": 0, 
                "c6bb32f0-c622-11e3-bf01-24c6515278c0.svcp_1-0-5.20150428.somatic.cnv.vcf.gz-download_time": 13, 
                "c6bb32f0-c622-11e3-bf01-24c6515278c0.svcp_1-0-5.20150428.somatic.cnv.vcf.gz-md5sum_time": 0, 
                "c6bb32f0-c622-11e3-bf01-24c6515278c0.svcp_1-0-5.20150428.somatic.cnv.vcf.gz.tbi-download_time": 13, 
                "c6bb32f0-c622-11e3-bf01-24c6515278c0.svcp_1-0-5.20150428.somatic.cnv.vcf.gz.tbi-md5sum_time": 0, 
                "c6bb32f0-c622-11e3-bf01-24c6515278c0.svcp_1-0-5.20150428.somatic.genotype.tar.gz-download_time": 12, 
                "c6bb32f0-c622-11e3-bf01-24c6515278c0.svcp_1-0-5.20150428.somatic.genotype.tar.gz-md5sum_time": 0, 
                "c6bb32f0-c622-11e3-bf01-24c6515278c0.svcp_1-0-5.20150428.somatic.imputeCounts.tar.gz-download_time": 40, 
                "c6bb32f0-c622-11e3-bf01-24c6515278c0.svcp_1-0-5.20150428.somatic.imputeCounts.tar.gz-md5sum_time": 1, 
                "c6bb32f0-c622-11e3-bf01-24c6515278c0.svcp_1-0-5.20150428.somatic.indel.tar.gz-download_time": 60, 
                "c6bb32f0-c622-11e3-bf01-24c6515278c0.svcp_1-0-5.20150428.somatic.indel.tar.gz-md5sum_time": 3, 
                "c6bb32f0-c622-11e3-bf01-24c6515278c0.svcp_1-0-5.20150428.somatic.indel.vcf.gz-download_time": 17, 
                "c6bb32f0-c622-11e3-bf01-24c6515278c0.svcp_1-0-5.20150428.somatic.indel.vcf.gz-md5sum_time": 0, 
                "c6bb32f0-c622-11e3-bf01-24c6515278c0.svcp_1-0-5.20150428.somatic.indel.vcf.gz.tbi-download_time": 13, 
                "c6bb32f0-c622-11e3-bf01-24c6515278c0.svcp_1-0-5.20150428.somatic.indel.vcf.gz.tbi-md5sum_time": 0, 
                "c6bb32f0-c622-11e3-bf01-24c6515278c0.svcp_1-0-5.20150428.somatic.snv_mnv.tar.gz-download_time": 23, 
                "c6bb32f0-c622-11e3-bf01-24c6515278c0.svcp_1-0-5.20150428.somatic.snv_mnv.tar.gz-md5sum_time": 0, 
                "c6bb32f0-c622-11e3-bf01-24c6515278c0.svcp_1-0-5.20150428.somatic.snv_mnv.vcf.gz-download_time": 13, 
                "c6bb32f0-c622-11e3-bf01-24c6515278c0.svcp_1-0-5.20150428.somatic.snv_mnv.vcf.gz-md5sum_time": 0, 
                "c6bb32f0-c622-11e3-bf01-24c6515278c0.svcp_1-0-5.20150428.somatic.snv_mnv.vcf.gz.tbi-download_time": 13, 
                "c6bb32f0-c622-11e3-bf01-24c6515278c0.svcp_1-0-5.20150428.somatic.snv_mnv.vcf.gz.tbi-md5sum_time": 0, 
                "c6bb32f0-c622-11e3-bf01-24c6515278c0.svcp_1-0-5.20150428.somatic.sv.tar.gz-download_time": 649, 
                "c6bb32f0-c622-11e3-bf01-24c6515278c0.svcp_1-0-5.20150428.somatic.sv.tar.gz-md5sum_time": 60, 
                "c6bb32f0-c622-11e3-bf01-24c6515278c0.svcp_1-0-5.20150428.somatic.sv.vcf.gz-download_time": 12, 
                "c6bb32f0-c622-11e3-bf01-24c6515278c0.svcp_1-0-5.20150428.somatic.sv.vcf.gz-md5sum_time": 0, 
                "c6bb32f0-c622-11e3-bf01-24c6515278c0.svcp_1-0-5.20150428.somatic.sv.vcf.gz.tbi-download_time": 12, 
                "c6bb32f0-c622-11e3-bf01-24c6515278c0.svcp_1-0-5.20150428.somatic.sv.vcf.gz.tbi-md5sum_time": 0, 
                "c6bb32f0-c622-11e3-bf01-24c6515278c0.svcp_1-0-5.20150428.somatic.verifyBamId.tar.gz-download_time": 13, 
                "c6bb32f0-c622-11e3-bf01-24c6515278c0.svcp_1-0-5.20150428.somatic.verifyBamId.tar.gz-md5sum_time": 0, 
                "start": 1449355822, 
                "stop": 1449356837, 
                "time": 1015
            }
        }
    }, 
    "aliquot_id": null, 
    "available_repos": [
        {
            "https://gtrepo-riken.annailabs.com/": {
                "file_md5sum": "27c1e84724f662aa047128f489d20706", 
                "file_size": 59176
            }
        }
    ], 
    "data_type": "Sanger-VCF", 
    "files": [
        {
            "file_md5sum": "a5f3d05626a89495b219504e918d860b", 
            "file_name": "c6bb32f0-c622-11e3-bf01-24c6515278c0.svcp_1-0-5.20150428.somatic.snv_mnv.vcf.gz", 
            "file_size": 3468432, 
            "object_id": "cb163586-7140-5932-a1ad-ceb7f436e6ad"
        }, 
        {
            "file_md5sum": "6983fd767845b639878f31d2551ad6cd", 
            "file_name": "c6bb32f0-c622-11e3-bf01-24c6515278c0.svcp_1-0-5.20150428.somatic.snv_mnv.vcf.gz.tbi", 
            "file_size": 609181, 
            "object_id": "85661c40-7fbd-5695-8964-b0e124e5d0cd"
        }, 
        {
            "file_md5sum": "37fe79facb7b682ded993295a25df337", 
            "file_name": "c6bb32f0-c622-11e3-bf01-24c6515278c0.svcp_1-0-5.20150428.somatic.cnv.vcf.gz", 
            "file_size": 6229, 
            "object_id": "d53aa7c9-34c2-5a64-98cd-a3bb9a5e7373"
        }, 
        {
            "file_md5sum": "4cdfa9b8611be441a81d30a7a0541bd2", 
            "file_name": "c6bb32f0-c622-11e3-bf01-24c6515278c0.svcp_1-0-5.20150428.somatic.cnv.vcf.gz.tbi", 
            "file_size": 7220, 
            "object_id": "0dc3f9ac-6614-5b52-9b1d-54754580e6cd"
        }, 
        {
            "file_md5sum": "c4a31093cd4c738e52066cb15839340b", 
            "file_name": "c6bb32f0-c622-11e3-bf01-24c6515278c0.svcp_1-0-5.20150428.somatic.sv.vcf.gz", 
            "file_size": 20199, 
            "object_id": "9d4490f1-127b-5bd1-a11a-4f69c240b7d0"
        }, 
        {
            "file_md5sum": "f1d7f16d2ff8459754a5d8fbe676a45d", 
            "file_name": "c6bb32f0-c622-11e3-bf01-24c6515278c0.svcp_1-0-5.20150428.somatic.sv.vcf.gz.tbi", 
            "file_size": 3476, 
            "object_id": "b36c7db3-f3b9-576c-8324-a743ed7eb05c"
        }, 
        {
            "file_md5sum": "0717e19f830118b317340ff853806cef", 
            "file_name": "c6bb32f0-c622-11e3-bf01-24c6515278c0.svcp_1-0-5.20150428.somatic.indel.vcf.gz", 
            "file_size": 62759333, 
            "object_id": "65eb23c3-12f9-55cf-aa59-ecd09c9ea85b"
        }, 
        {
            "file_md5sum": "6689cfbc1452a22dfb1f035f739021d2", 
            "file_name": "c6bb32f0-c622-11e3-bf01-24c6515278c0.svcp_1-0-5.20150428.somatic.indel.vcf.gz.tbi", 
            "file_size": 1554766, 
            "object_id": "eadda91d-26ff-57eb-884c-de9dfc176573"
        }, 
        {
            "file_md5sum": "776bdfb9aacbd88fd8b84b9a2d523b16", 
            "file_name": "c6bb32f0-c622-11e3-bf01-24c6515278c0.svcp_1-0-5.20150428.somatic.snv_mnv.tar.gz", 
            "file_size": 162365615, 
            "object_id": "02203bec-df4b-5c27-8eb6-42f141797032"
        }, 
        {
            "file_md5sum": "12e365cc03f363b7b2bdc565b0d86adf", 
            "file_name": "c6bb32f0-c622-11e3-bf01-24c6515278c0.svcp_1-0-5.20150428.somatic.cnv.tar.gz", 
            "file_size": 27204208, 
            "object_id": "75d31e93-db6d-554a-b5d3-1a28fba325e3"
        }, 
        {
            "file_md5sum": "d1a5bda7590fd8f739e0757e86ee6da6", 
            "file_name": "c6bb32f0-c622-11e3-bf01-24c6515278c0.svcp_1-0-5.20150428.somatic.sv.tar.gz", 
            "file_size": 9109887580, 
            "object_id": "27d08f24-a356-5d67-8ee8-7d8273c59d59"
        }, 
        {
            "file_md5sum": "d69e836b2e9c54bd6659d641b8b0f8ef", 
            "file_name": "c6bb32f0-c622-11e3-bf01-24c6515278c0.svcp_1-0-5.20150428.somatic.indel.tar.gz", 
            "file_size": 837355875,