{
    "_runs_": {
        "run_1449082788_da7d6552-5b48-4b75-8085-235c65df5206": {
            "downloading": {
                "gnos-download_time": 1887, 
                "start": 1449128625, 
                "stop": 1449130513, 
                "time": 1888
            }, 
            "uploading": {
                "copy_meta_time": 2, 
                "start": 1449130527, 
                "stop": 1449130780, 
                "time": 253, 
                "upload_time": 250
            }
        }, 
        "run_1449252103_152c7654-43a8-4095-9763-2d1564a0e842": {
            "downloading": {
                "0b29c893-03bf-4131-b192-c14a2788d411.dkfz-copyNumberEstimation_1-0-189-hpc-fix.1508271701.somatic.cnv.tar.gz-download_time": 257, 
                "0b29c893-03bf-4131-b192-c14a2788d411.dkfz-copyNumberEstimation_1-0-189-hpc-fix.1508271701.somatic.cnv.tar.gz-md5sum_time": 21, 
                "0b29c893-03bf-4131-b192-c14a2788d411.dkfz-copyNumberEstimation_1-0-189-hpc-fix.1508271701.somatic.cnv.vcf.gz-download_time": 13, 
                "0b29c893-03bf-4131-b192-c14a2788d411.dkfz-copyNumberEstimation_1-0-189-hpc-fix.1508271701.somatic.cnv.vcf.gz-md5sum_time": 0, 
                "0b29c893-03bf-4131-b192-c14a2788d411.dkfz-copyNumberEstimation_1-0-189-hpc-fix.1508271701.somatic.cnv.vcf.gz.tbi-download_time": 12, 
                "0b29c893-03bf-4131-b192-c14a2788d411.dkfz-copyNumberEstimation_1-0-189-hpc-fix.1508271701.somatic.cnv.vcf.gz.tbi-md5sum_time": 0, 
                "0b29c893-03bf-4131-b192-c14a2788d411.dkfz-indelCalling_1-0-132-1.20150618.germline.indel.vcf.gz-download_time": 17, 
                "0b29c893-03bf-4131-b192-c14a2788d411.dkfz-indelCalling_1-0-132-1.20150618.germline.indel.vcf.gz-md5sum_time": 0, 
                "0b29c893-03bf-4131-b192-c14a2788d411.dkfz-indelCalling_1-0-132-1.20150618.germline.indel.vcf.gz.tbi-download_time": 13, 
                "0b29c893-03bf-4131-b192-c14a2788d411.dkfz-indelCalling_1-0-132-1.20150618.germline.indel.vcf.gz.tbi-md5sum_time": 0, 
                "0b29c893-03bf-4131-b192-c14a2788d411.dkfz-indelCalling_1-0-132-1.20150618.somatic.indel.tar.gz-download_time": 49, 
                "0b29c893-03bf-4131-b192-c14a2788d411.dkfz-indelCalling_1-0-132-1.20150618.somatic.indel.tar.gz-md5sum_time": 2, 
                "0b29c893-03bf-4131-b192-c14a2788d411.dkfz-indelCalling_1-0-132-1.20150618.somatic.indel.vcf.gz-download_time": 13, 
                "0b29c893-03bf-4131-b192-c14a2788d411.dkfz-indelCalling_1-0-132-1.20150618.somatic.indel.vcf.gz-md5sum_time": 0, 
                "0b29c893-03bf-4131-b192-c14a2788d411.dkfz-indelCalling_1-0-132-1.20150618.somatic.indel.vcf.gz.tbi-download_time": 13, 
                "0b29c893-03bf-4131-b192-c14a2788d411.dkfz-indelCalling_1-0-132-1.20150618.somatic.indel.vcf.gz.tbi-md5sum_time": 0, 
                "0b29c893-03bf-4131-b192-c14a2788d411.dkfz-snvCalling_1-0-132-1.20150618.germline.snv_mnv.vcf.gz-download_time": 20, 
                "0b29c893-03bf-4131-b192-c14a2788d411.dkfz-snvCalling_1-0-132-1.20150618.germline.snv_mnv.vcf.gz-md5sum_time": 1, 
                "0b29c893-03bf-4131-b192-c14a2788d411.dkfz-snvCalling_1-0-132-1.20150618.germline.snv_mnv.vcf.gz.tbi-download_time": 15, 
                "0b29c893-03bf-4131-b192-c14a2788d411.dkfz-snvCalling_1-0-132-1.20150618.germline.snv_mnv.vcf.gz.tbi-md5sum_time": 0, 
                "0b29c893-03bf-4131-b192-c14a2788d411.dkfz-snvCalling_1-0-132-1.20150618.somatic.snv_mnv.tar.gz-download_time": 78, 
                "0b29c893-03bf-4131-b192-c14a2788d411.dkfz-snvCalling_1-0-132-1.20150618.somatic.snv_mnv.tar.gz-md5sum_time": 4, 
                "0b29c893-03bf-4131-b192-c14a2788d411.dkfz-snvCalling_1-0-132-1.20150618.somatic.snv_mnv.vcf.gz-download_time": 13, 
                "0b29c893-03bf-4131-b192-c14a2788d411.dkfz-snvCalling_1-0-132-1.20150618.somatic.snv_mnv.vcf.gz-md5sum_time": 0, 
                "0b29c893-03bf-4131-b192-c14a2788d411.dkfz-snvCalling_1-0-132-1.20150618.somatic.snv_mnv.vcf.gz.tbi-download_time": 12, 
                "0b29c893-03bf-4131-b192-c14a2788d411.dkfz-snvCalling_1-0-132-1.20150618.somatic.snv_mnv.vcf.gz.tbi-md5sum_time": 0, 
                "0b29c893-03bf-4131-b192-c14a2788d411.embl-delly_1-0-0-preFilter.20150618.germline.sv.bedpe.txt.tar.gz-download_time": 12, 
                "0b29c893-03bf-4131-b192-c14a2788d411.embl-delly_1-0-0-preFilter.20150618.germline.sv.bedpe.txt.tar.gz-md5sum_time": 0, 
                "0b29c893-03bf-4131-b192-c14a2788d411.embl-delly_1-0-0-preFilter.20150618.germline.sv.readname.txt.tar.gz-download_time": 14, 
                "0b29c893-03bf-4131-b192-c14a2788d411.embl-delly_1-0-0-preFilter.20150618.germline.sv.readname.txt.tar.gz-md5sum_time": 0, 
                "0b29c893-03bf-4131-b192-c14a2788d411.embl-delly_1-0-0-preFilter.20150618.germline.sv.vcf.gz-download_time": 12, 
                "0b29c893-03bf-4131-b192-c14a2788d411.embl-delly_1-0-0-preFilter.20150618.germline.sv.vcf.gz-md5sum_time": 0, 
                "0b29c893-03bf-4131-b192-c14a2788d411.embl-delly_1-0-0-preFilter.20150618.germline.sv.vcf.gz.tbi-download_time": 13, 
                "0b29c893-03bf-4131-b192-c14a2788d411.embl-delly_1-0-0-preFilter.20150618.germline.sv.vcf.gz.tbi-md5sum_time": 0, 
                "0b29c893-03bf-4131-b192-c14a2788d411.embl-delly_1-0-0-preFilter.20150618.somatic.sv.bedpe.txt.tar.gz-download_time": 13, 
                "0b29c893-03bf-4131-b192-c14a2788d411.embl-delly_1-0-0-preFilter.20150618.somatic.sv.bedpe.txt.tar.gz-md5sum_time": 0, 
                "0b29c893-03bf-4131-b192-c14a2788d411.embl-delly_1-0-0-preFilter.20150618.somatic.sv.readname.txt.tar.gz-download_time": 13, 
                "0b29c893-03bf-4131-b192-c14a2788d411.embl-delly_1-0-0-preFilter.20150618.somatic.sv.readname.txt.tar.gz-md5sum_time": 0, 
                "0b29c893-03bf-4131-b192-c14a2788d411.embl-delly_1-0-0-preFilter.20150618.somatic.sv.vcf.gz-download_time": 13, 
                "0b29c893-03bf-4131-b192-c14a2788d411.embl-delly_1-0-0-preFilter.20150618.somatic.sv.vcf.gz-md5sum_time": 0, 
                "0b29c893-03bf-4131-b192-c14a2788d411.embl-delly_1-0-0-preFilter.20150618.somatic.sv.vcf.gz.tbi-download_time": 13, 
                "0b29c893-03bf-4131-b192-c14a2788d411.embl-delly_1-0-0-preFilter.20150618.somatic.sv.vcf.gz.tbi-md5sum_time": 0, 
                "0b29c893-03bf-4131-b192-c14a2788d411.embl-delly_1-0-0-preFilter.20150618.sv.cov.plots.tar.gz-download_time": 16, 
                "0b29c893-03bf-4131-b192-c14a2788d411.embl-delly_1-0-0-preFilter.20150618.sv.cov.plots.tar.gz-md5sum_time": 0, 
                "0b29c893-03bf-4131-b192-c14a2788d411.embl-delly_1-0-0-preFilter.20150618.sv.cov.tar.gz-download_time": 18, 
                "0b29c893-03bf-4131-b192-c14a2788d411.embl-delly_1-0-0-preFilter.20150618.sv.cov.tar.gz-md5sum_time": 0, 
                "0b29c893-03bf-4131-b192-c14a2788d411.embl-delly_1-0-0-preFilter.20150618.sv.vcf.gz-download_time": 13, 
                "0b29c893-03bf-4131-b192-c14a2788d411.embl-delly_1-0-0-preFilter.20150618.sv.vcf.gz-md5sum_time": 0, 
                "0b29c893-03bf-4131-b192-c14a2788d411.embl-delly_1-0-0-preFilter.20150618.sv.vcf.gz.tbi-download_time": 12, 
                "0b29c893-03bf-4131-b192-c14a2788d411.embl-delly_1-0-0-preFilter.20150618.sv.vcf.gz.tbi-md5sum_time": 0, 
                "712f0463-81f7-4ebb-9607-92648eaf12b3.xml-download_time": 12, 
                "712f0463-81f7-4ebb-9607-92648eaf12b3.xml-md5sum_time": 0, 
                "start": 1449356880, 
                "stop": 1449357608, 
                "time": 728
            }
        }
    }, 
    "aliquot_id": null, 
    "available_repos": [
        {
            "https://gtrepo-dkfz.annailabs.com/": {
                "file_md5sum": "abb352899c9b458ef98fcc038b987e0d", 
                "file_size": 59702
            }
        }
    ], 
    "data_type": "Dkfz_embl-VCF", 
    "files": [
        {
            "file_md5sum": "2f86c1a63246dac0342ddf6797461930",