{
    "_runs_": {
        "run_1449000949_07760fbf-916f-45ff-bfbf-0e708657dbd1": {
            "downloading": {
                "gnos-download_time": 973, 
                "start": 1449095464, 
                "stop": 1449096438, 
                "time": 974
            }, 
            "uploading": {
                "copy_meta_time": 2, 
                "start": 1449096453, 
                "stop": 1449096695, 
                "time": 242, 
                "upload_time": 240
            }
        }, 
        "run_1449256221_15605ad1-8eea-4587-8164-de277ca95282": {
            "downloading": {
                "747898b6-b5a9-467c-90a8-01fe916a1554.xml-download_time": 13, 
                "747898b6-b5a9-467c-90a8-01fe916a1554.xml-md5sum_time": 0, 
                "f82d213f-bc99-5b1d-e040-11ac0c486880.dkfz-copyNumberEstimation_1-0-189-hpc-fix.1508261954.somatic.cnv.tar.gz-download_time": 301, 
                "f82d213f-bc99-5b1d-e040-11ac0c486880.dkfz-copyNumberEstimation_1-0-189-hpc-fix.1508261954.somatic.cnv.tar.gz-md5sum_time": 21, 
                "f82d213f-bc99-5b1d-e040-11ac0c486880.dkfz-copyNumberEstimation_1-0-189-hpc-fix.1508261954.somatic.cnv.vcf.gz-download_time": 14, 
                "f82d213f-bc99-5b1d-e040-11ac0c486880.dkfz-copyNumberEstimation_1-0-189-hpc-fix.1508261954.somatic.cnv.vcf.gz-md5sum_time": 0, 
                "f82d213f-bc99-5b1d-e040-11ac0c486880.dkfz-copyNumberEstimation_1-0-189-hpc-fix.1508261954.somatic.cnv.vcf.gz.tbi-download_time": 13, 
                "f82d213f-bc99-5b1d-e040-11ac0c486880.dkfz-copyNumberEstimation_1-0-189-hpc-fix.1508261954.somatic.cnv.vcf.gz.tbi-md5sum_time": 0, 
                "f82d213f-bc99-5b1d-e040-11ac0c486880.dkfz-indelCalling_1-0-132-1.20150719.germline.indel.vcf.gz-download_time": 18, 
                "f82d213f-bc99-5b1d-e040-11ac0c486880.dkfz-indelCalling_1-0-132-1.20150719.germline.indel.vcf.gz-md5sum_time": 0, 
                "f82d213f-bc99-5b1d-e040-11ac0c486880.dkfz-indelCalling_1-0-132-1.20150719.germline.indel.vcf.gz.tbi-download_time": 14, 
                "f82d213f-bc99-5b1d-e040-11ac0c486880.dkfz-indelCalling_1-0-132-1.20150719.germline.indel.vcf.gz.tbi-md5sum_time": 0, 
                "f82d213f-bc99-5b1d-e040-11ac0c486880.dkfz-indelCalling_1-0-132-1.20150719.somatic.indel.tar.gz-download_time": 50, 
                "f82d213f-bc99-5b1d-e040-11ac0c486880.dkfz-indelCalling_1-0-132-1.20150719.somatic.indel.tar.gz-md5sum_time": 3, 
                "f82d213f-bc99-5b1d-e040-11ac0c486880.dkfz-indelCalling_1-0-132-1.20150719.somatic.indel.vcf.gz-download_time": 14, 
                "f82d213f-bc99-5b1d-e040-11ac0c486880.dkfz-indelCalling_1-0-132-1.20150719.somatic.indel.vcf.gz-md5sum_time": 0, 
                "f82d213f-bc99-5b1d-e040-11ac0c486880.dkfz-indelCalling_1-0-132-1.20150719.somatic.indel.vcf.gz.tbi-download_time": 13, 
                "f82d213f-bc99-5b1d-e040-11ac0c486880.dkfz-indelCalling_1-0-132-1.20150719.somatic.indel.vcf.gz.tbi-md5sum_time": 0, 
                "f82d213f-bc99-5b1d-e040-11ac0c486880.dkfz-snvCalling_1-0-132-1.20150719.germline.snv_mnv.vcf.gz-download_time": 21, 
                "f82d213f-bc99-5b1d-e040-11ac0c486880.dkfz-snvCalling_1-0-132-1.20150719.germline.snv_mnv.vcf.gz-md5sum_time": 1, 
                "f82d213f-bc99-5b1d-e040-11ac0c486880.dkfz-snvCalling_1-0-132-1.20150719.germline.snv_mnv.vcf.gz.tbi-download_time": 14, 
                "f82d213f-bc99-5b1d-e040-11ac0c486880.dkfz-snvCalling_1-0-132-1.20150719.germline.snv_mnv.vcf.gz.tbi-md5sum_time": 0, 
                "f82d213f-bc99-5b1d-e040-11ac0c486880.dkfz-snvCalling_1-0-132-1.20150719.somatic.snv_mnv.tar.gz-download_time": 96, 
                "f82d213f-bc99-5b1d-e040-11ac0c486880.dkfz-snvCalling_1-0-132-1.20150719.somatic.snv_mnv.tar.gz-md5sum_time": 5, 
                "f82d213f-bc99-5b1d-e040-11ac0c486880.dkfz-snvCalling_1-0-132-1.20150719.somatic.snv_mnv.vcf.gz-download_time": 13, 
                "f82d213f-bc99-5b1d-e040-11ac0c486880.dkfz-snvCalling_1-0-132-1.20150719.somatic.snv_mnv.vcf.gz-md5sum_time": 0, 
                "f82d213f-bc99-5b1d-e040-11ac0c486880.dkfz-snvCalling_1-0-132-1.20150719.somatic.snv_mnv.vcf.gz.tbi-download_time": 14, 
                "f82d213f-bc99-5b1d-e040-11ac0c486880.dkfz-snvCalling_1-0-132-1.20150719.somatic.snv_mnv.vcf.gz.tbi-md5sum_time": 0, 
                "f82d213f-bc99-5b1d-e040-11ac0c486880.embl-delly_1-0-0-preFilter.20150719.germline.sv.bedpe.txt.tar.gz-download_time": 14, 
                "f82d213f-bc99-5b1d-e040-11ac0c486880.embl-delly_1-0-0-preFilter.20150719.germline.sv.bedpe.txt.tar.gz-md5sum_time": 0, 
                "f82d213f-bc99-5b1d-e040-11ac0c486880.embl-delly_1-0-0-preFilter.20150719.germline.sv.readname.txt.tar.gz-download_time": 13, 
                "f82d213f-bc99-5b1d-e040-11ac0c486880.embl-delly_1-0-0-preFilter.20150719.germline.sv.readname.txt.tar.gz-md5sum_time": 0, 
                "f82d213f-bc99-5b1d-e040-11ac0c486880.embl-delly_1-0-0-preFilter.20150719.germline.sv.vcf.gz-download_time": 13, 
                "f82d213f-bc99-5b1d-e040-11ac0c486880.embl-delly_1-0-0-preFilter.20150719.germline.sv.vcf.gz-md5sum_time": 1, 
                "f82d213f-bc99-5b1d-e040-11ac0c486880.embl-delly_1-0-0-preFilter.20150719.germline.sv.vcf.gz.tbi-download_time": 12, 
                "f82d213f-bc99-5b1d-e040-11ac0c486880.embl-delly_1-0-0-preFilter.20150719.germline.sv.vcf.gz.tbi-md5sum_time": 0, 
                "f82d213f-bc99-5b1d-e040-11ac0c486880.embl-delly_1-0-0-preFilter.20150719.somatic.sv.bedpe.txt.tar.gz-download_time": 14, 
                "f82d213f-bc99-5b1d-e040-11ac0c486880.embl-delly_1-0-0-preFilter.20150719.somatic.sv.bedpe.txt.tar.gz-md5sum_time": 0, 
                "f82d213f-bc99-5b1d-e040-11ac0c486880.embl-delly_1-0-0-preFilter.20150719.somatic.sv.readname.txt.tar.gz-download_time": 13, 
                "f82d213f-bc99-5b1d-e040-11ac0c486880.embl-delly_1-0-0-preFilter.20150719.somatic.sv.readname.txt.tar.gz-md5sum_time": 0, 
                "f82d213f-bc99-5b1d-e040-11ac0c486880.embl-delly_1-0-0-preFilter.20150719.somatic.sv.vcf.gz-download_time": 14, 
                "f82d213f-bc99-5b1d-e040-11ac0c486880.embl-delly_1-0-0-preFilter.20150719.somatic.sv.vcf.gz-md5sum_time": 0, 
                "f82d213f-bc99-5b1d-e040-11ac0c486880.embl-delly_1-0-0-preFilter.20150719.somatic.sv.vcf.gz.tbi-download_time": 13, 
                "f82d213f-bc99-5b1d-e040-11ac0c486880.embl-delly_1-0-0-preFilter.20150719.somatic.sv.vcf.gz.tbi-md5sum_time": 0, 
                "f82d213f-bc99-5b1d-e040-11ac0c486880.embl-delly_1-0-0-preFilter.20150719.sv.cov.plots.tar.gz-download_time": 14, 
                "f82d213f-bc99-5b1d-e040-11ac0c486880.embl-delly_1-0-0-preFilter.20150719.sv.cov.plots.tar.gz-md5sum_time": 0, 
                "f82d213f-bc99-5b1d-e040-11ac0c486880.embl-delly_1-0-0-preFilter.20150719.sv.cov.tar.gz-download_time": 18, 
                "f82d213f-bc99-5b1d-e040-11ac0c486880.embl-delly_1-0-0-preFilter.20150719.sv.cov.tar.gz-md5sum_time": 0, 
                "f82d213f-bc99-5b1d-e040-11ac0c486880.embl-delly_1-0-0-preFilter.20150719.sv.vcf.gz-download_time": 13, 
                "f82d213f-bc99-5b1d-e040-11ac0c486880.embl-delly_1-0-0-preFilter.20150719.sv.vcf.gz-md5sum_time": 0, 
                "f82d213f-bc99-5b1d-e040-11ac0c486880.embl-delly_1-0-0-preFilter.20150719.sv.vcf.gz.tbi-download_time": 13, 
                "f82d213f-bc99-5b1d-e040-11ac0c486880.embl-delly_1-0-0-preFilter.20150719.sv.vcf.gz.tbi-md5sum_time": 0, 
                "start": 1449360973, 
                "stop": 1449361777, 
                "time": 804
            }
        }
    }, 
    "aliquot_id": null, 
    "available_repos": [
        {
            "https://gtrepo-dkfz.annailabs.com/": {
                "file_md5sum": "7fa05d30910bc89f59da6be025fb4382", 
                "file_size": 58995
            }
        }
    ], 
    "data_type": "Dkfz_embl-VCF", 
    "files": [
        {
            "file_md5sum": "c0f76d181bdba36166a6f045a5a52d04",