{
    "_runs_": {
        "run_1449252103_152c7654-43a8-4095-9763-2d1564a0e842": {
            "downloading": {
                "758ca060-03c7-495f-8a93-cfa524d09529.xml-download_time": 14, 
                "758ca060-03c7-495f-8a93-cfa524d09529.xml-md5sum_time": 0, 
                "f9c23ce8-7f1c-9417-e040-11ac0d482562.svcp_1-0-5.20150410.somatic.binnedReadCounts.tar.gz-download_time": 20, 
                "f9c23ce8-7f1c-9417-e040-11ac0d482562.svcp_1-0-5.20150410.somatic.binnedReadCounts.tar.gz-md5sum_time": 0, 
                "f9c23ce8-7f1c-9417-e040-11ac0d482562.svcp_1-0-5.20150410.somatic.cnv.tar.gz-download_time": 14, 
                "f9c23ce8-7f1c-9417-e040-11ac0d482562.svcp_1-0-5.20150410.somatic.cnv.tar.gz-md5sum_time": 0, 
                "f9c23ce8-7f1c-9417-e040-11ac0d482562.svcp_1-0-5.20150410.somatic.cnv.vcf.gz-download_time": 13, 
                "f9c23ce8-7f1c-9417-e040-11ac0d482562.svcp_1-0-5.20150410.somatic.cnv.vcf.gz-md5sum_time": 0, 
                "f9c23ce8-7f1c-9417-e040-11ac0d482562.svcp_1-0-5.20150410.somatic.cnv.vcf.gz.tbi-download_time": 13, 
                "f9c23ce8-7f1c-9417-e040-11ac0d482562.svcp_1-0-5.20150410.somatic.cnv.vcf.gz.tbi-md5sum_time": 0, 
                "f9c23ce8-7f1c-9417-e040-11ac0d482562.svcp_1-0-5.20150410.somatic.genotype.tar.gz-download_time": 13, 
                "f9c23ce8-7f1c-9417-e040-11ac0d482562.svcp_1-0-5.20150410.somatic.genotype.tar.gz-md5sum_time": 0, 
                "f9c23ce8-7f1c-9417-e040-11ac0d482562.svcp_1-0-5.20150410.somatic.imputeCounts.tar.gz-download_time": 43, 
                "f9c23ce8-7f1c-9417-e040-11ac0d482562.svcp_1-0-5.20150410.somatic.imputeCounts.tar.gz-md5sum_time": 2, 
                "f9c23ce8-7f1c-9417-e040-11ac0d482562.svcp_1-0-5.20150410.somatic.indel.tar.gz-download_time": 61, 
                "f9c23ce8-7f1c-9417-e040-11ac0d482562.svcp_1-0-5.20150410.somatic.indel.tar.gz-md5sum_time": 3, 
                "f9c23ce8-7f1c-9417-e040-11ac0d482562.svcp_1-0-5.20150410.somatic.indel.vcf.gz-download_time": 16, 
                "f9c23ce8-7f1c-9417-e040-11ac0d482562.svcp_1-0-5.20150410.somatic.indel.vcf.gz-md5sum_time": 0, 
                "f9c23ce8-7f1c-9417-e040-11ac0d482562.svcp_1-0-5.20150410.somatic.indel.vcf.gz.tbi-download_time": 13, 
                "f9c23ce8-7f1c-9417-e040-11ac0d482562.svcp_1-0-5.20150410.somatic.indel.vcf.gz.tbi-md5sum_time": 0, 
                "f9c23ce8-7f1c-9417-e040-11ac0d482562.svcp_1-0-5.20150410.somatic.snv_mnv.tar.gz-download_time": 21, 
                "f9c23ce8-7f1c-9417-e040-11ac0d482562.svcp_1-0-5.20150410.somatic.snv_mnv.tar.gz-md5sum_time": 1, 
                "f9c23ce8-7f1c-9417-e040-11ac0d482562.svcp_1-0-5.20150410.somatic.snv_mnv.vcf.gz-download_time": 13, 
                "f9c23ce8-7f1c-9417-e040-11ac0d482562.svcp_1-0-5.20150410.somatic.snv_mnv.vcf.gz-md5sum_time": 0, 
                "f9c23ce8-7f1c-9417-e040-11ac0d482562.svcp_1-0-5.20150410.somatic.snv_mnv.vcf.gz.tbi-download_time": 13, 
                "f9c23ce8-7f1c-9417-e040-11ac0d482562.svcp_1-0-5.20150410.somatic.snv_mnv.vcf.gz.tbi-md5sum_time": 0, 
                "f9c23ce8-7f1c-9417-e040-11ac0d482562.svcp_1-0-5.20150410.somatic.sv.tar.gz-download_time": 79, 
                "f9c23ce8-7f1c-9417-e040-11ac0d482562.svcp_1-0-5.20150410.somatic.sv.tar.gz-md5sum_time": 4, 
                "f9c23ce8-7f1c-9417-e040-11ac0d482562.svcp_1-0-5.20150410.somatic.sv.vcf.gz-download_time": 12, 
                "f9c23ce8-7f1c-9417-e040-11ac0d482562.svcp_1-0-5.20150410.somatic.sv.vcf.gz-md5sum_time": 0, 
                "f9c23ce8-7f1c-9417-e040-11ac0d482562.svcp_1-0-5.20150410.somatic.sv.vcf.gz.tbi-download_time": 12, 
                "f9c23ce8-7f1c-9417-e040-11ac0d482562.svcp_1-0-5.20150410.somatic.sv.vcf.gz.tbi-md5sum_time": 0, 
                "f9c23ce8-7f1c-9417-e040-11ac0d482562.svcp_1-0-5.20150410.somatic.verifyBamId.tar.gz-download_time": 13, 
                "f9c23ce8-7f1c-9417-e040-11ac0d482562.svcp_1-0-5.20150410.somatic.verifyBamId.tar.gz-md5sum_time": 0, 
                "start": 1449362254, 
                "stop": 1449362647, 
                "time": 393
            }
        }
    }, 
    "aliquot_id": null, 
    "available_repos": [
        {
            "https://gtrepo-bsc.annailabs.com/": {
                "file_md5sum": "be841d4adf15b278dd3ec753f049f80d", 
                "file_size": 59063
            }
        }
    ], 
    "data_type": "Sanger-VCF", 
    "files": [
        {
            "file_md5sum": "4e4f3a46b2aea8fc37020ca96c4d8013", 
            "file_name": "f9c23ce8-7f1c-9417-e040-11ac0d482562.svcp_1-0-5.20150410.somatic.snv_mnv.vcf.gz", 
            "file_size": 1453709, 
            "object_id": "128260ec-d82d-5d9f-9d54-90f77111c94c"
        }, 
        {
            "file_md5sum": "8041501840267b6e39274c9bac239e02", 
            "file_name": "f9c23ce8-7f1c-9417-e040-11ac0d482562.svcp_1-0-5.20150410.somatic.snv_mnv.vcf.gz.tbi", 
            "file_size": 270886, 
            "object_id": "3c6beb63-7381-5d0c-bba4-74dbea46fbf1"
        }, 
        {
            "file_md5sum": "b1687873738d2df63290c287c048d80a", 
            "file_name": "f9c23ce8-7f1c-9417-e040-11ac0d482562.svcp_1-0-5.20150410.somatic.cnv.vcf.gz", 
            "file_size": 2306, 
            "object_id": "4e8196d9-ef7c-5a82-b4f2-036005825d57"
        }, 
        {
            "file_md5sum": "06a1b9ef7f8a1fb343b6d60c3389b0fc", 
            "file_name": "f9c23ce8-7f1c-9417-e040-11ac0d482562.svcp_1-0-5.20150410.somatic.cnv.vcf.gz.tbi", 
            "file_size": 4476, 
            "object_id": "70820fb1-31cd-549f-a39f-31c2fd0c5811"
        }, 
        {
            "file_md5sum": "17b5021d7cfc558f497e040f3871b67a", 
            "file_name": "f9c23ce8-7f1c-9417-e040-11ac0d482562.svcp_1-0-5.20150410.somatic.sv.vcf.gz", 
            "file_size": 14170, 
            "object_id": "9d223873-fac8-50ad-b6e1-5184d10fa0cc"
        }, 
        {
            "file_md5sum": "9c9e46c4e76737cdadeddf15e56ac6a8", 
            "file_name": "f9c23ce8-7f1c-9417-e040-11ac0d482562.svcp_1-0-5.20150410.somatic.sv.vcf.gz.tbi", 
            "file_size": 3789, 
            "object_id": "08501f7a-869c-5e75-a8d3-2760dc5cbc13"
        }, 
        {
            "file_md5sum": "3af764b614722b36deb1d561a0ced18e", 
            "file_name": "f9c23ce8-7f1c-9417-e040-11ac0d482562.svcp_1-0-5.20150410.somatic.indel.vcf.gz", 
            "file_size": 48486677, 
            "object_id": "3097a0f1-6d9f-5718-8f02-5cadf5ec14ad"
        }, 
        {
            "file_md5sum": "0aa7c89232c92fa9f6ffe59c7931f49f", 
            "file_name": "f9c23ce8-7f1c-9417-e040-11ac0d482562.svcp_1-0-5.20150410.somatic.indel.vcf.gz.tbi", 
            "file_size": 1433649, 
            "object_id": "2e9d5119-d822-509c-8ae9-26a3e65fc9dc"
        }, 
        {
            "file_md5sum": "49a17755f1d7bc9a99c940cda7b9855b", 
            "file_name": "f9c23ce8-7f1c-9417-e040-11ac0d482562.svcp_1-0-5.20150410.somatic.snv_mnv.tar.gz", 
            "file_size": 159270688, 
            "object_id": "1c6fa9f3-48fd-5bb9-9659-8a02bacff022"
        }, 
        {
            "file_md5sum": "47f5ba6fc3e64f60767493aecef4f12f", 
            "file_name": "f9c23ce8-7f1c-9417-e040-11ac0d482562.svcp_1-0-5.20150410.somatic.cnv.tar.gz", 
            "file_size": 26833329, 
            "object_id": "b19fe27b-713d-521e-b15c-17a7a585c415"
        }, 
        {
            "file_md5sum": "3cafb32c32d06a03e2b44bd7e5e46fff", 
            "file_name": "f9c23ce8-7f1c-9417-e040-11ac0d482562.svcp_1-0-5.20150410.somatic.sv.tar.gz", 
            "file_size": 1303375401, 
            "object_id": "3e276d56-8a1b-59c2-a720-e410ce2df4eb"
        }, 
        {
            "file_md5sum": "87cc3505978bdcf3e123c618a3cbca1c", 
            "file_name": "f9c23ce8-7f1c-9417-e040-11ac0d482562.svcp_1-0-5.20150410.somatic.indel.tar.gz", 
            "file_size": 835749675,