{
    "_runs_": {
        "run_1449021626_519f2490-ff6f-49ec-8fcd-839b771e4407": {
            "downloading": {
                "gnos-download_time": 191, 
                "start": 1449028705, 
                "stop": 1449028897, 
                "time": 192
            }, 
            "uploading": {
                "copy_meta_time": 2, 
                "start": 1449028909, 
                "stop": 1449029032, 
                "time": 123, 
                "upload_time": 120
            }
        }, 
        "run_1449256150_30778ae0-aac1-42f3-87c3-490a453045cd": {
            "downloading": {
                "776d8938-195e-4669-b9ff-5de8467482bc.xml-download_time": 12, 
                "776d8938-195e-4669-b9ff-5de8467482bc.xml-md5sum_time": 0, 
                "8cce153d-953d-40c5-976b-60f6a143608c.svcp_1-0-4.20150203.somatic.binnedReadCounts.tar.gz-download_time": 20, 
                "8cce153d-953d-40c5-976b-60f6a143608c.svcp_1-0-4.20150203.somatic.binnedReadCounts.tar.gz-md5sum_time": 1, 
                "8cce153d-953d-40c5-976b-60f6a143608c.svcp_1-0-4.20150203.somatic.cnv.tar.gz-download_time": 15, 
                "8cce153d-953d-40c5-976b-60f6a143608c.svcp_1-0-4.20150203.somatic.cnv.tar.gz-md5sum_time": 0, 
                "8cce153d-953d-40c5-976b-60f6a143608c.svcp_1-0-4.20150203.somatic.cnv.vcf.gz-download_time": 12, 
                "8cce153d-953d-40c5-976b-60f6a143608c.svcp_1-0-4.20150203.somatic.cnv.vcf.gz-md5sum_time": 1, 
                "8cce153d-953d-40c5-976b-60f6a143608c.svcp_1-0-4.20150203.somatic.cnv.vcf.gz.tbi-download_time": 12, 
                "8cce153d-953d-40c5-976b-60f6a143608c.svcp_1-0-4.20150203.somatic.cnv.vcf.gz.tbi-md5sum_time": 0, 
                "8cce153d-953d-40c5-976b-60f6a143608c.svcp_1-0-4.20150203.somatic.genotype.tar.gz-download_time": 12, 
                "8cce153d-953d-40c5-976b-60f6a143608c.svcp_1-0-4.20150203.somatic.genotype.tar.gz-md5sum_time": 0, 
                "8cce153d-953d-40c5-976b-60f6a143608c.svcp_1-0-4.20150203.somatic.imputeCounts.tar.gz-download_time": 44, 
                "8cce153d-953d-40c5-976b-60f6a143608c.svcp_1-0-4.20150203.somatic.imputeCounts.tar.gz-md5sum_time": 2, 
                "8cce153d-953d-40c5-976b-60f6a143608c.svcp_1-0-4.20150203.somatic.indel.tar.gz-download_time": 52, 
                "8cce153d-953d-40c5-976b-60f6a143608c.svcp_1-0-4.20150203.somatic.indel.tar.gz-md5sum_time": 2, 
                "8cce153d-953d-40c5-976b-60f6a143608c.svcp_1-0-4.20150203.somatic.indel.vcf.gz-download_time": 15, 
                "8cce153d-953d-40c5-976b-60f6a143608c.svcp_1-0-4.20150203.somatic.indel.vcf.gz-md5sum_time": 0, 
                "8cce153d-953d-40c5-976b-60f6a143608c.svcp_1-0-4.20150203.somatic.indel.vcf.gz.tbi-download_time": 12, 
                "8cce153d-953d-40c5-976b-60f6a143608c.svcp_1-0-4.20150203.somatic.indel.vcf.gz.tbi-md5sum_time": 0, 
                "8cce153d-953d-40c5-976b-60f6a143608c.svcp_1-0-4.20150203.somatic.snv_mnv.tar.gz-download_time": 22, 
                "8cce153d-953d-40c5-976b-60f6a143608c.svcp_1-0-4.20150203.somatic.snv_mnv.tar.gz-md5sum_time": 0, 
                "8cce153d-953d-40c5-976b-60f6a143608c.svcp_1-0-4.20150203.somatic.snv_mnv.vcf.gz-download_time": 12, 
                "8cce153d-953d-40c5-976b-60f6a143608c.svcp_1-0-4.20150203.somatic.snv_mnv.vcf.gz-md5sum_time": 0, 
                "8cce153d-953d-40c5-976b-60f6a143608c.svcp_1-0-4.20150203.somatic.snv_mnv.vcf.gz.tbi-download_time": 12, 
                "8cce153d-953d-40c5-976b-60f6a143608c.svcp_1-0-4.20150203.somatic.snv_mnv.vcf.gz.tbi-md5sum_time": 0, 
                "8cce153d-953d-40c5-976b-60f6a143608c.svcp_1-0-4.20150203.somatic.sv.tar.gz-download_time": 52, 
                "8cce153d-953d-40c5-976b-60f6a143608c.svcp_1-0-4.20150203.somatic.sv.tar.gz-md5sum_time": 3, 
                "8cce153d-953d-40c5-976b-60f6a143608c.svcp_1-0-4.20150203.somatic.sv.vcf.gz-download_time": 12, 
                "8cce153d-953d-40c5-976b-60f6a143608c.svcp_1-0-4.20150203.somatic.sv.vcf.gz-md5sum_time": 0, 
                "8cce153d-953d-40c5-976b-60f6a143608c.svcp_1-0-4.20150203.somatic.sv.vcf.gz.tbi-download_time": 14, 
                "8cce153d-953d-40c5-976b-60f6a143608c.svcp_1-0-4.20150203.somatic.sv.vcf.gz.tbi-md5sum_time": 0, 
                "8cce153d-953d-40c5-976b-60f6a143608c.svcp_1-0-4.20150203.somatic.verifyBamId.tar.gz-download_time": 13, 
                "8cce153d-953d-40c5-976b-60f6a143608c.svcp_1-0-4.20150203.somatic.verifyBamId.tar.gz-md5sum_time": 0, 
                "start": 1449365338, 
                "stop": 1449365690, 
                "time": 352
            }
        }
    }, 
    "aliquot_id": null, 
    "available_repos": [
        {
            "https://gtrepo-bsc.annailabs.com/": {
                "file_md5sum": "2f37dc611a67683e91911df553faf406", 
                "file_size": 61860
            }
        }
    ], 
    "data_type": "Sanger-VCF", 
    "files": [
        {
            "file_md5sum": "546fbeff15aab9ea124038d671ae4107", 
            "file_name": "8cce153d-953d-40c5-976b-60f6a143608c.svcp_1-0-4.20150203.somatic.snv_mnv.vcf.gz", 
            "file_size": 898076, 
            "object_id": "ed004d12-796c-5654-8ced-e5e0776882b4"
        }, 
        {
            "file_md5sum": "a846a9cb2d55f9e103c024382edf1c40", 
            "file_name": "8cce153d-953d-40c5-976b-60f6a143608c.svcp_1-0-4.20150203.somatic.snv_mnv.vcf.gz.tbi", 
            "file_size": 188106, 
            "object_id": "63fdd6ca-6ce1-5285-a474-a40f32d6003d"
        }, 
        {
            "file_md5sum": "6eeca19f2d9f8351ce48892150fb2546", 
            "file_name": "8cce153d-953d-40c5-976b-60f6a143608c.svcp_1-0-4.20150203.somatic.cnv.vcf.gz", 
            "file_size": 1874, 
            "object_id": "a254a83c-637f-5f3e-b727-df54c3720b40"
        }, 
        {
            "file_md5sum": "bd13d8a56fb7df9d97e131698edee3ed", 
            "file_name": "8cce153d-953d-40c5-976b-60f6a143608c.svcp_1-0-4.20150203.somatic.cnv.vcf.gz.tbi", 
            "file_size": 4061, 
            "object_id": "46702682-e4a2-5631-8a9e-c7e31cbb624f"
        }, 
        {
            "file_md5sum": "a3bd23fa254ccb0a126d63d51aa7bb6e", 
            "file_name": "8cce153d-953d-40c5-976b-60f6a143608c.svcp_1-0-4.20150203.somatic.sv.vcf.gz", 
            "file_size": 3223, 
            "object_id": "9639541e-03c2-5153-966f-10f1e08d26f9"
        }, 
        {
            "file_md5sum": "56265ea8010fed0eaa6189957300212d", 
            "file_name": "8cce153d-953d-40c5-976b-60f6a143608c.svcp_1-0-4.20150203.somatic.sv.vcf.gz.tbi", 
            "file_size": 533, 
            "object_id": "cf7e32d7-1a65-5468-90ef-d6b03cdab15c"
        }, 
        {
            "file_md5sum": "2277afd37ac803f4ff4495e01658f4cd", 
            "file_name": "8cce153d-953d-40c5-976b-60f6a143608c.svcp_1-0-4.20150203.somatic.indel.vcf.gz", 
            "file_size": 41375511, 
            "object_id": "43b525b9-c507-5396-b6e3-368abe491e22"
        }, 
        {
            "file_md5sum": "f875cf6f77ce43b3a744a12da5f8fd71", 
            "file_name": "8cce153d-953d-40c5-976b-60f6a143608c.svcp_1-0-4.20150203.somatic.indel.vcf.gz.tbi", 
            "file_size": 1400576, 
            "object_id": "958a1115-8e78-5636-a1e7-f7005111ab54"
        }, 
        {
            "file_md5sum": "4aeb8b0381471cbbf881205afa1b7fcc", 
            "file_name": "8cce153d-953d-40c5-976b-60f6a143608c.svcp_1-0-4.20150203.somatic.snv_mnv.tar.gz", 
            "file_size": 154287363, 
            "object_id": "ad087e60-6d73-54d1-a30a-86162eca9bf2"
        }, 
        {
            "file_md5sum": "550a09f1ed63340bd9d779677b778757", 
            "file_name": "8cce153d-953d-40c5-976b-60f6a143608c.svcp_1-0-4.20150203.somatic.cnv.tar.gz", 
            "file_size": 26858092, 
            "object_id": "4ea91faf-08b8-5571-b4a8-ad85631089ee"
        }, 
        {
            "file_md5sum": "0010f0efa50ab43483622c057344bd68",