{
    "_runs_": {
        "run_1449082680_087a8ae4-9ace-4ff5-84bd-f4a6bbf04f60": {
            "downloading": {
                "gnos-download_time": 385, 
                "start": 1449095901, 
                "stop": 1449096288, 
                "time": 387
            }, 
            "uploading": {
                "copy_meta_time": 2, 
                "start": 1449096299, 
                "stop": 1449096547, 
                "time": 248, 
                "upload_time": 246
            }
        }, 
        "run_1449252103_152c7654-43a8-4095-9763-2d1564a0e842": {
            "downloading": {
                "79c3212c-5306-424f-8a2d-ecb0e923f853.xml-download_time": 13, 
                "79c3212c-5306-424f-8a2d-ecb0e923f853.xml-md5sum_time": 0, 
                "f393bb0a-9b20-a0e5-e040-11ac0d48454e.dkfz-copyNumberEstimation_1-0-189-hpc-fix.1508272001.somatic.cnv.tar.gz-download_time": 253, 
                "f393bb0a-9b20-a0e5-e040-11ac0d48454e.dkfz-copyNumberEstimation_1-0-189-hpc-fix.1508272001.somatic.cnv.tar.gz-md5sum_time": 20, 
                "f393bb0a-9b20-a0e5-e040-11ac0d48454e.dkfz-copyNumberEstimation_1-0-189-hpc-fix.1508272001.somatic.cnv.vcf.gz-download_time": 14, 
                "f393bb0a-9b20-a0e5-e040-11ac0d48454e.dkfz-copyNumberEstimation_1-0-189-hpc-fix.1508272001.somatic.cnv.vcf.gz-md5sum_time": 0, 
                "f393bb0a-9b20-a0e5-e040-11ac0d48454e.dkfz-copyNumberEstimation_1-0-189-hpc-fix.1508272001.somatic.cnv.vcf.gz.tbi-download_time": 14, 
                "f393bb0a-9b20-a0e5-e040-11ac0d48454e.dkfz-copyNumberEstimation_1-0-189-hpc-fix.1508272001.somatic.cnv.vcf.gz.tbi-md5sum_time": 0, 
                "f393bb0a-9b20-a0e5-e040-11ac0d48454e.dkfz-indelCalling_1-0-132-1.20150618.germline.indel.vcf.gz-download_time": 17, 
                "f393bb0a-9b20-a0e5-e040-11ac0d48454e.dkfz-indelCalling_1-0-132-1.20150618.germline.indel.vcf.gz-md5sum_time": 0, 
                "f393bb0a-9b20-a0e5-e040-11ac0d48454e.dkfz-indelCalling_1-0-132-1.20150618.germline.indel.vcf.gz.tbi-download_time": 12, 
                "f393bb0a-9b20-a0e5-e040-11ac0d48454e.dkfz-indelCalling_1-0-132-1.20150618.germline.indel.vcf.gz.tbi-md5sum_time": 0, 
                "f393bb0a-9b20-a0e5-e040-11ac0d48454e.dkfz-indelCalling_1-0-132-1.20150618.somatic.indel.tar.gz-download_time": 50, 
                "f393bb0a-9b20-a0e5-e040-11ac0d48454e.dkfz-indelCalling_1-0-132-1.20150618.somatic.indel.tar.gz-md5sum_time": 3, 
                "f393bb0a-9b20-a0e5-e040-11ac0d48454e.dkfz-indelCalling_1-0-132-1.20150618.somatic.indel.vcf.gz-download_time": 13, 
                "f393bb0a-9b20-a0e5-e040-11ac0d48454e.dkfz-indelCalling_1-0-132-1.20150618.somatic.indel.vcf.gz-md5sum_time": 0, 
                "f393bb0a-9b20-a0e5-e040-11ac0d48454e.dkfz-indelCalling_1-0-132-1.20150618.somatic.indel.vcf.gz.tbi-download_time": 13, 
                "f393bb0a-9b20-a0e5-e040-11ac0d48454e.dkfz-indelCalling_1-0-132-1.20150618.somatic.indel.vcf.gz.tbi-md5sum_time": 0, 
                "f393bb0a-9b20-a0e5-e040-11ac0d48454e.dkfz-snvCalling_1-0-132-1.20150618.germline.snv_mnv.vcf.gz-download_time": 19, 
                "f393bb0a-9b20-a0e5-e040-11ac0d48454e.dkfz-snvCalling_1-0-132-1.20150618.germline.snv_mnv.vcf.gz-md5sum_time": 1, 
                "f393bb0a-9b20-a0e5-e040-11ac0d48454e.dkfz-snvCalling_1-0-132-1.20150618.germline.snv_mnv.vcf.gz.tbi-download_time": 13, 
                "f393bb0a-9b20-a0e5-e040-11ac0d48454e.dkfz-snvCalling_1-0-132-1.20150618.germline.snv_mnv.vcf.gz.tbi-md5sum_time": 0, 
                "f393bb0a-9b20-a0e5-e040-11ac0d48454e.dkfz-snvCalling_1-0-132-1.20150618.somatic.snv_mnv.tar.gz-download_time": 80, 
                "f393bb0a-9b20-a0e5-e040-11ac0d48454e.dkfz-snvCalling_1-0-132-1.20150618.somatic.snv_mnv.tar.gz-md5sum_time": 4, 
                "f393bb0a-9b20-a0e5-e040-11ac0d48454e.dkfz-snvCalling_1-0-132-1.20150618.somatic.snv_mnv.vcf.gz-download_time": 14, 
                "f393bb0a-9b20-a0e5-e040-11ac0d48454e.dkfz-snvCalling_1-0-132-1.20150618.somatic.snv_mnv.vcf.gz-md5sum_time": 0, 
                "f393bb0a-9b20-a0e5-e040-11ac0d48454e.dkfz-snvCalling_1-0-132-1.20150618.somatic.snv_mnv.vcf.gz.tbi-download_time": 13, 
                "f393bb0a-9b20-a0e5-e040-11ac0d48454e.dkfz-snvCalling_1-0-132-1.20150618.somatic.snv_mnv.vcf.gz.tbi-md5sum_time": 0, 
                "f393bb0a-9b20-a0e5-e040-11ac0d48454e.embl-delly_1-0-0-preFilter.20150618.germline.sv.bedpe.txt.tar.gz-download_time": 13, 
                "f393bb0a-9b20-a0e5-e040-11ac0d48454e.embl-delly_1-0-0-preFilter.20150618.germline.sv.bedpe.txt.tar.gz-md5sum_time": 0, 
                "f393bb0a-9b20-a0e5-e040-11ac0d48454e.embl-delly_1-0-0-preFilter.20150618.germline.sv.readname.txt.tar.gz-download_time": 13, 
                "f393bb0a-9b20-a0e5-e040-11ac0d48454e.embl-delly_1-0-0-preFilter.20150618.germline.sv.readname.txt.tar.gz-md5sum_time": 0, 
                "f393bb0a-9b20-a0e5-e040-11ac0d48454e.embl-delly_1-0-0-preFilter.20150618.germline.sv.vcf.gz-download_time": 12, 
                "f393bb0a-9b20-a0e5-e040-11ac0d48454e.embl-delly_1-0-0-preFilter.20150618.germline.sv.vcf.gz-md5sum_time": 0, 
                "f393bb0a-9b20-a0e5-e040-11ac0d48454e.embl-delly_1-0-0-preFilter.20150618.germline.sv.vcf.gz.tbi-download_time": 13, 
                "f393bb0a-9b20-a0e5-e040-11ac0d48454e.embl-delly_1-0-0-preFilter.20150618.germline.sv.vcf.gz.tbi-md5sum_time": 0, 
                "f393bb0a-9b20-a0e5-e040-11ac0d48454e.embl-delly_1-0-0-preFilter.20150618.somatic.sv.bedpe.txt.tar.gz-download_time": 13, 
                "f393bb0a-9b20-a0e5-e040-11ac0d48454e.embl-delly_1-0-0-preFilter.20150618.somatic.sv.bedpe.txt.tar.gz-md5sum_time": 0, 
                "f393bb0a-9b20-a0e5-e040-11ac0d48454e.embl-delly_1-0-0-preFilter.20150618.somatic.sv.readname.txt.tar.gz-download_time": 12, 
                "f393bb0a-9b20-a0e5-e040-11ac0d48454e.embl-delly_1-0-0-preFilter.20150618.somatic.sv.readname.txt.tar.gz-md5sum_time": 0, 
                "f393bb0a-9b20-a0e5-e040-11ac0d48454e.embl-delly_1-0-0-preFilter.20150618.somatic.sv.vcf.gz-download_time": 12, 
                "f393bb0a-9b20-a0e5-e040-11ac0d48454e.embl-delly_1-0-0-preFilter.20150618.somatic.sv.vcf.gz-md5sum_time": 0, 
                "f393bb0a-9b20-a0e5-e040-11ac0d48454e.embl-delly_1-0-0-preFilter.20150618.somatic.sv.vcf.gz.tbi-download_time": 14, 
                "f393bb0a-9b20-a0e5-e040-11ac0d48454e.embl-delly_1-0-0-preFilter.20150618.somatic.sv.vcf.gz.tbi-md5sum_time": 0, 
                "f393bb0a-9b20-a0e5-e040-11ac0d48454e.embl-delly_1-0-0-preFilter.20150618.sv.cov.plots.tar.gz-download_time": 14, 
                "f393bb0a-9b20-a0e5-e040-11ac0d48454e.embl-delly_1-0-0-preFilter.20150618.sv.cov.plots.tar.gz-md5sum_time": 0, 
                "f393bb0a-9b20-a0e5-e040-11ac0d48454e.embl-delly_1-0-0-preFilter.20150618.sv.cov.tar.gz-download_time": 17, 
                "f393bb0a-9b20-a0e5-e040-11ac0d48454e.embl-delly_1-0-0-preFilter.20150618.sv.cov.tar.gz-md5sum_time": 0, 
                "f393bb0a-9b20-a0e5-e040-11ac0d48454e.embl-delly_1-0-0-preFilter.20150618.sv.vcf.gz-download_time": 13, 
                "f393bb0a-9b20-a0e5-e040-11ac0d48454e.embl-delly_1-0-0-preFilter.20150618.sv.vcf.gz-md5sum_time": 0, 
                "f393bb0a-9b20-a0e5-e040-11ac0d48454e.embl-delly_1-0-0-preFilter.20150618.sv.vcf.gz.tbi-download_time": 13, 
                "f393bb0a-9b20-a0e5-e040-11ac0d48454e.embl-delly_1-0-0-preFilter.20150618.sv.vcf.gz.tbi-md5sum_time": 0, 
                "start": 1449367496, 
                "stop": 1449368221, 
                "time": 725
            }
        }
    }, 
    "aliquot_id": null, 
    "available_repos": [
        {
            "https://gtrepo-dkfz.annailabs.com/": {
                "file_md5sum": "bd71896c806c3b8b3b0d07e3838bf77d", 
                "file_size": 62649
            }
        }
    ], 
    "data_type": "Dkfz_embl-VCF", 
    "files": [
        {
            "file_md5sum": "e7e2697692fd0cca8ea0f96838c9e085",