{
    "_runs_": {
        "run_1449256291_854cc1de-1a8d-4120-b9ce-5b1f48d14ccc": {
            "downloading": {
                "7d6a86a2-efc2-444f-88c1-4acdaadbf450.xml-download_time": 13, 
                "7d6a86a2-efc2-444f-88c1-4acdaadbf450.xml-md5sum_time": 1, 
                "9df57388-7de1-4c90-910e-ef63a246dff1.svcp_1-0-4.20150129.somatic.binnedReadCounts.tar.gz-download_time": 21, 
                "9df57388-7de1-4c90-910e-ef63a246dff1.svcp_1-0-4.20150129.somatic.binnedReadCounts.tar.gz-md5sum_time": 0, 
                "9df57388-7de1-4c90-910e-ef63a246dff1.svcp_1-0-4.20150129.somatic.cnv.tar.gz-download_time": 17, 
                "9df57388-7de1-4c90-910e-ef63a246dff1.svcp_1-0-4.20150129.somatic.cnv.tar.gz-md5sum_time": 0, 
                "9df57388-7de1-4c90-910e-ef63a246dff1.svcp_1-0-4.20150129.somatic.cnv.vcf.gz-download_time": 14, 
                "9df57388-7de1-4c90-910e-ef63a246dff1.svcp_1-0-4.20150129.somatic.cnv.vcf.gz-md5sum_time": 0, 
                "9df57388-7de1-4c90-910e-ef63a246dff1.svcp_1-0-4.20150129.somatic.cnv.vcf.gz.tbi-download_time": 15, 
                "9df57388-7de1-4c90-910e-ef63a246dff1.svcp_1-0-4.20150129.somatic.cnv.vcf.gz.tbi-md5sum_time": 0, 
                "9df57388-7de1-4c90-910e-ef63a246dff1.svcp_1-0-4.20150129.somatic.genotype.tar.gz-download_time": 14, 
                "9df57388-7de1-4c90-910e-ef63a246dff1.svcp_1-0-4.20150129.somatic.genotype.tar.gz-md5sum_time": 0, 
                "9df57388-7de1-4c90-910e-ef63a246dff1.svcp_1-0-4.20150129.somatic.imputeCounts.tar.gz-download_time": 46, 
                "9df57388-7de1-4c90-910e-ef63a246dff1.svcp_1-0-4.20150129.somatic.imputeCounts.tar.gz-md5sum_time": 2, 
                "9df57388-7de1-4c90-910e-ef63a246dff1.svcp_1-0-4.20150129.somatic.indel.tar.gz-download_time": 82, 
                "9df57388-7de1-4c90-910e-ef63a246dff1.svcp_1-0-4.20150129.somatic.indel.tar.gz-md5sum_time": 3, 
                "9df57388-7de1-4c90-910e-ef63a246dff1.svcp_1-0-4.20150129.somatic.indel.vcf.gz-download_time": 17, 
                "9df57388-7de1-4c90-910e-ef63a246dff1.svcp_1-0-4.20150129.somatic.indel.vcf.gz-md5sum_time": 0, 
                "9df57388-7de1-4c90-910e-ef63a246dff1.svcp_1-0-4.20150129.somatic.indel.vcf.gz.tbi-download_time": 15, 
                "9df57388-7de1-4c90-910e-ef63a246dff1.svcp_1-0-4.20150129.somatic.indel.vcf.gz.tbi-md5sum_time": 0, 
                "9df57388-7de1-4c90-910e-ef63a246dff1.svcp_1-0-4.20150129.somatic.snv_mnv.tar.gz-download_time": 24, 
                "9df57388-7de1-4c90-910e-ef63a246dff1.svcp_1-0-4.20150129.somatic.snv_mnv.tar.gz-md5sum_time": 1, 
                "9df57388-7de1-4c90-910e-ef63a246dff1.svcp_1-0-4.20150129.somatic.snv_mnv.vcf.gz-download_time": 14, 
                "9df57388-7de1-4c90-910e-ef63a246dff1.svcp_1-0-4.20150129.somatic.snv_mnv.vcf.gz-md5sum_time": 0, 
                "9df57388-7de1-4c90-910e-ef63a246dff1.svcp_1-0-4.20150129.somatic.snv_mnv.vcf.gz.tbi-download_time": 14, 
                "9df57388-7de1-4c90-910e-ef63a246dff1.svcp_1-0-4.20150129.somatic.snv_mnv.vcf.gz.tbi-md5sum_time": 0, 
                "9df57388-7de1-4c90-910e-ef63a246dff1.svcp_1-0-4.20150129.somatic.sv.tar.gz-download_time": 144, 
                "9df57388-7de1-4c90-910e-ef63a246dff1.svcp_1-0-4.20150129.somatic.sv.tar.gz-md5sum_time": 9, 
                "9df57388-7de1-4c90-910e-ef63a246dff1.svcp_1-0-4.20150129.somatic.sv.vcf.gz-download_time": 13, 
                "9df57388-7de1-4c90-910e-ef63a246dff1.svcp_1-0-4.20150129.somatic.sv.vcf.gz-md5sum_time": 0, 
                "9df57388-7de1-4c90-910e-ef63a246dff1.svcp_1-0-4.20150129.somatic.sv.vcf.gz.tbi-download_time": 14, 
                "9df57388-7de1-4c90-910e-ef63a246dff1.svcp_1-0-4.20150129.somatic.sv.vcf.gz.tbi-md5sum_time": 0, 
                "9df57388-7de1-4c90-910e-ef63a246dff1.svcp_1-0-4.20150129.somatic.verifyBamId.tar.gz-download_time": 14, 
                "9df57388-7de1-4c90-910e-ef63a246dff1.svcp_1-0-4.20150129.somatic.verifyBamId.tar.gz-md5sum_time": 0, 
                "start": 1449371527, 
                "stop": 1449372034, 
                "time": 507
            }
        }
    }, 
    "aliquot_id": null, 
    "available_repos": [
        {
            "https://gtrepo-osdc-icgc.annailabs.com/": {
                "file_md5sum": "d5eaaac1c3174b29b6fb29c0b052f8e2", 
                "file_size": 58876
            }
        }
    ], 
    "data_type": "Sanger-VCF", 
    "files": [
        {
            "file_md5sum": "0b5111729ff4fbd6b615eb53f5a01a27", 
            "file_name": "9df57388-7de1-4c90-910e-ef63a246dff1.svcp_1-0-4.20150129.somatic.snv_mnv.vcf.gz", 
            "file_size": 5050885, 
            "object_id": "1c9b74ff-1b9e-5435-a838-e4e534e1c802"
        }, 
        {
            "file_md5sum": "d06a0eb1d1422b82938afb2f05be636e", 
            "file_name": "9df57388-7de1-4c90-910e-ef63a246dff1.svcp_1-0-4.20150129.somatic.snv_mnv.vcf.gz.tbi", 
            "file_size": 639743, 
            "object_id": "56c8ed49-752c-5656-9a1b-a62f9684fbc8"
        }, 
        {
            "file_md5sum": "16057399208ddb0c3700d4a0f8fbd9a7", 
            "file_name": "9df57388-7de1-4c90-910e-ef63a246dff1.svcp_1-0-4.20150129.somatic.cnv.vcf.gz", 
            "file_size": 2601, 
            "object_id": "bc98f438-5ddb-52c7-acd3-b1f873b78a43"
        }, 
        {
            "file_md5sum": "c2b7422aab020a97956915c588757f82", 
            "file_name": "9df57388-7de1-4c90-910e-ef63a246dff1.svcp_1-0-4.20150129.somatic.cnv.vcf.gz.tbi", 
            "file_size": 4569, 
            "object_id": "427ec473-d1e2-569a-a807-9c2a747255c6"
        }, 
        {
            "file_md5sum": "7ae5cab876da829b4500f5b02ee2dad3", 
            "file_name": "9df57388-7de1-4c90-910e-ef63a246dff1.svcp_1-0-4.20150129.somatic.sv.vcf.gz", 
            "file_size": 23038, 
            "object_id": "0870ada4-f012-5172-8892-ea7e9c5f2647"
        }, 
        {
            "file_md5sum": "9b393384b89103be1bbe46d2c70dcd51", 
            "file_name": "9df57388-7de1-4c90-910e-ef63a246dff1.svcp_1-0-4.20150129.somatic.sv.vcf.gz.tbi", 
            "file_size": 3922, 
            "object_id": "ea59be98-aadb-5ffb-992c-d1bdd39895da"
        }, 
        {
            "file_md5sum": "7ab4fc2dbb24c63d18b17ae9079894db", 
            "file_name": "9df57388-7de1-4c90-910e-ef63a246dff1.svcp_1-0-4.20150129.somatic.indel.vcf.gz", 
            "file_size": 56113850, 
            "object_id": "106b48d0-ead3-5ed4-a246-a8fa76fd71aa"
        }, 
        {
            "file_md5sum": "ff9cc5093bb541033ad45969f2c7ec17", 
            "file_name": "9df57388-7de1-4c90-910e-ef63a246dff1.svcp_1-0-4.20150129.somatic.indel.vcf.gz.tbi", 
            "file_size": 1488517, 
            "object_id": "0f0527d7-9543-5706-8890-20445fcda885"
        }, 
        {
            "file_md5sum": "1d41278668cad8c42b50649fc042b736", 
            "file_name": "9df57388-7de1-4c90-910e-ef63a246dff1.svcp_1-0-4.20150129.somatic.snv_mnv.tar.gz", 
            "file_size": 178237506, 
            "object_id": "e795333c-22f9-5415-8949-8b7f79b2bea6"
        }, 
        {
            "file_md5sum": "600eb08cc29490e211db76c7c8a0bfb2", 
            "file_name": "9df57388-7de1-4c90-910e-ef63a246dff1.svcp_1-0-4.20150129.somatic.cnv.tar.gz", 
            "file_size": 26739518, 
            "object_id": "557bb543-e931-5e2f-bf44-e0b40352130c"
        }, 
        {
            "file_md5sum": "cc19b8b11545bd7266b6915cc0d09899", 
            "file_name": "9df57388-7de1-4c90-910e-ef63a246dff1.svcp_1-0-4.20150129.somatic.sv.tar.gz", 
            "file_size": 1939825937, 
            "object_id": "175d63d4-c86e-56f9-85b8-f44b9d241037"
        }, 
        {
            "file_md5sum": "76cf83c8012234b6aeac18769383ff26", 
            "file_name": "9df57388-7de1-4c90-910e-ef63a246dff1.svcp_1-0-4.20150129.somatic.indel.tar.gz", 
            "file_size": 1036665685,