{
    "_runs_": {
        "run_1449082496_7373db63-4a80-4aa0-946f-1b93f67b2eda": {
            "downloading": {
                "gnos-download_time": 756, 
                "start": 1449133130, 
                "stop": 1449133887, 
                "time": 757
            }, 
            "uploading": {
                "copy_meta_time": 1, 
                "start": 1449133902, 
                "stop": 1449134152, 
                "time": 250, 
                "upload_time": 248
            }
        }, 
        "run_1449256221_15605ad1-8eea-4587-8164-de277ca95282": {
            "downloading": {
                "631ab9d0-5400-400c-b0bc-c3e576bcfe06.dkfz-copyNumberEstimation_1-0-189-hpc-fix.1508271703.somatic.cnv.tar.gz-download_time": 271, 
                "631ab9d0-5400-400c-b0bc-c3e576bcfe06.dkfz-copyNumberEstimation_1-0-189-hpc-fix.1508271703.somatic.cnv.tar.gz-md5sum_time": 25, 
                "631ab9d0-5400-400c-b0bc-c3e576bcfe06.dkfz-copyNumberEstimation_1-0-189-hpc-fix.1508271703.somatic.cnv.vcf.gz-download_time": 16, 
                "631ab9d0-5400-400c-b0bc-c3e576bcfe06.dkfz-copyNumberEstimation_1-0-189-hpc-fix.1508271703.somatic.cnv.vcf.gz-md5sum_time": 0, 
                "631ab9d0-5400-400c-b0bc-c3e576bcfe06.dkfz-copyNumberEstimation_1-0-189-hpc-fix.1508271703.somatic.cnv.vcf.gz.tbi-download_time": 14, 
                "631ab9d0-5400-400c-b0bc-c3e576bcfe06.dkfz-copyNumberEstimation_1-0-189-hpc-fix.1508271703.somatic.cnv.vcf.gz.tbi-md5sum_time": 0, 
                "631ab9d0-5400-400c-b0bc-c3e576bcfe06.dkfz-indelCalling_1-0-132-1.20150701.germline.indel.vcf.gz-download_time": 18, 
                "631ab9d0-5400-400c-b0bc-c3e576bcfe06.dkfz-indelCalling_1-0-132-1.20150701.germline.indel.vcf.gz-md5sum_time": 1, 
                "631ab9d0-5400-400c-b0bc-c3e576bcfe06.dkfz-indelCalling_1-0-132-1.20150701.germline.indel.vcf.gz.tbi-download_time": 13, 
                "631ab9d0-5400-400c-b0bc-c3e576bcfe06.dkfz-indelCalling_1-0-132-1.20150701.germline.indel.vcf.gz.tbi-md5sum_time": 0, 
                "631ab9d0-5400-400c-b0bc-c3e576bcfe06.dkfz-indelCalling_1-0-132-1.20150701.somatic.indel.tar.gz-download_time": 52, 
                "631ab9d0-5400-400c-b0bc-c3e576bcfe06.dkfz-indelCalling_1-0-132-1.20150701.somatic.indel.tar.gz-md5sum_time": 2, 
                "631ab9d0-5400-400c-b0bc-c3e576bcfe06.dkfz-indelCalling_1-0-132-1.20150701.somatic.indel.vcf.gz-download_time": 14, 
                "631ab9d0-5400-400c-b0bc-c3e576bcfe06.dkfz-indelCalling_1-0-132-1.20150701.somatic.indel.vcf.gz-md5sum_time": 0, 
                "631ab9d0-5400-400c-b0bc-c3e576bcfe06.dkfz-indelCalling_1-0-132-1.20150701.somatic.indel.vcf.gz.tbi-download_time": 14, 
                "631ab9d0-5400-400c-b0bc-c3e576bcfe06.dkfz-indelCalling_1-0-132-1.20150701.somatic.indel.vcf.gz.tbi-md5sum_time": 0, 
                "631ab9d0-5400-400c-b0bc-c3e576bcfe06.dkfz-snvCalling_1-0-132-1.20150701.germline.snv_mnv.vcf.gz-download_time": 21, 
                "631ab9d0-5400-400c-b0bc-c3e576bcfe06.dkfz-snvCalling_1-0-132-1.20150701.germline.snv_mnv.vcf.gz-md5sum_time": 0, 
                "631ab9d0-5400-400c-b0bc-c3e576bcfe06.dkfz-snvCalling_1-0-132-1.20150701.germline.snv_mnv.vcf.gz.tbi-download_time": 15, 
                "631ab9d0-5400-400c-b0bc-c3e576bcfe06.dkfz-snvCalling_1-0-132-1.20150701.germline.snv_mnv.vcf.gz.tbi-md5sum_time": 0, 
                "631ab9d0-5400-400c-b0bc-c3e576bcfe06.dkfz-snvCalling_1-0-132-1.20150701.somatic.snv_mnv.tar.gz-download_time": 84, 
                "631ab9d0-5400-400c-b0bc-c3e576bcfe06.dkfz-snvCalling_1-0-132-1.20150701.somatic.snv_mnv.tar.gz-md5sum_time": 4, 
                "631ab9d0-5400-400c-b0bc-c3e576bcfe06.dkfz-snvCalling_1-0-132-1.20150701.somatic.snv_mnv.vcf.gz-download_time": 13, 
                "631ab9d0-5400-400c-b0bc-c3e576bcfe06.dkfz-snvCalling_1-0-132-1.20150701.somatic.snv_mnv.vcf.gz-md5sum_time": 0, 
                "631ab9d0-5400-400c-b0bc-c3e576bcfe06.dkfz-snvCalling_1-0-132-1.20150701.somatic.snv_mnv.vcf.gz.tbi-download_time": 15, 
                "631ab9d0-5400-400c-b0bc-c3e576bcfe06.dkfz-snvCalling_1-0-132-1.20150701.somatic.snv_mnv.vcf.gz.tbi-md5sum_time": 0, 
                "631ab9d0-5400-400c-b0bc-c3e576bcfe06.embl-delly_1-0-0-preFilter.20150701.germline.sv.bedpe.txt.tar.gz-download_time": 13, 
                "631ab9d0-5400-400c-b0bc-c3e576bcfe06.embl-delly_1-0-0-preFilter.20150701.germline.sv.bedpe.txt.tar.gz-md5sum_time": 0, 
                "631ab9d0-5400-400c-b0bc-c3e576bcfe06.embl-delly_1-0-0-preFilter.20150701.germline.sv.readname.txt.tar.gz-download_time": 14, 
                "631ab9d0-5400-400c-b0bc-c3e576bcfe06.embl-delly_1-0-0-preFilter.20150701.germline.sv.readname.txt.tar.gz-md5sum_time": 0, 
                "631ab9d0-5400-400c-b0bc-c3e576bcfe06.embl-delly_1-0-0-preFilter.20150701.germline.sv.vcf.gz-download_time": 13, 
                "631ab9d0-5400-400c-b0bc-c3e576bcfe06.embl-delly_1-0-0-preFilter.20150701.germline.sv.vcf.gz-md5sum_time": 0, 
                "631ab9d0-5400-400c-b0bc-c3e576bcfe06.embl-delly_1-0-0-preFilter.20150701.germline.sv.vcf.gz.tbi-download_time": 13, 
                "631ab9d0-5400-400c-b0bc-c3e576bcfe06.embl-delly_1-0-0-preFilter.20150701.germline.sv.vcf.gz.tbi-md5sum_time": 0, 
                "631ab9d0-5400-400c-b0bc-c3e576bcfe06.embl-delly_1-0-0-preFilter.20150701.somatic.sv.bedpe.txt.tar.gz-download_time": 13, 
                "631ab9d0-5400-400c-b0bc-c3e576bcfe06.embl-delly_1-0-0-preFilter.20150701.somatic.sv.bedpe.txt.tar.gz-md5sum_time": 0, 
                "631ab9d0-5400-400c-b0bc-c3e576bcfe06.embl-delly_1-0-0-preFilter.20150701.somatic.sv.readname.txt.tar.gz-download_time": 14, 
                "631ab9d0-5400-400c-b0bc-c3e576bcfe06.embl-delly_1-0-0-preFilter.20150701.somatic.sv.readname.txt.tar.gz-md5sum_time": 0, 
                "631ab9d0-5400-400c-b0bc-c3e576bcfe06.embl-delly_1-0-0-preFilter.20150701.somatic.sv.vcf.gz-download_time": 13, 
                "631ab9d0-5400-400c-b0bc-c3e576bcfe06.embl-delly_1-0-0-preFilter.20150701.somatic.sv.vcf.gz-md5sum_time": 0, 
                "631ab9d0-5400-400c-b0bc-c3e576bcfe06.embl-delly_1-0-0-preFilter.20150701.somatic.sv.vcf.gz.tbi-download_time": 14, 
                "631ab9d0-5400-400c-b0bc-c3e576bcfe06.embl-delly_1-0-0-preFilter.20150701.somatic.sv.vcf.gz.tbi-md5sum_time": 0, 
                "631ab9d0-5400-400c-b0bc-c3e576bcfe06.embl-delly_1-0-0-preFilter.20150701.sv.cov.plots.tar.gz-download_time": 15, 
                "631ab9d0-5400-400c-b0bc-c3e576bcfe06.embl-delly_1-0-0-preFilter.20150701.sv.cov.plots.tar.gz-md5sum_time": 0, 
                "631ab9d0-5400-400c-b0bc-c3e576bcfe06.embl-delly_1-0-0-preFilter.20150701.sv.cov.tar.gz-download_time": 18, 
                "631ab9d0-5400-400c-b0bc-c3e576bcfe06.embl-delly_1-0-0-preFilter.20150701.sv.cov.tar.gz-md5sum_time": 0, 
                "631ab9d0-5400-400c-b0bc-c3e576bcfe06.embl-delly_1-0-0-preFilter.20150701.sv.vcf.gz-download_time": 14, 
                "631ab9d0-5400-400c-b0bc-c3e576bcfe06.embl-delly_1-0-0-preFilter.20150701.sv.vcf.gz-md5sum_time": 0, 
                "631ab9d0-5400-400c-b0bc-c3e576bcfe06.embl-delly_1-0-0-preFilter.20150701.sv.vcf.gz.tbi-download_time": 13, 
                "631ab9d0-5400-400c-b0bc-c3e576bcfe06.embl-delly_1-0-0-preFilter.20150701.sv.vcf.gz.tbi-md5sum_time": 0, 
                "854051ed-1f36-4520-9177-0d7cfa36d021.xml-download_time": 14, 
                "854051ed-1f36-4520-9177-0d7cfa36d021.xml-md5sum_time": 0, 
                "start": 1449378707, 
                "stop": 1449379481, 
                "time": 774
            }
        }
    }, 
    "aliquot_id": null, 
    "available_repos": [
        {
            "https://gtrepo-dkfz.annailabs.com/": {
                "file_md5sum": "7599dd6f3a54db75da326293bf6be1b3", 
                "file_size": 59575
            }
        }
    ], 
    "data_type": "Dkfz_embl-VCF", 
    "files": [
        {
            "file_md5sum": "590a2f94fd25b4e7b7cd1724d7a1af75",