{
    "_runs_": {
        "run_1449082559_8e64d380-ff2b-4a89-9d31-5c368d71de35": {
            "downloading": {
                "gnos-download_time": 395, 
                "start": 1449134655, 
                "stop": 1449135051, 
                "time": 396
            }, 
            "uploading": {
                "copy_meta_time": 2, 
                "start": 1449135065, 
                "stop": 1449135325, 
                "time": 260, 
                "upload_time": 257
            }
        }, 
        "run_1449256221_15605ad1-8eea-4587-8164-de277ca95282": {
            "downloading": {
                "8c4b45f1-c7b9-456d-a9c8-d250f35c7571.xml-download_time": 13, 
                "8c4b45f1-c7b9-456d-a9c8-d250f35c7571.xml-md5sum_time": 0, 
                "d5c87d16-172f-4790-8867-949dcaa534d4.dkfz-copyNumberEstimation_1-0-189-hpc-fix.1508271727.somatic.cnv.tar.gz-download_time": 243, 
                "d5c87d16-172f-4790-8867-949dcaa534d4.dkfz-copyNumberEstimation_1-0-189-hpc-fix.1508271727.somatic.cnv.tar.gz-md5sum_time": 23, 
                "d5c87d16-172f-4790-8867-949dcaa534d4.dkfz-copyNumberEstimation_1-0-189-hpc-fix.1508271727.somatic.cnv.vcf.gz-download_time": 14, 
                "d5c87d16-172f-4790-8867-949dcaa534d4.dkfz-copyNumberEstimation_1-0-189-hpc-fix.1508271727.somatic.cnv.vcf.gz-md5sum_time": 0, 
                "d5c87d16-172f-4790-8867-949dcaa534d4.dkfz-copyNumberEstimation_1-0-189-hpc-fix.1508271727.somatic.cnv.vcf.gz.tbi-download_time": 15, 
                "d5c87d16-172f-4790-8867-949dcaa534d4.dkfz-copyNumberEstimation_1-0-189-hpc-fix.1508271727.somatic.cnv.vcf.gz.tbi-md5sum_time": 0, 
                "d5c87d16-172f-4790-8867-949dcaa534d4.dkfz-indelCalling_1-0-132-1.20150723.germline.indel.vcf.gz-download_time": 19, 
                "d5c87d16-172f-4790-8867-949dcaa534d4.dkfz-indelCalling_1-0-132-1.20150723.germline.indel.vcf.gz-md5sum_time": 0, 
                "d5c87d16-172f-4790-8867-949dcaa534d4.dkfz-indelCalling_1-0-132-1.20150723.germline.indel.vcf.gz.tbi-download_time": 14, 
                "d5c87d16-172f-4790-8867-949dcaa534d4.dkfz-indelCalling_1-0-132-1.20150723.germline.indel.vcf.gz.tbi-md5sum_time": 0, 
                "d5c87d16-172f-4790-8867-949dcaa534d4.dkfz-indelCalling_1-0-132-1.20150723.somatic.indel.tar.gz-download_time": 55, 
                "d5c87d16-172f-4790-8867-949dcaa534d4.dkfz-indelCalling_1-0-132-1.20150723.somatic.indel.tar.gz-md5sum_time": 3, 
                "d5c87d16-172f-4790-8867-949dcaa534d4.dkfz-indelCalling_1-0-132-1.20150723.somatic.indel.vcf.gz-download_time": 15, 
                "d5c87d16-172f-4790-8867-949dcaa534d4.dkfz-indelCalling_1-0-132-1.20150723.somatic.indel.vcf.gz-md5sum_time": 0, 
                "d5c87d16-172f-4790-8867-949dcaa534d4.dkfz-indelCalling_1-0-132-1.20150723.somatic.indel.vcf.gz.tbi-download_time": 14, 
                "d5c87d16-172f-4790-8867-949dcaa534d4.dkfz-indelCalling_1-0-132-1.20150723.somatic.indel.vcf.gz.tbi-md5sum_time": 0, 
                "d5c87d16-172f-4790-8867-949dcaa534d4.dkfz-snvCalling_1-0-132-1.20150723.germline.snv_mnv.vcf.gz-download_time": 20, 
                "d5c87d16-172f-4790-8867-949dcaa534d4.dkfz-snvCalling_1-0-132-1.20150723.germline.snv_mnv.vcf.gz-md5sum_time": 0, 
                "d5c87d16-172f-4790-8867-949dcaa534d4.dkfz-snvCalling_1-0-132-1.20150723.germline.snv_mnv.vcf.gz.tbi-download_time": 14, 
                "d5c87d16-172f-4790-8867-949dcaa534d4.dkfz-snvCalling_1-0-132-1.20150723.germline.snv_mnv.vcf.gz.tbi-md5sum_time": 0, 
                "d5c87d16-172f-4790-8867-949dcaa534d4.dkfz-snvCalling_1-0-132-1.20150723.somatic.snv_mnv.tar.gz-download_time": 73, 
                "d5c87d16-172f-4790-8867-949dcaa534d4.dkfz-snvCalling_1-0-132-1.20150723.somatic.snv_mnv.tar.gz-md5sum_time": 4, 
                "d5c87d16-172f-4790-8867-949dcaa534d4.dkfz-snvCalling_1-0-132-1.20150723.somatic.snv_mnv.vcf.gz-download_time": 14, 
                "d5c87d16-172f-4790-8867-949dcaa534d4.dkfz-snvCalling_1-0-132-1.20150723.somatic.snv_mnv.vcf.gz-md5sum_time": 0, 
                "d5c87d16-172f-4790-8867-949dcaa534d4.dkfz-snvCalling_1-0-132-1.20150723.somatic.snv_mnv.vcf.gz.tbi-download_time": 14, 
                "d5c87d16-172f-4790-8867-949dcaa534d4.dkfz-snvCalling_1-0-132-1.20150723.somatic.snv_mnv.vcf.gz.tbi-md5sum_time": 0, 
                "d5c87d16-172f-4790-8867-949dcaa534d4.embl-delly_1-0-0-preFilter.20150723.germline.sv.bedpe.txt.tar.gz-download_time": 14, 
                "d5c87d16-172f-4790-8867-949dcaa534d4.embl-delly_1-0-0-preFilter.20150723.germline.sv.bedpe.txt.tar.gz-md5sum_time": 0, 
                "d5c87d16-172f-4790-8867-949dcaa534d4.embl-delly_1-0-0-preFilter.20150723.germline.sv.readname.txt.tar.gz-download_time": 14, 
                "d5c87d16-172f-4790-8867-949dcaa534d4.embl-delly_1-0-0-preFilter.20150723.germline.sv.readname.txt.tar.gz-md5sum_time": 0, 
                "d5c87d16-172f-4790-8867-949dcaa534d4.embl-delly_1-0-0-preFilter.20150723.germline.sv.vcf.gz-download_time": 14, 
                "d5c87d16-172f-4790-8867-949dcaa534d4.embl-delly_1-0-0-preFilter.20150723.germline.sv.vcf.gz-md5sum_time": 0, 
                "d5c87d16-172f-4790-8867-949dcaa534d4.embl-delly_1-0-0-preFilter.20150723.germline.sv.vcf.gz.tbi-download_time": 14, 
                "d5c87d16-172f-4790-8867-949dcaa534d4.embl-delly_1-0-0-preFilter.20150723.germline.sv.vcf.gz.tbi-md5sum_time": 0, 
                "d5c87d16-172f-4790-8867-949dcaa534d4.embl-delly_1-0-0-preFilter.20150723.somatic.sv.bedpe.txt.tar.gz-download_time": 13, 
                "d5c87d16-172f-4790-8867-949dcaa534d4.embl-delly_1-0-0-preFilter.20150723.somatic.sv.bedpe.txt.tar.gz-md5sum_time": 0, 
                "d5c87d16-172f-4790-8867-949dcaa534d4.embl-delly_1-0-0-preFilter.20150723.somatic.sv.readname.txt.tar.gz-download_time": 13, 
                "d5c87d16-172f-4790-8867-949dcaa534d4.embl-delly_1-0-0-preFilter.20150723.somatic.sv.readname.txt.tar.gz-md5sum_time": 0, 
                "d5c87d16-172f-4790-8867-949dcaa534d4.embl-delly_1-0-0-preFilter.20150723.somatic.sv.vcf.gz-download_time": 13, 
                "d5c87d16-172f-4790-8867-949dcaa534d4.embl-delly_1-0-0-preFilter.20150723.somatic.sv.vcf.gz-md5sum_time": 0, 
                "d5c87d16-172f-4790-8867-949dcaa534d4.embl-delly_1-0-0-preFilter.20150723.somatic.sv.vcf.gz.tbi-download_time": 12, 
                "d5c87d16-172f-4790-8867-949dcaa534d4.embl-delly_1-0-0-preFilter.20150723.somatic.sv.vcf.gz.tbi-md5sum_time": 0, 
                "d5c87d16-172f-4790-8867-949dcaa534d4.embl-delly_1-0-0-preFilter.20150723.sv.cov.plots.tar.gz-download_time": 15, 
                "d5c87d16-172f-4790-8867-949dcaa534d4.embl-delly_1-0-0-preFilter.20150723.sv.cov.plots.tar.gz-md5sum_time": 0, 
                "d5c87d16-172f-4790-8867-949dcaa534d4.embl-delly_1-0-0-preFilter.20150723.sv.cov.tar.gz-download_time": 19, 
                "d5c87d16-172f-4790-8867-949dcaa534d4.embl-delly_1-0-0-preFilter.20150723.sv.cov.tar.gz-md5sum_time": 0, 
                "d5c87d16-172f-4790-8867-949dcaa534d4.embl-delly_1-0-0-preFilter.20150723.sv.vcf.gz-download_time": 13, 
                "d5c87d16-172f-4790-8867-949dcaa534d4.embl-delly_1-0-0-preFilter.20150723.sv.vcf.gz-md5sum_time": 0, 
                "d5c87d16-172f-4790-8867-949dcaa534d4.embl-delly_1-0-0-preFilter.20150723.sv.vcf.gz.tbi-download_time": 14, 
                "d5c87d16-172f-4790-8867-949dcaa534d4.embl-delly_1-0-0-preFilter.20150723.sv.vcf.gz.tbi-md5sum_time": 0, 
                "start": 1449387700, 
                "stop": 1449388435, 
                "time": 735
            }
        }
    }, 
    "aliquot_id": null, 
    "available_repos": [
        {
            "https://gtrepo-dkfz.annailabs.com/": {
                "file_md5sum": "c6ef2ad57af0b1bc3f136615cbe13a29", 
                "file_size": 59518
            }
        }
    ], 
    "data_type": "Dkfz_embl-VCF", 
    "files": [
        {
            "file_md5sum": "b3d4d43b068d566bf47ba1bdd1c31e89",