{
    "_runs_": {
        "run_1449082559_8e64d380-ff2b-4a89-9d31-5c368d71de35": {
            "downloading": {
                "gnos-download_time": 271, 
                "start": 1449136923, 
                "stop": 1449137195, 
                "time": 272
            }, 
            "uploading": {
                "copy_meta_time": 1, 
                "start": 1449137210, 
                "stop": 1449137507, 
                "time": 297, 
                "upload_time": 295
            }
        }, 
        "run_1449252103_152c7654-43a8-4095-9763-2d1564a0e842": {
            "downloading": {
                "50eb58ba-c623-11e3-bf01-24c6515278c0.dkfz-copyNumberEstimation_1-0-189-hpc-fix.1508271611.somatic.cnv.tar.gz-download_time": 222, 
                "50eb58ba-c623-11e3-bf01-24c6515278c0.dkfz-copyNumberEstimation_1-0-189-hpc-fix.1508271611.somatic.cnv.tar.gz-md5sum_time": 20, 
                "50eb58ba-c623-11e3-bf01-24c6515278c0.dkfz-copyNumberEstimation_1-0-189-hpc-fix.1508271611.somatic.cnv.vcf.gz-download_time": 13, 
                "50eb58ba-c623-11e3-bf01-24c6515278c0.dkfz-copyNumberEstimation_1-0-189-hpc-fix.1508271611.somatic.cnv.vcf.gz-md5sum_time": 0, 
                "50eb58ba-c623-11e3-bf01-24c6515278c0.dkfz-copyNumberEstimation_1-0-189-hpc-fix.1508271611.somatic.cnv.vcf.gz.tbi-download_time": 14, 
                "50eb58ba-c623-11e3-bf01-24c6515278c0.dkfz-copyNumberEstimation_1-0-189-hpc-fix.1508271611.somatic.cnv.vcf.gz.tbi-md5sum_time": 0, 
                "50eb58ba-c623-11e3-bf01-24c6515278c0.dkfz-indelCalling_1-0-132-1.20150708.germline.indel.vcf.gz-download_time": 18, 
                "50eb58ba-c623-11e3-bf01-24c6515278c0.dkfz-indelCalling_1-0-132-1.20150708.germline.indel.vcf.gz-md5sum_time": 0, 
                "50eb58ba-c623-11e3-bf01-24c6515278c0.dkfz-indelCalling_1-0-132-1.20150708.germline.indel.vcf.gz.tbi-download_time": 15, 
                "50eb58ba-c623-11e3-bf01-24c6515278c0.dkfz-indelCalling_1-0-132-1.20150708.germline.indel.vcf.gz.tbi-md5sum_time": 0, 
                "50eb58ba-c623-11e3-bf01-24c6515278c0.dkfz-indelCalling_1-0-132-1.20150708.somatic.indel.tar.gz-download_time": 49, 
                "50eb58ba-c623-11e3-bf01-24c6515278c0.dkfz-indelCalling_1-0-132-1.20150708.somatic.indel.tar.gz-md5sum_time": 2, 
                "50eb58ba-c623-11e3-bf01-24c6515278c0.dkfz-indelCalling_1-0-132-1.20150708.somatic.indel.vcf.gz-download_time": 14, 
                "50eb58ba-c623-11e3-bf01-24c6515278c0.dkfz-indelCalling_1-0-132-1.20150708.somatic.indel.vcf.gz-md5sum_time": 0, 
                "50eb58ba-c623-11e3-bf01-24c6515278c0.dkfz-indelCalling_1-0-132-1.20150708.somatic.indel.vcf.gz.tbi-download_time": 13, 
                "50eb58ba-c623-11e3-bf01-24c6515278c0.dkfz-indelCalling_1-0-132-1.20150708.somatic.indel.vcf.gz.tbi-md5sum_time": 0, 
                "50eb58ba-c623-11e3-bf01-24c6515278c0.dkfz-snvCalling_1-0-132-1.20150708.germline.snv_mnv.vcf.gz-download_time": 20, 
                "50eb58ba-c623-11e3-bf01-24c6515278c0.dkfz-snvCalling_1-0-132-1.20150708.germline.snv_mnv.vcf.gz-md5sum_time": 0, 
                "50eb58ba-c623-11e3-bf01-24c6515278c0.dkfz-snvCalling_1-0-132-1.20150708.germline.snv_mnv.vcf.gz.tbi-download_time": 13, 
                "50eb58ba-c623-11e3-bf01-24c6515278c0.dkfz-snvCalling_1-0-132-1.20150708.germline.snv_mnv.vcf.gz.tbi-md5sum_time": 0, 
                "50eb58ba-c623-11e3-bf01-24c6515278c0.dkfz-snvCalling_1-0-132-1.20150708.somatic.snv_mnv.tar.gz-download_time": 65, 
                "50eb58ba-c623-11e3-bf01-24c6515278c0.dkfz-snvCalling_1-0-132-1.20150708.somatic.snv_mnv.tar.gz-md5sum_time": 4, 
                "50eb58ba-c623-11e3-bf01-24c6515278c0.dkfz-snvCalling_1-0-132-1.20150708.somatic.snv_mnv.vcf.gz-download_time": 13, 
                "50eb58ba-c623-11e3-bf01-24c6515278c0.dkfz-snvCalling_1-0-132-1.20150708.somatic.snv_mnv.vcf.gz-md5sum_time": 0, 
                "50eb58ba-c623-11e3-bf01-24c6515278c0.dkfz-snvCalling_1-0-132-1.20150708.somatic.snv_mnv.vcf.gz.tbi-download_time": 13, 
                "50eb58ba-c623-11e3-bf01-24c6515278c0.dkfz-snvCalling_1-0-132-1.20150708.somatic.snv_mnv.vcf.gz.tbi-md5sum_time": 0, 
                "50eb58ba-c623-11e3-bf01-24c6515278c0.embl-delly_1-0-0-preFilter.20150708.germline.sv.bedpe.txt.tar.gz-download_time": 13, 
                "50eb58ba-c623-11e3-bf01-24c6515278c0.embl-delly_1-0-0-preFilter.20150708.germline.sv.bedpe.txt.tar.gz-md5sum_time": 0, 
                "50eb58ba-c623-11e3-bf01-24c6515278c0.embl-delly_1-0-0-preFilter.20150708.germline.sv.readname.txt.tar.gz-download_time": 14, 
                "50eb58ba-c623-11e3-bf01-24c6515278c0.embl-delly_1-0-0-preFilter.20150708.germline.sv.readname.txt.tar.gz-md5sum_time": 0, 
                "50eb58ba-c623-11e3-bf01-24c6515278c0.embl-delly_1-0-0-preFilter.20150708.germline.sv.vcf.gz-download_time": 12, 
                "50eb58ba-c623-11e3-bf01-24c6515278c0.embl-delly_1-0-0-preFilter.20150708.germline.sv.vcf.gz-md5sum_time": 0, 
                "50eb58ba-c623-11e3-bf01-24c6515278c0.embl-delly_1-0-0-preFilter.20150708.germline.sv.vcf.gz.tbi-download_time": 12, 
                "50eb58ba-c623-11e3-bf01-24c6515278c0.embl-delly_1-0-0-preFilter.20150708.germline.sv.vcf.gz.tbi-md5sum_time": 0, 
                "50eb58ba-c623-11e3-bf01-24c6515278c0.embl-delly_1-0-0-preFilter.20150708.somatic.sv.bedpe.txt.tar.gz-download_time": 13, 
                "50eb58ba-c623-11e3-bf01-24c6515278c0.embl-delly_1-0-0-preFilter.20150708.somatic.sv.bedpe.txt.tar.gz-md5sum_time": 0, 
                "50eb58ba-c623-11e3-bf01-24c6515278c0.embl-delly_1-0-0-preFilter.20150708.somatic.sv.readname.txt.tar.gz-download_time": 12, 
                "50eb58ba-c623-11e3-bf01-24c6515278c0.embl-delly_1-0-0-preFilter.20150708.somatic.sv.readname.txt.tar.gz-md5sum_time": 0, 
                "50eb58ba-c623-11e3-bf01-24c6515278c0.embl-delly_1-0-0-preFilter.20150708.somatic.sv.vcf.gz-download_time": 14, 
                "50eb58ba-c623-11e3-bf01-24c6515278c0.embl-delly_1-0-0-preFilter.20150708.somatic.sv.vcf.gz-md5sum_time": 0, 
                "50eb58ba-c623-11e3-bf01-24c6515278c0.embl-delly_1-0-0-preFilter.20150708.somatic.sv.vcf.gz.tbi-download_time": 13, 
                "50eb58ba-c623-11e3-bf01-24c6515278c0.embl-delly_1-0-0-preFilter.20150708.somatic.sv.vcf.gz.tbi-md5sum_time": 0, 
                "50eb58ba-c623-11e3-bf01-24c6515278c0.embl-delly_1-0-0-preFilter.20150708.sv.cov.plots.tar.gz-download_time": 13, 
                "50eb58ba-c623-11e3-bf01-24c6515278c0.embl-delly_1-0-0-preFilter.20150708.sv.cov.plots.tar.gz-md5sum_time": 1, 
                "50eb58ba-c623-11e3-bf01-24c6515278c0.embl-delly_1-0-0-preFilter.20150708.sv.cov.tar.gz-download_time": 16, 
                "50eb58ba-c623-11e3-bf01-24c6515278c0.embl-delly_1-0-0-preFilter.20150708.sv.cov.tar.gz-md5sum_time": 0, 
                "50eb58ba-c623-11e3-bf01-24c6515278c0.embl-delly_1-0-0-preFilter.20150708.sv.vcf.gz-download_time": 12, 
                "50eb58ba-c623-11e3-bf01-24c6515278c0.embl-delly_1-0-0-preFilter.20150708.sv.vcf.gz-md5sum_time": 0, 
                "50eb58ba-c623-11e3-bf01-24c6515278c0.embl-delly_1-0-0-preFilter.20150708.sv.vcf.gz.tbi-download_time": 12, 
                "50eb58ba-c623-11e3-bf01-24c6515278c0.embl-delly_1-0-0-preFilter.20150708.sv.vcf.gz.tbi-md5sum_time": 0, 
                "958c6086-3dd6-4cae-8ce5-19cc14b2eab5.xml-download_time": 13, 
                "958c6086-3dd6-4cae-8ce5-19cc14b2eab5.xml-md5sum_time": 0, 
                "start": 1449398552, 
                "stop": 1449399231, 
                "time": 679
            }
        }
    }, 
    "aliquot_id": null, 
    "available_repos": [
        {
            "https://gtrepo-dkfz.annailabs.com/": {
                "file_md5sum": "8de0a4c2d32d720f35d838c66b9687e5", 
                "file_size": 58308
            }
        }
    ], 
    "data_type": "Dkfz_embl-VCF", 
    "files": [
        {
            "file_md5sum": "f10aec1a8f28526e37cb1b27cc147863",