{
    "_runs_": {
        "run_1449000763_ae650bf1-f1f8-4c7f-8690-88bb5e487976": {
            "downloading": {
                "gnos-download_time": 909, 
                "start": 1449071431, 
                "stop": 1449072341, 
                "time": 910
            }, 
            "uploading": {
                "copy_meta_time": 2, 
                "start": 1449072414, 
                "stop": 1449072677, 
                "time": 263, 
                "upload_time": 260
            }
        }, 
        "run_1449256291_854cc1de-1a8d-4120-b9ce-5b1f48d14ccc": {
            "downloading": {
                "973bdcd1-8867-454f-aeb1-4fd2ca8e3be8.xml-download_time": 14, 
                "973bdcd1-8867-454f-aeb1-4fd2ca8e3be8.xml-md5sum_time": 0, 
                "fefe6b55-ba57-4829-bfd7-61cf7bf1f559.dkfz-copyNumberEstimation_1-0-189-hpc-fix.1508272223.somatic.cnv.tar.gz-download_time": 284, 
                "fefe6b55-ba57-4829-bfd7-61cf7bf1f559.dkfz-copyNumberEstimation_1-0-189-hpc-fix.1508272223.somatic.cnv.tar.gz-md5sum_time": 23, 
                "fefe6b55-ba57-4829-bfd7-61cf7bf1f559.dkfz-copyNumberEstimation_1-0-189-hpc-fix.1508272223.somatic.cnv.vcf.gz-download_time": 15, 
                "fefe6b55-ba57-4829-bfd7-61cf7bf1f559.dkfz-copyNumberEstimation_1-0-189-hpc-fix.1508272223.somatic.cnv.vcf.gz-md5sum_time": 0, 
                "fefe6b55-ba57-4829-bfd7-61cf7bf1f559.dkfz-copyNumberEstimation_1-0-189-hpc-fix.1508272223.somatic.cnv.vcf.gz.tbi-download_time": 15, 
                "fefe6b55-ba57-4829-bfd7-61cf7bf1f559.dkfz-copyNumberEstimation_1-0-189-hpc-fix.1508272223.somatic.cnv.vcf.gz.tbi-md5sum_time": 0, 
                "fefe6b55-ba57-4829-bfd7-61cf7bf1f559.dkfz-indelCalling_1-0-132-1.20150604.germline.indel.vcf.gz-download_time": 19, 
                "fefe6b55-ba57-4829-bfd7-61cf7bf1f559.dkfz-indelCalling_1-0-132-1.20150604.germline.indel.vcf.gz-md5sum_time": 1, 
                "fefe6b55-ba57-4829-bfd7-61cf7bf1f559.dkfz-indelCalling_1-0-132-1.20150604.germline.indel.vcf.gz.tbi-download_time": 14, 
                "fefe6b55-ba57-4829-bfd7-61cf7bf1f559.dkfz-indelCalling_1-0-132-1.20150604.germline.indel.vcf.gz.tbi-md5sum_time": 0, 
                "fefe6b55-ba57-4829-bfd7-61cf7bf1f559.dkfz-indelCalling_1-0-132-1.20150604.somatic.indel.tar.gz-download_time": 72, 
                "fefe6b55-ba57-4829-bfd7-61cf7bf1f559.dkfz-indelCalling_1-0-132-1.20150604.somatic.indel.tar.gz-md5sum_time": 3, 
                "fefe6b55-ba57-4829-bfd7-61cf7bf1f559.dkfz-indelCalling_1-0-132-1.20150604.somatic.indel.vcf.gz-download_time": 14, 
                "fefe6b55-ba57-4829-bfd7-61cf7bf1f559.dkfz-indelCalling_1-0-132-1.20150604.somatic.indel.vcf.gz-md5sum_time": 0, 
                "fefe6b55-ba57-4829-bfd7-61cf7bf1f559.dkfz-indelCalling_1-0-132-1.20150604.somatic.indel.vcf.gz.tbi-download_time": 15, 
                "fefe6b55-ba57-4829-bfd7-61cf7bf1f559.dkfz-indelCalling_1-0-132-1.20150604.somatic.indel.vcf.gz.tbi-md5sum_time": 0, 
                "fefe6b55-ba57-4829-bfd7-61cf7bf1f559.dkfz-snvCalling_1-0-132-1.20150604.germline.snv_mnv.vcf.gz-download_time": 25, 
                "fefe6b55-ba57-4829-bfd7-61cf7bf1f559.dkfz-snvCalling_1-0-132-1.20150604.germline.snv_mnv.vcf.gz-md5sum_time": 0, 
                "fefe6b55-ba57-4829-bfd7-61cf7bf1f559.dkfz-snvCalling_1-0-132-1.20150604.germline.snv_mnv.vcf.gz.tbi-download_time": 14, 
                "fefe6b55-ba57-4829-bfd7-61cf7bf1f559.dkfz-snvCalling_1-0-132-1.20150604.germline.snv_mnv.vcf.gz.tbi-md5sum_time": 0, 
                "fefe6b55-ba57-4829-bfd7-61cf7bf1f559.dkfz-snvCalling_1-0-132-1.20150604.somatic.snv_mnv.tar.gz-download_time": 115, 
                "fefe6b55-ba57-4829-bfd7-61cf7bf1f559.dkfz-snvCalling_1-0-132-1.20150604.somatic.snv_mnv.tar.gz-md5sum_time": 5, 
                "fefe6b55-ba57-4829-bfd7-61cf7bf1f559.dkfz-snvCalling_1-0-132-1.20150604.somatic.snv_mnv.vcf.gz-download_time": 14, 
                "fefe6b55-ba57-4829-bfd7-61cf7bf1f559.dkfz-snvCalling_1-0-132-1.20150604.somatic.snv_mnv.vcf.gz-md5sum_time": 0, 
                "fefe6b55-ba57-4829-bfd7-61cf7bf1f559.dkfz-snvCalling_1-0-132-1.20150604.somatic.snv_mnv.vcf.gz.tbi-download_time": 14, 
                "fefe6b55-ba57-4829-bfd7-61cf7bf1f559.dkfz-snvCalling_1-0-132-1.20150604.somatic.snv_mnv.vcf.gz.tbi-md5sum_time": 0, 
                "fefe6b55-ba57-4829-bfd7-61cf7bf1f559.embl-delly_1-0-0-preFilter.20150604.germline.sv.bedpe.txt.tar.gz-download_time": 13, 
                "fefe6b55-ba57-4829-bfd7-61cf7bf1f559.embl-delly_1-0-0-preFilter.20150604.germline.sv.bedpe.txt.tar.gz-md5sum_time": 0, 
                "fefe6b55-ba57-4829-bfd7-61cf7bf1f559.embl-delly_1-0-0-preFilter.20150604.germline.sv.readname.txt.tar.gz-download_time": 15, 
                "fefe6b55-ba57-4829-bfd7-61cf7bf1f559.embl-delly_1-0-0-preFilter.20150604.germline.sv.readname.txt.tar.gz-md5sum_time": 0, 
                "fefe6b55-ba57-4829-bfd7-61cf7bf1f559.embl-delly_1-0-0-preFilter.20150604.germline.sv.vcf.gz-download_time": 14, 
                "fefe6b55-ba57-4829-bfd7-61cf7bf1f559.embl-delly_1-0-0-preFilter.20150604.germline.sv.vcf.gz-md5sum_time": 0, 
                "fefe6b55-ba57-4829-bfd7-61cf7bf1f559.embl-delly_1-0-0-preFilter.20150604.germline.sv.vcf.gz.tbi-download_time": 15, 
                "fefe6b55-ba57-4829-bfd7-61cf7bf1f559.embl-delly_1-0-0-preFilter.20150604.germline.sv.vcf.gz.tbi-md5sum_time": 0, 
                "fefe6b55-ba57-4829-bfd7-61cf7bf1f559.embl-delly_1-0-0-preFilter.20150604.somatic.sv.bedpe.txt.tar.gz-download_time": 14, 
                "fefe6b55-ba57-4829-bfd7-61cf7bf1f559.embl-delly_1-0-0-preFilter.20150604.somatic.sv.bedpe.txt.tar.gz-md5sum_time": 0, 
                "fefe6b55-ba57-4829-bfd7-61cf7bf1f559.embl-delly_1-0-0-preFilter.20150604.somatic.sv.readname.txt.tar.gz-download_time": 14, 
                "fefe6b55-ba57-4829-bfd7-61cf7bf1f559.embl-delly_1-0-0-preFilter.20150604.somatic.sv.readname.txt.tar.gz-md5sum_time": 0, 
                "fefe6b55-ba57-4829-bfd7-61cf7bf1f559.embl-delly_1-0-0-preFilter.20150604.somatic.sv.vcf.gz-download_time": 14, 
                "fefe6b55-ba57-4829-bfd7-61cf7bf1f559.embl-delly_1-0-0-preFilter.20150604.somatic.sv.vcf.gz-md5sum_time": 0, 
                "fefe6b55-ba57-4829-bfd7-61cf7bf1f559.embl-delly_1-0-0-preFilter.20150604.somatic.sv.vcf.gz.tbi-download_time": 14, 
                "fefe6b55-ba57-4829-bfd7-61cf7bf1f559.embl-delly_1-0-0-preFilter.20150604.somatic.sv.vcf.gz.tbi-md5sum_time": 0, 
                "fefe6b55-ba57-4829-bfd7-61cf7bf1f559.embl-delly_1-0-0-preFilter.20150604.sv.cov.plots.tar.gz-download_time": 14, 
                "fefe6b55-ba57-4829-bfd7-61cf7bf1f559.embl-delly_1-0-0-preFilter.20150604.sv.cov.plots.tar.gz-md5sum_time": 0, 
                "fefe6b55-ba57-4829-bfd7-61cf7bf1f559.embl-delly_1-0-0-preFilter.20150604.sv.cov.tar.gz-download_time": 18, 
                "fefe6b55-ba57-4829-bfd7-61cf7bf1f559.embl-delly_1-0-0-preFilter.20150604.sv.cov.tar.gz-md5sum_time": 0, 
                "fefe6b55-ba57-4829-bfd7-61cf7bf1f559.embl-delly_1-0-0-preFilter.20150604.sv.vcf.gz-download_time": 13, 
                "fefe6b55-ba57-4829-bfd7-61cf7bf1f559.embl-delly_1-0-0-preFilter.20150604.sv.vcf.gz-md5sum_time": 0, 
                "fefe6b55-ba57-4829-bfd7-61cf7bf1f559.embl-delly_1-0-0-preFilter.20150604.sv.vcf.gz.tbi-download_time": 13, 
                "fefe6b55-ba57-4829-bfd7-61cf7bf1f559.embl-delly_1-0-0-preFilter.20150604.sv.vcf.gz.tbi-md5sum_time": 0, 
                "start": 1449400696, 
                "stop": 1449401544, 
                "time": 848
            }
        }
    }, 
    "aliquot_id": null, 
    "available_repos": [
        {
            "https://gtrepo-dkfz.annailabs.com/": {
                "file_md5sum": "e20560fad6b9c0a47b119db04787063b", 
                "file_size": 59758
            }
        }
    ], 
    "data_type": "Dkfz_embl-VCF", 
    "files": [
        {
            "file_md5sum": "e9bcb62de9fd7e88f65d9faae77a71ee",