{
    "_runs_": {
        "run_1449082496_7373db63-4a80-4aa0-946f-1b93f67b2eda": {
            "downloading": {
                "gnos-download_time": 1509, 
                "start": 1449178516, 
                "stop": 1449180026, 
                "time": 1510
            }, 
            "uploading": {
                "copy_meta_time": 2, 
                "start": 1449180037, 
                "stop": 1449180295, 
                "time": 258, 
                "upload_time": 256
            }
        }, 
        "run_1449256362_f285340f-6a1e-4280-8af8-91051b7f471f": {
            "downloading": {
                "9ad6e842-a72c-467d-a19a-dd06d8f5d2f3.xml-download_time": 13, 
                "9ad6e842-a72c-467d-a19a-dd06d8f5d2f3.xml-md5sum_time": 0, 
                "fc9500f3-e7d0-9820-e040-11ac0c48617e.dkfz-copyNumberEstimation_1-0-189-hpc-fix.1508261925.somatic.cnv.tar.gz-download_time": 258, 
                "fc9500f3-e7d0-9820-e040-11ac0c48617e.dkfz-copyNumberEstimation_1-0-189-hpc-fix.1508261925.somatic.cnv.tar.gz-md5sum_time": 22, 
                "fc9500f3-e7d0-9820-e040-11ac0c48617e.dkfz-copyNumberEstimation_1-0-189-hpc-fix.1508261925.somatic.cnv.vcf.gz-download_time": 13, 
                "fc9500f3-e7d0-9820-e040-11ac0c48617e.dkfz-copyNumberEstimation_1-0-189-hpc-fix.1508261925.somatic.cnv.vcf.gz-md5sum_time": 0, 
                "fc9500f3-e7d0-9820-e040-11ac0c48617e.dkfz-copyNumberEstimation_1-0-189-hpc-fix.1508261925.somatic.cnv.vcf.gz.tbi-download_time": 14, 
                "fc9500f3-e7d0-9820-e040-11ac0c48617e.dkfz-copyNumberEstimation_1-0-189-hpc-fix.1508261925.somatic.cnv.vcf.gz.tbi-md5sum_time": 0, 
                "fc9500f3-e7d0-9820-e040-11ac0c48617e.dkfz-indelCalling_1-0-132-1.20150719.germline.indel.vcf.gz-download_time": 18, 
                "fc9500f3-e7d0-9820-e040-11ac0c48617e.dkfz-indelCalling_1-0-132-1.20150719.germline.indel.vcf.gz-md5sum_time": 0, 
                "fc9500f3-e7d0-9820-e040-11ac0c48617e.dkfz-indelCalling_1-0-132-1.20150719.germline.indel.vcf.gz.tbi-download_time": 14, 
                "fc9500f3-e7d0-9820-e040-11ac0c48617e.dkfz-indelCalling_1-0-132-1.20150719.germline.indel.vcf.gz.tbi-md5sum_time": 0, 
                "fc9500f3-e7d0-9820-e040-11ac0c48617e.dkfz-indelCalling_1-0-132-1.20150719.somatic.indel.tar.gz-download_time": 63, 
                "fc9500f3-e7d0-9820-e040-11ac0c48617e.dkfz-indelCalling_1-0-132-1.20150719.somatic.indel.tar.gz-md5sum_time": 3, 
                "fc9500f3-e7d0-9820-e040-11ac0c48617e.dkfz-indelCalling_1-0-132-1.20150719.somatic.indel.vcf.gz-download_time": 14, 
                "fc9500f3-e7d0-9820-e040-11ac0c48617e.dkfz-indelCalling_1-0-132-1.20150719.somatic.indel.vcf.gz-md5sum_time": 0, 
                "fc9500f3-e7d0-9820-e040-11ac0c48617e.dkfz-indelCalling_1-0-132-1.20150719.somatic.indel.vcf.gz.tbi-download_time": 12, 
                "fc9500f3-e7d0-9820-e040-11ac0c48617e.dkfz-indelCalling_1-0-132-1.20150719.somatic.indel.vcf.gz.tbi-md5sum_time": 0, 
                "fc9500f3-e7d0-9820-e040-11ac0c48617e.dkfz-snvCalling_1-0-132-1.20150719.germline.snv_mnv.vcf.gz-download_time": 24, 
                "fc9500f3-e7d0-9820-e040-11ac0c48617e.dkfz-snvCalling_1-0-132-1.20150719.germline.snv_mnv.vcf.gz-md5sum_time": 1, 
                "fc9500f3-e7d0-9820-e040-11ac0c48617e.dkfz-snvCalling_1-0-132-1.20150719.germline.snv_mnv.vcf.gz.tbi-download_time": 14, 
                "fc9500f3-e7d0-9820-e040-11ac0c48617e.dkfz-snvCalling_1-0-132-1.20150719.germline.snv_mnv.vcf.gz.tbi-md5sum_time": 0, 
                "fc9500f3-e7d0-9820-e040-11ac0c48617e.dkfz-snvCalling_1-0-132-1.20150719.somatic.snv_mnv.tar.gz-download_time": 107, 
                "fc9500f3-e7d0-9820-e040-11ac0c48617e.dkfz-snvCalling_1-0-132-1.20150719.somatic.snv_mnv.tar.gz-md5sum_time": 5, 
                "fc9500f3-e7d0-9820-e040-11ac0c48617e.dkfz-snvCalling_1-0-132-1.20150719.somatic.snv_mnv.vcf.gz-download_time": 13, 
                "fc9500f3-e7d0-9820-e040-11ac0c48617e.dkfz-snvCalling_1-0-132-1.20150719.somatic.snv_mnv.vcf.gz-md5sum_time": 0, 
                "fc9500f3-e7d0-9820-e040-11ac0c48617e.dkfz-snvCalling_1-0-132-1.20150719.somatic.snv_mnv.vcf.gz.tbi-download_time": 13, 
                "fc9500f3-e7d0-9820-e040-11ac0c48617e.dkfz-snvCalling_1-0-132-1.20150719.somatic.snv_mnv.vcf.gz.tbi-md5sum_time": 0, 
                "fc9500f3-e7d0-9820-e040-11ac0c48617e.embl-delly_1-0-0-preFilter.20150719.germline.sv.bedpe.txt.tar.gz-download_time": 14, 
                "fc9500f3-e7d0-9820-e040-11ac0c48617e.embl-delly_1-0-0-preFilter.20150719.germline.sv.bedpe.txt.tar.gz-md5sum_time": 0, 
                "fc9500f3-e7d0-9820-e040-11ac0c48617e.embl-delly_1-0-0-preFilter.20150719.germline.sv.readname.txt.tar.gz-download_time": 13, 
                "fc9500f3-e7d0-9820-e040-11ac0c48617e.embl-delly_1-0-0-preFilter.20150719.germline.sv.readname.txt.tar.gz-md5sum_time": 0, 
                "fc9500f3-e7d0-9820-e040-11ac0c48617e.embl-delly_1-0-0-preFilter.20150719.germline.sv.vcf.gz-download_time": 12, 
                "fc9500f3-e7d0-9820-e040-11ac0c48617e.embl-delly_1-0-0-preFilter.20150719.germline.sv.vcf.gz-md5sum_time": 0, 
                "fc9500f3-e7d0-9820-e040-11ac0c48617e.embl-delly_1-0-0-preFilter.20150719.germline.sv.vcf.gz.tbi-download_time": 13, 
                "fc9500f3-e7d0-9820-e040-11ac0c48617e.embl-delly_1-0-0-preFilter.20150719.germline.sv.vcf.gz.tbi-md5sum_time": 0, 
                "fc9500f3-e7d0-9820-e040-11ac0c48617e.embl-delly_1-0-0-preFilter.20150719.somatic.sv.bedpe.txt.tar.gz-download_time": 13, 
                "fc9500f3-e7d0-9820-e040-11ac0c48617e.embl-delly_1-0-0-preFilter.20150719.somatic.sv.bedpe.txt.tar.gz-md5sum_time": 0, 
                "fc9500f3-e7d0-9820-e040-11ac0c48617e.embl-delly_1-0-0-preFilter.20150719.somatic.sv.readname.txt.tar.gz-download_time": 12, 
                "fc9500f3-e7d0-9820-e040-11ac0c48617e.embl-delly_1-0-0-preFilter.20150719.somatic.sv.readname.txt.tar.gz-md5sum_time": 0, 
                "fc9500f3-e7d0-9820-e040-11ac0c48617e.embl-delly_1-0-0-preFilter.20150719.somatic.sv.vcf.gz-download_time": 13, 
                "fc9500f3-e7d0-9820-e040-11ac0c48617e.embl-delly_1-0-0-preFilter.20150719.somatic.sv.vcf.gz-md5sum_time": 0, 
                "fc9500f3-e7d0-9820-e040-11ac0c48617e.embl-delly_1-0-0-preFilter.20150719.somatic.sv.vcf.gz.tbi-download_time": 13, 
                "fc9500f3-e7d0-9820-e040-11ac0c48617e.embl-delly_1-0-0-preFilter.20150719.somatic.sv.vcf.gz.tbi-md5sum_time": 0, 
                "fc9500f3-e7d0-9820-e040-11ac0c48617e.embl-delly_1-0-0-preFilter.20150719.sv.cov.plots.tar.gz-download_time": 14, 
                "fc9500f3-e7d0-9820-e040-11ac0c48617e.embl-delly_1-0-0-preFilter.20150719.sv.cov.plots.tar.gz-md5sum_time": 0, 
                "fc9500f3-e7d0-9820-e040-11ac0c48617e.embl-delly_1-0-0-preFilter.20150719.sv.cov.tar.gz-download_time": 17, 
                "fc9500f3-e7d0-9820-e040-11ac0c48617e.embl-delly_1-0-0-preFilter.20150719.sv.cov.tar.gz-md5sum_time": 0, 
                "fc9500f3-e7d0-9820-e040-11ac0c48617e.embl-delly_1-0-0-preFilter.20150719.sv.vcf.gz-download_time": 14, 
                "fc9500f3-e7d0-9820-e040-11ac0c48617e.embl-delly_1-0-0-preFilter.20150719.sv.vcf.gz-md5sum_time": 0, 
                "fc9500f3-e7d0-9820-e040-11ac0c48617e.embl-delly_1-0-0-preFilter.20150719.sv.vcf.gz.tbi-download_time": 14, 
                "fc9500f3-e7d0-9820-e040-11ac0c48617e.embl-delly_1-0-0-preFilter.20150719.sv.vcf.gz.tbi-md5sum_time": 0, 
                "start": 1449404810, 
                "stop": 1449405594, 
                "time": 784
            }
        }
    }, 
    "aliquot_id": null, 
    "available_repos": [
        {
            "https://gtrepo-dkfz.annailabs.com/": {
                "file_md5sum": "a300f721465d28fc5974ff933cbe19a4", 
                "file_size": 60113
            }
        }
    ], 
    "data_type": "Dkfz_embl-VCF", 
    "files": [
        {
            "file_md5sum": "0ea4c905945cc5ae0451c6ad45d1ad87",