{
    "_runs_": {
        "run_1449000949_07760fbf-916f-45ff-bfbf-0e708657dbd1": {
            "downloading": {
                "gnos-download_time": 259, 
                "start": 1449030098, 
                "stop": 1449030358, 
                "time": 260
            }, 
            "uploading": {
                "copy_meta_time": 1, 
                "start": 1449030369, 
                "stop": 1449030553, 
                "time": 184, 
                "upload_time": 182
            }
        }, 
        "run_1449256221_15605ad1-8eea-4587-8164-de277ca95282": {
            "downloading": {
                "9b3692e6-6b07-4aac-b8c1-844ec9f59084.xml-download_time": 14, 
                "9b3692e6-6b07-4aac-b8c1-844ec9f59084.xml-md5sum_time": 0, 
                "ad92f17f-11e6-49bd-9835-6b2f47053485.svcp_1-0-5.20150318.somatic.binnedReadCounts.tar.gz-download_time": 21, 
                "ad92f17f-11e6-49bd-9835-6b2f47053485.svcp_1-0-5.20150318.somatic.binnedReadCounts.tar.gz-md5sum_time": 0, 
                "ad92f17f-11e6-49bd-9835-6b2f47053485.svcp_1-0-5.20150318.somatic.cnv.tar.gz-download_time": 16, 
                "ad92f17f-11e6-49bd-9835-6b2f47053485.svcp_1-0-5.20150318.somatic.cnv.tar.gz-md5sum_time": 0, 
                "ad92f17f-11e6-49bd-9835-6b2f47053485.svcp_1-0-5.20150318.somatic.cnv.vcf.gz-download_time": 13, 
                "ad92f17f-11e6-49bd-9835-6b2f47053485.svcp_1-0-5.20150318.somatic.cnv.vcf.gz-md5sum_time": 0, 
                "ad92f17f-11e6-49bd-9835-6b2f47053485.svcp_1-0-5.20150318.somatic.cnv.vcf.gz.tbi-download_time": 14, 
                "ad92f17f-11e6-49bd-9835-6b2f47053485.svcp_1-0-5.20150318.somatic.cnv.vcf.gz.tbi-md5sum_time": 0, 
                "ad92f17f-11e6-49bd-9835-6b2f47053485.svcp_1-0-5.20150318.somatic.genotype.tar.gz-download_time": 13, 
                "ad92f17f-11e6-49bd-9835-6b2f47053485.svcp_1-0-5.20150318.somatic.genotype.tar.gz-md5sum_time": 0, 
                "ad92f17f-11e6-49bd-9835-6b2f47053485.svcp_1-0-5.20150318.somatic.imputeCounts.tar.gz-download_time": 46, 
                "ad92f17f-11e6-49bd-9835-6b2f47053485.svcp_1-0-5.20150318.somatic.imputeCounts.tar.gz-md5sum_time": 1, 
                "ad92f17f-11e6-49bd-9835-6b2f47053485.svcp_1-0-5.20150318.somatic.indel.tar.gz-download_time": 49, 
                "ad92f17f-11e6-49bd-9835-6b2f47053485.svcp_1-0-5.20150318.somatic.indel.tar.gz-md5sum_time": 3, 
                "ad92f17f-11e6-49bd-9835-6b2f47053485.svcp_1-0-5.20150318.somatic.indel.vcf.gz-download_time": 17, 
                "ad92f17f-11e6-49bd-9835-6b2f47053485.svcp_1-0-5.20150318.somatic.indel.vcf.gz-md5sum_time": 0, 
                "ad92f17f-11e6-49bd-9835-6b2f47053485.svcp_1-0-5.20150318.somatic.indel.vcf.gz.tbi-download_time": 14, 
                "ad92f17f-11e6-49bd-9835-6b2f47053485.svcp_1-0-5.20150318.somatic.indel.vcf.gz.tbi-md5sum_time": 0, 
                "ad92f17f-11e6-49bd-9835-6b2f47053485.svcp_1-0-5.20150318.somatic.snv_mnv.tar.gz-download_time": 22, 
                "ad92f17f-11e6-49bd-9835-6b2f47053485.svcp_1-0-5.20150318.somatic.snv_mnv.tar.gz-md5sum_time": 1, 
                "ad92f17f-11e6-49bd-9835-6b2f47053485.svcp_1-0-5.20150318.somatic.snv_mnv.vcf.gz-download_time": 14, 
                "ad92f17f-11e6-49bd-9835-6b2f47053485.svcp_1-0-5.20150318.somatic.snv_mnv.vcf.gz-md5sum_time": 0, 
                "ad92f17f-11e6-49bd-9835-6b2f47053485.svcp_1-0-5.20150318.somatic.snv_mnv.vcf.gz.tbi-download_time": 14, 
                "ad92f17f-11e6-49bd-9835-6b2f47053485.svcp_1-0-5.20150318.somatic.snv_mnv.vcf.gz.tbi-md5sum_time": 0, 
                "ad92f17f-11e6-49bd-9835-6b2f47053485.svcp_1-0-5.20150318.somatic.sv.tar.gz-download_time": 237, 
                "ad92f17f-11e6-49bd-9835-6b2f47053485.svcp_1-0-5.20150318.somatic.sv.tar.gz-md5sum_time": 22, 
                "ad92f17f-11e6-49bd-9835-6b2f47053485.svcp_1-0-5.20150318.somatic.sv.vcf.gz-download_time": 13, 
                "ad92f17f-11e6-49bd-9835-6b2f47053485.svcp_1-0-5.20150318.somatic.sv.vcf.gz-md5sum_time": 0, 
                "ad92f17f-11e6-49bd-9835-6b2f47053485.svcp_1-0-5.20150318.somatic.sv.vcf.gz.tbi-download_time": 13, 
                "ad92f17f-11e6-49bd-9835-6b2f47053485.svcp_1-0-5.20150318.somatic.sv.vcf.gz.tbi-md5sum_time": 0, 
                "ad92f17f-11e6-49bd-9835-6b2f47053485.svcp_1-0-5.20150318.somatic.verifyBamId.tar.gz-download_time": 14, 
                "ad92f17f-11e6-49bd-9835-6b2f47053485.svcp_1-0-5.20150318.somatic.verifyBamId.tar.gz-md5sum_time": 0, 
                "start": 1449405467, 
                "stop": 1449406038, 
                "time": 571
            }
        }
    }, 
    "aliquot_id": null, 
    "available_repos": [
        {
            "https://gtrepo-bsc.annailabs.com/": {
                "file_md5sum": "1e39d57aa03c5729b4c039e3bea4947e", 
                "file_size": 60111
            }
        }
    ], 
    "data_type": "Sanger-VCF", 
    "files": [
        {
            "file_md5sum": "a9be7160ecd0e78ea56fe922bd120c81", 
            "file_name": "ad92f17f-11e6-49bd-9835-6b2f47053485.svcp_1-0-5.20150318.somatic.snv_mnv.vcf.gz", 
            "file_size": 895478, 
            "object_id": "f3efd4b2-221d-5d41-89b1-604d624af1c4"
        }, 
        {
            "file_md5sum": "61424f27dc452e4d3508557ba9d75bee", 
            "file_name": "ad92f17f-11e6-49bd-9835-6b2f47053485.svcp_1-0-5.20150318.somatic.snv_mnv.vcf.gz.tbi", 
            "file_size": 196964, 
            "object_id": "1acc5a86-1a6d-52fc-9914-ada66ce994df"
        }, 
        {
            "file_md5sum": "1930f950849f781a5cb627bac3e70fde", 
            "file_name": "ad92f17f-11e6-49bd-9835-6b2f47053485.svcp_1-0-5.20150318.somatic.cnv.vcf.gz", 
            "file_size": 2033, 
            "object_id": "bf7e16cc-3065-558c-a69b-c08c52baa955"
        }, 
        {
            "file_md5sum": "737d156237b0468bd09fa8bb826b3a33", 
            "file_name": "ad92f17f-11e6-49bd-9835-6b2f47053485.svcp_1-0-5.20150318.somatic.cnv.vcf.gz.tbi", 
            "file_size": 4273, 
            "object_id": "2296663d-ea1a-59c4-a532-8a93392c7a70"
        }, 
        {
            "file_md5sum": "db428497a7431df4986fd362e5aeacd9", 
            "file_name": "ad92f17f-11e6-49bd-9835-6b2f47053485.svcp_1-0-5.20150318.somatic.sv.vcf.gz", 
            "file_size": 3276, 
            "object_id": "12373b2f-3a52-5775-af02-4b44d093cd0b"
        }, 
        {
            "file_md5sum": "bc6f1f1e7d72b59a54a7cbd1cf6d843c", 
            "file_name": "ad92f17f-11e6-49bd-9835-6b2f47053485.svcp_1-0-5.20150318.somatic.sv.vcf.gz.tbi", 
            "file_size": 345, 
            "object_id": "8113e3d3-f8da-5d8f-886d-d1892df57828"
        }, 
        {
            "file_md5sum": "09816f35e0d60433e7ba59c854eb426d", 
            "file_name": "ad92f17f-11e6-49bd-9835-6b2f47053485.svcp_1-0-5.20150318.somatic.indel.vcf.gz", 
            "file_size": 46679790, 
            "object_id": "e3e8fffa-7716-534b-a012-6f98e73812b4"
        }, 
        {
            "file_md5sum": "ef3e6bf358b99bffef551931f5816268", 
            "file_name": "ad92f17f-11e6-49bd-9835-6b2f47053485.svcp_1-0-5.20150318.somatic.indel.vcf.gz.tbi", 
            "file_size": 1476284, 
            "object_id": "d98ef6c9-b2d2-50d3-8b70-9393799907e7"
        }, 
        {
            "file_md5sum": "abcd5ed0f0db97abdb7c28c412dfc23d", 
            "file_name": "ad92f17f-11e6-49bd-9835-6b2f47053485.svcp_1-0-5.20150318.somatic.snv_mnv.tar.gz", 
            "file_size": 153352199, 
            "object_id": "91933342-efc2-53af-b991-2666d1d51873"
        }, 
        {
            "file_md5sum": "0b0c2451bc9c1d36c68d891b3bccbbd6", 
            "file_name": "ad92f17f-11e6-49bd-9835-6b2f47053485.svcp_1-0-5.20150318.somatic.cnv.tar.gz", 
            "file_size": 26756380, 
            "object_id": "6e2f3bdd-062a-55b0-96b6-a27b79acdf3b"
        }, 
        {
            "file_md5sum": "5cf85a001a84989edc53d1a808fcae80",