{
    "_runs_": {
        "run_1449000815_cad35a1b-43f5-4525-abb7-3c35ec6f1dfc": {
            "downloading": {
                "gnos-download_time": 365, 
                "start": 1449072469, 
                "stop": 1449072834, 
                "time": 365
            }, 
            "uploading": {
                "copy_meta_time": 1, 
                "start": 1449072852, 
                "stop": 1449073114, 
                "time": 262, 
                "upload_time": 260
            }
        }, 
        "run_1449252103_152c7654-43a8-4095-9763-2d1564a0e842": {
            "downloading": {
                "a0c4309e-f200-4414-959f-40bcca6bad35.xml-download_time": 12, 
                "a0c4309e-f200-4414-959f-40bcca6bad35.xml-md5sum_time": 0, 
                "cf777ef1-765f-4828-b789-f5aa6722eb35.dkfz-copyNumberEstimation_1-0-189.20150910.somatic.cnv.tar.gz-download_time": 235, 
                "cf777ef1-765f-4828-b789-f5aa6722eb35.dkfz-copyNumberEstimation_1-0-189.20150910.somatic.cnv.tar.gz-md5sum_time": 20, 
                "cf777ef1-765f-4828-b789-f5aa6722eb35.dkfz-copyNumberEstimation_1-0-189.20150910.somatic.cnv.vcf.gz-download_time": 12, 
                "cf777ef1-765f-4828-b789-f5aa6722eb35.dkfz-copyNumberEstimation_1-0-189.20150910.somatic.cnv.vcf.gz-md5sum_time": 0, 
                "cf777ef1-765f-4828-b789-f5aa6722eb35.dkfz-copyNumberEstimation_1-0-189.20150910.somatic.cnv.vcf.gz.tbi-download_time": 13, 
                "cf777ef1-765f-4828-b789-f5aa6722eb35.dkfz-copyNumberEstimation_1-0-189.20150910.somatic.cnv.vcf.gz.tbi-md5sum_time": 0, 
                "cf777ef1-765f-4828-b789-f5aa6722eb35.dkfz-indelCalling_1-0-132-1.20150910.germline.indel.vcf.gz-download_time": 18, 
                "cf777ef1-765f-4828-b789-f5aa6722eb35.dkfz-indelCalling_1-0-132-1.20150910.germline.indel.vcf.gz-md5sum_time": 0, 
                "cf777ef1-765f-4828-b789-f5aa6722eb35.dkfz-indelCalling_1-0-132-1.20150910.germline.indel.vcf.gz.tbi-download_time": 14, 
                "cf777ef1-765f-4828-b789-f5aa6722eb35.dkfz-indelCalling_1-0-132-1.20150910.germline.indel.vcf.gz.tbi-md5sum_time": 0, 
                "cf777ef1-765f-4828-b789-f5aa6722eb35.dkfz-indelCalling_1-0-132-1.20150910.somatic.indel.tar.gz-download_time": 49, 
                "cf777ef1-765f-4828-b789-f5aa6722eb35.dkfz-indelCalling_1-0-132-1.20150910.somatic.indel.tar.gz-md5sum_time": 2, 
                "cf777ef1-765f-4828-b789-f5aa6722eb35.dkfz-indelCalling_1-0-132-1.20150910.somatic.indel.vcf.gz-download_time": 14, 
                "cf777ef1-765f-4828-b789-f5aa6722eb35.dkfz-indelCalling_1-0-132-1.20150910.somatic.indel.vcf.gz-md5sum_time": 0, 
                "cf777ef1-765f-4828-b789-f5aa6722eb35.dkfz-indelCalling_1-0-132-1.20150910.somatic.indel.vcf.gz.tbi-download_time": 14, 
                "cf777ef1-765f-4828-b789-f5aa6722eb35.dkfz-indelCalling_1-0-132-1.20150910.somatic.indel.vcf.gz.tbi-md5sum_time": 0, 
                "cf777ef1-765f-4828-b789-f5aa6722eb35.dkfz-snvCalling_1-0-132-1.20150910.germline.snv_mnv.vcf.gz-download_time": 19, 
                "cf777ef1-765f-4828-b789-f5aa6722eb35.dkfz-snvCalling_1-0-132-1.20150910.germline.snv_mnv.vcf.gz-md5sum_time": 1, 
                "cf777ef1-765f-4828-b789-f5aa6722eb35.dkfz-snvCalling_1-0-132-1.20150910.germline.snv_mnv.vcf.gz.tbi-download_time": 13, 
                "cf777ef1-765f-4828-b789-f5aa6722eb35.dkfz-snvCalling_1-0-132-1.20150910.germline.snv_mnv.vcf.gz.tbi-md5sum_time": 0, 
                "cf777ef1-765f-4828-b789-f5aa6722eb35.dkfz-snvCalling_1-0-132-1.20150910.somatic.snv_mnv.tar.gz-download_time": 76, 
                "cf777ef1-765f-4828-b789-f5aa6722eb35.dkfz-snvCalling_1-0-132-1.20150910.somatic.snv_mnv.tar.gz-md5sum_time": 4, 
                "cf777ef1-765f-4828-b789-f5aa6722eb35.dkfz-snvCalling_1-0-132-1.20150910.somatic.snv_mnv.vcf.gz-download_time": 13, 
                "cf777ef1-765f-4828-b789-f5aa6722eb35.dkfz-snvCalling_1-0-132-1.20150910.somatic.snv_mnv.vcf.gz-md5sum_time": 0, 
                "cf777ef1-765f-4828-b789-f5aa6722eb35.dkfz-snvCalling_1-0-132-1.20150910.somatic.snv_mnv.vcf.gz.tbi-download_time": 13, 
                "cf777ef1-765f-4828-b789-f5aa6722eb35.dkfz-snvCalling_1-0-132-1.20150910.somatic.snv_mnv.vcf.gz.tbi-md5sum_time": 1, 
                "cf777ef1-765f-4828-b789-f5aa6722eb35.embl-delly_1-3-0-preFilter.20150910.germline.sv.bedpe.txt.tar.gz-download_time": 13, 
                "cf777ef1-765f-4828-b789-f5aa6722eb35.embl-delly_1-3-0-preFilter.20150910.germline.sv.bedpe.txt.tar.gz-md5sum_time": 0, 
                "cf777ef1-765f-4828-b789-f5aa6722eb35.embl-delly_1-3-0-preFilter.20150910.germline.sv.readname.txt.tar.gz-download_time": 14, 
                "cf777ef1-765f-4828-b789-f5aa6722eb35.embl-delly_1-3-0-preFilter.20150910.germline.sv.readname.txt.tar.gz-md5sum_time": 0, 
                "cf777ef1-765f-4828-b789-f5aa6722eb35.embl-delly_1-3-0-preFilter.20150910.germline.sv.vcf.gz-download_time": 12, 
                "cf777ef1-765f-4828-b789-f5aa6722eb35.embl-delly_1-3-0-preFilter.20150910.germline.sv.vcf.gz-md5sum_time": 0, 
                "cf777ef1-765f-4828-b789-f5aa6722eb35.embl-delly_1-3-0-preFilter.20150910.germline.sv.vcf.gz.tbi-download_time": 13, 
                "cf777ef1-765f-4828-b789-f5aa6722eb35.embl-delly_1-3-0-preFilter.20150910.germline.sv.vcf.gz.tbi-md5sum_time": 0, 
                "cf777ef1-765f-4828-b789-f5aa6722eb35.embl-delly_1-3-0-preFilter.20150910.somatic.sv.bedpe.txt.tar.gz-download_time": 12, 
                "cf777ef1-765f-4828-b789-f5aa6722eb35.embl-delly_1-3-0-preFilter.20150910.somatic.sv.bedpe.txt.tar.gz-md5sum_time": 0, 
                "cf777ef1-765f-4828-b789-f5aa6722eb35.embl-delly_1-3-0-preFilter.20150910.somatic.sv.readname.txt.tar.gz-download_time": 14, 
                "cf777ef1-765f-4828-b789-f5aa6722eb35.embl-delly_1-3-0-preFilter.20150910.somatic.sv.readname.txt.tar.gz-md5sum_time": 0, 
                "cf777ef1-765f-4828-b789-f5aa6722eb35.embl-delly_1-3-0-preFilter.20150910.somatic.sv.vcf.gz-download_time": 13, 
                "cf777ef1-765f-4828-b789-f5aa6722eb35.embl-delly_1-3-0-preFilter.20150910.somatic.sv.vcf.gz-md5sum_time": 0, 
                "cf777ef1-765f-4828-b789-f5aa6722eb35.embl-delly_1-3-0-preFilter.20150910.somatic.sv.vcf.gz.tbi-download_time": 13, 
                "cf777ef1-765f-4828-b789-f5aa6722eb35.embl-delly_1-3-0-preFilter.20150910.somatic.sv.vcf.gz.tbi-md5sum_time": 0, 
                "cf777ef1-765f-4828-b789-f5aa6722eb35.embl-delly_1-3-0-preFilter.20150910.sv.cov.plots.tar.gz-download_time": 14, 
                "cf777ef1-765f-4828-b789-f5aa6722eb35.embl-delly_1-3-0-preFilter.20150910.sv.cov.plots.tar.gz-md5sum_time": 0, 
                "cf777ef1-765f-4828-b789-f5aa6722eb35.embl-delly_1-3-0-preFilter.20150910.sv.cov.tar.gz-download_time": 17, 
                "cf777ef1-765f-4828-b789-f5aa6722eb35.embl-delly_1-3-0-preFilter.20150910.sv.cov.tar.gz-md5sum_time": 0, 
                "cf777ef1-765f-4828-b789-f5aa6722eb35.embl-delly_1-3-0-preFilter.20150910.sv.log.tar.gz-download_time": 13, 
                "cf777ef1-765f-4828-b789-f5aa6722eb35.embl-delly_1-3-0-preFilter.20150910.sv.log.tar.gz-md5sum_time": 0, 
                "cf777ef1-765f-4828-b789-f5aa6722eb35.embl-delly_1-3-0-preFilter.20150910.sv.vcf.gz-download_time": 13, 
                "cf777ef1-765f-4828-b789-f5aa6722eb35.embl-delly_1-3-0-preFilter.20150910.sv.vcf.gz-md5sum_time": 0, 
                "cf777ef1-765f-4828-b789-f5aa6722eb35.embl-delly_1-3-0-preFilter.20150910.sv.vcf.gz.tbi-download_time": 12, 
                "cf777ef1-765f-4828-b789-f5aa6722eb35.embl-delly_1-3-0-preFilter.20150910.sv.vcf.gz.tbi-md5sum_time": 0, 
                "start": 1449410455, 
                "stop": 1449411172, 
                "time": 717
            }
        }
    }, 
    "aliquot_id": null, 
    "available_repos": [
        {
            "https://gtrepo-ebi.annailabs.com/": {
                "file_md5sum": "63f6f5f9913b146cb766517961179a92",