{
    "_runs_": {
        "run_1449082733_fdf110bb-9afc-4737-9997-232480c566b9": {
            "downloading": {
                "gnos-download_time": 1197, 
                "start": 1449101090, 
                "stop": 1449102288, 
                "time": 1198
            }, 
            "uploading": {
                "copy_meta_time": 1, 
                "start": 1449102300, 
                "stop": 1449102538, 
                "time": 238, 
                "upload_time": 237
            }
        }, 
        "run_1449252103_152c7654-43a8-4095-9763-2d1564a0e842": {
            "downloading": {
                "a4c303b8-caef-4c8a-a7d9-f509c2b167e8.xml-download_time": 12, 
                "a4c303b8-caef-4c8a-a7d9-f509c2b167e8.xml-md5sum_time": 0, 
                "fc9774be-1c90-b48e-e040-11ac0d4810d4.dkfz-copyNumberEstimation_1-0-189-hpc-fix.1508261937.somatic.cnv.tar.gz-download_time": 253, 
                "fc9774be-1c90-b48e-e040-11ac0d4810d4.dkfz-copyNumberEstimation_1-0-189-hpc-fix.1508261937.somatic.cnv.tar.gz-md5sum_time": 20, 
                "fc9774be-1c90-b48e-e040-11ac0d4810d4.dkfz-copyNumberEstimation_1-0-189-hpc-fix.1508261937.somatic.cnv.vcf.gz-download_time": 13, 
                "fc9774be-1c90-b48e-e040-11ac0d4810d4.dkfz-copyNumberEstimation_1-0-189-hpc-fix.1508261937.somatic.cnv.vcf.gz-md5sum_time": 0, 
                "fc9774be-1c90-b48e-e040-11ac0d4810d4.dkfz-copyNumberEstimation_1-0-189-hpc-fix.1508261937.somatic.cnv.vcf.gz.tbi-download_time": 13, 
                "fc9774be-1c90-b48e-e040-11ac0d4810d4.dkfz-copyNumberEstimation_1-0-189-hpc-fix.1508261937.somatic.cnv.vcf.gz.tbi-md5sum_time": 0, 
                "fc9774be-1c90-b48e-e040-11ac0d4810d4.dkfz-indelCalling_1-0-132-1.20150626.germline.indel.vcf.gz-download_time": 18, 
                "fc9774be-1c90-b48e-e040-11ac0d4810d4.dkfz-indelCalling_1-0-132-1.20150626.germline.indel.vcf.gz-md5sum_time": 1, 
                "fc9774be-1c90-b48e-e040-11ac0d4810d4.dkfz-indelCalling_1-0-132-1.20150626.germline.indel.vcf.gz.tbi-download_time": 14, 
                "fc9774be-1c90-b48e-e040-11ac0d4810d4.dkfz-indelCalling_1-0-132-1.20150626.germline.indel.vcf.gz.tbi-md5sum_time": 0, 
                "fc9774be-1c90-b48e-e040-11ac0d4810d4.dkfz-indelCalling_1-0-132-1.20150626.somatic.indel.tar.gz-download_time": 52, 
                "fc9774be-1c90-b48e-e040-11ac0d4810d4.dkfz-indelCalling_1-0-132-1.20150626.somatic.indel.tar.gz-md5sum_time": 3, 
                "fc9774be-1c90-b48e-e040-11ac0d4810d4.dkfz-indelCalling_1-0-132-1.20150626.somatic.indel.vcf.gz-download_time": 13, 
                "fc9774be-1c90-b48e-e040-11ac0d4810d4.dkfz-indelCalling_1-0-132-1.20150626.somatic.indel.vcf.gz-md5sum_time": 0, 
                "fc9774be-1c90-b48e-e040-11ac0d4810d4.dkfz-indelCalling_1-0-132-1.20150626.somatic.indel.vcf.gz.tbi-download_time": 12, 
                "fc9774be-1c90-b48e-e040-11ac0d4810d4.dkfz-indelCalling_1-0-132-1.20150626.somatic.indel.vcf.gz.tbi-md5sum_time": 0, 
                "fc9774be-1c90-b48e-e040-11ac0d4810d4.dkfz-snvCalling_1-0-132-1.20150626.germline.snv_mnv.vcf.gz-download_time": 19, 
                "fc9774be-1c90-b48e-e040-11ac0d4810d4.dkfz-snvCalling_1-0-132-1.20150626.germline.snv_mnv.vcf.gz-md5sum_time": 1, 
                "fc9774be-1c90-b48e-e040-11ac0d4810d4.dkfz-snvCalling_1-0-132-1.20150626.germline.snv_mnv.vcf.gz.tbi-download_time": 14, 
                "fc9774be-1c90-b48e-e040-11ac0d4810d4.dkfz-snvCalling_1-0-132-1.20150626.germline.snv_mnv.vcf.gz.tbi-md5sum_time": 0, 
                "fc9774be-1c90-b48e-e040-11ac0d4810d4.dkfz-snvCalling_1-0-132-1.20150626.somatic.snv_mnv.tar.gz-download_time": 86, 
                "fc9774be-1c90-b48e-e040-11ac0d4810d4.dkfz-snvCalling_1-0-132-1.20150626.somatic.snv_mnv.tar.gz-md5sum_time": 5, 
                "fc9774be-1c90-b48e-e040-11ac0d4810d4.dkfz-snvCalling_1-0-132-1.20150626.somatic.snv_mnv.vcf.gz-download_time": 13, 
                "fc9774be-1c90-b48e-e040-11ac0d4810d4.dkfz-snvCalling_1-0-132-1.20150626.somatic.snv_mnv.vcf.gz-md5sum_time": 0, 
                "fc9774be-1c90-b48e-e040-11ac0d4810d4.dkfz-snvCalling_1-0-132-1.20150626.somatic.snv_mnv.vcf.gz.tbi-download_time": 13, 
                "fc9774be-1c90-b48e-e040-11ac0d4810d4.dkfz-snvCalling_1-0-132-1.20150626.somatic.snv_mnv.vcf.gz.tbi-md5sum_time": 0, 
                "fc9774be-1c90-b48e-e040-11ac0d4810d4.embl-delly_1-0-0-preFilter.20150626.germline.sv.bedpe.txt.tar.gz-download_time": 12, 
                "fc9774be-1c90-b48e-e040-11ac0d4810d4.embl-delly_1-0-0-preFilter.20150626.germline.sv.bedpe.txt.tar.gz-md5sum_time": 0, 
                "fc9774be-1c90-b48e-e040-11ac0d4810d4.embl-delly_1-0-0-preFilter.20150626.germline.sv.readname.txt.tar.gz-download_time": 13, 
                "fc9774be-1c90-b48e-e040-11ac0d4810d4.embl-delly_1-0-0-preFilter.20150626.germline.sv.readname.txt.tar.gz-md5sum_time": 0, 
                "fc9774be-1c90-b48e-e040-11ac0d4810d4.embl-delly_1-0-0-preFilter.20150626.germline.sv.vcf.gz-download_time": 13, 
                "fc9774be-1c90-b48e-e040-11ac0d4810d4.embl-delly_1-0-0-preFilter.20150626.germline.sv.vcf.gz-md5sum_time": 0, 
                "fc9774be-1c90-b48e-e040-11ac0d4810d4.embl-delly_1-0-0-preFilter.20150626.germline.sv.vcf.gz.tbi-download_time": 12, 
                "fc9774be-1c90-b48e-e040-11ac0d4810d4.embl-delly_1-0-0-preFilter.20150626.germline.sv.vcf.gz.tbi-md5sum_time": 0, 
                "fc9774be-1c90-b48e-e040-11ac0d4810d4.embl-delly_1-0-0-preFilter.20150626.somatic.sv.bedpe.txt.tar.gz-download_time": 12, 
                "fc9774be-1c90-b48e-e040-11ac0d4810d4.embl-delly_1-0-0-preFilter.20150626.somatic.sv.bedpe.txt.tar.gz-md5sum_time": 0, 
                "fc9774be-1c90-b48e-e040-11ac0d4810d4.embl-delly_1-0-0-preFilter.20150626.somatic.sv.readname.txt.tar.gz-download_time": 14, 
                "fc9774be-1c90-b48e-e040-11ac0d4810d4.embl-delly_1-0-0-preFilter.20150626.somatic.sv.readname.txt.tar.gz-md5sum_time": 0, 
                "fc9774be-1c90-b48e-e040-11ac0d4810d4.embl-delly_1-0-0-preFilter.20150626.somatic.sv.vcf.gz-download_time": 13, 
                "fc9774be-1c90-b48e-e040-11ac0d4810d4.embl-delly_1-0-0-preFilter.20150626.somatic.sv.vcf.gz-md5sum_time": 0, 
                "fc9774be-1c90-b48e-e040-11ac0d4810d4.embl-delly_1-0-0-preFilter.20150626.somatic.sv.vcf.gz.tbi-download_time": 13, 
                "fc9774be-1c90-b48e-e040-11ac0d4810d4.embl-delly_1-0-0-preFilter.20150626.somatic.sv.vcf.gz.tbi-md5sum_time": 0, 
                "fc9774be-1c90-b48e-e040-11ac0d4810d4.embl-delly_1-0-0-preFilter.20150626.sv.cov.plots.tar.gz-download_time": 14, 
                "fc9774be-1c90-b48e-e040-11ac0d4810d4.embl-delly_1-0-0-preFilter.20150626.sv.cov.plots.tar.gz-md5sum_time": 0, 
                "fc9774be-1c90-b48e-e040-11ac0d4810d4.embl-delly_1-0-0-preFilter.20150626.sv.cov.tar.gz-download_time": 18, 
                "fc9774be-1c90-b48e-e040-11ac0d4810d4.embl-delly_1-0-0-preFilter.20150626.sv.cov.tar.gz-md5sum_time": 0, 
                "fc9774be-1c90-b48e-e040-11ac0d4810d4.embl-delly_1-0-0-preFilter.20150626.sv.vcf.gz-download_time": 12, 
                "fc9774be-1c90-b48e-e040-11ac0d4810d4.embl-delly_1-0-0-preFilter.20150626.sv.vcf.gz-md5sum_time": 0, 
                "fc9774be-1c90-b48e-e040-11ac0d4810d4.embl-delly_1-0-0-preFilter.20150626.sv.vcf.gz.tbi-download_time": 14, 
                "fc9774be-1c90-b48e-e040-11ac0d4810d4.embl-delly_1-0-0-preFilter.20150626.sv.vcf.gz.tbi-md5sum_time": 0, 
                "start": 1449417256, 
                "stop": 1449417991, 
                "time": 735
            }
        }
    }, 
    "aliquot_id": null, 
    "available_repos": [
        {
            "https://gtrepo-dkfz.annailabs.com/": {
                "file_md5sum": "f7a74eb05c34c7c47c64aaab068e8ec0", 
                "file_size": 64606
            }
        }
    ], 
    "data_type": "Dkfz_embl-VCF", 
    "files": [
        {
            "file_md5sum": "c2724184fbfc392c6060517512860d06",