{
    "_runs_": {
        "run_1449000949_07760fbf-916f-45ff-bfbf-0e708657dbd1": {
            "downloading": {
                "gnos-download_time": 1226, 
                "start": 1449103550, 
                "stop": 1449104777, 
                "time": 1227
            }, 
            "uploading": {
                "copy_meta_time": 2, 
                "start": 1449104794, 
                "stop": 1449105026, 
                "time": 232, 
                "upload_time": 230
            }
        }, 
        "run_1449256291_854cc1de-1a8d-4120-b9ce-5b1f48d14ccc": {
            "downloading": {
                "bbf12ad8-832f-4e15-9532-7af07d6e0e38.xml-download_time": 13, 
                "bbf12ad8-832f-4e15-9532-7af07d6e0e38.xml-md5sum_time": 0, 
                "fc68e599-6a40-61dc-e040-11ac0d48700d.dkfz-copyNumberEstimation_1-0-189-hpc-fix.1508271950.somatic.cnv.tar.gz-download_time": 244, 
                "fc68e599-6a40-61dc-e040-11ac0d48700d.dkfz-copyNumberEstimation_1-0-189-hpc-fix.1508271950.somatic.cnv.tar.gz-md5sum_time": 26, 
                "fc68e599-6a40-61dc-e040-11ac0d48700d.dkfz-copyNumberEstimation_1-0-189-hpc-fix.1508271950.somatic.cnv.vcf.gz-download_time": 15, 
                "fc68e599-6a40-61dc-e040-11ac0d48700d.dkfz-copyNumberEstimation_1-0-189-hpc-fix.1508271950.somatic.cnv.vcf.gz-md5sum_time": 0, 
                "fc68e599-6a40-61dc-e040-11ac0d48700d.dkfz-copyNumberEstimation_1-0-189-hpc-fix.1508271950.somatic.cnv.vcf.gz.tbi-download_time": 13, 
                "fc68e599-6a40-61dc-e040-11ac0d48700d.dkfz-copyNumberEstimation_1-0-189-hpc-fix.1508271950.somatic.cnv.vcf.gz.tbi-md5sum_time": 0, 
                "fc68e599-6a40-61dc-e040-11ac0d48700d.dkfz-indelCalling_1-0-132-1.20150618.germline.indel.vcf.gz-download_time": 19, 
                "fc68e599-6a40-61dc-e040-11ac0d48700d.dkfz-indelCalling_1-0-132-1.20150618.germline.indel.vcf.gz-md5sum_time": 1, 
                "fc68e599-6a40-61dc-e040-11ac0d48700d.dkfz-indelCalling_1-0-132-1.20150618.germline.indel.vcf.gz.tbi-download_time": 13, 
                "fc68e599-6a40-61dc-e040-11ac0d48700d.dkfz-indelCalling_1-0-132-1.20150618.germline.indel.vcf.gz.tbi-md5sum_time": 0, 
                "fc68e599-6a40-61dc-e040-11ac0d48700d.dkfz-indelCalling_1-0-132-1.20150618.somatic.indel.tar.gz-download_time": 51, 
                "fc68e599-6a40-61dc-e040-11ac0d48700d.dkfz-indelCalling_1-0-132-1.20150618.somatic.indel.tar.gz-md5sum_time": 3, 
                "fc68e599-6a40-61dc-e040-11ac0d48700d.dkfz-indelCalling_1-0-132-1.20150618.somatic.indel.vcf.gz-download_time": 14, 
                "fc68e599-6a40-61dc-e040-11ac0d48700d.dkfz-indelCalling_1-0-132-1.20150618.somatic.indel.vcf.gz-md5sum_time": 0, 
                "fc68e599-6a40-61dc-e040-11ac0d48700d.dkfz-indelCalling_1-0-132-1.20150618.somatic.indel.vcf.gz.tbi-download_time": 13, 
                "fc68e599-6a40-61dc-e040-11ac0d48700d.dkfz-indelCalling_1-0-132-1.20150618.somatic.indel.vcf.gz.tbi-md5sum_time": 0, 
                "fc68e599-6a40-61dc-e040-11ac0d48700d.dkfz-snvCalling_1-0-132-1.20150618.germline.snv_mnv.vcf.gz-download_time": 19, 
                "fc68e599-6a40-61dc-e040-11ac0d48700d.dkfz-snvCalling_1-0-132-1.20150618.germline.snv_mnv.vcf.gz-md5sum_time": 0, 
                "fc68e599-6a40-61dc-e040-11ac0d48700d.dkfz-snvCalling_1-0-132-1.20150618.germline.snv_mnv.vcf.gz.tbi-download_time": 14, 
                "fc68e599-6a40-61dc-e040-11ac0d48700d.dkfz-snvCalling_1-0-132-1.20150618.germline.snv_mnv.vcf.gz.tbi-md5sum_time": 0, 
                "fc68e599-6a40-61dc-e040-11ac0d48700d.dkfz-snvCalling_1-0-132-1.20150618.somatic.snv_mnv.tar.gz-download_time": 79, 
                "fc68e599-6a40-61dc-e040-11ac0d48700d.dkfz-snvCalling_1-0-132-1.20150618.somatic.snv_mnv.tar.gz-md5sum_time": 4, 
                "fc68e599-6a40-61dc-e040-11ac0d48700d.dkfz-snvCalling_1-0-132-1.20150618.somatic.snv_mnv.vcf.gz-download_time": 15, 
                "fc68e599-6a40-61dc-e040-11ac0d48700d.dkfz-snvCalling_1-0-132-1.20150618.somatic.snv_mnv.vcf.gz-md5sum_time": 0, 
                "fc68e599-6a40-61dc-e040-11ac0d48700d.dkfz-snvCalling_1-0-132-1.20150618.somatic.snv_mnv.vcf.gz.tbi-download_time": 15, 
                "fc68e599-6a40-61dc-e040-11ac0d48700d.dkfz-snvCalling_1-0-132-1.20150618.somatic.snv_mnv.vcf.gz.tbi-md5sum_time": 0, 
                "fc68e599-6a40-61dc-e040-11ac0d48700d.embl-delly_1-0-0-preFilter.20150618.germline.sv.bedpe.txt.tar.gz-download_time": 13, 
                "fc68e599-6a40-61dc-e040-11ac0d48700d.embl-delly_1-0-0-preFilter.20150618.germline.sv.bedpe.txt.tar.gz-md5sum_time": 0, 
                "fc68e599-6a40-61dc-e040-11ac0d48700d.embl-delly_1-0-0-preFilter.20150618.germline.sv.readname.txt.tar.gz-download_time": 15, 
                "fc68e599-6a40-61dc-e040-11ac0d48700d.embl-delly_1-0-0-preFilter.20150618.germline.sv.readname.txt.tar.gz-md5sum_time": 0, 
                "fc68e599-6a40-61dc-e040-11ac0d48700d.embl-delly_1-0-0-preFilter.20150618.germline.sv.vcf.gz-download_time": 13, 
                "fc68e599-6a40-61dc-e040-11ac0d48700d.embl-delly_1-0-0-preFilter.20150618.germline.sv.vcf.gz-md5sum_time": 1, 
                "fc68e599-6a40-61dc-e040-11ac0d48700d.embl-delly_1-0-0-preFilter.20150618.germline.sv.vcf.gz.tbi-download_time": 13, 
                "fc68e599-6a40-61dc-e040-11ac0d48700d.embl-delly_1-0-0-preFilter.20150618.germline.sv.vcf.gz.tbi-md5sum_time": 0, 
                "fc68e599-6a40-61dc-e040-11ac0d48700d.embl-delly_1-0-0-preFilter.20150618.somatic.sv.bedpe.txt.tar.gz-download_time": 14, 
                "fc68e599-6a40-61dc-e040-11ac0d48700d.embl-delly_1-0-0-preFilter.20150618.somatic.sv.bedpe.txt.tar.gz-md5sum_time": 0, 
                "fc68e599-6a40-61dc-e040-11ac0d48700d.embl-delly_1-0-0-preFilter.20150618.somatic.sv.readname.txt.tar.gz-download_time": 14, 
                "fc68e599-6a40-61dc-e040-11ac0d48700d.embl-delly_1-0-0-preFilter.20150618.somatic.sv.readname.txt.tar.gz-md5sum_time": 0, 
                "fc68e599-6a40-61dc-e040-11ac0d48700d.embl-delly_1-0-0-preFilter.20150618.somatic.sv.vcf.gz-download_time": 14, 
                "fc68e599-6a40-61dc-e040-11ac0d48700d.embl-delly_1-0-0-preFilter.20150618.somatic.sv.vcf.gz-md5sum_time": 0, 
                "fc68e599-6a40-61dc-e040-11ac0d48700d.embl-delly_1-0-0-preFilter.20150618.somatic.sv.vcf.gz.tbi-download_time": 14, 
                "fc68e599-6a40-61dc-e040-11ac0d48700d.embl-delly_1-0-0-preFilter.20150618.somatic.sv.vcf.gz.tbi-md5sum_time": 0, 
                "fc68e599-6a40-61dc-e040-11ac0d48700d.embl-delly_1-0-0-preFilter.20150618.sv.cov.plots.tar.gz-download_time": 15, 
                "fc68e599-6a40-61dc-e040-11ac0d48700d.embl-delly_1-0-0-preFilter.20150618.sv.cov.plots.tar.gz-md5sum_time": 0, 
                "fc68e599-6a40-61dc-e040-11ac0d48700d.embl-delly_1-0-0-preFilter.20150618.sv.cov.tar.gz-download_time": 17, 
                "fc68e599-6a40-61dc-e040-11ac0d48700d.embl-delly_1-0-0-preFilter.20150618.sv.cov.tar.gz-md5sum_time": 0, 
                "fc68e599-6a40-61dc-e040-11ac0d48700d.embl-delly_1-0-0-preFilter.20150618.sv.vcf.gz-download_time": 13, 
                "fc68e599-6a40-61dc-e040-11ac0d48700d.embl-delly_1-0-0-preFilter.20150618.sv.vcf.gz-md5sum_time": 0, 
                "fc68e599-6a40-61dc-e040-11ac0d48700d.embl-delly_1-0-0-preFilter.20150618.sv.vcf.gz.tbi-download_time": 14, 
                "fc68e599-6a40-61dc-e040-11ac0d48700d.embl-delly_1-0-0-preFilter.20150618.sv.vcf.gz.tbi-md5sum_time": 0, 
                "start": 1449447866, 
                "stop": 1449448608, 
                "time": 742
            }
        }
    }, 
    "aliquot_id": null, 
    "available_repos": [
        {
            "https://gtrepo-dkfz.annailabs.com/": {
                "file_md5sum": "f4218a5322dc169185db123f8c6e3746", 
                "file_size": 59091
            }
        }
    ], 
    "data_type": "Dkfz_embl-VCF", 
    "files": [
        {
            "file_md5sum": "b26aded8f0a4c90f2e2ddc6566ab1110",