{
    "_runs_": {
        "run_1449000949_07760fbf-916f-45ff-bfbf-0e708657dbd1": {
            "downloading": {
                "gnos-download_time": 1740, 
                "start": 1449146357, 
                "stop": 1449148098, 
                "time": 1741
            }, 
            "uploading": {
                "copy_meta_time": 1, 
                "start": 1449148118, 
                "stop": 1449148359, 
                "time": 241, 
                "upload_time": 239
            }
        }, 
        "run_1449256221_15605ad1-8eea-4587-8164-de277ca95282": {
            "downloading": {
                "bcdedc9a-cc65-42fd-94bc-c666ef094229.xml-download_time": 14, 
                "bcdedc9a-cc65-42fd-94bc-c666ef094229.xml-md5sum_time": 0, 
                "efacd7d6-56cf-4f6a-87f0-1a7ab6b1a643.dkfz-copyNumberEstimation_1-0-189-hpc-fix.1508271702.somatic.cnv.tar.gz-download_time": 254, 
                "efacd7d6-56cf-4f6a-87f0-1a7ab6b1a643.dkfz-copyNumberEstimation_1-0-189-hpc-fix.1508271702.somatic.cnv.tar.gz-md5sum_time": 21, 
                "efacd7d6-56cf-4f6a-87f0-1a7ab6b1a643.dkfz-copyNumberEstimation_1-0-189-hpc-fix.1508271702.somatic.cnv.vcf.gz-download_time": 14, 
                "efacd7d6-56cf-4f6a-87f0-1a7ab6b1a643.dkfz-copyNumberEstimation_1-0-189-hpc-fix.1508271702.somatic.cnv.vcf.gz-md5sum_time": 0, 
                "efacd7d6-56cf-4f6a-87f0-1a7ab6b1a643.dkfz-copyNumberEstimation_1-0-189-hpc-fix.1508271702.somatic.cnv.vcf.gz.tbi-download_time": 13, 
                "efacd7d6-56cf-4f6a-87f0-1a7ab6b1a643.dkfz-copyNumberEstimation_1-0-189-hpc-fix.1508271702.somatic.cnv.vcf.gz.tbi-md5sum_time": 1, 
                "efacd7d6-56cf-4f6a-87f0-1a7ab6b1a643.dkfz-indelCalling_1-0-132-1.20150629.germline.indel.vcf.gz-download_time": 19, 
                "efacd7d6-56cf-4f6a-87f0-1a7ab6b1a643.dkfz-indelCalling_1-0-132-1.20150629.germline.indel.vcf.gz-md5sum_time": 0, 
                "efacd7d6-56cf-4f6a-87f0-1a7ab6b1a643.dkfz-indelCalling_1-0-132-1.20150629.germline.indel.vcf.gz.tbi-download_time": 15, 
                "efacd7d6-56cf-4f6a-87f0-1a7ab6b1a643.dkfz-indelCalling_1-0-132-1.20150629.germline.indel.vcf.gz.tbi-md5sum_time": 0, 
                "efacd7d6-56cf-4f6a-87f0-1a7ab6b1a643.dkfz-indelCalling_1-0-132-1.20150629.somatic.indel.tar.gz-download_time": 57, 
                "efacd7d6-56cf-4f6a-87f0-1a7ab6b1a643.dkfz-indelCalling_1-0-132-1.20150629.somatic.indel.tar.gz-md5sum_time": 3, 
                "efacd7d6-56cf-4f6a-87f0-1a7ab6b1a643.dkfz-indelCalling_1-0-132-1.20150629.somatic.indel.vcf.gz-download_time": 14, 
                "efacd7d6-56cf-4f6a-87f0-1a7ab6b1a643.dkfz-indelCalling_1-0-132-1.20150629.somatic.indel.vcf.gz-md5sum_time": 0, 
                "efacd7d6-56cf-4f6a-87f0-1a7ab6b1a643.dkfz-indelCalling_1-0-132-1.20150629.somatic.indel.vcf.gz.tbi-download_time": 16, 
                "efacd7d6-56cf-4f6a-87f0-1a7ab6b1a643.dkfz-indelCalling_1-0-132-1.20150629.somatic.indel.vcf.gz.tbi-md5sum_time": 0, 
                "efacd7d6-56cf-4f6a-87f0-1a7ab6b1a643.dkfz-snvCalling_1-0-132-1.20150629.germline.snv_mnv.vcf.gz-download_time": 22, 
                "efacd7d6-56cf-4f6a-87f0-1a7ab6b1a643.dkfz-snvCalling_1-0-132-1.20150629.germline.snv_mnv.vcf.gz-md5sum_time": 0, 
                "efacd7d6-56cf-4f6a-87f0-1a7ab6b1a643.dkfz-snvCalling_1-0-132-1.20150629.germline.snv_mnv.vcf.gz.tbi-download_time": 13, 
                "efacd7d6-56cf-4f6a-87f0-1a7ab6b1a643.dkfz-snvCalling_1-0-132-1.20150629.germline.snv_mnv.vcf.gz.tbi-md5sum_time": 0, 
                "efacd7d6-56cf-4f6a-87f0-1a7ab6b1a643.dkfz-snvCalling_1-0-132-1.20150629.somatic.snv_mnv.tar.gz-download_time": 86, 
                "efacd7d6-56cf-4f6a-87f0-1a7ab6b1a643.dkfz-snvCalling_1-0-132-1.20150629.somatic.snv_mnv.tar.gz-md5sum_time": 4, 
                "efacd7d6-56cf-4f6a-87f0-1a7ab6b1a643.dkfz-snvCalling_1-0-132-1.20150629.somatic.snv_mnv.vcf.gz-download_time": 14, 
                "efacd7d6-56cf-4f6a-87f0-1a7ab6b1a643.dkfz-snvCalling_1-0-132-1.20150629.somatic.snv_mnv.vcf.gz-md5sum_time": 0, 
                "efacd7d6-56cf-4f6a-87f0-1a7ab6b1a643.dkfz-snvCalling_1-0-132-1.20150629.somatic.snv_mnv.vcf.gz.tbi-download_time": 14, 
                "efacd7d6-56cf-4f6a-87f0-1a7ab6b1a643.dkfz-snvCalling_1-0-132-1.20150629.somatic.snv_mnv.vcf.gz.tbi-md5sum_time": 0, 
                "efacd7d6-56cf-4f6a-87f0-1a7ab6b1a643.embl-delly_1-0-0-preFilter.20150629.germline.sv.bedpe.txt.tar.gz-download_time": 13, 
                "efacd7d6-56cf-4f6a-87f0-1a7ab6b1a643.embl-delly_1-0-0-preFilter.20150629.germline.sv.bedpe.txt.tar.gz-md5sum_time": 1, 
                "efacd7d6-56cf-4f6a-87f0-1a7ab6b1a643.embl-delly_1-0-0-preFilter.20150629.germline.sv.readname.txt.tar.gz-download_time": 14, 
                "efacd7d6-56cf-4f6a-87f0-1a7ab6b1a643.embl-delly_1-0-0-preFilter.20150629.germline.sv.readname.txt.tar.gz-md5sum_time": 0, 
                "efacd7d6-56cf-4f6a-87f0-1a7ab6b1a643.embl-delly_1-0-0-preFilter.20150629.germline.sv.vcf.gz-download_time": 14, 
                "efacd7d6-56cf-4f6a-87f0-1a7ab6b1a643.embl-delly_1-0-0-preFilter.20150629.germline.sv.vcf.gz-md5sum_time": 0, 
                "efacd7d6-56cf-4f6a-87f0-1a7ab6b1a643.embl-delly_1-0-0-preFilter.20150629.germline.sv.vcf.gz.tbi-download_time": 13, 
                "efacd7d6-56cf-4f6a-87f0-1a7ab6b1a643.embl-delly_1-0-0-preFilter.20150629.germline.sv.vcf.gz.tbi-md5sum_time": 0, 
                "efacd7d6-56cf-4f6a-87f0-1a7ab6b1a643.embl-delly_1-0-0-preFilter.20150629.somatic.sv.bedpe.txt.tar.gz-download_time": 14, 
                "efacd7d6-56cf-4f6a-87f0-1a7ab6b1a643.embl-delly_1-0-0-preFilter.20150629.somatic.sv.bedpe.txt.tar.gz-md5sum_time": 0, 
                "efacd7d6-56cf-4f6a-87f0-1a7ab6b1a643.embl-delly_1-0-0-preFilter.20150629.somatic.sv.readname.txt.tar.gz-download_time": 13, 
                "efacd7d6-56cf-4f6a-87f0-1a7ab6b1a643.embl-delly_1-0-0-preFilter.20150629.somatic.sv.readname.txt.tar.gz-md5sum_time": 0, 
                "efacd7d6-56cf-4f6a-87f0-1a7ab6b1a643.embl-delly_1-0-0-preFilter.20150629.somatic.sv.vcf.gz-download_time": 13, 
                "efacd7d6-56cf-4f6a-87f0-1a7ab6b1a643.embl-delly_1-0-0-preFilter.20150629.somatic.sv.vcf.gz-md5sum_time": 0, 
                "efacd7d6-56cf-4f6a-87f0-1a7ab6b1a643.embl-delly_1-0-0-preFilter.20150629.somatic.sv.vcf.gz.tbi-download_time": 14, 
                "efacd7d6-56cf-4f6a-87f0-1a7ab6b1a643.embl-delly_1-0-0-preFilter.20150629.somatic.sv.vcf.gz.tbi-md5sum_time": 0, 
                "efacd7d6-56cf-4f6a-87f0-1a7ab6b1a643.embl-delly_1-0-0-preFilter.20150629.sv.cov.plots.tar.gz-download_time": 15, 
                "efacd7d6-56cf-4f6a-87f0-1a7ab6b1a643.embl-delly_1-0-0-preFilter.20150629.sv.cov.plots.tar.gz-md5sum_time": 0, 
                "efacd7d6-56cf-4f6a-87f0-1a7ab6b1a643.embl-delly_1-0-0-preFilter.20150629.sv.cov.tar.gz-download_time": 19, 
                "efacd7d6-56cf-4f6a-87f0-1a7ab6b1a643.embl-delly_1-0-0-preFilter.20150629.sv.cov.tar.gz-md5sum_time": 0, 
                "efacd7d6-56cf-4f6a-87f0-1a7ab6b1a643.embl-delly_1-0-0-preFilter.20150629.sv.vcf.gz-download_time": 14, 
                "efacd7d6-56cf-4f6a-87f0-1a7ab6b1a643.embl-delly_1-0-0-preFilter.20150629.sv.vcf.gz-md5sum_time": 0, 
                "efacd7d6-56cf-4f6a-87f0-1a7ab6b1a643.embl-delly_1-0-0-preFilter.20150629.sv.vcf.gz.tbi-download_time": 14, 
                "efacd7d6-56cf-4f6a-87f0-1a7ab6b1a643.embl-delly_1-0-0-preFilter.20150629.sv.vcf.gz.tbi-md5sum_time": 0, 
                "start": 1449449394, 
                "stop": 1449450160, 
                "time": 766
            }
        }
    }, 
    "aliquot_id": null, 
    "available_repos": [
        {
            "https://gtrepo-dkfz.annailabs.com/": {
                "file_md5sum": "c8614effdf9f62f19ce9b86c783e0631", 
                "file_size": 59645
            }
        }
    ], 
    "data_type": "Dkfz_embl-VCF", 
    "files": [
        {
            "file_md5sum": "3477125be87102eab643951d1688c7e6",