{
    "_runs_": {
        "run_1449082838_f84e7db3-10a6-470d-a469-f4f84d8ac4f4": {
            "downloading": {
                "gnos-download_time": 1273, 
                "start": 1449151723, 
                "stop": 1449152997, 
                "time": 1274
            }, 
            "uploading": {
                "copy_meta_time": 2, 
                "start": 1449153022, 
                "stop": 1449153250, 
                "time": 228, 
                "upload_time": 226
            }
        }, 
        "run_1449252103_152c7654-43a8-4095-9763-2d1564a0e842": {
            "downloading": {
                "b55751c4-c622-11e3-bf01-24c6515278c0.dkfz-copyNumberEstimation_1-0-189-hpc-fix.1508271619.somatic.cnv.tar.gz-download_time": 224, 
                "b55751c4-c622-11e3-bf01-24c6515278c0.dkfz-copyNumberEstimation_1-0-189-hpc-fix.1508271619.somatic.cnv.tar.gz-md5sum_time": 20, 
                "b55751c4-c622-11e3-bf01-24c6515278c0.dkfz-copyNumberEstimation_1-0-189-hpc-fix.1508271619.somatic.cnv.vcf.gz-download_time": 13, 
                "b55751c4-c622-11e3-bf01-24c6515278c0.dkfz-copyNumberEstimation_1-0-189-hpc-fix.1508271619.somatic.cnv.vcf.gz-md5sum_time": 0, 
                "b55751c4-c622-11e3-bf01-24c6515278c0.dkfz-copyNumberEstimation_1-0-189-hpc-fix.1508271619.somatic.cnv.vcf.gz.tbi-download_time": 12, 
                "b55751c4-c622-11e3-bf01-24c6515278c0.dkfz-copyNumberEstimation_1-0-189-hpc-fix.1508271619.somatic.cnv.vcf.gz.tbi-md5sum_time": 0, 
                "b55751c4-c622-11e3-bf01-24c6515278c0.dkfz-indelCalling_1-0-132-1.20150711.germline.indel.vcf.gz-download_time": 18, 
                "b55751c4-c622-11e3-bf01-24c6515278c0.dkfz-indelCalling_1-0-132-1.20150711.germline.indel.vcf.gz-md5sum_time": 0, 
                "b55751c4-c622-11e3-bf01-24c6515278c0.dkfz-indelCalling_1-0-132-1.20150711.germline.indel.vcf.gz.tbi-download_time": 14, 
                "b55751c4-c622-11e3-bf01-24c6515278c0.dkfz-indelCalling_1-0-132-1.20150711.germline.indel.vcf.gz.tbi-md5sum_time": 0, 
                "b55751c4-c622-11e3-bf01-24c6515278c0.dkfz-indelCalling_1-0-132-1.20150711.somatic.indel.tar.gz-download_time": 46, 
                "b55751c4-c622-11e3-bf01-24c6515278c0.dkfz-indelCalling_1-0-132-1.20150711.somatic.indel.tar.gz-md5sum_time": 2, 
                "b55751c4-c622-11e3-bf01-24c6515278c0.dkfz-indelCalling_1-0-132-1.20150711.somatic.indel.vcf.gz-download_time": 13, 
                "b55751c4-c622-11e3-bf01-24c6515278c0.dkfz-indelCalling_1-0-132-1.20150711.somatic.indel.vcf.gz-md5sum_time": 0, 
                "b55751c4-c622-11e3-bf01-24c6515278c0.dkfz-indelCalling_1-0-132-1.20150711.somatic.indel.vcf.gz.tbi-download_time": 14, 
                "b55751c4-c622-11e3-bf01-24c6515278c0.dkfz-indelCalling_1-0-132-1.20150711.somatic.indel.vcf.gz.tbi-md5sum_time": 0, 
                "b55751c4-c622-11e3-bf01-24c6515278c0.dkfz-snvCalling_1-0-132-1.20150711.germline.snv_mnv.vcf.gz-download_time": 23, 
                "b55751c4-c622-11e3-bf01-24c6515278c0.dkfz-snvCalling_1-0-132-1.20150711.germline.snv_mnv.vcf.gz-md5sum_time": 0, 
                "b55751c4-c622-11e3-bf01-24c6515278c0.dkfz-snvCalling_1-0-132-1.20150711.germline.snv_mnv.vcf.gz.tbi-download_time": 13, 
                "b55751c4-c622-11e3-bf01-24c6515278c0.dkfz-snvCalling_1-0-132-1.20150711.germline.snv_mnv.vcf.gz.tbi-md5sum_time": 0, 
                "b55751c4-c622-11e3-bf01-24c6515278c0.dkfz-snvCalling_1-0-132-1.20150711.somatic.snv_mnv.tar.gz-download_time": 76, 
                "b55751c4-c622-11e3-bf01-24c6515278c0.dkfz-snvCalling_1-0-132-1.20150711.somatic.snv_mnv.tar.gz-md5sum_time": 3, 
                "b55751c4-c622-11e3-bf01-24c6515278c0.dkfz-snvCalling_1-0-132-1.20150711.somatic.snv_mnv.vcf.gz-download_time": 14, 
                "b55751c4-c622-11e3-bf01-24c6515278c0.dkfz-snvCalling_1-0-132-1.20150711.somatic.snv_mnv.vcf.gz-md5sum_time": 0, 
                "b55751c4-c622-11e3-bf01-24c6515278c0.dkfz-snvCalling_1-0-132-1.20150711.somatic.snv_mnv.vcf.gz.tbi-download_time": 12, 
                "b55751c4-c622-11e3-bf01-24c6515278c0.dkfz-snvCalling_1-0-132-1.20150711.somatic.snv_mnv.vcf.gz.tbi-md5sum_time": 0, 
                "b55751c4-c622-11e3-bf01-24c6515278c0.embl-delly_1-0-0-preFilter.20150711.germline.sv.bedpe.txt.tar.gz-download_time": 12, 
                "b55751c4-c622-11e3-bf01-24c6515278c0.embl-delly_1-0-0-preFilter.20150711.germline.sv.bedpe.txt.tar.gz-md5sum_time": 0, 
                "b55751c4-c622-11e3-bf01-24c6515278c0.embl-delly_1-0-0-preFilter.20150711.germline.sv.readname.txt.tar.gz-download_time": 13, 
                "b55751c4-c622-11e3-bf01-24c6515278c0.embl-delly_1-0-0-preFilter.20150711.germline.sv.readname.txt.tar.gz-md5sum_time": 0, 
                "b55751c4-c622-11e3-bf01-24c6515278c0.embl-delly_1-0-0-preFilter.20150711.germline.sv.vcf.gz-download_time": 20, 
                "b55751c4-c622-11e3-bf01-24c6515278c0.embl-delly_1-0-0-preFilter.20150711.germline.sv.vcf.gz-md5sum_time": 0, 
                "b55751c4-c622-11e3-bf01-24c6515278c0.embl-delly_1-0-0-preFilter.20150711.germline.sv.vcf.gz.tbi-download_time": 12, 
                "b55751c4-c622-11e3-bf01-24c6515278c0.embl-delly_1-0-0-preFilter.20150711.germline.sv.vcf.gz.tbi-md5sum_time": 0, 
                "b55751c4-c622-11e3-bf01-24c6515278c0.embl-delly_1-0-0-preFilter.20150711.somatic.sv.bedpe.txt.tar.gz-download_time": 12, 
                "b55751c4-c622-11e3-bf01-24c6515278c0.embl-delly_1-0-0-preFilter.20150711.somatic.sv.bedpe.txt.tar.gz-md5sum_time": 0, 
                "b55751c4-c622-11e3-bf01-24c6515278c0.embl-delly_1-0-0-preFilter.20150711.somatic.sv.readname.txt.tar.gz-download_time": 14, 
                "b55751c4-c622-11e3-bf01-24c6515278c0.embl-delly_1-0-0-preFilter.20150711.somatic.sv.readname.txt.tar.gz-md5sum_time": 0, 
                "b55751c4-c622-11e3-bf01-24c6515278c0.embl-delly_1-0-0-preFilter.20150711.somatic.sv.vcf.gz-download_time": 12, 
                "b55751c4-c622-11e3-bf01-24c6515278c0.embl-delly_1-0-0-preFilter.20150711.somatic.sv.vcf.gz-md5sum_time": 0, 
                "b55751c4-c622-11e3-bf01-24c6515278c0.embl-delly_1-0-0-preFilter.20150711.somatic.sv.vcf.gz.tbi-download_time": 13, 
                "b55751c4-c622-11e3-bf01-24c6515278c0.embl-delly_1-0-0-preFilter.20150711.somatic.sv.vcf.gz.tbi-md5sum_time": 0, 
                "b55751c4-c622-11e3-bf01-24c6515278c0.embl-delly_1-0-0-preFilter.20150711.sv.cov.plots.tar.gz-download_time": 14, 
                "b55751c4-c622-11e3-bf01-24c6515278c0.embl-delly_1-0-0-preFilter.20150711.sv.cov.plots.tar.gz-md5sum_time": 0, 
                "b55751c4-c622-11e3-bf01-24c6515278c0.embl-delly_1-0-0-preFilter.20150711.sv.cov.tar.gz-download_time": 19, 
                "b55751c4-c622-11e3-bf01-24c6515278c0.embl-delly_1-0-0-preFilter.20150711.sv.cov.tar.gz-md5sum_time": 0, 
                "b55751c4-c622-11e3-bf01-24c6515278c0.embl-delly_1-0-0-preFilter.20150711.sv.vcf.gz-download_time": 13, 
                "b55751c4-c622-11e3-bf01-24c6515278c0.embl-delly_1-0-0-preFilter.20150711.sv.vcf.gz-md5sum_time": 0, 
                "b55751c4-c622-11e3-bf01-24c6515278c0.embl-delly_1-0-0-preFilter.20150711.sv.vcf.gz.tbi-download_time": 13, 
                "b55751c4-c622-11e3-bf01-24c6515278c0.embl-delly_1-0-0-preFilter.20150711.sv.vcf.gz.tbi-md5sum_time": 0, 
                "ca4c4310-28f6-4f90-90df-7aea1fec5605.xml-download_time": 14, 
                "ca4c4310-28f6-4f90-90df-7aea1fec5605.xml-md5sum_time": 0, 
                "start": 1449470429, 
                "stop": 1449471127, 
                "time": 698
            }
        }
    }, 
    "aliquot_id": null, 
    "available_repos": [
        {
            "https://gtrepo-dkfz.annailabs.com/": {
                "file_md5sum": "8b76df5eb54507d3f684b507bbe244f2", 
                "file_size": 58507
            }
        }
    ], 
    "data_type": "Dkfz_embl-VCF", 
    "files": [
        {
            "file_md5sum": "35160afe15616339477c18e296bdc359",