{
    "_runs_": {
        "run_1449000815_cad35a1b-43f5-4525-abb7-3c35ec6f1dfc": {
            "downloading": {
                "gnos-download_time": 209, 
                "start": 1449033162, 
                "stop": 1449033372, 
                "time": 210
            }, 
            "uploading": {
                "copy_meta_time": 1, 
                "start": 1449033386, 
                "stop": 1449033567, 
                "time": 181, 
                "upload_time": 179
            }
        }, 
        "run_1449252103_152c7654-43a8-4095-9763-2d1564a0e842": {
            "downloading": {
                "7b296706-b535-45a0-9a8e-4a34a8c33bb5.svcp_1-0-5.20150318.somatic.binnedReadCounts.tar.gz-download_time": 21, 
                "7b296706-b535-45a0-9a8e-4a34a8c33bb5.svcp_1-0-5.20150318.somatic.binnedReadCounts.tar.gz-md5sum_time": 0, 
                "7b296706-b535-45a0-9a8e-4a34a8c33bb5.svcp_1-0-5.20150318.somatic.cnv.tar.gz-download_time": 15, 
                "7b296706-b535-45a0-9a8e-4a34a8c33bb5.svcp_1-0-5.20150318.somatic.cnv.tar.gz-md5sum_time": 0, 
                "7b296706-b535-45a0-9a8e-4a34a8c33bb5.svcp_1-0-5.20150318.somatic.cnv.vcf.gz-download_time": 12, 
                "7b296706-b535-45a0-9a8e-4a34a8c33bb5.svcp_1-0-5.20150318.somatic.cnv.vcf.gz-md5sum_time": 0, 
                "7b296706-b535-45a0-9a8e-4a34a8c33bb5.svcp_1-0-5.20150318.somatic.cnv.vcf.gz.tbi-download_time": 12, 
                "7b296706-b535-45a0-9a8e-4a34a8c33bb5.svcp_1-0-5.20150318.somatic.cnv.vcf.gz.tbi-md5sum_time": 0, 
                "7b296706-b535-45a0-9a8e-4a34a8c33bb5.svcp_1-0-5.20150318.somatic.genotype.tar.gz-download_time": 14, 
                "7b296706-b535-45a0-9a8e-4a34a8c33bb5.svcp_1-0-5.20150318.somatic.genotype.tar.gz-md5sum_time": 0, 
                "7b296706-b535-45a0-9a8e-4a34a8c33bb5.svcp_1-0-5.20150318.somatic.imputeCounts.tar.gz-download_time": 39, 
                "7b296706-b535-45a0-9a8e-4a34a8c33bb5.svcp_1-0-5.20150318.somatic.imputeCounts.tar.gz-md5sum_time": 1, 
                "7b296706-b535-45a0-9a8e-4a34a8c33bb5.svcp_1-0-5.20150318.somatic.indel.tar.gz-download_time": 60, 
                "7b296706-b535-45a0-9a8e-4a34a8c33bb5.svcp_1-0-5.20150318.somatic.indel.tar.gz-md5sum_time": 2, 
                "7b296706-b535-45a0-9a8e-4a34a8c33bb5.svcp_1-0-5.20150318.somatic.indel.vcf.gz-download_time": 16, 
                "7b296706-b535-45a0-9a8e-4a34a8c33bb5.svcp_1-0-5.20150318.somatic.indel.vcf.gz-md5sum_time": 0, 
                "7b296706-b535-45a0-9a8e-4a34a8c33bb5.svcp_1-0-5.20150318.somatic.indel.vcf.gz.tbi-download_time": 12, 
                "7b296706-b535-45a0-9a8e-4a34a8c33bb5.svcp_1-0-5.20150318.somatic.indel.vcf.gz.tbi-md5sum_time": 0, 
                "7b296706-b535-45a0-9a8e-4a34a8c33bb5.svcp_1-0-5.20150318.somatic.snv_mnv.tar.gz-download_time": 22, 
                "7b296706-b535-45a0-9a8e-4a34a8c33bb5.svcp_1-0-5.20150318.somatic.snv_mnv.tar.gz-md5sum_time": 1, 
                "7b296706-b535-45a0-9a8e-4a34a8c33bb5.svcp_1-0-5.20150318.somatic.snv_mnv.vcf.gz-download_time": 14, 
                "7b296706-b535-45a0-9a8e-4a34a8c33bb5.svcp_1-0-5.20150318.somatic.snv_mnv.vcf.gz-md5sum_time": 0, 
                "7b296706-b535-45a0-9a8e-4a34a8c33bb5.svcp_1-0-5.20150318.somatic.snv_mnv.vcf.gz.tbi-download_time": 13, 
                "7b296706-b535-45a0-9a8e-4a34a8c33bb5.svcp_1-0-5.20150318.somatic.snv_mnv.vcf.gz.tbi-md5sum_time": 0, 
                "7b296706-b535-45a0-9a8e-4a34a8c33bb5.svcp_1-0-5.20150318.somatic.sv.tar.gz-download_time": 109, 
                "7b296706-b535-45a0-9a8e-4a34a8c33bb5.svcp_1-0-5.20150318.somatic.sv.tar.gz-md5sum_time": 6, 
                "7b296706-b535-45a0-9a8e-4a34a8c33bb5.svcp_1-0-5.20150318.somatic.sv.vcf.gz-download_time": 14, 
                "7b296706-b535-45a0-9a8e-4a34a8c33bb5.svcp_1-0-5.20150318.somatic.sv.vcf.gz-md5sum_time": 0, 
                "7b296706-b535-45a0-9a8e-4a34a8c33bb5.svcp_1-0-5.20150318.somatic.sv.vcf.gz.tbi-download_time": 14, 
                "7b296706-b535-45a0-9a8e-4a34a8c33bb5.svcp_1-0-5.20150318.somatic.sv.vcf.gz.tbi-md5sum_time": 0, 
                "7b296706-b535-45a0-9a8e-4a34a8c33bb5.svcp_1-0-5.20150318.somatic.verifyBamId.tar.gz-download_time": 13, 
                "7b296706-b535-45a0-9a8e-4a34a8c33bb5.svcp_1-0-5.20150318.somatic.verifyBamId.tar.gz-md5sum_time": 0, 
                "cdc19208-d15d-4ae2-bc07-b0eab4ce61ee.xml-download_time": 14, 
                "cdc19208-d15d-4ae2-bc07-b0eab4ce61ee.xml-md5sum_time": 0, 
                "start": 1449474983, 
                "stop": 1449475407, 
                "time": 424
            }
        }
    }, 
    "aliquot_id": null, 
    "available_repos": [
        {
            "https://gtrepo-bsc.annailabs.com/": {
                "file_md5sum": "61bc2166351a25a3aeca45319cf37716", 
                "file_size": 65001
            }
        }
    ], 
    "data_type": "Sanger-VCF", 
    "files": [
        {
            "file_md5sum": "c1ac6243a75faad94a7d83bc3779d195", 
            "file_name": "7b296706-b535-45a0-9a8e-4a34a8c33bb5.svcp_1-0-5.20150318.somatic.snv_mnv.vcf.gz", 
            "file_size": 3643450, 
            "object_id": "62b958e8-45a0-5353-b8c5-19f7a5098a75"
        }, 
        {
            "file_md5sum": "18b7241cd0c6f58197abeba3fb91d223", 
            "file_name": "7b296706-b535-45a0-9a8e-4a34a8c33bb5.svcp_1-0-5.20150318.somatic.snv_mnv.vcf.gz.tbi", 
            "file_size": 388978, 
            "object_id": "8ef7cd1e-7433-5bee-958c-17490378ea8e"
        }, 
        {
            "file_md5sum": "d42a947c4fbed45154157b91ae1ee77d", 
            "file_name": "7b296706-b535-45a0-9a8e-4a34a8c33bb5.svcp_1-0-5.20150318.somatic.cnv.vcf.gz", 
            "file_size": 1891, 
            "object_id": "acefb2df-1a64-5543-bdcd-4b4d70f0e543"
        }, 
        {
            "file_md5sum": "9f0216600d11e56e12da2b9a2bc6b5cc", 
            "file_name": "7b296706-b535-45a0-9a8e-4a34a8c33bb5.svcp_1-0-5.20150318.somatic.cnv.vcf.gz.tbi", 
            "file_size": 4112, 
            "object_id": "6f0406f8-f9c8-5fa4-9269-3b71dd084c1f"
        }, 
        {
            "file_md5sum": "69e9788cfdbf922af6f501e9c7b2c370", 
            "file_name": "7b296706-b535-45a0-9a8e-4a34a8c33bb5.svcp_1-0-5.20150318.somatic.sv.vcf.gz", 
            "file_size": 2824, 
            "object_id": "86a97063-ea29-5954-8ade-1181319ef9d9"
        }, 
        {
            "file_md5sum": "bd5a2b83a0e21e524ce06ffb550af384", 
            "file_name": "7b296706-b535-45a0-9a8e-4a34a8c33bb5.svcp_1-0-5.20150318.somatic.sv.vcf.gz.tbi", 
            "file_size": 337, 
            "object_id": "a567cc06-12e1-5bcd-be97-ac85a63e3551"
        }, 
        {
            "file_md5sum": "23d7ea98c00afd70c56392d72ec02ea0", 
            "file_name": "7b296706-b535-45a0-9a8e-4a34a8c33bb5.svcp_1-0-5.20150318.somatic.indel.vcf.gz", 
            "file_size": 45318209, 
            "object_id": "80b08e51-bd91-5415-a728-a77be0dc5f30"
        }, 
        {
            "file_md5sum": "d6be92f1a1009655138f851861beba3f", 
            "file_name": "7b296706-b535-45a0-9a8e-4a34a8c33bb5.svcp_1-0-5.20150318.somatic.indel.vcf.gz.tbi", 
            "file_size": 1430828, 
            "object_id": "42f43460-d508-55b8-8fb6-821f71b17180"
        }, 
        {
            "file_md5sum": "733dea6e70728d19cd0f195c98021485", 
            "file_name": "7b296706-b535-45a0-9a8e-4a34a8c33bb5.svcp_1-0-5.20150318.somatic.snv_mnv.tar.gz", 
            "file_size": 161637726, 
            "object_id": "9eee0b84-58a9-5e36-ac65-eecf1494651a"
        }, 
        {
            "file_md5sum": "f00a35c16f482bda07fe78aa2c86fe47", 
            "file_name": "7b296706-b535-45a0-9a8e-4a34a8c33bb5.svcp_1-0-5.20150318.somatic.cnv.tar.gz", 
            "file_size": 27177119, 
            "object_id": "f2d1a8dd-1688-5d91-90a2-d5eace055ea4"
        }, 
        {
            "file_md5sum": "c23fa129b7b96c3782e1166132fa563a",