{
    "_runs_": {
        "run_1449021626_519f2490-ff6f-49ec-8fcd-839b771e4407": {
            "downloading": {
                "gnos-download_time": 288, 
                "start": 1449033232, 
                "stop": 1449033521, 
                "time": 289
            }, 
            "uploading": {
                "copy_meta_time": 1, 
                "start": 1449033546, 
                "stop": 1449033761, 
                "time": 215, 
                "upload_time": 213
            }
        }, 
        "run_1449256569_76e81a59-4210-47e5-9370-3d9c27baa182": {
            "downloading": {
                "616ff577-c5c3-432e-a857-f29901de119c.svcp_1-0-5.20150318.somatic.binnedReadCounts.tar.gz-download_time": 20, 
                "616ff577-c5c3-432e-a857-f29901de119c.svcp_1-0-5.20150318.somatic.binnedReadCounts.tar.gz-md5sum_time": 1, 
                "616ff577-c5c3-432e-a857-f29901de119c.svcp_1-0-5.20150318.somatic.cnv.tar.gz-download_time": 16, 
                "616ff577-c5c3-432e-a857-f29901de119c.svcp_1-0-5.20150318.somatic.cnv.tar.gz-md5sum_time": 0, 
                "616ff577-c5c3-432e-a857-f29901de119c.svcp_1-0-5.20150318.somatic.cnv.vcf.gz-download_time": 14, 
                "616ff577-c5c3-432e-a857-f29901de119c.svcp_1-0-5.20150318.somatic.cnv.vcf.gz-md5sum_time": 0, 
                "616ff577-c5c3-432e-a857-f29901de119c.svcp_1-0-5.20150318.somatic.cnv.vcf.gz.tbi-download_time": 13, 
                "616ff577-c5c3-432e-a857-f29901de119c.svcp_1-0-5.20150318.somatic.cnv.vcf.gz.tbi-md5sum_time": 0, 
                "616ff577-c5c3-432e-a857-f29901de119c.svcp_1-0-5.20150318.somatic.genotype.tar.gz-download_time": 13, 
                "616ff577-c5c3-432e-a857-f29901de119c.svcp_1-0-5.20150318.somatic.genotype.tar.gz-md5sum_time": 0, 
                "616ff577-c5c3-432e-a857-f29901de119c.svcp_1-0-5.20150318.somatic.imputeCounts.tar.gz-download_time": 39, 
                "616ff577-c5c3-432e-a857-f29901de119c.svcp_1-0-5.20150318.somatic.imputeCounts.tar.gz-md5sum_time": 2, 
                "616ff577-c5c3-432e-a857-f29901de119c.svcp_1-0-5.20150318.somatic.indel.tar.gz-download_time": 80, 
                "616ff577-c5c3-432e-a857-f29901de119c.svcp_1-0-5.20150318.somatic.indel.tar.gz-md5sum_time": 4, 
                "616ff577-c5c3-432e-a857-f29901de119c.svcp_1-0-5.20150318.somatic.indel.vcf.gz-download_time": 17, 
                "616ff577-c5c3-432e-a857-f29901de119c.svcp_1-0-5.20150318.somatic.indel.vcf.gz-md5sum_time": 0, 
                "616ff577-c5c3-432e-a857-f29901de119c.svcp_1-0-5.20150318.somatic.indel.vcf.gz.tbi-download_time": 14, 
                "616ff577-c5c3-432e-a857-f29901de119c.svcp_1-0-5.20150318.somatic.indel.vcf.gz.tbi-md5sum_time": 0, 
                "616ff577-c5c3-432e-a857-f29901de119c.svcp_1-0-5.20150318.somatic.snv_mnv.tar.gz-download_time": 24, 
                "616ff577-c5c3-432e-a857-f29901de119c.svcp_1-0-5.20150318.somatic.snv_mnv.tar.gz-md5sum_time": 0, 
                "616ff577-c5c3-432e-a857-f29901de119c.svcp_1-0-5.20150318.somatic.snv_mnv.vcf.gz-download_time": 13, 
                "616ff577-c5c3-432e-a857-f29901de119c.svcp_1-0-5.20150318.somatic.snv_mnv.vcf.gz-md5sum_time": 0, 
                "616ff577-c5c3-432e-a857-f29901de119c.svcp_1-0-5.20150318.somatic.snv_mnv.vcf.gz.tbi-download_time": 12, 
                "616ff577-c5c3-432e-a857-f29901de119c.svcp_1-0-5.20150318.somatic.snv_mnv.vcf.gz.tbi-md5sum_time": 0, 
                "616ff577-c5c3-432e-a857-f29901de119c.svcp_1-0-5.20150318.somatic.sv.tar.gz-download_time": 226, 
                "616ff577-c5c3-432e-a857-f29901de119c.svcp_1-0-5.20150318.somatic.sv.tar.gz-md5sum_time": 16, 
                "616ff577-c5c3-432e-a857-f29901de119c.svcp_1-0-5.20150318.somatic.sv.vcf.gz-download_time": 14, 
                "616ff577-c5c3-432e-a857-f29901de119c.svcp_1-0-5.20150318.somatic.sv.vcf.gz-md5sum_time": 0, 
                "616ff577-c5c3-432e-a857-f29901de119c.svcp_1-0-5.20150318.somatic.sv.vcf.gz.tbi-download_time": 13, 
                "616ff577-c5c3-432e-a857-f29901de119c.svcp_1-0-5.20150318.somatic.sv.vcf.gz.tbi-md5sum_time": 0, 
                "616ff577-c5c3-432e-a857-f29901de119c.svcp_1-0-5.20150318.somatic.verifyBamId.tar.gz-download_time": 14, 
                "616ff577-c5c3-432e-a857-f29901de119c.svcp_1-0-5.20150318.somatic.verifyBamId.tar.gz-md5sum_time": 0, 
                "d1873568-ec64-46d5-8d05-f958a1e22f2a.xml-download_time": 13, 
                "d1873568-ec64-46d5-8d05-f958a1e22f2a.xml-md5sum_time": 0, 
                "start": 1449479870, 
                "stop": 1449480449, 
                "time": 579
            }
        }
    }, 
    "aliquot_id": null, 
    "available_repos": [
        {
            "https://gtrepo-bsc.annailabs.com/": {
                "file_md5sum": "e5785e81cf1a81e971a86e23b0312777", 
                "file_size": 62920
            }
        }
    ], 
    "data_type": "Sanger-VCF", 
    "files": [
        {
            "file_md5sum": "c03ebe8333fad4ce3d614b5c411830b5", 
            "file_name": "616ff577-c5c3-432e-a857-f29901de119c.svcp_1-0-5.20150318.somatic.snv_mnv.vcf.gz", 
            "file_size": 1668723, 
            "object_id": "ddcbdaac-8d78-53d7-96d1-26e8d7237522"
        }, 
        {
            "file_md5sum": "89f2ff6bbdb2ce3a17beff30bec830ee", 
            "file_name": "616ff577-c5c3-432e-a857-f29901de119c.svcp_1-0-5.20150318.somatic.snv_mnv.vcf.gz.tbi", 
            "file_size": 289163, 
            "object_id": "d070861a-651a-5077-9fc9-84529f41ff04"
        }, 
        {
            "file_md5sum": "fc953660a19c1bef2ae4014292eac83d", 
            "file_name": "616ff577-c5c3-432e-a857-f29901de119c.svcp_1-0-5.20150318.somatic.cnv.vcf.gz", 
            "file_size": 1968, 
            "object_id": "a32a7282-7237-527a-b42c-e38d8221b6fb"
        }, 
        {
            "file_md5sum": "4254c0228902fbba2c1a1037ab16c2e9", 
            "file_name": "616ff577-c5c3-432e-a857-f29901de119c.svcp_1-0-5.20150318.somatic.cnv.vcf.gz.tbi", 
            "file_size": 4165, 
            "object_id": "786601b2-60aa-5ffd-bdc2-e62bfb376155"
        }, 
        {
            "file_md5sum": "898a654b16905dcd357526bb95e1cf6b", 
            "file_name": "616ff577-c5c3-432e-a857-f29901de119c.svcp_1-0-5.20150318.somatic.sv.vcf.gz", 
            "file_size": 10979, 
            "object_id": "f761acc5-6d31-546b-a46b-e55c261a3f14"
        }, 
        {
            "file_md5sum": "6edfc0bfdf75e06fb28a8e443f042b08", 
            "file_name": "616ff577-c5c3-432e-a857-f29901de119c.svcp_1-0-5.20150318.somatic.sv.vcf.gz.tbi", 
            "file_size": 2653, 
            "object_id": "cca10394-2e18-5864-a09f-e79e9d42fb0a"
        }, 
        {
            "file_md5sum": "4ad7c2d8f8308942be4605720dfde2c4", 
            "file_name": "616ff577-c5c3-432e-a857-f29901de119c.svcp_1-0-5.20150318.somatic.indel.vcf.gz", 
            "file_size": 61907958, 
            "object_id": "f4478a87-cbc8-5730-8cf0-6364571a8b1b"
        }, 
        {
            "file_md5sum": "b025236cbd5cd6a28d34945780042fe6", 
            "file_name": "616ff577-c5c3-432e-a857-f29901de119c.svcp_1-0-5.20150318.somatic.indel.vcf.gz.tbi", 
            "file_size": 1525829, 
            "object_id": "801c3f00-6469-5797-b855-036939443899"
        }, 
        {
            "file_md5sum": "d5d38cac340b7b4b8efd1399dc9a31c0", 
            "file_name": "616ff577-c5c3-432e-a857-f29901de119c.svcp_1-0-5.20150318.somatic.snv_mnv.tar.gz", 
            "file_size": 165557494, 
            "object_id": "db7e2ae5-9ca0-57fa-8dd9-d78a698c94f1"
        }, 
        {
            "file_md5sum": "6cefe49c4d513b53c13a2574e8a04ad7", 
            "file_name": "616ff577-c5c3-432e-a857-f29901de119c.svcp_1-0-5.20150318.somatic.cnv.tar.gz", 
            "file_size": 26619320, 
            "object_id": "965aed30-8816-54f4-84ac-879d2f2dd302"
        }, 
        {
            "file_md5sum": "dabdfc1944076c9863e36062c5599099",