{
    "_runs_": {
        "run_1449000949_07760fbf-916f-45ff-bfbf-0e708657dbd1": {
            "downloading": {
                "gnos-download_time": 299, 
                "start": 1449073808, 
                "stop": 1449074108, 
                "time": 300
            }, 
            "uploading": {
                "copy_meta_time": 1, 
                "start": 1449074137, 
                "stop": 1449074380, 
                "time": 243, 
                "upload_time": 241
            }
        }, 
        "run_1449256362_f285340f-6a1e-4280-8af8-91051b7f471f": {
            "downloading": {
                "19085f7d-e6a6-406f-bd09-520a27e0283d.dkfz-copyNumberEstimation_1-0-189.20150825.somatic.cnv.tar.gz-download_time": 263, 
                "19085f7d-e6a6-406f-bd09-520a27e0283d.dkfz-copyNumberEstimation_1-0-189.20150825.somatic.cnv.tar.gz-md5sum_time": 23, 
                "19085f7d-e6a6-406f-bd09-520a27e0283d.dkfz-copyNumberEstimation_1-0-189.20150825.somatic.cnv.vcf.gz-download_time": 13, 
                "19085f7d-e6a6-406f-bd09-520a27e0283d.dkfz-copyNumberEstimation_1-0-189.20150825.somatic.cnv.vcf.gz-md5sum_time": 0, 
                "19085f7d-e6a6-406f-bd09-520a27e0283d.dkfz-copyNumberEstimation_1-0-189.20150825.somatic.cnv.vcf.gz.tbi-download_time": 14, 
                "19085f7d-e6a6-406f-bd09-520a27e0283d.dkfz-copyNumberEstimation_1-0-189.20150825.somatic.cnv.vcf.gz.tbi-md5sum_time": 0, 
                "19085f7d-e6a6-406f-bd09-520a27e0283d.dkfz-indelCalling_1-0-132-1.20150825.germline.indel.vcf.gz-download_time": 17, 
                "19085f7d-e6a6-406f-bd09-520a27e0283d.dkfz-indelCalling_1-0-132-1.20150825.germline.indel.vcf.gz-md5sum_time": 0, 
                "19085f7d-e6a6-406f-bd09-520a27e0283d.dkfz-indelCalling_1-0-132-1.20150825.germline.indel.vcf.gz.tbi-download_time": 13, 
                "19085f7d-e6a6-406f-bd09-520a27e0283d.dkfz-indelCalling_1-0-132-1.20150825.germline.indel.vcf.gz.tbi-md5sum_time": 0, 
                "19085f7d-e6a6-406f-bd09-520a27e0283d.dkfz-indelCalling_1-0-132-1.20150825.somatic.indel.tar.gz-download_time": 49, 
                "19085f7d-e6a6-406f-bd09-520a27e0283d.dkfz-indelCalling_1-0-132-1.20150825.somatic.indel.tar.gz-md5sum_time": 3, 
                "19085f7d-e6a6-406f-bd09-520a27e0283d.dkfz-indelCalling_1-0-132-1.20150825.somatic.indel.vcf.gz-download_time": 13, 
                "19085f7d-e6a6-406f-bd09-520a27e0283d.dkfz-indelCalling_1-0-132-1.20150825.somatic.indel.vcf.gz-md5sum_time": 0, 
                "19085f7d-e6a6-406f-bd09-520a27e0283d.dkfz-indelCalling_1-0-132-1.20150825.somatic.indel.vcf.gz.tbi-download_time": 14, 
                "19085f7d-e6a6-406f-bd09-520a27e0283d.dkfz-indelCalling_1-0-132-1.20150825.somatic.indel.vcf.gz.tbi-md5sum_time": 0, 
                "19085f7d-e6a6-406f-bd09-520a27e0283d.dkfz-snvCalling_1-0-132-1.20150825.germline.snv_mnv.vcf.gz-download_time": 19, 
                "19085f7d-e6a6-406f-bd09-520a27e0283d.dkfz-snvCalling_1-0-132-1.20150825.germline.snv_mnv.vcf.gz-md5sum_time": 0, 
                "19085f7d-e6a6-406f-bd09-520a27e0283d.dkfz-snvCalling_1-0-132-1.20150825.germline.snv_mnv.vcf.gz.tbi-download_time": 14, 
                "19085f7d-e6a6-406f-bd09-520a27e0283d.dkfz-snvCalling_1-0-132-1.20150825.germline.snv_mnv.vcf.gz.tbi-md5sum_time": 0, 
                "19085f7d-e6a6-406f-bd09-520a27e0283d.dkfz-snvCalling_1-0-132-1.20150825.somatic.snv_mnv.tar.gz-download_time": 83, 
                "19085f7d-e6a6-406f-bd09-520a27e0283d.dkfz-snvCalling_1-0-132-1.20150825.somatic.snv_mnv.tar.gz-md5sum_time": 5, 
                "19085f7d-e6a6-406f-bd09-520a27e0283d.dkfz-snvCalling_1-0-132-1.20150825.somatic.snv_mnv.vcf.gz-download_time": 14, 
                "19085f7d-e6a6-406f-bd09-520a27e0283d.dkfz-snvCalling_1-0-132-1.20150825.somatic.snv_mnv.vcf.gz-md5sum_time": 0, 
                "19085f7d-e6a6-406f-bd09-520a27e0283d.dkfz-snvCalling_1-0-132-1.20150825.somatic.snv_mnv.vcf.gz.tbi-download_time": 13, 
                "19085f7d-e6a6-406f-bd09-520a27e0283d.dkfz-snvCalling_1-0-132-1.20150825.somatic.snv_mnv.vcf.gz.tbi-md5sum_time": 0, 
                "19085f7d-e6a6-406f-bd09-520a27e0283d.embl-delly_1-3-0-preFilter.20150825.germline.sv.bedpe.txt.tar.gz-download_time": 13, 
                "19085f7d-e6a6-406f-bd09-520a27e0283d.embl-delly_1-3-0-preFilter.20150825.germline.sv.bedpe.txt.tar.gz-md5sum_time": 0, 
                "19085f7d-e6a6-406f-bd09-520a27e0283d.embl-delly_1-3-0-preFilter.20150825.germline.sv.readname.txt.tar.gz-download_time": 14, 
                "19085f7d-e6a6-406f-bd09-520a27e0283d.embl-delly_1-3-0-preFilter.20150825.germline.sv.readname.txt.tar.gz-md5sum_time": 0, 
                "19085f7d-e6a6-406f-bd09-520a27e0283d.embl-delly_1-3-0-preFilter.20150825.germline.sv.vcf.gz-download_time": 12, 
                "19085f7d-e6a6-406f-bd09-520a27e0283d.embl-delly_1-3-0-preFilter.20150825.germline.sv.vcf.gz-md5sum_time": 0, 
                "19085f7d-e6a6-406f-bd09-520a27e0283d.embl-delly_1-3-0-preFilter.20150825.germline.sv.vcf.gz.tbi-download_time": 13, 
                "19085f7d-e6a6-406f-bd09-520a27e0283d.embl-delly_1-3-0-preFilter.20150825.germline.sv.vcf.gz.tbi-md5sum_time": 0, 
                "19085f7d-e6a6-406f-bd09-520a27e0283d.embl-delly_1-3-0-preFilter.20150825.somatic.sv.bedpe.txt.tar.gz-download_time": 14, 
                "19085f7d-e6a6-406f-bd09-520a27e0283d.embl-delly_1-3-0-preFilter.20150825.somatic.sv.bedpe.txt.tar.gz-md5sum_time": 0, 
                "19085f7d-e6a6-406f-bd09-520a27e0283d.embl-delly_1-3-0-preFilter.20150825.somatic.sv.readname.txt.tar.gz-download_time": 13, 
                "19085f7d-e6a6-406f-bd09-520a27e0283d.embl-delly_1-3-0-preFilter.20150825.somatic.sv.readname.txt.tar.gz-md5sum_time": 0, 
                "19085f7d-e6a6-406f-bd09-520a27e0283d.embl-delly_1-3-0-preFilter.20150825.somatic.sv.vcf.gz-download_time": 13, 
                "19085f7d-e6a6-406f-bd09-520a27e0283d.embl-delly_1-3-0-preFilter.20150825.somatic.sv.vcf.gz-md5sum_time": 0, 
                "19085f7d-e6a6-406f-bd09-520a27e0283d.embl-delly_1-3-0-preFilter.20150825.somatic.sv.vcf.gz.tbi-download_time": 12, 
                "19085f7d-e6a6-406f-bd09-520a27e0283d.embl-delly_1-3-0-preFilter.20150825.somatic.sv.vcf.gz.tbi-md5sum_time": 0, 
                "19085f7d-e6a6-406f-bd09-520a27e0283d.embl-delly_1-3-0-preFilter.20150825.sv.cov.plots.tar.gz-download_time": 14, 
                "19085f7d-e6a6-406f-bd09-520a27e0283d.embl-delly_1-3-0-preFilter.20150825.sv.cov.plots.tar.gz-md5sum_time": 0, 
                "19085f7d-e6a6-406f-bd09-520a27e0283d.embl-delly_1-3-0-preFilter.20150825.sv.cov.tar.gz-download_time": 17, 
                "19085f7d-e6a6-406f-bd09-520a27e0283d.embl-delly_1-3-0-preFilter.20150825.sv.cov.tar.gz-md5sum_time": 0, 
                "19085f7d-e6a6-406f-bd09-520a27e0283d.embl-delly_1-3-0-preFilter.20150825.sv.log.tar.gz-download_time": 13, 
                "19085f7d-e6a6-406f-bd09-520a27e0283d.embl-delly_1-3-0-preFilter.20150825.sv.log.tar.gz-md5sum_time": 0, 
                "19085f7d-e6a6-406f-bd09-520a27e0283d.embl-delly_1-3-0-preFilter.20150825.sv.vcf.gz-download_time": 12, 
                "19085f7d-e6a6-406f-bd09-520a27e0283d.embl-delly_1-3-0-preFilter.20150825.sv.vcf.gz-md5sum_time": 1, 
                "19085f7d-e6a6-406f-bd09-520a27e0283d.embl-delly_1-3-0-preFilter.20150825.sv.vcf.gz.tbi-download_time": 13, 
                "19085f7d-e6a6-406f-bd09-520a27e0283d.embl-delly_1-3-0-preFilter.20150825.sv.vcf.gz.tbi-md5sum_time": 0, 
                "d190eb71-d253-4afc-9a01-cc19502c2458.xml-download_time": 15, 
                "d190eb71-d253-4afc-9a01-cc19502c2458.xml-md5sum_time": 0, 
                "start": 1449480047, 
                "stop": 1449480806, 
                "time": 759
            }
        }
    }, 
    "aliquot_id": null, 
    "available_repos": [
        {
            "https://gtrepo-ebi.annailabs.com/": {
                "file_md5sum": "8f29417b8f3f4087d844473b76f1f4fb",