{
    "_runs_": {
        "run_1449021626_519f2490-ff6f-49ec-8fcd-839b771e4407": {
            "downloading": {
                "gnos-download_time": 548, 
                "start": 1449159189, 
                "stop": 1449159739, 
                "time": 550
            }, 
            "uploading": {
                "copy_meta_time": 2, 
                "start": 1449159768, 
                "stop": 1449160024, 
                "time": 256, 
                "upload_time": 254
            }
        }, 
        "run_1449256362_f285340f-6a1e-4280-8af8-91051b7f471f": {
            "downloading": {
                "2127b79b-3f38-4aed-89cb-7c4fce71b118.dkfz-copyNumberEstimation_1-0-189.20150816.somatic.cnv.tar.gz-download_time": 255, 
                "2127b79b-3f38-4aed-89cb-7c4fce71b118.dkfz-copyNumberEstimation_1-0-189.20150816.somatic.cnv.tar.gz-md5sum_time": 23, 
                "2127b79b-3f38-4aed-89cb-7c4fce71b118.dkfz-copyNumberEstimation_1-0-189.20150816.somatic.cnv.vcf.gz-download_time": 13, 
                "2127b79b-3f38-4aed-89cb-7c4fce71b118.dkfz-copyNumberEstimation_1-0-189.20150816.somatic.cnv.vcf.gz-md5sum_time": 0, 
                "2127b79b-3f38-4aed-89cb-7c4fce71b118.dkfz-copyNumberEstimation_1-0-189.20150816.somatic.cnv.vcf.gz.tbi-download_time": 14, 
                "2127b79b-3f38-4aed-89cb-7c4fce71b118.dkfz-copyNumberEstimation_1-0-189.20150816.somatic.cnv.vcf.gz.tbi-md5sum_time": 0, 
                "2127b79b-3f38-4aed-89cb-7c4fce71b118.dkfz-indelCalling_1-0-132-1.20150816.germline.indel.vcf.gz-download_time": 19, 
                "2127b79b-3f38-4aed-89cb-7c4fce71b118.dkfz-indelCalling_1-0-132-1.20150816.germline.indel.vcf.gz-md5sum_time": 0, 
                "2127b79b-3f38-4aed-89cb-7c4fce71b118.dkfz-indelCalling_1-0-132-1.20150816.germline.indel.vcf.gz.tbi-download_time": 15, 
                "2127b79b-3f38-4aed-89cb-7c4fce71b118.dkfz-indelCalling_1-0-132-1.20150816.germline.indel.vcf.gz.tbi-md5sum_time": 0, 
                "2127b79b-3f38-4aed-89cb-7c4fce71b118.dkfz-indelCalling_1-0-132-1.20150816.somatic.indel.tar.gz-download_time": 55, 
                "2127b79b-3f38-4aed-89cb-7c4fce71b118.dkfz-indelCalling_1-0-132-1.20150816.somatic.indel.tar.gz-md5sum_time": 2, 
                "2127b79b-3f38-4aed-89cb-7c4fce71b118.dkfz-indelCalling_1-0-132-1.20150816.somatic.indel.vcf.gz-download_time": 14, 
                "2127b79b-3f38-4aed-89cb-7c4fce71b118.dkfz-indelCalling_1-0-132-1.20150816.somatic.indel.vcf.gz-md5sum_time": 0, 
                "2127b79b-3f38-4aed-89cb-7c4fce71b118.dkfz-indelCalling_1-0-132-1.20150816.somatic.indel.vcf.gz.tbi-download_time": 13, 
                "2127b79b-3f38-4aed-89cb-7c4fce71b118.dkfz-indelCalling_1-0-132-1.20150816.somatic.indel.vcf.gz.tbi-md5sum_time": 0, 
                "2127b79b-3f38-4aed-89cb-7c4fce71b118.dkfz-snvCalling_1-0-132-1.20150816.germline.snv_mnv.vcf.gz-download_time": 20, 
                "2127b79b-3f38-4aed-89cb-7c4fce71b118.dkfz-snvCalling_1-0-132-1.20150816.germline.snv_mnv.vcf.gz-md5sum_time": 1, 
                "2127b79b-3f38-4aed-89cb-7c4fce71b118.dkfz-snvCalling_1-0-132-1.20150816.germline.snv_mnv.vcf.gz.tbi-download_time": 13, 
                "2127b79b-3f38-4aed-89cb-7c4fce71b118.dkfz-snvCalling_1-0-132-1.20150816.germline.snv_mnv.vcf.gz.tbi-md5sum_time": 0, 
                "2127b79b-3f38-4aed-89cb-7c4fce71b118.dkfz-snvCalling_1-0-132-1.20150816.somatic.snv_mnv.tar.gz-download_time": 89, 
                "2127b79b-3f38-4aed-89cb-7c4fce71b118.dkfz-snvCalling_1-0-132-1.20150816.somatic.snv_mnv.tar.gz-md5sum_time": 4, 
                "2127b79b-3f38-4aed-89cb-7c4fce71b118.dkfz-snvCalling_1-0-132-1.20150816.somatic.snv_mnv.vcf.gz-download_time": 13, 
                "2127b79b-3f38-4aed-89cb-7c4fce71b118.dkfz-snvCalling_1-0-132-1.20150816.somatic.snv_mnv.vcf.gz-md5sum_time": 0, 
                "2127b79b-3f38-4aed-89cb-7c4fce71b118.dkfz-snvCalling_1-0-132-1.20150816.somatic.snv_mnv.vcf.gz.tbi-download_time": 14, 
                "2127b79b-3f38-4aed-89cb-7c4fce71b118.dkfz-snvCalling_1-0-132-1.20150816.somatic.snv_mnv.vcf.gz.tbi-md5sum_time": 0, 
                "2127b79b-3f38-4aed-89cb-7c4fce71b118.embl-delly_1-3-0-preFilter.20150816.germline.sv.bedpe.txt.tar.gz-download_time": 13, 
                "2127b79b-3f38-4aed-89cb-7c4fce71b118.embl-delly_1-3-0-preFilter.20150816.germline.sv.bedpe.txt.tar.gz-md5sum_time": 0, 
                "2127b79b-3f38-4aed-89cb-7c4fce71b118.embl-delly_1-3-0-preFilter.20150816.germline.sv.readname.txt.tar.gz-download_time": 14, 
                "2127b79b-3f38-4aed-89cb-7c4fce71b118.embl-delly_1-3-0-preFilter.20150816.germline.sv.readname.txt.tar.gz-md5sum_time": 0, 
                "2127b79b-3f38-4aed-89cb-7c4fce71b118.embl-delly_1-3-0-preFilter.20150816.germline.sv.vcf.gz-download_time": 14, 
                "2127b79b-3f38-4aed-89cb-7c4fce71b118.embl-delly_1-3-0-preFilter.20150816.germline.sv.vcf.gz-md5sum_time": 0, 
                "2127b79b-3f38-4aed-89cb-7c4fce71b118.embl-delly_1-3-0-preFilter.20150816.germline.sv.vcf.gz.tbi-download_time": 14, 
                "2127b79b-3f38-4aed-89cb-7c4fce71b118.embl-delly_1-3-0-preFilter.20150816.germline.sv.vcf.gz.tbi-md5sum_time": 0, 
                "2127b79b-3f38-4aed-89cb-7c4fce71b118.embl-delly_1-3-0-preFilter.20150816.somatic.sv.bedpe.txt.tar.gz-download_time": 14, 
                "2127b79b-3f38-4aed-89cb-7c4fce71b118.embl-delly_1-3-0-preFilter.20150816.somatic.sv.bedpe.txt.tar.gz-md5sum_time": 0, 
                "2127b79b-3f38-4aed-89cb-7c4fce71b118.embl-delly_1-3-0-preFilter.20150816.somatic.sv.readname.txt.tar.gz-download_time": 13, 
                "2127b79b-3f38-4aed-89cb-7c4fce71b118.embl-delly_1-3-0-preFilter.20150816.somatic.sv.readname.txt.tar.gz-md5sum_time": 0, 
                "2127b79b-3f38-4aed-89cb-7c4fce71b118.embl-delly_1-3-0-preFilter.20150816.somatic.sv.vcf.gz-download_time": 14, 
                "2127b79b-3f38-4aed-89cb-7c4fce71b118.embl-delly_1-3-0-preFilter.20150816.somatic.sv.vcf.gz-md5sum_time": 0, 
                "2127b79b-3f38-4aed-89cb-7c4fce71b118.embl-delly_1-3-0-preFilter.20150816.somatic.sv.vcf.gz.tbi-download_time": 13, 
                "2127b79b-3f38-4aed-89cb-7c4fce71b118.embl-delly_1-3-0-preFilter.20150816.somatic.sv.vcf.gz.tbi-md5sum_time": 0, 
                "2127b79b-3f38-4aed-89cb-7c4fce71b118.embl-delly_1-3-0-preFilter.20150816.sv.cov.plots.tar.gz-download_time": 14, 
                "2127b79b-3f38-4aed-89cb-7c4fce71b118.embl-delly_1-3-0-preFilter.20150816.sv.cov.plots.tar.gz-md5sum_time": 0, 
                "2127b79b-3f38-4aed-89cb-7c4fce71b118.embl-delly_1-3-0-preFilter.20150816.sv.cov.tar.gz-download_time": 18, 
                "2127b79b-3f38-4aed-89cb-7c4fce71b118.embl-delly_1-3-0-preFilter.20150816.sv.cov.tar.gz-md5sum_time": 0, 
                "2127b79b-3f38-4aed-89cb-7c4fce71b118.embl-delly_1-3-0-preFilter.20150816.sv.log.tar.gz-download_time": 13, 
                "2127b79b-3f38-4aed-89cb-7c4fce71b118.embl-delly_1-3-0-preFilter.20150816.sv.log.tar.gz-md5sum_time": 0, 
                "2127b79b-3f38-4aed-89cb-7c4fce71b118.embl-delly_1-3-0-preFilter.20150816.sv.vcf.gz-download_time": 12, 
                "2127b79b-3f38-4aed-89cb-7c4fce71b118.embl-delly_1-3-0-preFilter.20150816.sv.vcf.gz-md5sum_time": 0, 
                "2127b79b-3f38-4aed-89cb-7c4fce71b118.embl-delly_1-3-0-preFilter.20150816.sv.vcf.gz.tbi-download_time": 14, 
                "2127b79b-3f38-4aed-89cb-7c4fce71b118.embl-delly_1-3-0-preFilter.20150816.sv.vcf.gz.tbi-md5sum_time": 0, 
                "dbf3a97d-e7e2-4002-9361-aea59ab00013.xml-download_time": 14, 
                "dbf3a97d-e7e2-4002-9361-aea59ab00013.xml-md5sum_time": 0, 
                "start": 1449492552, 
                "stop": 1449493324, 
                "time": 772
            }
        }
    }, 
    "aliquot_id": null, 
    "available_repos": [
        {
            "https://gtrepo-etri.annailabs.com/": {
                "file_md5sum": "e584d8b731455d217b52a69dc7ebf00e",