{
    "_runs_": {
        "run_1449021626_519f2490-ff6f-49ec-8fcd-839b771e4407": {
            "downloading": {
                "gnos-download_time": 352, 
                "start": 1449161331, 
                "stop": 1449161684, 
                "time": 353
            }, 
            "uploading": {
                "copy_meta_time": 2, 
                "start": 1449161708, 
                "stop": 1449161951, 
                "time": 243, 
                "upload_time": 240
            }
        }, 
        "run_1449256221_15605ad1-8eea-4587-8164-de277ca95282": {
            "downloading": {
                "5f60b0a0-03cc-4923-a7f3-d16e101a0876.dkfz-copyNumberEstimation_1-0-189.20150902.somatic.cnv.tar.gz-download_time": 265, 
                "5f60b0a0-03cc-4923-a7f3-d16e101a0876.dkfz-copyNumberEstimation_1-0-189.20150902.somatic.cnv.tar.gz-md5sum_time": 27, 
                "5f60b0a0-03cc-4923-a7f3-d16e101a0876.dkfz-copyNumberEstimation_1-0-189.20150902.somatic.cnv.vcf.gz-download_time": 14, 
                "5f60b0a0-03cc-4923-a7f3-d16e101a0876.dkfz-copyNumberEstimation_1-0-189.20150902.somatic.cnv.vcf.gz-md5sum_time": 0, 
                "5f60b0a0-03cc-4923-a7f3-d16e101a0876.dkfz-copyNumberEstimation_1-0-189.20150902.somatic.cnv.vcf.gz.tbi-download_time": 12, 
                "5f60b0a0-03cc-4923-a7f3-d16e101a0876.dkfz-copyNumberEstimation_1-0-189.20150902.somatic.cnv.vcf.gz.tbi-md5sum_time": 0, 
                "5f60b0a0-03cc-4923-a7f3-d16e101a0876.dkfz-indelCalling_1-0-132-1.20150902.germline.indel.vcf.gz-download_time": 20, 
                "5f60b0a0-03cc-4923-a7f3-d16e101a0876.dkfz-indelCalling_1-0-132-1.20150902.germline.indel.vcf.gz-md5sum_time": 0, 
                "5f60b0a0-03cc-4923-a7f3-d16e101a0876.dkfz-indelCalling_1-0-132-1.20150902.germline.indel.vcf.gz.tbi-download_time": 15, 
                "5f60b0a0-03cc-4923-a7f3-d16e101a0876.dkfz-indelCalling_1-0-132-1.20150902.germline.indel.vcf.gz.tbi-md5sum_time": 0, 
                "5f60b0a0-03cc-4923-a7f3-d16e101a0876.dkfz-indelCalling_1-0-132-1.20150902.somatic.indel.tar.gz-download_time": 50, 
                "5f60b0a0-03cc-4923-a7f3-d16e101a0876.dkfz-indelCalling_1-0-132-1.20150902.somatic.indel.tar.gz-md5sum_time": 3, 
                "5f60b0a0-03cc-4923-a7f3-d16e101a0876.dkfz-indelCalling_1-0-132-1.20150902.somatic.indel.vcf.gz-download_time": 14, 
                "5f60b0a0-03cc-4923-a7f3-d16e101a0876.dkfz-indelCalling_1-0-132-1.20150902.somatic.indel.vcf.gz-md5sum_time": 0, 
                "5f60b0a0-03cc-4923-a7f3-d16e101a0876.dkfz-indelCalling_1-0-132-1.20150902.somatic.indel.vcf.gz.tbi-download_time": 14, 
                "5f60b0a0-03cc-4923-a7f3-d16e101a0876.dkfz-indelCalling_1-0-132-1.20150902.somatic.indel.vcf.gz.tbi-md5sum_time": 0, 
                "5f60b0a0-03cc-4923-a7f3-d16e101a0876.dkfz-snvCalling_1-0-132-1.20150902.germline.snv_mnv.vcf.gz-download_time": 20, 
                "5f60b0a0-03cc-4923-a7f3-d16e101a0876.dkfz-snvCalling_1-0-132-1.20150902.germline.snv_mnv.vcf.gz-md5sum_time": 1, 
                "5f60b0a0-03cc-4923-a7f3-d16e101a0876.dkfz-snvCalling_1-0-132-1.20150902.germline.snv_mnv.vcf.gz.tbi-download_time": 13, 
                "5f60b0a0-03cc-4923-a7f3-d16e101a0876.dkfz-snvCalling_1-0-132-1.20150902.germline.snv_mnv.vcf.gz.tbi-md5sum_time": 0, 
                "5f60b0a0-03cc-4923-a7f3-d16e101a0876.dkfz-snvCalling_1-0-132-1.20150902.somatic.snv_mnv.tar.gz-download_time": 93, 
                "5f60b0a0-03cc-4923-a7f3-d16e101a0876.dkfz-snvCalling_1-0-132-1.20150902.somatic.snv_mnv.tar.gz-md5sum_time": 4, 
                "5f60b0a0-03cc-4923-a7f3-d16e101a0876.dkfz-snvCalling_1-0-132-1.20150902.somatic.snv_mnv.vcf.gz-download_time": 14, 
                "5f60b0a0-03cc-4923-a7f3-d16e101a0876.dkfz-snvCalling_1-0-132-1.20150902.somatic.snv_mnv.vcf.gz-md5sum_time": 0, 
                "5f60b0a0-03cc-4923-a7f3-d16e101a0876.dkfz-snvCalling_1-0-132-1.20150902.somatic.snv_mnv.vcf.gz.tbi-download_time": 14, 
                "5f60b0a0-03cc-4923-a7f3-d16e101a0876.dkfz-snvCalling_1-0-132-1.20150902.somatic.snv_mnv.vcf.gz.tbi-md5sum_time": 0, 
                "5f60b0a0-03cc-4923-a7f3-d16e101a0876.embl-delly_1-3-0-preFilter.20150902.germline.sv.bedpe.txt.tar.gz-download_time": 13, 
                "5f60b0a0-03cc-4923-a7f3-d16e101a0876.embl-delly_1-3-0-preFilter.20150902.germline.sv.bedpe.txt.tar.gz-md5sum_time": 0, 
                "5f60b0a0-03cc-4923-a7f3-d16e101a0876.embl-delly_1-3-0-preFilter.20150902.germline.sv.readname.txt.tar.gz-download_time": 14, 
                "5f60b0a0-03cc-4923-a7f3-d16e101a0876.embl-delly_1-3-0-preFilter.20150902.germline.sv.readname.txt.tar.gz-md5sum_time": 0, 
                "5f60b0a0-03cc-4923-a7f3-d16e101a0876.embl-delly_1-3-0-preFilter.20150902.germline.sv.vcf.gz-download_time": 13, 
                "5f60b0a0-03cc-4923-a7f3-d16e101a0876.embl-delly_1-3-0-preFilter.20150902.germline.sv.vcf.gz-md5sum_time": 0, 
                "5f60b0a0-03cc-4923-a7f3-d16e101a0876.embl-delly_1-3-0-preFilter.20150902.germline.sv.vcf.gz.tbi-download_time": 13, 
                "5f60b0a0-03cc-4923-a7f3-d16e101a0876.embl-delly_1-3-0-preFilter.20150902.germline.sv.vcf.gz.tbi-md5sum_time": 0, 
                "5f60b0a0-03cc-4923-a7f3-d16e101a0876.embl-delly_1-3-0-preFilter.20150902.somatic.sv.bedpe.txt.tar.gz-download_time": 19, 
                "5f60b0a0-03cc-4923-a7f3-d16e101a0876.embl-delly_1-3-0-preFilter.20150902.somatic.sv.bedpe.txt.tar.gz-md5sum_time": 0, 
                "5f60b0a0-03cc-4923-a7f3-d16e101a0876.embl-delly_1-3-0-preFilter.20150902.somatic.sv.readname.txt.tar.gz-download_time": 13, 
                "5f60b0a0-03cc-4923-a7f3-d16e101a0876.embl-delly_1-3-0-preFilter.20150902.somatic.sv.readname.txt.tar.gz-md5sum_time": 0, 
                "5f60b0a0-03cc-4923-a7f3-d16e101a0876.embl-delly_1-3-0-preFilter.20150902.somatic.sv.vcf.gz-download_time": 13, 
                "5f60b0a0-03cc-4923-a7f3-d16e101a0876.embl-delly_1-3-0-preFilter.20150902.somatic.sv.vcf.gz-md5sum_time": 0, 
                "5f60b0a0-03cc-4923-a7f3-d16e101a0876.embl-delly_1-3-0-preFilter.20150902.somatic.sv.vcf.gz.tbi-download_time": 13, 
                "5f60b0a0-03cc-4923-a7f3-d16e101a0876.embl-delly_1-3-0-preFilter.20150902.somatic.sv.vcf.gz.tbi-md5sum_time": 0, 
                "5f60b0a0-03cc-4923-a7f3-d16e101a0876.embl-delly_1-3-0-preFilter.20150902.sv.cov.plots.tar.gz-download_time": 14, 
                "5f60b0a0-03cc-4923-a7f3-d16e101a0876.embl-delly_1-3-0-preFilter.20150902.sv.cov.plots.tar.gz-md5sum_time": 0, 
                "5f60b0a0-03cc-4923-a7f3-d16e101a0876.embl-delly_1-3-0-preFilter.20150902.sv.cov.tar.gz-download_time": 17, 
                "5f60b0a0-03cc-4923-a7f3-d16e101a0876.embl-delly_1-3-0-preFilter.20150902.sv.cov.tar.gz-md5sum_time": 0, 
                "5f60b0a0-03cc-4923-a7f3-d16e101a0876.embl-delly_1-3-0-preFilter.20150902.sv.log.tar.gz-download_time": 13, 
                "5f60b0a0-03cc-4923-a7f3-d16e101a0876.embl-delly_1-3-0-preFilter.20150902.sv.log.tar.gz-md5sum_time": 0, 
                "5f60b0a0-03cc-4923-a7f3-d16e101a0876.embl-delly_1-3-0-preFilter.20150902.sv.vcf.gz-download_time": 14, 
                "5f60b0a0-03cc-4923-a7f3-d16e101a0876.embl-delly_1-3-0-preFilter.20150902.sv.vcf.gz-md5sum_time": 0, 
                "5f60b0a0-03cc-4923-a7f3-d16e101a0876.embl-delly_1-3-0-preFilter.20150902.sv.vcf.gz.tbi-download_time": 13, 
                "5f60b0a0-03cc-4923-a7f3-d16e101a0876.embl-delly_1-3-0-preFilter.20150902.sv.vcf.gz.tbi-md5sum_time": 0, 
                "e21b2c81-f830-4699-a9a9-9123860e0cc5.xml-download_time": 14, 
                "e21b2c81-f830-4699-a9a9-9123860e0cc5.xml-md5sum_time": 0, 
                "start": 1449501641, 
                "stop": 1449502430, 
                "time": 789
            }
        }
    }, 
    "aliquot_id": null, 
    "available_repos": [
        {
            "https://gtrepo-ebi.annailabs.com/": {
                "file_md5sum": "bda6e38db3760e66868caaa5d5c49064",