{
    "_runs_": {
        "run_1449082625_9f6fe3a3-6da0-4e4e-b231-6e2316e868c8": {
            "downloading": {
                "gnos-download_time": 2188, 
                "start": 1449162540, 
                "stop": 1449164729, 
                "time": 2189
            }, 
            "uploading": {
                "copy_meta_time": 2, 
                "start": 1449164740, 
                "stop": 1449164971, 
                "time": 231, 
                "upload_time": 229
            }
        }, 
        "run_1449252103_152c7654-43a8-4095-9763-2d1564a0e842": {
            "downloading": {
                "5f53bcda-2fd3-4574-9cc2-5efe353372b2.dkfz-copyNumberEstimation_1-0-189-hpc-fix.1508272315.somatic.cnv.tar.gz-download_time": 224, 
                "5f53bcda-2fd3-4574-9cc2-5efe353372b2.dkfz-copyNumberEstimation_1-0-189-hpc-fix.1508272315.somatic.cnv.tar.gz-md5sum_time": 19, 
                "5f53bcda-2fd3-4574-9cc2-5efe353372b2.dkfz-copyNumberEstimation_1-0-189-hpc-fix.1508272315.somatic.cnv.vcf.gz-download_time": 13, 
                "5f53bcda-2fd3-4574-9cc2-5efe353372b2.dkfz-copyNumberEstimation_1-0-189-hpc-fix.1508272315.somatic.cnv.vcf.gz-md5sum_time": 0, 
                "5f53bcda-2fd3-4574-9cc2-5efe353372b2.dkfz-copyNumberEstimation_1-0-189-hpc-fix.1508272315.somatic.cnv.vcf.gz.tbi-download_time": 15, 
                "5f53bcda-2fd3-4574-9cc2-5efe353372b2.dkfz-copyNumberEstimation_1-0-189-hpc-fix.1508272315.somatic.cnv.vcf.gz.tbi-md5sum_time": 0, 
                "5f53bcda-2fd3-4574-9cc2-5efe353372b2.dkfz-indelCalling_1-0-132-1.20150604.germline.indel.vcf.gz-download_time": 17, 
                "5f53bcda-2fd3-4574-9cc2-5efe353372b2.dkfz-indelCalling_1-0-132-1.20150604.germline.indel.vcf.gz-md5sum_time": 1, 
                "5f53bcda-2fd3-4574-9cc2-5efe353372b2.dkfz-indelCalling_1-0-132-1.20150604.germline.indel.vcf.gz.tbi-download_time": 13, 
                "5f53bcda-2fd3-4574-9cc2-5efe353372b2.dkfz-indelCalling_1-0-132-1.20150604.germline.indel.vcf.gz.tbi-md5sum_time": 0, 
                "5f53bcda-2fd3-4574-9cc2-5efe353372b2.dkfz-indelCalling_1-0-132-1.20150604.somatic.indel.tar.gz-download_time": 49, 
                "5f53bcda-2fd3-4574-9cc2-5efe353372b2.dkfz-indelCalling_1-0-132-1.20150604.somatic.indel.tar.gz-md5sum_time": 2, 
                "5f53bcda-2fd3-4574-9cc2-5efe353372b2.dkfz-indelCalling_1-0-132-1.20150604.somatic.indel.vcf.gz-download_time": 12, 
                "5f53bcda-2fd3-4574-9cc2-5efe353372b2.dkfz-indelCalling_1-0-132-1.20150604.somatic.indel.vcf.gz-md5sum_time": 0, 
                "5f53bcda-2fd3-4574-9cc2-5efe353372b2.dkfz-indelCalling_1-0-132-1.20150604.somatic.indel.vcf.gz.tbi-download_time": 13, 
                "5f53bcda-2fd3-4574-9cc2-5efe353372b2.dkfz-indelCalling_1-0-132-1.20150604.somatic.indel.vcf.gz.tbi-md5sum_time": 0, 
                "5f53bcda-2fd3-4574-9cc2-5efe353372b2.dkfz-snvCalling_1-0-132-1.20150604.germline.snv_mnv.vcf.gz-download_time": 19, 
                "5f53bcda-2fd3-4574-9cc2-5efe353372b2.dkfz-snvCalling_1-0-132-1.20150604.germline.snv_mnv.vcf.gz-md5sum_time": 1, 
                "5f53bcda-2fd3-4574-9cc2-5efe353372b2.dkfz-snvCalling_1-0-132-1.20150604.germline.snv_mnv.vcf.gz.tbi-download_time": 14, 
                "5f53bcda-2fd3-4574-9cc2-5efe353372b2.dkfz-snvCalling_1-0-132-1.20150604.germline.snv_mnv.vcf.gz.tbi-md5sum_time": 0, 
                "5f53bcda-2fd3-4574-9cc2-5efe353372b2.dkfz-snvCalling_1-0-132-1.20150604.somatic.snv_mnv.tar.gz-download_time": 68, 
                "5f53bcda-2fd3-4574-9cc2-5efe353372b2.dkfz-snvCalling_1-0-132-1.20150604.somatic.snv_mnv.tar.gz-md5sum_time": 3, 
                "5f53bcda-2fd3-4574-9cc2-5efe353372b2.dkfz-snvCalling_1-0-132-1.20150604.somatic.snv_mnv.vcf.gz-download_time": 13, 
                "5f53bcda-2fd3-4574-9cc2-5efe353372b2.dkfz-snvCalling_1-0-132-1.20150604.somatic.snv_mnv.vcf.gz-md5sum_time": 0, 
                "5f53bcda-2fd3-4574-9cc2-5efe353372b2.dkfz-snvCalling_1-0-132-1.20150604.somatic.snv_mnv.vcf.gz.tbi-download_time": 14, 
                "5f53bcda-2fd3-4574-9cc2-5efe353372b2.dkfz-snvCalling_1-0-132-1.20150604.somatic.snv_mnv.vcf.gz.tbi-md5sum_time": 0, 
                "5f53bcda-2fd3-4574-9cc2-5efe353372b2.embl-delly_1-0-0-preFilter.20150604.germline.sv.bedpe.txt.tar.gz-download_time": 13, 
                "5f53bcda-2fd3-4574-9cc2-5efe353372b2.embl-delly_1-0-0-preFilter.20150604.germline.sv.bedpe.txt.tar.gz-md5sum_time": 0, 
                "5f53bcda-2fd3-4574-9cc2-5efe353372b2.embl-delly_1-0-0-preFilter.20150604.germline.sv.readname.txt.tar.gz-download_time": 13, 
                "5f53bcda-2fd3-4574-9cc2-5efe353372b2.embl-delly_1-0-0-preFilter.20150604.germline.sv.readname.txt.tar.gz-md5sum_time": 0, 
                "5f53bcda-2fd3-4574-9cc2-5efe353372b2.embl-delly_1-0-0-preFilter.20150604.germline.sv.vcf.gz-download_time": 12, 
                "5f53bcda-2fd3-4574-9cc2-5efe353372b2.embl-delly_1-0-0-preFilter.20150604.germline.sv.vcf.gz-md5sum_time": 1, 
                "5f53bcda-2fd3-4574-9cc2-5efe353372b2.embl-delly_1-0-0-preFilter.20150604.germline.sv.vcf.gz.tbi-download_time": 13, 
                "5f53bcda-2fd3-4574-9cc2-5efe353372b2.embl-delly_1-0-0-preFilter.20150604.germline.sv.vcf.gz.tbi-md5sum_time": 0, 
                "5f53bcda-2fd3-4574-9cc2-5efe353372b2.embl-delly_1-0-0-preFilter.20150604.somatic.sv.bedpe.txt.tar.gz-download_time": 13, 
                "5f53bcda-2fd3-4574-9cc2-5efe353372b2.embl-delly_1-0-0-preFilter.20150604.somatic.sv.bedpe.txt.tar.gz-md5sum_time": 0, 
                "5f53bcda-2fd3-4574-9cc2-5efe353372b2.embl-delly_1-0-0-preFilter.20150604.somatic.sv.readname.txt.tar.gz-download_time": 13, 
                "5f53bcda-2fd3-4574-9cc2-5efe353372b2.embl-delly_1-0-0-preFilter.20150604.somatic.sv.readname.txt.tar.gz-md5sum_time": 0, 
                "5f53bcda-2fd3-4574-9cc2-5efe353372b2.embl-delly_1-0-0-preFilter.20150604.somatic.sv.vcf.gz-download_time": 13, 
                "5f53bcda-2fd3-4574-9cc2-5efe353372b2.embl-delly_1-0-0-preFilter.20150604.somatic.sv.vcf.gz-md5sum_time": 0, 
                "5f53bcda-2fd3-4574-9cc2-5efe353372b2.embl-delly_1-0-0-preFilter.20150604.somatic.sv.vcf.gz.tbi-download_time": 12, 
                "5f53bcda-2fd3-4574-9cc2-5efe353372b2.embl-delly_1-0-0-preFilter.20150604.somatic.sv.vcf.gz.tbi-md5sum_time": 0, 
                "5f53bcda-2fd3-4574-9cc2-5efe353372b2.embl-delly_1-0-0-preFilter.20150604.sv.cov.plots.tar.gz-download_time": 14, 
                "5f53bcda-2fd3-4574-9cc2-5efe353372b2.embl-delly_1-0-0-preFilter.20150604.sv.cov.plots.tar.gz-md5sum_time": 1, 
                "5f53bcda-2fd3-4574-9cc2-5efe353372b2.embl-delly_1-0-0-preFilter.20150604.sv.cov.tar.gz-download_time": 17, 
                "5f53bcda-2fd3-4574-9cc2-5efe353372b2.embl-delly_1-0-0-preFilter.20150604.sv.cov.tar.gz-md5sum_time": 0, 
                "5f53bcda-2fd3-4574-9cc2-5efe353372b2.embl-delly_1-0-0-preFilter.20150604.sv.vcf.gz-download_time": 14, 
                "5f53bcda-2fd3-4574-9cc2-5efe353372b2.embl-delly_1-0-0-preFilter.20150604.sv.vcf.gz-md5sum_time": 0, 
                "5f53bcda-2fd3-4574-9cc2-5efe353372b2.embl-delly_1-0-0-preFilter.20150604.sv.vcf.gz.tbi-download_time": 13, 
                "5f53bcda-2fd3-4574-9cc2-5efe353372b2.embl-delly_1-0-0-preFilter.20150604.sv.vcf.gz.tbi-md5sum_time": 0, 
                "e5123870-8848-45c9-ab08-e414655509c5.xml-download_time": 13, 
                "e5123870-8848-45c9-ab08-e414655509c5.xml-md5sum_time": 0, 
                "start": 1449505450, 
                "stop": 1449506136, 
                "time": 686
            }
        }
    }, 
    "aliquot_id": null, 
    "available_repos": [
        {
            "https://gtrepo-dkfz.annailabs.com/": {
                "file_md5sum": "ccc5cc74ad7d205a2dedcb4b68e29c36", 
                "file_size": 60211
            }
        }
    ], 
    "data_type": "Dkfz_embl-VCF", 
    "files": [
        {
            "file_md5sum": "6c554765af91ed9422dbf9e184099b26",