{
    "_runs_": {
        "run_1449082680_087a8ae4-9ace-4ff5-84bd-f4a6bbf04f60": {
            "downloading": {
                "gnos-download_time": 1309, 
                "start": 1449163876, 
                "stop": 1449165186, 
                "time": 1310
            }, 
            "uploading": {
                "copy_meta_time": 1, 
                "start": 1449165202, 
                "stop": 1449165449, 
                "time": 247, 
                "upload_time": 246
            }
        }, 
        "run_1449256221_15605ad1-8eea-4587-8164-de277ca95282": {
            "downloading": {
                "39a5d94d-e8c8-4057-be96-362ffbafb94d.dkfz-copyNumberEstimation_1-0-189-hpc-fix.1508272237.somatic.cnv.tar.gz-download_time": 230, 
                "39a5d94d-e8c8-4057-be96-362ffbafb94d.dkfz-copyNumberEstimation_1-0-189-hpc-fix.1508272237.somatic.cnv.tar.gz-md5sum_time": 20, 
                "39a5d94d-e8c8-4057-be96-362ffbafb94d.dkfz-copyNumberEstimation_1-0-189-hpc-fix.1508272237.somatic.cnv.vcf.gz-download_time": 15, 
                "39a5d94d-e8c8-4057-be96-362ffbafb94d.dkfz-copyNumberEstimation_1-0-189-hpc-fix.1508272237.somatic.cnv.vcf.gz-md5sum_time": 0, 
                "39a5d94d-e8c8-4057-be96-362ffbafb94d.dkfz-copyNumberEstimation_1-0-189-hpc-fix.1508272237.somatic.cnv.vcf.gz.tbi-download_time": 14, 
                "39a5d94d-e8c8-4057-be96-362ffbafb94d.dkfz-copyNumberEstimation_1-0-189-hpc-fix.1508272237.somatic.cnv.vcf.gz.tbi-md5sum_time": 0, 
                "39a5d94d-e8c8-4057-be96-362ffbafb94d.dkfz-indelCalling_1-0-132-1.20150602.germline.indel.vcf.gz-download_time": 18, 
                "39a5d94d-e8c8-4057-be96-362ffbafb94d.dkfz-indelCalling_1-0-132-1.20150602.germline.indel.vcf.gz-md5sum_time": 1, 
                "39a5d94d-e8c8-4057-be96-362ffbafb94d.dkfz-indelCalling_1-0-132-1.20150602.germline.indel.vcf.gz.tbi-download_time": 14, 
                "39a5d94d-e8c8-4057-be96-362ffbafb94d.dkfz-indelCalling_1-0-132-1.20150602.germline.indel.vcf.gz.tbi-md5sum_time": 0, 
                "39a5d94d-e8c8-4057-be96-362ffbafb94d.dkfz-indelCalling_1-0-132-1.20150602.somatic.indel.tar.gz-download_time": 46, 
                "39a5d94d-e8c8-4057-be96-362ffbafb94d.dkfz-indelCalling_1-0-132-1.20150602.somatic.indel.tar.gz-md5sum_time": 2, 
                "39a5d94d-e8c8-4057-be96-362ffbafb94d.dkfz-indelCalling_1-0-132-1.20150602.somatic.indel.vcf.gz-download_time": 14, 
                "39a5d94d-e8c8-4057-be96-362ffbafb94d.dkfz-indelCalling_1-0-132-1.20150602.somatic.indel.vcf.gz-md5sum_time": 0, 
                "39a5d94d-e8c8-4057-be96-362ffbafb94d.dkfz-indelCalling_1-0-132-1.20150602.somatic.indel.vcf.gz.tbi-download_time": 13, 
                "39a5d94d-e8c8-4057-be96-362ffbafb94d.dkfz-indelCalling_1-0-132-1.20150602.somatic.indel.vcf.gz.tbi-md5sum_time": 0, 
                "39a5d94d-e8c8-4057-be96-362ffbafb94d.dkfz-snvCalling_1-0-132-1.20150602.germline.snv_mnv.vcf.gz-download_time": 21, 
                "39a5d94d-e8c8-4057-be96-362ffbafb94d.dkfz-snvCalling_1-0-132-1.20150602.germline.snv_mnv.vcf.gz-md5sum_time": 0, 
                "39a5d94d-e8c8-4057-be96-362ffbafb94d.dkfz-snvCalling_1-0-132-1.20150602.germline.snv_mnv.vcf.gz.tbi-download_time": 13, 
                "39a5d94d-e8c8-4057-be96-362ffbafb94d.dkfz-snvCalling_1-0-132-1.20150602.germline.snv_mnv.vcf.gz.tbi-md5sum_time": 0, 
                "39a5d94d-e8c8-4057-be96-362ffbafb94d.dkfz-snvCalling_1-0-132-1.20150602.somatic.snv_mnv.tar.gz-download_time": 82, 
                "39a5d94d-e8c8-4057-be96-362ffbafb94d.dkfz-snvCalling_1-0-132-1.20150602.somatic.snv_mnv.tar.gz-md5sum_time": 4, 
                "39a5d94d-e8c8-4057-be96-362ffbafb94d.dkfz-snvCalling_1-0-132-1.20150602.somatic.snv_mnv.vcf.gz-download_time": 13, 
                "39a5d94d-e8c8-4057-be96-362ffbafb94d.dkfz-snvCalling_1-0-132-1.20150602.somatic.snv_mnv.vcf.gz-md5sum_time": 0, 
                "39a5d94d-e8c8-4057-be96-362ffbafb94d.dkfz-snvCalling_1-0-132-1.20150602.somatic.snv_mnv.vcf.gz.tbi-download_time": 14, 
                "39a5d94d-e8c8-4057-be96-362ffbafb94d.dkfz-snvCalling_1-0-132-1.20150602.somatic.snv_mnv.vcf.gz.tbi-md5sum_time": 0, 
                "39a5d94d-e8c8-4057-be96-362ffbafb94d.embl-delly_1-0-0-preFilter.20150602.germline.sv.bedpe.txt.tar.gz-download_time": 14, 
                "39a5d94d-e8c8-4057-be96-362ffbafb94d.embl-delly_1-0-0-preFilter.20150602.germline.sv.bedpe.txt.tar.gz-md5sum_time": 0, 
                "39a5d94d-e8c8-4057-be96-362ffbafb94d.embl-delly_1-0-0-preFilter.20150602.germline.sv.readname.txt.tar.gz-download_time": 15, 
                "39a5d94d-e8c8-4057-be96-362ffbafb94d.embl-delly_1-0-0-preFilter.20150602.germline.sv.readname.txt.tar.gz-md5sum_time": 0, 
                "39a5d94d-e8c8-4057-be96-362ffbafb94d.embl-delly_1-0-0-preFilter.20150602.germline.sv.vcf.gz-download_time": 14, 
                "39a5d94d-e8c8-4057-be96-362ffbafb94d.embl-delly_1-0-0-preFilter.20150602.germline.sv.vcf.gz-md5sum_time": 0, 
                "39a5d94d-e8c8-4057-be96-362ffbafb94d.embl-delly_1-0-0-preFilter.20150602.germline.sv.vcf.gz.tbi-download_time": 14, 
                "39a5d94d-e8c8-4057-be96-362ffbafb94d.embl-delly_1-0-0-preFilter.20150602.germline.sv.vcf.gz.tbi-md5sum_time": 0, 
                "39a5d94d-e8c8-4057-be96-362ffbafb94d.embl-delly_1-0-0-preFilter.20150602.somatic.sv.bedpe.txt.tar.gz-download_time": 14, 
                "39a5d94d-e8c8-4057-be96-362ffbafb94d.embl-delly_1-0-0-preFilter.20150602.somatic.sv.bedpe.txt.tar.gz-md5sum_time": 0, 
                "39a5d94d-e8c8-4057-be96-362ffbafb94d.embl-delly_1-0-0-preFilter.20150602.somatic.sv.readname.txt.tar.gz-download_time": 14, 
                "39a5d94d-e8c8-4057-be96-362ffbafb94d.embl-delly_1-0-0-preFilter.20150602.somatic.sv.readname.txt.tar.gz-md5sum_time": 0, 
                "39a5d94d-e8c8-4057-be96-362ffbafb94d.embl-delly_1-0-0-preFilter.20150602.somatic.sv.vcf.gz-download_time": 13, 
                "39a5d94d-e8c8-4057-be96-362ffbafb94d.embl-delly_1-0-0-preFilter.20150602.somatic.sv.vcf.gz-md5sum_time": 0, 
                "39a5d94d-e8c8-4057-be96-362ffbafb94d.embl-delly_1-0-0-preFilter.20150602.somatic.sv.vcf.gz.tbi-download_time": 14, 
                "39a5d94d-e8c8-4057-be96-362ffbafb94d.embl-delly_1-0-0-preFilter.20150602.somatic.sv.vcf.gz.tbi-md5sum_time": 0, 
                "39a5d94d-e8c8-4057-be96-362ffbafb94d.embl-delly_1-0-0-preFilter.20150602.sv.cov.plots.tar.gz-download_time": 15, 
                "39a5d94d-e8c8-4057-be96-362ffbafb94d.embl-delly_1-0-0-preFilter.20150602.sv.cov.plots.tar.gz-md5sum_time": 0, 
                "39a5d94d-e8c8-4057-be96-362ffbafb94d.embl-delly_1-0-0-preFilter.20150602.sv.cov.tar.gz-download_time": 17, 
                "39a5d94d-e8c8-4057-be96-362ffbafb94d.embl-delly_1-0-0-preFilter.20150602.sv.cov.tar.gz-md5sum_time": 0, 
                "39a5d94d-e8c8-4057-be96-362ffbafb94d.embl-delly_1-0-0-preFilter.20150602.sv.vcf.gz-download_time": 15, 
                "39a5d94d-e8c8-4057-be96-362ffbafb94d.embl-delly_1-0-0-preFilter.20150602.sv.vcf.gz-md5sum_time": 0, 
                "39a5d94d-e8c8-4057-be96-362ffbafb94d.embl-delly_1-0-0-preFilter.20150602.sv.vcf.gz.tbi-download_time": 14, 
                "39a5d94d-e8c8-4057-be96-362ffbafb94d.embl-delly_1-0-0-preFilter.20150602.sv.vcf.gz.tbi-md5sum_time": 0, 
                "e769a742-571c-4635-ba7b-4fe60b8f1afd.xml-download_time": 13, 
                "e769a742-571c-4635-ba7b-4fe60b8f1afd.xml-md5sum_time": 0, 
                "start": 1449510116, 
                "stop": 1449510837, 
                "time": 721
            }
        }
    }, 
    "aliquot_id": null, 
    "available_repos": [
        {
            "https://gtrepo-dkfz.annailabs.com/": {
                "file_md5sum": "7b391b5cd7248ff09a623ee0ee45377d", 
                "file_size": 59480
            }
        }
    ], 
    "data_type": "Dkfz_embl-VCF", 
    "files": [
        {
            "file_md5sum": "13acd2b624e950dc55a0b274649c165b",