{
    "_runs_": {
        "run_1449001000_1cdb0908-2bfb-4a61-9e53-3f924af793f4": {
            "downloading": {
                "gnos-download_time": 159, 
                "start": 1449034220, 
                "stop": 1449034380, 
                "time": 160
            }, 
            "uploading": {
                "copy_meta_time": 2, 
                "start": 1449034397, 
                "stop": 1449034502, 
                "time": 105, 
                "upload_time": 103
            }
        }, 
        "run_1449252103_152c7654-43a8-4095-9763-2d1564a0e842": {
            "downloading": {
                "eb9feaa9-1c7b-4374-966f-da53579a2559.xml-download_time": 12, 
                "eb9feaa9-1c7b-4374-966f-da53579a2559.xml-md5sum_time": 0, 
                "f266899a-1dab-4226-a965-bc1327c64080.svcp_1-0-4.20150116.somatic.binnedReadCounts.tar.gz-download_time": 19, 
                "f266899a-1dab-4226-a965-bc1327c64080.svcp_1-0-4.20150116.somatic.binnedReadCounts.tar.gz-md5sum_time": 1, 
                "f266899a-1dab-4226-a965-bc1327c64080.svcp_1-0-4.20150116.somatic.cnv.tar.gz-download_time": 15, 
                "f266899a-1dab-4226-a965-bc1327c64080.svcp_1-0-4.20150116.somatic.cnv.tar.gz-md5sum_time": 0, 
                "f266899a-1dab-4226-a965-bc1327c64080.svcp_1-0-4.20150116.somatic.cnv.vcf.gz-download_time": 13, 
                "f266899a-1dab-4226-a965-bc1327c64080.svcp_1-0-4.20150116.somatic.cnv.vcf.gz-md5sum_time": 0, 
                "f266899a-1dab-4226-a965-bc1327c64080.svcp_1-0-4.20150116.somatic.cnv.vcf.gz.tbi-download_time": 13, 
                "f266899a-1dab-4226-a965-bc1327c64080.svcp_1-0-4.20150116.somatic.cnv.vcf.gz.tbi-md5sum_time": 0, 
                "f266899a-1dab-4226-a965-bc1327c64080.svcp_1-0-4.20150116.somatic.genotype.tar.gz-download_time": 13, 
                "f266899a-1dab-4226-a965-bc1327c64080.svcp_1-0-4.20150116.somatic.genotype.tar.gz-md5sum_time": 0, 
                "f266899a-1dab-4226-a965-bc1327c64080.svcp_1-0-4.20150116.somatic.imputeCounts.tar.gz-download_time": 42, 
                "f266899a-1dab-4226-a965-bc1327c64080.svcp_1-0-4.20150116.somatic.imputeCounts.tar.gz-md5sum_time": 1, 
                "f266899a-1dab-4226-a965-bc1327c64080.svcp_1-0-4.20150116.somatic.indel.tar.gz-download_time": 50, 
                "f266899a-1dab-4226-a965-bc1327c64080.svcp_1-0-4.20150116.somatic.indel.tar.gz-md5sum_time": 2, 
                "f266899a-1dab-4226-a965-bc1327c64080.svcp_1-0-4.20150116.somatic.indel.vcf.gz-download_time": 15, 
                "f266899a-1dab-4226-a965-bc1327c64080.svcp_1-0-4.20150116.somatic.indel.vcf.gz-md5sum_time": 0, 
                "f266899a-1dab-4226-a965-bc1327c64080.svcp_1-0-4.20150116.somatic.indel.vcf.gz.tbi-download_time": 13, 
                "f266899a-1dab-4226-a965-bc1327c64080.svcp_1-0-4.20150116.somatic.indel.vcf.gz.tbi-md5sum_time": 0, 
                "f266899a-1dab-4226-a965-bc1327c64080.svcp_1-0-4.20150116.somatic.snv_mnv.tar.gz-download_time": 22, 
                "f266899a-1dab-4226-a965-bc1327c64080.svcp_1-0-4.20150116.somatic.snv_mnv.tar.gz-md5sum_time": 1, 
                "f266899a-1dab-4226-a965-bc1327c64080.svcp_1-0-4.20150116.somatic.snv_mnv.vcf.gz-download_time": 13, 
                "f266899a-1dab-4226-a965-bc1327c64080.svcp_1-0-4.20150116.somatic.snv_mnv.vcf.gz-md5sum_time": 0, 
                "f266899a-1dab-4226-a965-bc1327c64080.svcp_1-0-4.20150116.somatic.snv_mnv.vcf.gz.tbi-download_time": 13, 
                "f266899a-1dab-4226-a965-bc1327c64080.svcp_1-0-4.20150116.somatic.snv_mnv.vcf.gz.tbi-md5sum_time": 0, 
                "f266899a-1dab-4226-a965-bc1327c64080.svcp_1-0-4.20150116.somatic.sv.tar.gz-download_time": 66, 
                "f266899a-1dab-4226-a965-bc1327c64080.svcp_1-0-4.20150116.somatic.sv.tar.gz-md5sum_time": 3, 
                "f266899a-1dab-4226-a965-bc1327c64080.svcp_1-0-4.20150116.somatic.sv.vcf.gz-download_time": 13, 
                "f266899a-1dab-4226-a965-bc1327c64080.svcp_1-0-4.20150116.somatic.sv.vcf.gz-md5sum_time": 0, 
                "f266899a-1dab-4226-a965-bc1327c64080.svcp_1-0-4.20150116.somatic.sv.vcf.gz.tbi-download_time": 13, 
                "f266899a-1dab-4226-a965-bc1327c64080.svcp_1-0-4.20150116.somatic.sv.vcf.gz.tbi-md5sum_time": 0, 
                "f266899a-1dab-4226-a965-bc1327c64080.svcp_1-0-4.20150116.somatic.verifyBamId.tar.gz-download_time": 14, 
                "f266899a-1dab-4226-a965-bc1327c64080.svcp_1-0-4.20150116.somatic.verifyBamId.tar.gz-md5sum_time": 0, 
                "start": 1449516340, 
                "stop": 1449516708, 
                "time": 368
            }
        }
    }, 
    "aliquot_id": null, 
    "available_repos": [
        {
            "https://gtrepo-bsc.annailabs.com/": {
                "file_md5sum": "8b9a5b977768684f61546479098b8795", 
                "file_size": 61596
            }
        }
    ], 
    "data_type": "Sanger-VCF", 
    "files": [
        {
            "file_md5sum": "0ee7a08c039a6b98b39f606cbad871f5", 
            "file_name": "f266899a-1dab-4226-a965-bc1327c64080.svcp_1-0-4.20150116.somatic.snv_mnv.vcf.gz", 
            "file_size": 814966, 
            "object_id": "d9a9ccc8-6d9e-571c-aacb-5b32d2a7888b"
        }, 
        {
            "file_md5sum": "bf752acc85e7fce8e818f44656bea3c9", 
            "file_name": "f266899a-1dab-4226-a965-bc1327c64080.svcp_1-0-4.20150116.somatic.snv_mnv.vcf.gz.tbi", 
            "file_size": 167624, 
            "object_id": "cf377edb-ab3d-51de-bc3f-2fb171e36904"
        }, 
        {
            "file_md5sum": "cbd8e947b667790b2ee75c649ec8711e", 
            "file_name": "f266899a-1dab-4226-a965-bc1327c64080.svcp_1-0-4.20150116.somatic.cnv.vcf.gz", 
            "file_size": 1893, 
            "object_id": "dbe08e00-b936-5300-bc4a-3671622b4ca7"
        }, 
        {
            "file_md5sum": "465212548bce75470454e5698c97b7f5", 
            "file_name": "f266899a-1dab-4226-a965-bc1327c64080.svcp_1-0-4.20150116.somatic.cnv.vcf.gz.tbi", 
            "file_size": 4085, 
            "object_id": "e87aa5cb-f2b3-5f2c-b231-59aaef3c5c85"
        }, 
        {
            "file_md5sum": "5ec6fa12f749d5c6858c265b1c753940", 
            "file_name": "f266899a-1dab-4226-a965-bc1327c64080.svcp_1-0-4.20150116.somatic.sv.vcf.gz", 
            "file_size": 3379, 
            "object_id": "81562935-48d2-5bbb-9504-72cbd31aba26"
        }, 
        {
            "file_md5sum": "415513fa80b3b2404a38c8745cea8e72", 
            "file_name": "f266899a-1dab-4226-a965-bc1327c64080.svcp_1-0-4.20150116.somatic.sv.vcf.gz.tbi", 
            "file_size": 684, 
            "object_id": "ab36e453-c1b6-5aa8-8655-073a9bee5f23"
        }, 
        {
            "file_md5sum": "fe093e15bb1aa53b8cfe46104fdd31a9", 
            "file_name": "f266899a-1dab-4226-a965-bc1327c64080.svcp_1-0-4.20150116.somatic.indel.vcf.gz", 
            "file_size": 40944044, 
            "object_id": "7b4e355e-0c73-588d-9985-a9c7722afbfe"
        }, 
        {
            "file_md5sum": "16b8a73ee3318ce10254bf477011325c", 
            "file_name": "f266899a-1dab-4226-a965-bc1327c64080.svcp_1-0-4.20150116.somatic.indel.vcf.gz.tbi", 
            "file_size": 1396376, 
            "object_id": "353ebdaa-15bb-5e76-9916-ebf0da499d58"
        }, 
        {
            "file_md5sum": "5784ad88b81c22124a2bdc8cb75bcd3f", 
            "file_name": "f266899a-1dab-4226-a965-bc1327c64080.svcp_1-0-4.20150116.somatic.snv_mnv.tar.gz", 
            "file_size": 153361211, 
            "object_id": "bacd75a4-0f5e-5f65-93a4-8a854c972912"
        }, 
        {
            "file_md5sum": "eee04190ddea87cf5a72d6b791a418ff", 
            "file_name": "f266899a-1dab-4226-a965-bc1327c64080.svcp_1-0-4.20150116.somatic.cnv.tar.gz", 
            "file_size": 26817214, 
            "object_id": "f84d4eac-3e2c-5089-ae53-143efe3924f9"
        }, 
        {
            "file_md5sum": "efa9d7e74a8bed111c5df652601a8d4e",