{
    "_runs_": {
        "run_1449082788_da7d6552-5b48-4b75-8085-235c65df5206": {
            "downloading": {
                "gnos-download_time": 2231, 
                "start": 1449168714, 
                "stop": 1449170945, 
                "time": 2231
            }, 
            "uploading": {
                "copy_meta_time": 1, 
                "start": 1449170960, 
                "stop": 1449171203, 
                "time": 243, 
                "upload_time": 242
            }
        }, 
        "run_1449256221_15605ad1-8eea-4587-8164-de277ca95282": {
            "downloading": {
                "f06823b8-5531-4f61-9b1f-3d81d1e3cee8.xml-download_time": 13, 
                "f06823b8-5531-4f61-9b1f-3d81d1e3cee8.xml-md5sum_time": 0, 
                "f410b432-c622-11e3-bf01-24c6515278c0.dkfz-copyNumberEstimation_1-0-189-hpc-fix.1508271652.somatic.cnv.tar.gz-download_time": 262, 
                "f410b432-c622-11e3-bf01-24c6515278c0.dkfz-copyNumberEstimation_1-0-189-hpc-fix.1508271652.somatic.cnv.tar.gz-md5sum_time": 21, 
                "f410b432-c622-11e3-bf01-24c6515278c0.dkfz-copyNumberEstimation_1-0-189-hpc-fix.1508271652.somatic.cnv.vcf.gz-download_time": 14, 
                "f410b432-c622-11e3-bf01-24c6515278c0.dkfz-copyNumberEstimation_1-0-189-hpc-fix.1508271652.somatic.cnv.vcf.gz-md5sum_time": 0, 
                "f410b432-c622-11e3-bf01-24c6515278c0.dkfz-copyNumberEstimation_1-0-189-hpc-fix.1508271652.somatic.cnv.vcf.gz.tbi-download_time": 12, 
                "f410b432-c622-11e3-bf01-24c6515278c0.dkfz-copyNumberEstimation_1-0-189-hpc-fix.1508271652.somatic.cnv.vcf.gz.tbi-md5sum_time": 0, 
                "f410b432-c622-11e3-bf01-24c6515278c0.dkfz-indelCalling_1-0-132-1.20150712.germline.indel.vcf.gz-download_time": 18, 
                "f410b432-c622-11e3-bf01-24c6515278c0.dkfz-indelCalling_1-0-132-1.20150712.germline.indel.vcf.gz-md5sum_time": 0, 
                "f410b432-c622-11e3-bf01-24c6515278c0.dkfz-indelCalling_1-0-132-1.20150712.germline.indel.vcf.gz.tbi-download_time": 14, 
                "f410b432-c622-11e3-bf01-24c6515278c0.dkfz-indelCalling_1-0-132-1.20150712.germline.indel.vcf.gz.tbi-md5sum_time": 0, 
                "f410b432-c622-11e3-bf01-24c6515278c0.dkfz-indelCalling_1-0-132-1.20150712.somatic.indel.tar.gz-download_time": 49, 
                "f410b432-c622-11e3-bf01-24c6515278c0.dkfz-indelCalling_1-0-132-1.20150712.somatic.indel.tar.gz-md5sum_time": 3, 
                "f410b432-c622-11e3-bf01-24c6515278c0.dkfz-indelCalling_1-0-132-1.20150712.somatic.indel.vcf.gz-download_time": 16, 
                "f410b432-c622-11e3-bf01-24c6515278c0.dkfz-indelCalling_1-0-132-1.20150712.somatic.indel.vcf.gz-md5sum_time": 0, 
                "f410b432-c622-11e3-bf01-24c6515278c0.dkfz-indelCalling_1-0-132-1.20150712.somatic.indel.vcf.gz.tbi-download_time": 14, 
                "f410b432-c622-11e3-bf01-24c6515278c0.dkfz-indelCalling_1-0-132-1.20150712.somatic.indel.vcf.gz.tbi-md5sum_time": 0, 
                "f410b432-c622-11e3-bf01-24c6515278c0.dkfz-snvCalling_1-0-132-1.20150712.germline.snv_mnv.vcf.gz-download_time": 20, 
                "f410b432-c622-11e3-bf01-24c6515278c0.dkfz-snvCalling_1-0-132-1.20150712.germline.snv_mnv.vcf.gz-md5sum_time": 1, 
                "f410b432-c622-11e3-bf01-24c6515278c0.dkfz-snvCalling_1-0-132-1.20150712.germline.snv_mnv.vcf.gz.tbi-download_time": 14, 
                "f410b432-c622-11e3-bf01-24c6515278c0.dkfz-snvCalling_1-0-132-1.20150712.germline.snv_mnv.vcf.gz.tbi-md5sum_time": 0, 
                "f410b432-c622-11e3-bf01-24c6515278c0.dkfz-snvCalling_1-0-132-1.20150712.somatic.snv_mnv.tar.gz-download_time": 67, 
                "f410b432-c622-11e3-bf01-24c6515278c0.dkfz-snvCalling_1-0-132-1.20150712.somatic.snv_mnv.tar.gz-md5sum_time": 3, 
                "f410b432-c622-11e3-bf01-24c6515278c0.dkfz-snvCalling_1-0-132-1.20150712.somatic.snv_mnv.vcf.gz-download_time": 13, 
                "f410b432-c622-11e3-bf01-24c6515278c0.dkfz-snvCalling_1-0-132-1.20150712.somatic.snv_mnv.vcf.gz-md5sum_time": 0, 
                "f410b432-c622-11e3-bf01-24c6515278c0.dkfz-snvCalling_1-0-132-1.20150712.somatic.snv_mnv.vcf.gz.tbi-download_time": 13, 
                "f410b432-c622-11e3-bf01-24c6515278c0.dkfz-snvCalling_1-0-132-1.20150712.somatic.snv_mnv.vcf.gz.tbi-md5sum_time": 0, 
                "f410b432-c622-11e3-bf01-24c6515278c0.embl-delly_1-0-0-preFilter.20150712.germline.sv.bedpe.txt.tar.gz-download_time": 13, 
                "f410b432-c622-11e3-bf01-24c6515278c0.embl-delly_1-0-0-preFilter.20150712.germline.sv.bedpe.txt.tar.gz-md5sum_time": 0, 
                "f410b432-c622-11e3-bf01-24c6515278c0.embl-delly_1-0-0-preFilter.20150712.germline.sv.readname.txt.tar.gz-download_time": 14, 
                "f410b432-c622-11e3-bf01-24c6515278c0.embl-delly_1-0-0-preFilter.20150712.germline.sv.readname.txt.tar.gz-md5sum_time": 0, 
                "f410b432-c622-11e3-bf01-24c6515278c0.embl-delly_1-0-0-preFilter.20150712.germline.sv.vcf.gz-download_time": 14, 
                "f410b432-c622-11e3-bf01-24c6515278c0.embl-delly_1-0-0-preFilter.20150712.germline.sv.vcf.gz-md5sum_time": 0, 
                "f410b432-c622-11e3-bf01-24c6515278c0.embl-delly_1-0-0-preFilter.20150712.germline.sv.vcf.gz.tbi-download_time": 13, 
                "f410b432-c622-11e3-bf01-24c6515278c0.embl-delly_1-0-0-preFilter.20150712.germline.sv.vcf.gz.tbi-md5sum_time": 0, 
                "f410b432-c622-11e3-bf01-24c6515278c0.embl-delly_1-0-0-preFilter.20150712.somatic.sv.bedpe.txt.tar.gz-download_time": 13, 
                "f410b432-c622-11e3-bf01-24c6515278c0.embl-delly_1-0-0-preFilter.20150712.somatic.sv.bedpe.txt.tar.gz-md5sum_time": 0, 
                "f410b432-c622-11e3-bf01-24c6515278c0.embl-delly_1-0-0-preFilter.20150712.somatic.sv.readname.txt.tar.gz-download_time": 15, 
                "f410b432-c622-11e3-bf01-24c6515278c0.embl-delly_1-0-0-preFilter.20150712.somatic.sv.readname.txt.tar.gz-md5sum_time": 0, 
                "f410b432-c622-11e3-bf01-24c6515278c0.embl-delly_1-0-0-preFilter.20150712.somatic.sv.vcf.gz-download_time": 13, 
                "f410b432-c622-11e3-bf01-24c6515278c0.embl-delly_1-0-0-preFilter.20150712.somatic.sv.vcf.gz-md5sum_time": 0, 
                "f410b432-c622-11e3-bf01-24c6515278c0.embl-delly_1-0-0-preFilter.20150712.somatic.sv.vcf.gz.tbi-download_time": 13, 
                "f410b432-c622-11e3-bf01-24c6515278c0.embl-delly_1-0-0-preFilter.20150712.somatic.sv.vcf.gz.tbi-md5sum_time": 0, 
                "f410b432-c622-11e3-bf01-24c6515278c0.embl-delly_1-0-0-preFilter.20150712.sv.cov.plots.tar.gz-download_time": 15, 
                "f410b432-c622-11e3-bf01-24c6515278c0.embl-delly_1-0-0-preFilter.20150712.sv.cov.plots.tar.gz-md5sum_time": 0, 
                "f410b432-c622-11e3-bf01-24c6515278c0.embl-delly_1-0-0-preFilter.20150712.sv.cov.tar.gz-download_time": 18, 
                "f410b432-c622-11e3-bf01-24c6515278c0.embl-delly_1-0-0-preFilter.20150712.sv.cov.tar.gz-md5sum_time": 0, 
                "f410b432-c622-11e3-bf01-24c6515278c0.embl-delly_1-0-0-preFilter.20150712.sv.vcf.gz-download_time": 13, 
                "f410b432-c622-11e3-bf01-24c6515278c0.embl-delly_1-0-0-preFilter.20150712.sv.vcf.gz-md5sum_time": 0, 
                "f410b432-c622-11e3-bf01-24c6515278c0.embl-delly_1-0-0-preFilter.20150712.sv.vcf.gz.tbi-download_time": 14, 
                "f410b432-c622-11e3-bf01-24c6515278c0.embl-delly_1-0-0-preFilter.20150712.sv.vcf.gz.tbi-md5sum_time": 0, 
                "start": 1449524604, 
                "stop": 1449525340, 
                "time": 736
            }
        }
    }, 
    "aliquot_id": null, 
    "available_repos": [
        {
            "https://gtrepo-dkfz.annailabs.com/": {
                "file_md5sum": "ef67f9cd6cbcffe472737e65e93b5076", 
                "file_size": 58340
            }
        }
    ], 
    "data_type": "Dkfz_embl-VCF", 
    "files": [
        {
            "file_md5sum": "e8ed6654b25481e8d1fab6b11a33b0d4",