{
    "_runs_": {
        "run_1449082444_377f6128-eb97-49a3-8ed2-dfd67fca33ff": {
            "downloading": {
                "gnos-download_time": 1978, 
                "start": 1449169120, 
                "stop": 1449171099, 
                "time": 1979
            }, 
            "uploading": {
                "copy_meta_time": 2, 
                "start": 1449171115, 
                "stop": 1449171355, 
                "time": 240, 
                "upload_time": 238
            }
        }, 
        "run_1449256291_854cc1de-1a8d-4120-b9ce-5b1f48d14ccc": {
            "downloading": {
                "0ed2e2e1-2fe3-43eb-8cad-34f3f21a7169.dkfz-copyNumberEstimation_1-0-189-hpc-fix.1508271717.somatic.cnv.tar.gz-download_time": 222, 
                "0ed2e2e1-2fe3-43eb-8cad-34f3f21a7169.dkfz-copyNumberEstimation_1-0-189-hpc-fix.1508271717.somatic.cnv.tar.gz-md5sum_time": 23, 
                "0ed2e2e1-2fe3-43eb-8cad-34f3f21a7169.dkfz-copyNumberEstimation_1-0-189-hpc-fix.1508271717.somatic.cnv.vcf.gz-download_time": 12, 
                "0ed2e2e1-2fe3-43eb-8cad-34f3f21a7169.dkfz-copyNumberEstimation_1-0-189-hpc-fix.1508271717.somatic.cnv.vcf.gz-md5sum_time": 0, 
                "0ed2e2e1-2fe3-43eb-8cad-34f3f21a7169.dkfz-copyNumberEstimation_1-0-189-hpc-fix.1508271717.somatic.cnv.vcf.gz.tbi-download_time": 14, 
                "0ed2e2e1-2fe3-43eb-8cad-34f3f21a7169.dkfz-copyNumberEstimation_1-0-189-hpc-fix.1508271717.somatic.cnv.vcf.gz.tbi-md5sum_time": 0, 
                "0ed2e2e1-2fe3-43eb-8cad-34f3f21a7169.dkfz-indelCalling_1-0-132-1.20150702.germline.indel.vcf.gz-download_time": 17, 
                "0ed2e2e1-2fe3-43eb-8cad-34f3f21a7169.dkfz-indelCalling_1-0-132-1.20150702.germline.indel.vcf.gz-md5sum_time": 1, 
                "0ed2e2e1-2fe3-43eb-8cad-34f3f21a7169.dkfz-indelCalling_1-0-132-1.20150702.germline.indel.vcf.gz.tbi-download_time": 14, 
                "0ed2e2e1-2fe3-43eb-8cad-34f3f21a7169.dkfz-indelCalling_1-0-132-1.20150702.germline.indel.vcf.gz.tbi-md5sum_time": 0, 
                "0ed2e2e1-2fe3-43eb-8cad-34f3f21a7169.dkfz-indelCalling_1-0-132-1.20150702.somatic.indel.tar.gz-download_time": 75, 
                "0ed2e2e1-2fe3-43eb-8cad-34f3f21a7169.dkfz-indelCalling_1-0-132-1.20150702.somatic.indel.tar.gz-md5sum_time": 2, 
                "0ed2e2e1-2fe3-43eb-8cad-34f3f21a7169.dkfz-indelCalling_1-0-132-1.20150702.somatic.indel.vcf.gz-download_time": 16, 
                "0ed2e2e1-2fe3-43eb-8cad-34f3f21a7169.dkfz-indelCalling_1-0-132-1.20150702.somatic.indel.vcf.gz-md5sum_time": 0, 
                "0ed2e2e1-2fe3-43eb-8cad-34f3f21a7169.dkfz-indelCalling_1-0-132-1.20150702.somatic.indel.vcf.gz.tbi-download_time": 13, 
                "0ed2e2e1-2fe3-43eb-8cad-34f3f21a7169.dkfz-indelCalling_1-0-132-1.20150702.somatic.indel.vcf.gz.tbi-md5sum_time": 0, 
                "0ed2e2e1-2fe3-43eb-8cad-34f3f21a7169.dkfz-snvCalling_1-0-132-1.20150702.germline.snv_mnv.vcf.gz-download_time": 19, 
                "0ed2e2e1-2fe3-43eb-8cad-34f3f21a7169.dkfz-snvCalling_1-0-132-1.20150702.germline.snv_mnv.vcf.gz-md5sum_time": 1, 
                "0ed2e2e1-2fe3-43eb-8cad-34f3f21a7169.dkfz-snvCalling_1-0-132-1.20150702.germline.snv_mnv.vcf.gz.tbi-download_time": 15, 
                "0ed2e2e1-2fe3-43eb-8cad-34f3f21a7169.dkfz-snvCalling_1-0-132-1.20150702.germline.snv_mnv.vcf.gz.tbi-md5sum_time": 0, 
                "0ed2e2e1-2fe3-43eb-8cad-34f3f21a7169.dkfz-snvCalling_1-0-132-1.20150702.somatic.snv_mnv.tar.gz-download_time": 81, 
                "0ed2e2e1-2fe3-43eb-8cad-34f3f21a7169.dkfz-snvCalling_1-0-132-1.20150702.somatic.snv_mnv.tar.gz-md5sum_time": 4, 
                "0ed2e2e1-2fe3-43eb-8cad-34f3f21a7169.dkfz-snvCalling_1-0-132-1.20150702.somatic.snv_mnv.vcf.gz-download_time": 13, 
                "0ed2e2e1-2fe3-43eb-8cad-34f3f21a7169.dkfz-snvCalling_1-0-132-1.20150702.somatic.snv_mnv.vcf.gz-md5sum_time": 0, 
                "0ed2e2e1-2fe3-43eb-8cad-34f3f21a7169.dkfz-snvCalling_1-0-132-1.20150702.somatic.snv_mnv.vcf.gz.tbi-download_time": 13, 
                "0ed2e2e1-2fe3-43eb-8cad-34f3f21a7169.dkfz-snvCalling_1-0-132-1.20150702.somatic.snv_mnv.vcf.gz.tbi-md5sum_time": 0, 
                "0ed2e2e1-2fe3-43eb-8cad-34f3f21a7169.embl-delly_1-0-0-preFilter.20150702.germline.sv.bedpe.txt.tar.gz-download_time": 12, 
                "0ed2e2e1-2fe3-43eb-8cad-34f3f21a7169.embl-delly_1-0-0-preFilter.20150702.germline.sv.bedpe.txt.tar.gz-md5sum_time": 0, 
                "0ed2e2e1-2fe3-43eb-8cad-34f3f21a7169.embl-delly_1-0-0-preFilter.20150702.germline.sv.readname.txt.tar.gz-download_time": 14, 
                "0ed2e2e1-2fe3-43eb-8cad-34f3f21a7169.embl-delly_1-0-0-preFilter.20150702.germline.sv.readname.txt.tar.gz-md5sum_time": 0, 
                "0ed2e2e1-2fe3-43eb-8cad-34f3f21a7169.embl-delly_1-0-0-preFilter.20150702.germline.sv.vcf.gz-download_time": 13, 
                "0ed2e2e1-2fe3-43eb-8cad-34f3f21a7169.embl-delly_1-0-0-preFilter.20150702.germline.sv.vcf.gz-md5sum_time": 0, 
                "0ed2e2e1-2fe3-43eb-8cad-34f3f21a7169.embl-delly_1-0-0-preFilter.20150702.germline.sv.vcf.gz.tbi-download_time": 13, 
                "0ed2e2e1-2fe3-43eb-8cad-34f3f21a7169.embl-delly_1-0-0-preFilter.20150702.germline.sv.vcf.gz.tbi-md5sum_time": 0, 
                "0ed2e2e1-2fe3-43eb-8cad-34f3f21a7169.embl-delly_1-0-0-preFilter.20150702.somatic.sv.bedpe.txt.tar.gz-download_time": 13, 
                "0ed2e2e1-2fe3-43eb-8cad-34f3f21a7169.embl-delly_1-0-0-preFilter.20150702.somatic.sv.bedpe.txt.tar.gz-md5sum_time": 0, 
                "0ed2e2e1-2fe3-43eb-8cad-34f3f21a7169.embl-delly_1-0-0-preFilter.20150702.somatic.sv.readname.txt.tar.gz-download_time": 13, 
                "0ed2e2e1-2fe3-43eb-8cad-34f3f21a7169.embl-delly_1-0-0-preFilter.20150702.somatic.sv.readname.txt.tar.gz-md5sum_time": 0, 
                "0ed2e2e1-2fe3-43eb-8cad-34f3f21a7169.embl-delly_1-0-0-preFilter.20150702.somatic.sv.vcf.gz-download_time": 14, 
                "0ed2e2e1-2fe3-43eb-8cad-34f3f21a7169.embl-delly_1-0-0-preFilter.20150702.somatic.sv.vcf.gz-md5sum_time": 0, 
                "0ed2e2e1-2fe3-43eb-8cad-34f3f21a7169.embl-delly_1-0-0-preFilter.20150702.somatic.sv.vcf.gz.tbi-download_time": 13, 
                "0ed2e2e1-2fe3-43eb-8cad-34f3f21a7169.embl-delly_1-0-0-preFilter.20150702.somatic.sv.vcf.gz.tbi-md5sum_time": 0, 
                "0ed2e2e1-2fe3-43eb-8cad-34f3f21a7169.embl-delly_1-0-0-preFilter.20150702.sv.cov.plots.tar.gz-download_time": 15, 
                "0ed2e2e1-2fe3-43eb-8cad-34f3f21a7169.embl-delly_1-0-0-preFilter.20150702.sv.cov.plots.tar.gz-md5sum_time": 0, 
                "0ed2e2e1-2fe3-43eb-8cad-34f3f21a7169.embl-delly_1-0-0-preFilter.20150702.sv.cov.tar.gz-download_time": 18, 
                "0ed2e2e1-2fe3-43eb-8cad-34f3f21a7169.embl-delly_1-0-0-preFilter.20150702.sv.cov.tar.gz-md5sum_time": 0, 
                "0ed2e2e1-2fe3-43eb-8cad-34f3f21a7169.embl-delly_1-0-0-preFilter.20150702.sv.vcf.gz-download_time": 19, 
                "0ed2e2e1-2fe3-43eb-8cad-34f3f21a7169.embl-delly_1-0-0-preFilter.20150702.sv.vcf.gz-md5sum_time": 0, 
                "0ed2e2e1-2fe3-43eb-8cad-34f3f21a7169.embl-delly_1-0-0-preFilter.20150702.sv.vcf.gz.tbi-download_time": 13, 
                "0ed2e2e1-2fe3-43eb-8cad-34f3f21a7169.embl-delly_1-0-0-preFilter.20150702.sv.vcf.gz.tbi-md5sum_time": 0, 
                "f0fb03bf-7eae-443f-8783-2c2f6a19be86.xml-download_time": 15, 
                "f0fb03bf-7eae-443f-8783-2c2f6a19be86.xml-md5sum_time": 0, 
                "start": 1449525567, 
                "stop": 1449526307, 
                "time": 740
            }
        }
    }, 
    "aliquot_id": null, 
    "available_repos": [
        {
            "https://gtrepo-dkfz.annailabs.com/": {
                "file_md5sum": "725377eb5da3b55bf544f3b7f16f0249", 
                "file_size": 59373
            }
        }
    ], 
    "data_type": "Dkfz_embl-VCF", 
    "files": [
        {
            "file_md5sum": "156f770703a8da37d57e888121430eb6",