{
    "_runs_": {
        "run_1449000871_7de5c2ac-cb2e-4a02-89ce-0323bc3d7e1b": {
            "downloading": {
                "gnos-download_time": 319, 
                "start": 1449034705, 
                "stop": 1449035024, 
                "time": 319
            }, 
            "uploading": {
                "copy_meta_time": 2, 
                "start": 1449035040, 
                "stop": 1449035255, 
                "time": 215, 
                "upload_time": 212
            }
        }, 
        "run_1449252103_152c7654-43a8-4095-9763-2d1564a0e842": {
            "downloading": {
                "6ea6b5e4-cdc4-4e3a-bde2-8089d2a4d7eb.svcp_1-0-5.20150315.somatic.binnedReadCounts.tar.gz-download_time": 18, 
                "6ea6b5e4-cdc4-4e3a-bde2-8089d2a4d7eb.svcp_1-0-5.20150315.somatic.binnedReadCounts.tar.gz-md5sum_time": 0, 
                "6ea6b5e4-cdc4-4e3a-bde2-8089d2a4d7eb.svcp_1-0-5.20150315.somatic.cnv.tar.gz-download_time": 16, 
                "6ea6b5e4-cdc4-4e3a-bde2-8089d2a4d7eb.svcp_1-0-5.20150315.somatic.cnv.tar.gz-md5sum_time": 0, 
                "6ea6b5e4-cdc4-4e3a-bde2-8089d2a4d7eb.svcp_1-0-5.20150315.somatic.cnv.vcf.gz-download_time": 14, 
                "6ea6b5e4-cdc4-4e3a-bde2-8089d2a4d7eb.svcp_1-0-5.20150315.somatic.cnv.vcf.gz-md5sum_time": 0, 
                "6ea6b5e4-cdc4-4e3a-bde2-8089d2a4d7eb.svcp_1-0-5.20150315.somatic.cnv.vcf.gz.tbi-download_time": 12, 
                "6ea6b5e4-cdc4-4e3a-bde2-8089d2a4d7eb.svcp_1-0-5.20150315.somatic.cnv.vcf.gz.tbi-md5sum_time": 0, 
                "6ea6b5e4-cdc4-4e3a-bde2-8089d2a4d7eb.svcp_1-0-5.20150315.somatic.genotype.tar.gz-download_time": 13, 
                "6ea6b5e4-cdc4-4e3a-bde2-8089d2a4d7eb.svcp_1-0-5.20150315.somatic.genotype.tar.gz-md5sum_time": 0, 
                "6ea6b5e4-cdc4-4e3a-bde2-8089d2a4d7eb.svcp_1-0-5.20150315.somatic.imputeCounts.tar.gz-download_time": 39, 
                "6ea6b5e4-cdc4-4e3a-bde2-8089d2a4d7eb.svcp_1-0-5.20150315.somatic.imputeCounts.tar.gz-md5sum_time": 2, 
                "6ea6b5e4-cdc4-4e3a-bde2-8089d2a4d7eb.svcp_1-0-5.20150315.somatic.indel.tar.gz-download_time": 49, 
                "6ea6b5e4-cdc4-4e3a-bde2-8089d2a4d7eb.svcp_1-0-5.20150315.somatic.indel.tar.gz-md5sum_time": 2, 
                "6ea6b5e4-cdc4-4e3a-bde2-8089d2a4d7eb.svcp_1-0-5.20150315.somatic.indel.vcf.gz-download_time": 16, 
                "6ea6b5e4-cdc4-4e3a-bde2-8089d2a4d7eb.svcp_1-0-5.20150315.somatic.indel.vcf.gz-md5sum_time": 0, 
                "6ea6b5e4-cdc4-4e3a-bde2-8089d2a4d7eb.svcp_1-0-5.20150315.somatic.indel.vcf.gz.tbi-download_time": 13, 
                "6ea6b5e4-cdc4-4e3a-bde2-8089d2a4d7eb.svcp_1-0-5.20150315.somatic.indel.vcf.gz.tbi-md5sum_time": 0, 
                "6ea6b5e4-cdc4-4e3a-bde2-8089d2a4d7eb.svcp_1-0-5.20150315.somatic.snv_mnv.tar.gz-download_time": 23, 
                "6ea6b5e4-cdc4-4e3a-bde2-8089d2a4d7eb.svcp_1-0-5.20150315.somatic.snv_mnv.tar.gz-md5sum_time": 0, 
                "6ea6b5e4-cdc4-4e3a-bde2-8089d2a4d7eb.svcp_1-0-5.20150315.somatic.snv_mnv.vcf.gz-download_time": 13, 
                "6ea6b5e4-cdc4-4e3a-bde2-8089d2a4d7eb.svcp_1-0-5.20150315.somatic.snv_mnv.vcf.gz-md5sum_time": 0, 
                "6ea6b5e4-cdc4-4e3a-bde2-8089d2a4d7eb.svcp_1-0-5.20150315.somatic.snv_mnv.vcf.gz.tbi-download_time": 13, 
                "6ea6b5e4-cdc4-4e3a-bde2-8089d2a4d7eb.svcp_1-0-5.20150315.somatic.snv_mnv.vcf.gz.tbi-md5sum_time": 0, 
                "6ea6b5e4-cdc4-4e3a-bde2-8089d2a4d7eb.svcp_1-0-5.20150315.somatic.sv.tar.gz-download_time": 215, 
                "6ea6b5e4-cdc4-4e3a-bde2-8089d2a4d7eb.svcp_1-0-5.20150315.somatic.sv.tar.gz-md5sum_time": 18, 
                "6ea6b5e4-cdc4-4e3a-bde2-8089d2a4d7eb.svcp_1-0-5.20150315.somatic.sv.vcf.gz-download_time": 13, 
                "6ea6b5e4-cdc4-4e3a-bde2-8089d2a4d7eb.svcp_1-0-5.20150315.somatic.sv.vcf.gz-md5sum_time": 0, 
                "6ea6b5e4-cdc4-4e3a-bde2-8089d2a4d7eb.svcp_1-0-5.20150315.somatic.sv.vcf.gz.tbi-download_time": 13, 
                "6ea6b5e4-cdc4-4e3a-bde2-8089d2a4d7eb.svcp_1-0-5.20150315.somatic.sv.vcf.gz.tbi-md5sum_time": 0, 
                "6ea6b5e4-cdc4-4e3a-bde2-8089d2a4d7eb.svcp_1-0-5.20150315.somatic.verifyBamId.tar.gz-download_time": 13, 
                "6ea6b5e4-cdc4-4e3a-bde2-8089d2a4d7eb.svcp_1-0-5.20150315.somatic.verifyBamId.tar.gz-md5sum_time": 0, 
                "f2f749dd-5635-4ee0-bf3d-5e65b2b4b463.xml-download_time": 13, 
                "f2f749dd-5635-4ee0-bf3d-5e65b2b4b463.xml-md5sum_time": 0, 
                "start": 1449530277, 
                "stop": 1449530805, 
                "time": 528
            }
        }
    }, 
    "aliquot_id": null, 
    "available_repos": [
        {
            "https://gtrepo-bsc.annailabs.com/": {
                "file_md5sum": "c935c2208ac2e9a6e35606961fa7c676", 
                "file_size": 61243
            }
        }
    ], 
    "data_type": "Sanger-VCF", 
    "files": [
        {
            "file_md5sum": "a4a6241e68609e2a8508e5c844c8a241", 
            "file_name": "6ea6b5e4-cdc4-4e3a-bde2-8089d2a4d7eb.svcp_1-0-5.20150315.somatic.snv_mnv.vcf.gz", 
            "file_size": 1633811, 
            "object_id": "c195f1b6-080e-59b0-9d31-7277defcd765"
        }, 
        {
            "file_md5sum": "b7fb42eda91b87dc84ca40d7b0b0f9d8", 
            "file_name": "6ea6b5e4-cdc4-4e3a-bde2-8089d2a4d7eb.svcp_1-0-5.20150315.somatic.snv_mnv.vcf.gz.tbi", 
            "file_size": 248631, 
            "object_id": "2a7979f6-87c6-5d6b-919c-e514033ec40d"
        }, 
        {
            "file_md5sum": "836103c88518d7b3a5a3205cc92699ba", 
            "file_name": "6ea6b5e4-cdc4-4e3a-bde2-8089d2a4d7eb.svcp_1-0-5.20150315.somatic.cnv.vcf.gz", 
            "file_size": 2086, 
            "object_id": "7f7d2fe2-136e-55f7-a5f5-2421bed690d9"
        }, 
        {
            "file_md5sum": "af4b8f92de94dd629645a422c7419fc5", 
            "file_name": "6ea6b5e4-cdc4-4e3a-bde2-8089d2a4d7eb.svcp_1-0-5.20150315.somatic.cnv.vcf.gz.tbi", 
            "file_size": 4265, 
            "object_id": "c467b049-c2f9-51bf-9ee2-ce6a3c9c958b"
        }, 
        {
            "file_md5sum": "86275b7d70350177f07963e658241181", 
            "file_name": "6ea6b5e4-cdc4-4e3a-bde2-8089d2a4d7eb.svcp_1-0-5.20150315.somatic.sv.vcf.gz", 
            "file_size": 9899, 
            "object_id": "82ca75f6-8127-59e0-9340-280d98b1044a"
        }, 
        {
            "file_md5sum": "7086efb2d4900190114935574e87f509", 
            "file_name": "6ea6b5e4-cdc4-4e3a-bde2-8089d2a4d7eb.svcp_1-0-5.20150315.somatic.sv.vcf.gz.tbi", 
            "file_size": 3927, 
            "object_id": "38b561f7-879f-5e31-967b-0945a337d8ce"
        }, 
        {
            "file_md5sum": "309db5e2f4c9244b608a31f218b9d930", 
            "file_name": "6ea6b5e4-cdc4-4e3a-bde2-8089d2a4d7eb.svcp_1-0-5.20150315.somatic.indel.vcf.gz", 
            "file_size": 44299690, 
            "object_id": "06cf7270-35f5-596e-b1c7-c336ea7165e8"
        }, 
        {
            "file_md5sum": "63a59db22bda35b42a10783bcd3f816d", 
            "file_name": "6ea6b5e4-cdc4-4e3a-bde2-8089d2a4d7eb.svcp_1-0-5.20150315.somatic.indel.vcf.gz.tbi", 
            "file_size": 1441281, 
            "object_id": "12953ba1-328c-5082-bcd4-51b7a3b02022"
        }, 
        {
            "file_md5sum": "b9f818ab82ebbe514d0da947e98c7805", 
            "file_name": "6ea6b5e4-cdc4-4e3a-bde2-8089d2a4d7eb.svcp_1-0-5.20150315.somatic.snv_mnv.tar.gz", 
            "file_size": 153429420, 
            "object_id": "31386d67-2ac4-519d-82d9-606968071cd1"
        }, 
        {
            "file_md5sum": "48f0ecc5fdc4c5c375cea7ddff97b603", 
            "file_name": "6ea6b5e4-cdc4-4e3a-bde2-8089d2a4d7eb.svcp_1-0-5.20150315.somatic.cnv.tar.gz", 
            "file_size": 26918608, 
            "object_id": "d7320261-94c0-5992-85ab-a97c2ecb1712"
        }, 
        {
            "file_md5sum": "80235cfe8d15d7ad4847c68037e80555",