{
    "_runs_": {
        "run_1449082625_9f6fe3a3-6da0-4e4e-b231-6e2316e868c8": {
            "downloading": {
                "gnos-download_time": 1443, 
                "start": 1449171713, 
                "stop": 1449173157, 
                "time": 1444
            }, 
            "uploading": {
                "copy_meta_time": 1, 
                "start": 1449173182, 
                "stop": 1449173422, 
                "time": 240, 
                "upload_time": 239
            }
        }, 
        "run_1449256221_15605ad1-8eea-4587-8164-de277ca95282": {
            "downloading": {
                "f540b093-e5e4-4e2a-90d1-fdb52e4d9143.xml-download_time": 13, 
                "f540b093-e5e4-4e2a-90d1-fdb52e4d9143.xml-md5sum_time": 0, 
                "fc447d51-cdc2-a180-e040-11ac0c4846a4.dkfz-copyNumberEstimation_1-0-189-hpc-fix.1508272009.somatic.cnv.tar.gz-download_time": 270, 
                "fc447d51-cdc2-a180-e040-11ac0c4846a4.dkfz-copyNumberEstimation_1-0-189-hpc-fix.1508272009.somatic.cnv.tar.gz-md5sum_time": 22, 
                "fc447d51-cdc2-a180-e040-11ac0c4846a4.dkfz-copyNumberEstimation_1-0-189-hpc-fix.1508272009.somatic.cnv.vcf.gz-download_time": 13, 
                "fc447d51-cdc2-a180-e040-11ac0c4846a4.dkfz-copyNumberEstimation_1-0-189-hpc-fix.1508272009.somatic.cnv.vcf.gz-md5sum_time": 0, 
                "fc447d51-cdc2-a180-e040-11ac0c4846a4.dkfz-copyNumberEstimation_1-0-189-hpc-fix.1508272009.somatic.cnv.vcf.gz.tbi-download_time": 14, 
                "fc447d51-cdc2-a180-e040-11ac0c4846a4.dkfz-copyNumberEstimation_1-0-189-hpc-fix.1508272009.somatic.cnv.vcf.gz.tbi-md5sum_time": 0, 
                "fc447d51-cdc2-a180-e040-11ac0c4846a4.dkfz-indelCalling_1-0-132-1.20150511.germline.indel.vcf.gz-download_time": 20, 
                "fc447d51-cdc2-a180-e040-11ac0c4846a4.dkfz-indelCalling_1-0-132-1.20150511.germline.indel.vcf.gz-md5sum_time": 0, 
                "fc447d51-cdc2-a180-e040-11ac0c4846a4.dkfz-indelCalling_1-0-132-1.20150511.germline.indel.vcf.gz.tbi-download_time": 15, 
                "fc447d51-cdc2-a180-e040-11ac0c4846a4.dkfz-indelCalling_1-0-132-1.20150511.germline.indel.vcf.gz.tbi-md5sum_time": 0, 
                "fc447d51-cdc2-a180-e040-11ac0c4846a4.dkfz-indelCalling_1-0-132-1.20150511.somatic.indel.tar.gz-download_time": 55, 
                "fc447d51-cdc2-a180-e040-11ac0c4846a4.dkfz-indelCalling_1-0-132-1.20150511.somatic.indel.tar.gz-md5sum_time": 2, 
                "fc447d51-cdc2-a180-e040-11ac0c4846a4.dkfz-indelCalling_1-0-132-1.20150511.somatic.indel.vcf.gz-download_time": 15, 
                "fc447d51-cdc2-a180-e040-11ac0c4846a4.dkfz-indelCalling_1-0-132-1.20150511.somatic.indel.vcf.gz-md5sum_time": 0, 
                "fc447d51-cdc2-a180-e040-11ac0c4846a4.dkfz-indelCalling_1-0-132-1.20150511.somatic.indel.vcf.gz.tbi-download_time": 13, 
                "fc447d51-cdc2-a180-e040-11ac0c4846a4.dkfz-indelCalling_1-0-132-1.20150511.somatic.indel.vcf.gz.tbi-md5sum_time": 0, 
                "fc447d51-cdc2-a180-e040-11ac0c4846a4.dkfz-snvCalling_1-0-132-1.20150511.germline.snv_mnv.vcf.gz-download_time": 25, 
                "fc447d51-cdc2-a180-e040-11ac0c4846a4.dkfz-snvCalling_1-0-132-1.20150511.germline.snv_mnv.vcf.gz-md5sum_time": 1, 
                "fc447d51-cdc2-a180-e040-11ac0c4846a4.dkfz-snvCalling_1-0-132-1.20150511.germline.snv_mnv.vcf.gz.tbi-download_time": 17, 
                "fc447d51-cdc2-a180-e040-11ac0c4846a4.dkfz-snvCalling_1-0-132-1.20150511.germline.snv_mnv.vcf.gz.tbi-md5sum_time": 0, 
                "fc447d51-cdc2-a180-e040-11ac0c4846a4.dkfz-snvCalling_1-0-132-1.20150511.somatic.snv_mnv.tar.gz-download_time": 103, 
                "fc447d51-cdc2-a180-e040-11ac0c4846a4.dkfz-snvCalling_1-0-132-1.20150511.somatic.snv_mnv.tar.gz-md5sum_time": 4, 
                "fc447d51-cdc2-a180-e040-11ac0c4846a4.dkfz-snvCalling_1-0-132-1.20150511.somatic.snv_mnv.vcf.gz-download_time": 14, 
                "fc447d51-cdc2-a180-e040-11ac0c4846a4.dkfz-snvCalling_1-0-132-1.20150511.somatic.snv_mnv.vcf.gz-md5sum_time": 0, 
                "fc447d51-cdc2-a180-e040-11ac0c4846a4.dkfz-snvCalling_1-0-132-1.20150511.somatic.snv_mnv.vcf.gz.tbi-download_time": 14, 
                "fc447d51-cdc2-a180-e040-11ac0c4846a4.dkfz-snvCalling_1-0-132-1.20150511.somatic.snv_mnv.vcf.gz.tbi-md5sum_time": 0, 
                "fc447d51-cdc2-a180-e040-11ac0c4846a4.embl-delly_1-0-0-preFilter.20150511.germline.sv.bedpe.txt.tar.gz-download_time": 13, 
                "fc447d51-cdc2-a180-e040-11ac0c4846a4.embl-delly_1-0-0-preFilter.20150511.germline.sv.bedpe.txt.tar.gz-md5sum_time": 0, 
                "fc447d51-cdc2-a180-e040-11ac0c4846a4.embl-delly_1-0-0-preFilter.20150511.germline.sv.readname.txt.tar.gz-download_time": 14, 
                "fc447d51-cdc2-a180-e040-11ac0c4846a4.embl-delly_1-0-0-preFilter.20150511.germline.sv.readname.txt.tar.gz-md5sum_time": 0, 
                "fc447d51-cdc2-a180-e040-11ac0c4846a4.embl-delly_1-0-0-preFilter.20150511.germline.sv.vcf.gz-download_time": 13, 
                "fc447d51-cdc2-a180-e040-11ac0c4846a4.embl-delly_1-0-0-preFilter.20150511.germline.sv.vcf.gz-md5sum_time": 0, 
                "fc447d51-cdc2-a180-e040-11ac0c4846a4.embl-delly_1-0-0-preFilter.20150511.germline.sv.vcf.gz.tbi-download_time": 13, 
                "fc447d51-cdc2-a180-e040-11ac0c4846a4.embl-delly_1-0-0-preFilter.20150511.germline.sv.vcf.gz.tbi-md5sum_time": 0, 
                "fc447d51-cdc2-a180-e040-11ac0c4846a4.embl-delly_1-0-0-preFilter.20150511.somatic.sv.bedpe.txt.tar.gz-download_time": 14, 
                "fc447d51-cdc2-a180-e040-11ac0c4846a4.embl-delly_1-0-0-preFilter.20150511.somatic.sv.bedpe.txt.tar.gz-md5sum_time": 0, 
                "fc447d51-cdc2-a180-e040-11ac0c4846a4.embl-delly_1-0-0-preFilter.20150511.somatic.sv.readname.txt.tar.gz-download_time": 13, 
                "fc447d51-cdc2-a180-e040-11ac0c4846a4.embl-delly_1-0-0-preFilter.20150511.somatic.sv.readname.txt.tar.gz-md5sum_time": 0, 
                "fc447d51-cdc2-a180-e040-11ac0c4846a4.embl-delly_1-0-0-preFilter.20150511.somatic.sv.vcf.gz-download_time": 13, 
                "fc447d51-cdc2-a180-e040-11ac0c4846a4.embl-delly_1-0-0-preFilter.20150511.somatic.sv.vcf.gz-md5sum_time": 0, 
                "fc447d51-cdc2-a180-e040-11ac0c4846a4.embl-delly_1-0-0-preFilter.20150511.somatic.sv.vcf.gz.tbi-download_time": 13, 
                "fc447d51-cdc2-a180-e040-11ac0c4846a4.embl-delly_1-0-0-preFilter.20150511.somatic.sv.vcf.gz.tbi-md5sum_time": 0, 
                "fc447d51-cdc2-a180-e040-11ac0c4846a4.embl-delly_1-0-0-preFilter.20150511.sv.cov.plots.tar.gz-download_time": 16, 
                "fc447d51-cdc2-a180-e040-11ac0c4846a4.embl-delly_1-0-0-preFilter.20150511.sv.cov.plots.tar.gz-md5sum_time": 0, 
                "fc447d51-cdc2-a180-e040-11ac0c4846a4.embl-delly_1-0-0-preFilter.20150511.sv.cov.tar.gz-download_time": 17, 
                "fc447d51-cdc2-a180-e040-11ac0c4846a4.embl-delly_1-0-0-preFilter.20150511.sv.cov.tar.gz-md5sum_time": 0, 
                "fc447d51-cdc2-a180-e040-11ac0c4846a4.embl-delly_1-0-0-preFilter.20150511.sv.vcf.gz-download_time": 13, 
                "fc447d51-cdc2-a180-e040-11ac0c4846a4.embl-delly_1-0-0-preFilter.20150511.sv.vcf.gz-md5sum_time": 0, 
                "fc447d51-cdc2-a180-e040-11ac0c4846a4.embl-delly_1-0-0-preFilter.20150511.sv.vcf.gz.tbi-download_time": 14, 
                "fc447d51-cdc2-a180-e040-11ac0c4846a4.embl-delly_1-0-0-preFilter.20150511.sv.vcf.gz.tbi-md5sum_time": 0, 
                "start": 1449534022, 
                "stop": 1449534819, 
                "time": 797
            }
        }
    }, 
    "aliquot_id": null, 
    "available_repos": [
        {
            "https://gtrepo-dkfz.annailabs.com/": {
                "file_md5sum": "03b8c919f00f706102f6a35b847b7443", 
                "file_size": 59830
            }
        }
    ], 
    "data_type": "Dkfz_embl-VCF", 
    "files": [
        {
            "file_md5sum": "a16adee55d20d890920ebf4b3e1143b0",