{
    "_runs_": {
        "run_1449082788_da7d6552-5b48-4b75-8085-235c65df5206": {
            "downloading": {
                "gnos-download_time": 1285, 
                "start": 1449172964, 
                "stop": 1449174250, 
                "time": 1286
            }, 
            "uploading": {
                "copy_meta_time": 1, 
                "start": 1449174263, 
                "stop": 1449174517, 
                "time": 254, 
                "upload_time": 253
            }
        }, 
        "run_1449256221_15605ad1-8eea-4587-8164-de277ca95282": {
            "downloading": {
                "33061bf5-9b99-4735-a810-f2d5eeef6873.dkfz-copyNumberEstimation_1-0-189-hpc-fix.1508271656.somatic.cnv.tar.gz-download_time": 244, 
                "33061bf5-9b99-4735-a810-f2d5eeef6873.dkfz-copyNumberEstimation_1-0-189-hpc-fix.1508271656.somatic.cnv.tar.gz-md5sum_time": 21, 
                "33061bf5-9b99-4735-a810-f2d5eeef6873.dkfz-copyNumberEstimation_1-0-189-hpc-fix.1508271656.somatic.cnv.vcf.gz-download_time": 14, 
                "33061bf5-9b99-4735-a810-f2d5eeef6873.dkfz-copyNumberEstimation_1-0-189-hpc-fix.1508271656.somatic.cnv.vcf.gz-md5sum_time": 0, 
                "33061bf5-9b99-4735-a810-f2d5eeef6873.dkfz-copyNumberEstimation_1-0-189-hpc-fix.1508271656.somatic.cnv.vcf.gz.tbi-download_time": 15, 
                "33061bf5-9b99-4735-a810-f2d5eeef6873.dkfz-copyNumberEstimation_1-0-189-hpc-fix.1508271656.somatic.cnv.vcf.gz.tbi-md5sum_time": 0, 
                "33061bf5-9b99-4735-a810-f2d5eeef6873.dkfz-indelCalling_1-0-132-1.20150705.germline.indel.vcf.gz-download_time": 18, 
                "33061bf5-9b99-4735-a810-f2d5eeef6873.dkfz-indelCalling_1-0-132-1.20150705.germline.indel.vcf.gz-md5sum_time": 0, 
                "33061bf5-9b99-4735-a810-f2d5eeef6873.dkfz-indelCalling_1-0-132-1.20150705.germline.indel.vcf.gz.tbi-download_time": 14, 
                "33061bf5-9b99-4735-a810-f2d5eeef6873.dkfz-indelCalling_1-0-132-1.20150705.germline.indel.vcf.gz.tbi-md5sum_time": 0, 
                "33061bf5-9b99-4735-a810-f2d5eeef6873.dkfz-indelCalling_1-0-132-1.20150705.somatic.indel.tar.gz-download_time": 46, 
                "33061bf5-9b99-4735-a810-f2d5eeef6873.dkfz-indelCalling_1-0-132-1.20150705.somatic.indel.tar.gz-md5sum_time": 3, 
                "33061bf5-9b99-4735-a810-f2d5eeef6873.dkfz-indelCalling_1-0-132-1.20150705.somatic.indel.vcf.gz-download_time": 15, 
                "33061bf5-9b99-4735-a810-f2d5eeef6873.dkfz-indelCalling_1-0-132-1.20150705.somatic.indel.vcf.gz-md5sum_time": 0, 
                "33061bf5-9b99-4735-a810-f2d5eeef6873.dkfz-indelCalling_1-0-132-1.20150705.somatic.indel.vcf.gz.tbi-download_time": 12, 
                "33061bf5-9b99-4735-a810-f2d5eeef6873.dkfz-indelCalling_1-0-132-1.20150705.somatic.indel.vcf.gz.tbi-md5sum_time": 0, 
                "33061bf5-9b99-4735-a810-f2d5eeef6873.dkfz-snvCalling_1-0-132-1.20150705.germline.snv_mnv.vcf.gz-download_time": 23, 
                "33061bf5-9b99-4735-a810-f2d5eeef6873.dkfz-snvCalling_1-0-132-1.20150705.germline.snv_mnv.vcf.gz-md5sum_time": 0, 
                "33061bf5-9b99-4735-a810-f2d5eeef6873.dkfz-snvCalling_1-0-132-1.20150705.germline.snv_mnv.vcf.gz.tbi-download_time": 13, 
                "33061bf5-9b99-4735-a810-f2d5eeef6873.dkfz-snvCalling_1-0-132-1.20150705.germline.snv_mnv.vcf.gz.tbi-md5sum_time": 0, 
                "33061bf5-9b99-4735-a810-f2d5eeef6873.dkfz-snvCalling_1-0-132-1.20150705.somatic.snv_mnv.tar.gz-download_time": 82, 
                "33061bf5-9b99-4735-a810-f2d5eeef6873.dkfz-snvCalling_1-0-132-1.20150705.somatic.snv_mnv.tar.gz-md5sum_time": 5, 
                "33061bf5-9b99-4735-a810-f2d5eeef6873.dkfz-snvCalling_1-0-132-1.20150705.somatic.snv_mnv.vcf.gz-download_time": 14, 
                "33061bf5-9b99-4735-a810-f2d5eeef6873.dkfz-snvCalling_1-0-132-1.20150705.somatic.snv_mnv.vcf.gz-md5sum_time": 1, 
                "33061bf5-9b99-4735-a810-f2d5eeef6873.dkfz-snvCalling_1-0-132-1.20150705.somatic.snv_mnv.vcf.gz.tbi-download_time": 14, 
                "33061bf5-9b99-4735-a810-f2d5eeef6873.dkfz-snvCalling_1-0-132-1.20150705.somatic.snv_mnv.vcf.gz.tbi-md5sum_time": 0, 
                "33061bf5-9b99-4735-a810-f2d5eeef6873.embl-delly_1-0-0-preFilter.20150705.germline.sv.bedpe.txt.tar.gz-download_time": 13, 
                "33061bf5-9b99-4735-a810-f2d5eeef6873.embl-delly_1-0-0-preFilter.20150705.germline.sv.bedpe.txt.tar.gz-md5sum_time": 0, 
                "33061bf5-9b99-4735-a810-f2d5eeef6873.embl-delly_1-0-0-preFilter.20150705.germline.sv.readname.txt.tar.gz-download_time": 14, 
                "33061bf5-9b99-4735-a810-f2d5eeef6873.embl-delly_1-0-0-preFilter.20150705.germline.sv.readname.txt.tar.gz-md5sum_time": 0, 
                "33061bf5-9b99-4735-a810-f2d5eeef6873.embl-delly_1-0-0-preFilter.20150705.germline.sv.vcf.gz-download_time": 13, 
                "33061bf5-9b99-4735-a810-f2d5eeef6873.embl-delly_1-0-0-preFilter.20150705.germline.sv.vcf.gz-md5sum_time": 0, 
                "33061bf5-9b99-4735-a810-f2d5eeef6873.embl-delly_1-0-0-preFilter.20150705.germline.sv.vcf.gz.tbi-download_time": 14, 
                "33061bf5-9b99-4735-a810-f2d5eeef6873.embl-delly_1-0-0-preFilter.20150705.germline.sv.vcf.gz.tbi-md5sum_time": 0, 
                "33061bf5-9b99-4735-a810-f2d5eeef6873.embl-delly_1-0-0-preFilter.20150705.somatic.sv.bedpe.txt.tar.gz-download_time": 13, 
                "33061bf5-9b99-4735-a810-f2d5eeef6873.embl-delly_1-0-0-preFilter.20150705.somatic.sv.bedpe.txt.tar.gz-md5sum_time": 0, 
                "33061bf5-9b99-4735-a810-f2d5eeef6873.embl-delly_1-0-0-preFilter.20150705.somatic.sv.readname.txt.tar.gz-download_time": 14, 
                "33061bf5-9b99-4735-a810-f2d5eeef6873.embl-delly_1-0-0-preFilter.20150705.somatic.sv.readname.txt.tar.gz-md5sum_time": 0, 
                "33061bf5-9b99-4735-a810-f2d5eeef6873.embl-delly_1-0-0-preFilter.20150705.somatic.sv.vcf.gz-download_time": 14, 
                "33061bf5-9b99-4735-a810-f2d5eeef6873.embl-delly_1-0-0-preFilter.20150705.somatic.sv.vcf.gz-md5sum_time": 0, 
                "33061bf5-9b99-4735-a810-f2d5eeef6873.embl-delly_1-0-0-preFilter.20150705.somatic.sv.vcf.gz.tbi-download_time": 13, 
                "33061bf5-9b99-4735-a810-f2d5eeef6873.embl-delly_1-0-0-preFilter.20150705.somatic.sv.vcf.gz.tbi-md5sum_time": 0, 
                "33061bf5-9b99-4735-a810-f2d5eeef6873.embl-delly_1-0-0-preFilter.20150705.sv.cov.plots.tar.gz-download_time": 14, 
                "33061bf5-9b99-4735-a810-f2d5eeef6873.embl-delly_1-0-0-preFilter.20150705.sv.cov.plots.tar.gz-md5sum_time": 0, 
                "33061bf5-9b99-4735-a810-f2d5eeef6873.embl-delly_1-0-0-preFilter.20150705.sv.cov.tar.gz-download_time": 18, 
                "33061bf5-9b99-4735-a810-f2d5eeef6873.embl-delly_1-0-0-preFilter.20150705.sv.cov.tar.gz-md5sum_time": 0, 
                "33061bf5-9b99-4735-a810-f2d5eeef6873.embl-delly_1-0-0-preFilter.20150705.sv.vcf.gz-download_time": 14, 
                "33061bf5-9b99-4735-a810-f2d5eeef6873.embl-delly_1-0-0-preFilter.20150705.sv.vcf.gz-md5sum_time": 0, 
                "33061bf5-9b99-4735-a810-f2d5eeef6873.embl-delly_1-0-0-preFilter.20150705.sv.vcf.gz.tbi-download_time": 13, 
                "33061bf5-9b99-4735-a810-f2d5eeef6873.embl-delly_1-0-0-preFilter.20150705.sv.vcf.gz.tbi-md5sum_time": 0, 
                "f70bf447-c1e2-498b-933d-11f93fda4a4e.xml-download_time": 14, 
                "f70bf447-c1e2-498b-933d-11f93fda4a4e.xml-md5sum_time": 0, 
                "start": 1449536933, 
                "stop": 1449537669, 
                "time": 736
            }
        }
    }, 
    "aliquot_id": null, 
    "available_repos": [
        {
            "https://gtrepo-dkfz.annailabs.com/": {
                "file_md5sum": "a7707c8d2cc697de22722d50f6d85b43", 
                "file_size": 59202
            }
        }
    ], 
    "data_type": "Dkfz_embl-VCF", 
    "files": [
        {
            "file_md5sum": "502cbcd8769277c0f7127442e27294a7",