{
    "_runs_": {
        "run_1449001000_1cdb0908-2bfb-4a61-9e53-3f924af793f4": {
            "downloading": {
                "gnos-download_time": 822, 
                "start": 1449035319, 
                "stop": 1449036143, 
                "time": 824
            }, 
            "uploading": {
                "copy_meta_time": 2, 
                "start": 1449036162, 
                "stop": 1449036511, 
                "time": 349, 
                "upload_time": 346
            }
        }, 
        "run_1449252103_152c7654-43a8-4095-9763-2d1564a0e842": {
            "downloading": {
                "f1534b2a-5350-442c-bb9d-8c7142668d31.svcp_1-0-5.20150810.somatic.binnedReadCounts.tar.gz-download_time": 20, 
                "f1534b2a-5350-442c-bb9d-8c7142668d31.svcp_1-0-5.20150810.somatic.binnedReadCounts.tar.gz-md5sum_time": 0, 
                "f1534b2a-5350-442c-bb9d-8c7142668d31.svcp_1-0-5.20150810.somatic.cnv.tar.gz-download_time": 15, 
                "f1534b2a-5350-442c-bb9d-8c7142668d31.svcp_1-0-5.20150810.somatic.cnv.tar.gz-md5sum_time": 0, 
                "f1534b2a-5350-442c-bb9d-8c7142668d31.svcp_1-0-5.20150810.somatic.cnv.vcf.gz-download_time": 13, 
                "f1534b2a-5350-442c-bb9d-8c7142668d31.svcp_1-0-5.20150810.somatic.cnv.vcf.gz-md5sum_time": 0, 
                "f1534b2a-5350-442c-bb9d-8c7142668d31.svcp_1-0-5.20150810.somatic.cnv.vcf.gz.tbi-download_time": 13, 
                "f1534b2a-5350-442c-bb9d-8c7142668d31.svcp_1-0-5.20150810.somatic.cnv.vcf.gz.tbi-md5sum_time": 0, 
                "f1534b2a-5350-442c-bb9d-8c7142668d31.svcp_1-0-5.20150810.somatic.genotype.tar.gz-download_time": 13, 
                "f1534b2a-5350-442c-bb9d-8c7142668d31.svcp_1-0-5.20150810.somatic.genotype.tar.gz-md5sum_time": 0, 
                "f1534b2a-5350-442c-bb9d-8c7142668d31.svcp_1-0-5.20150810.somatic.imputeCounts.tar.gz-download_time": 44, 
                "f1534b2a-5350-442c-bb9d-8c7142668d31.svcp_1-0-5.20150810.somatic.imputeCounts.tar.gz-md5sum_time": 2, 
                "f1534b2a-5350-442c-bb9d-8c7142668d31.svcp_1-0-5.20150810.somatic.indel.tar.gz-download_time": 87, 
                "f1534b2a-5350-442c-bb9d-8c7142668d31.svcp_1-0-5.20150810.somatic.indel.tar.gz-md5sum_time": 4, 
                "f1534b2a-5350-442c-bb9d-8c7142668d31.svcp_1-0-5.20150810.somatic.indel.vcf.gz-download_time": 18, 
                "f1534b2a-5350-442c-bb9d-8c7142668d31.svcp_1-0-5.20150810.somatic.indel.vcf.gz-md5sum_time": 1, 
                "f1534b2a-5350-442c-bb9d-8c7142668d31.svcp_1-0-5.20150810.somatic.indel.vcf.gz.tbi-download_time": 12, 
                "f1534b2a-5350-442c-bb9d-8c7142668d31.svcp_1-0-5.20150810.somatic.indel.vcf.gz.tbi-md5sum_time": 0, 
                "f1534b2a-5350-442c-bb9d-8c7142668d31.svcp_1-0-5.20150810.somatic.snv_mnv.tar.gz-download_time": 22, 
                "f1534b2a-5350-442c-bb9d-8c7142668d31.svcp_1-0-5.20150810.somatic.snv_mnv.tar.gz-md5sum_time": 1, 
                "f1534b2a-5350-442c-bb9d-8c7142668d31.svcp_1-0-5.20150810.somatic.snv_mnv.vcf.gz-download_time": 13, 
                "f1534b2a-5350-442c-bb9d-8c7142668d31.svcp_1-0-5.20150810.somatic.snv_mnv.vcf.gz-md5sum_time": 0, 
                "f1534b2a-5350-442c-bb9d-8c7142668d31.svcp_1-0-5.20150810.somatic.snv_mnv.vcf.gz.tbi-download_time": 13, 
                "f1534b2a-5350-442c-bb9d-8c7142668d31.svcp_1-0-5.20150810.somatic.snv_mnv.vcf.gz.tbi-md5sum_time": 0, 
                "f1534b2a-5350-442c-bb9d-8c7142668d31.svcp_1-0-5.20150810.somatic.sv.tar.gz-download_time": 441, 
                "f1534b2a-5350-442c-bb9d-8c7142668d31.svcp_1-0-5.20150810.somatic.sv.tar.gz-md5sum_time": 38, 
                "f1534b2a-5350-442c-bb9d-8c7142668d31.svcp_1-0-5.20150810.somatic.sv.vcf.gz-download_time": 12, 
                "f1534b2a-5350-442c-bb9d-8c7142668d31.svcp_1-0-5.20150810.somatic.sv.vcf.gz-md5sum_time": 0, 
                "f1534b2a-5350-442c-bb9d-8c7142668d31.svcp_1-0-5.20150810.somatic.sv.vcf.gz.tbi-download_time": 12, 
                "f1534b2a-5350-442c-bb9d-8c7142668d31.svcp_1-0-5.20150810.somatic.sv.vcf.gz.tbi-md5sum_time": 0, 
                "f1534b2a-5350-442c-bb9d-8c7142668d31.svcp_1-0-5.20150810.somatic.verifyBamId.tar.gz-download_time": 13, 
                "f1534b2a-5350-442c-bb9d-8c7142668d31.svcp_1-0-5.20150810.somatic.verifyBamId.tar.gz-md5sum_time": 0, 
                "fedc2574-1e88-4c4e-a259-f8d8c84556fa.xml-download_time": 13, 
                "fedc2574-1e88-4c4e-a259-f8d8c84556fa.xml-md5sum_time": 0, 
                "start": 1449553393, 
                "stop": 1449554214, 
                "time": 821
            }
        }
    }, 
    "aliquot_id": null, 
    "available_repos": [
        {
            "https://gtrepo-etri.annailabs.com/": {
                "file_md5sum": "8276e0f4c1e9c5f9e1bf29fa3eb402fd", 
                "file_size": 60515
            }
        }
    ], 
    "data_type": "Sanger-VCF", 
    "files": [
        {
            "file_md5sum": "d42f82e796974a65e61f4fac22ce8969", 
            "file_name": "f1534b2a-5350-442c-bb9d-8c7142668d31.svcp_1-0-5.20150810.somatic.snv_mnv.vcf.gz", 
            "file_size": 3622349, 
            "object_id": "714d3647-4b22-5b14-a2a1-f51e77187f01"
        }, 
        {
            "file_md5sum": "367de17c39d55a9334427cc3c6e9af4b", 
            "file_name": "f1534b2a-5350-442c-bb9d-8c7142668d31.svcp_1-0-5.20150810.somatic.snv_mnv.vcf.gz.tbi", 
            "file_size": 469154, 
            "object_id": "1106ae87-7a50-5ee4-842a-80204c279856"
        }, 
        {
            "file_md5sum": "d542640d5ea36f1d83a540d30c1e3e09", 
            "file_name": "f1534b2a-5350-442c-bb9d-8c7142668d31.svcp_1-0-5.20150810.somatic.cnv.vcf.gz", 
            "file_size": 9005, 
            "object_id": "4484ed1e-456a-5daa-b61f-ac6c369fa3cf"
        }, 
        {
            "file_md5sum": "6ca20f7d54bf23878e6db8720ada1960", 
            "file_name": "f1534b2a-5350-442c-bb9d-8c7142668d31.svcp_1-0-5.20150810.somatic.cnv.vcf.gz.tbi", 
            "file_size": 9514, 
            "object_id": "7b573449-ec71-5d78-988b-3be14c21c4bb"
        }, 
        {
            "file_md5sum": "888e7fcd2dc7296d4b839cbd74dc9bea", 
            "file_name": "f1534b2a-5350-442c-bb9d-8c7142668d31.svcp_1-0-5.20150810.somatic.sv.vcf.gz", 
            "file_size": 10463, 
            "object_id": "0b8c75a8-e54e-5a51-ab11-f39f5e14016c"
        }, 
        {
            "file_md5sum": "77e93cdc3c58fc9f35d122603479af8f", 
            "file_name": "f1534b2a-5350-442c-bb9d-8c7142668d31.svcp_1-0-5.20150810.somatic.sv.vcf.gz.tbi", 
            "file_size": 2978, 
            "object_id": "24daaae7-af56-52f7-9bc7-ce97e7a9ed14"
        }, 
        {
            "file_md5sum": "a48a75121882fd645a79e0bc47b6da3b", 
            "file_name": "f1534b2a-5350-442c-bb9d-8c7142668d31.svcp_1-0-5.20150810.somatic.indel.vcf.gz", 
            "file_size": 76647821, 
            "object_id": "38187d4a-6c22-5b89-b95c-dba5b28eeeb2"
        }, 
        {
            "file_md5sum": "153bf16f11165a9162a8dc3e2f36752e", 
            "file_name": "f1534b2a-5350-442c-bb9d-8c7142668d31.svcp_1-0-5.20150810.somatic.indel.vcf.gz.tbi", 
            "file_size": 1571142, 
            "object_id": "5e769799-412e-5c5e-9fa3-679aebc30090"
        }, 
        {
            "file_md5sum": "ac3cdbe2ae2e67a158fb4d648196f2d7", 
            "file_name": "f1534b2a-5350-442c-bb9d-8c7142668d31.svcp_1-0-5.20150810.somatic.snv_mnv.tar.gz", 
            "file_size": 167774114, 
            "object_id": "8a200b2b-6ac3-505c-a316-9d984a86f01f"
        }, 
        {
            "file_md5sum": "5ee60341ff86dceaeccb11ab1d1338ee", 
            "file_name": "f1534b2a-5350-442c-bb9d-8c7142668d31.svcp_1-0-5.20150810.somatic.cnv.tar.gz", 
            "file_size": 27004141, 
            "object_id": "3d34da4a-6739-5f63-a402-b1421b86d63c"
        }, 
        {
            "file_md5sum": "4437504a4f39b86b4bb15b6e3f0082ab",